platform,content_type,module,key,variant,text,developer_comment,context_comment,placeholders,translatable,state,internal_only,source_file,line,source_url
Android,body,ad-blocking/ad-blocking-impl,ad_blocking_settings_description_with_consent,,"DuckDuckGo blocks video ads on YouTube, so you can watch videos without interruption. \n\nWhen on, DuckDuckGo will anonymously detect ad blocking interference or YouTube errors, to improve the experience for everyone. DuckDuckGo never sees which videos you view or any personally identifiable information. <annotation type=""learn_more_link"">Learn more</annotation>",,,,true,,false,apps/android/ad-blocking/ad-blocking-impl/src/main/res/values/strings-ad-blocking.xml,21,https://github.com/duckduckgo/Android/blob/3edb33d3d26af73ee30d690af68ddfec6788cf8e/ad-blocking/ad-blocking-impl/src/main/res/values/strings-ad-blocking.xml#L21
Android,body,ad-blocking/ad-blocking-impl,ad_blocking_settings_description,,"DuckDuckGo blocks video ads on YouTube, so you can watch videos without interruption. <annotation type=""learn_more_link"">Learn more</annotation>",,,,true,,false,apps/android/ad-blocking/ad-blocking-impl/src/main/res/values/strings-ad-blocking.xml,22,https://github.com/duckduckgo/Android/blob/3edb33d3d26af73ee30d690af68ddfec6788cf8e/ad-blocking/ad-blocking-impl/src/main/res/values/strings-ad-blocking.xml#L22
Android,body,ad-blocking/ad-blocking-impl,ad_blocking_settings_duck_player_description,,Opens videos in a distraction-free theater mode that prevents what you watch from influencing your YouTube feed.,,,,true,,false,apps/android/ad-blocking/ad-blocking-impl/src/main/res/values/strings-ad-blocking.xml,24,https://github.com/duckduckgo/Android/blob/3edb33d3d26af73ee30d690af68ddfec6788cf8e/ad-blocking/ad-blocking-impl/src/main/res/values/strings-ad-blocking.xml#L24
Android,body,ad-blocking/ad-blocking-impl,ad_blocking_settings_header_description,,"Blocks invasive trackers before they load, effectively eliminating ads that rely on tracking.",,,,true,,false,apps/android/ad-blocking/ad-blocking-impl/src/main/res/values/strings-ad-blocking.xml,26,https://github.com/duckduckgo/Android/blob/3edb33d3d26af73ee30d690af68ddfec6788cf8e/ad-blocking/ad-blocking-impl/src/main/res/values/strings-ad-blocking.xml#L26
Android,body,ad-blocking/ad-blocking-impl,contingencyMessageContent,,Ad Blocking has been affected by recent changes to YouTube. We're working to fix these issues and appreciate your understanding.,,,,true,,false,apps/android/ad-blocking/ad-blocking-impl/src/main/res/values/strings-ad-blocking.xml,28,https://github.com/duckduckgo/Android/blob/3edb33d3d26af73ee30d690af68ddfec6788cf8e/ad-blocking/ad-blocking-impl/src/main/res/values/strings-ad-blocking.xml#L28
Android,body,ad-blocking/ad-blocking-impl,ad_blocking_disabled_popup_description,,Send an anonymous report to DuckDuckGo and help make ad blocking better for everyone!,,,,true,,false,apps/android/ad-blocking/ad-blocking-impl/src/main/res/values/strings-ad-blocking.xml,39,https://github.com/duckduckgo/Android/blob/3edb33d3d26af73ee30d690af68ddfec6788cf8e/ad-blocking/ad-blocking-impl/src/main/res/values/strings-ad-blocking.xml#L39
Android,body,ad-blocking/ad-blocking-impl,ad_blocking_omnibar_badge_text,,Ad Blocking On,"Short status pill shown in the address bar while ad blocking is active on a page. The status word (""On"") can be dropped if needed, since the pill only appears when blocking is active. Translation should refer to the feature, not imply ads blocked",,,true,,false,apps/android/ad-blocking/ad-blocking-impl/src/main/res/values/strings-ad-blocking.xml,44,https://github.com/duckduckgo/Android/blob/3edb33d3d26af73ee30d690af68ddfec6788cf8e/ad-blocking/ad-blocking-impl/src/main/res/values/strings-ad-blocking.xml#L44
Android,body,ad-blocking/ad-blocking-impl,duck_player_settings_activity_description,,"Duck Player lets you watch YouTube without targeted ads in DuckDuckGo and what you watch won’t influence your recommendations.\n<annotation type=""learn_more_link"">Learn More</annotation>",,,,true,,false,apps/android/ad-blocking/ad-blocking-impl/src/main/res/values/strings-duckplayer.xml,23,https://github.com/duckduckgo/Android/blob/3edb33d3d26af73ee30d690af68ddfec6788cf8e/ad-blocking/ad-blocking-impl/src/main/res/values/strings-duckplayer.xml#L23
Android,body,ad-blocking/ad-blocking-impl,duck_player_settings_unavailable_description,,Duck Player lets you watch YouTube without targeted ads in DuckDuckGo and what you watch won’t influence your recommendations.,,,,true,,false,apps/android/ad-blocking/ad-blocking-impl/src/main/res/values/strings-duckplayer.xml,25,https://github.com/duckduckgo/Android/blob/3edb33d3d26af73ee30d690af68ddfec6788cf8e/ad-blocking/ad-blocking-impl/src/main/res/values/strings-duckplayer.xml#L25
Android,body,ad-blocking/ad-blocking-impl,duck_player_info_modal_text,,Duck Player lets you watch YouTube without targeted ads in DuckDuckGo and what you watch won’t influence your recommendations.,,,,true,,false,apps/android/ad-blocking/ad-blocking-impl/src/main/res/values/strings-duckplayer.xml,33,https://github.com/duckduckgo/Android/blob/3edb33d3d26af73ee30d690af68ddfec6788cf8e/ad-blocking/ad-blocking-impl/src/main/res/values/strings-duckplayer.xml#L33
Android,body,android-design-system/design-system,tab_title_text_input,,Text Input,,Main,,false,,false,apps/android/android-design-system/design-system/src/main/res/values/donottranslate.xml,23,https://github.com/duckduckgo/Android/blob/3edb33d3d26af73ee30d690af68ddfec6788cf8e/android-design-system/design-system/src/main/res/values/donottranslate.xml#L23
Android,body,android-design-system/design-system,ads_demo_plugin_message,,Set of components designed following our Design System,,ADS Demo Screen,,false,,false,apps/android/android-design-system/design-system/src/main/res/values/donottranslate.xml,37,https://github.com/duckduckgo/Android/blob/3edb33d3d26af73ee30d690af68ddfec6788cf8e/android-design-system/design-system/src/main/res/values/donottranslate.xml#L37
Android,body,android-design-system/design-system,text_dialog_message,,You can put as much text in here as you like. This dialog scales automagically.,,Components,,false,,false,apps/android/android-design-system/design-system/src/main/res/values/donottranslate.xml,53,https://github.com/duckduckgo/Android/blob/3edb33d3d26af73ee30d690af68ddfec6788cf8e/android-design-system/design-system/src/main/res/values/donottranslate.xml#L53
Android,body,android-design-system/design-system,dax_one_line_list_item_html_primary_text,,"Item with <b>HTML tags</b> and <b>truncated</b> text: Lorem ipsum dolor sit amet, consectetur adipiscing elit, sed do eiusmod tempor incididunt ut labore et dolore magna aliqua.",,Components,,false,,false,apps/android/android-design-system/design-system/src/main/res/values/donottranslate.xml,58,https://github.com/duckduckgo/Android/blob/3edb33d3d26af73ee30d690af68ddfec6788cf8e/android-design-system/design-system/src/main/res/values/donottranslate.xml#L58
Android,body,android-design-system/design-system,dax_list_item_html_primary_text,,<b>Two Line</b> Item,,Components,,false,,false,apps/android/android-design-system/design-system/src/main/res/values/donottranslate.xml,59,https://github.com/duckduckgo/Android/blob/3edb33d3d26af73ee30d690af68ddfec6788cf8e/android-design-system/design-system/src/main/res/values/donottranslate.xml#L59
Android,body,android-design-system/design-system,dax_list_item_html_secondary_text,,With HTML tags in <b>primary</b> and <b>secondary</b> text,,Components,,false,,false,apps/android/android-design-system/design-system/src/main/res/values/donottranslate.xml,60,https://github.com/duckduckgo/Android/blob/3edb33d3d26af73ee30d690af68ddfec6788cf8e/android-design-system/design-system/src/main/res/values/donottranslate.xml#L60
Android,body,android-design-system/design-system,duckAIUpdateMessage,,"This feature is in active development, intended for feedback purposes.",,Duck.ai updates - O-A,,false,,false,apps/android/android-design-system/design-system/src/main/res/values/donottranslate.xml,69,https://github.com/duckduckgo/Android/blob/3edb33d3d26af73ee30d690af68ddfec6788cf8e/android-design-system/design-system/src/main/res/values/donottranslate.xml#L69
Android,body,app,trackersOverviewEmpty,,"No tracking requests were blocked from loading on this page. If a company's requests are loaded, it can allow them to profile you.",,"We won't have a translation for this, to be used later.",,false,,false,apps/android/app/src/main/res/values/donottranslate.xml,20,https://github.com/duckduckgo/Android/blob/3edb33d3d26af73ee30d690af68ddfec6788cf8e/app/src/main/res/values/donottranslate.xml#L20
Android,body,app,audioCaptureSoundRecorderPermissionDeniedMessage,,Sites can only use the sound recorder if you allow DuckDuckGo to ask for access.,,Content capture for upload,,false,,false,apps/android/app/src/main/res/values/donottranslate.xml,29,https://github.com/duckduckgo/Android/blob/3edb33d3d26af73ee30d690af68ddfec6788cf8e/app/src/main/res/values/donottranslate.xml#L29
Android,body,app,appearanceNightModeSecondary,,Supported sites will use a darker theme when the app is in dark mode,,Force Dark Mode,,false,,false,apps/android/app/src/main/res/values/donottranslate.xml,33,https://github.com/duckduckgo/Android/blob/3edb33d3d26af73ee30d690af68ddfec6788cf8e/app/src/main/res/values/donottranslate.xml#L33
Android,body,app,appearanceNightModeDialogMessage,,This will take effect for new tabs or after relaunching DuckDuckGo.,,Force Dark Mode,,false,,false,apps/android/app/src/main/res/values/donottranslate.xml,35,https://github.com/duckduckgo/Android/blob/3edb33d3d26af73ee30d690af68ddfec6788cf8e/app/src/main/res/values/donottranslate.xml#L35
Android,body,app,newTabPageIndonesiaMessageBody,,"The government may be blocking access to duckduckgo.com on this network provider, which could affect this app's functionality. Other providers may not be affected.",,Indonesia message,,false,,false,apps/android/app/src/main/res/values/donottranslate.xml,44,https://github.com/duckduckgo/Android/blob/3edb33d3d26af73ee30d690af68ddfec6788cf8e/app/src/main/res/values/donottranslate.xml#L44
Android,body,app,preferenceChangeInSettingsCaption,,You can always adjust later in Settings.,,Segmented onboarding,,false,,false,apps/android/app/src/main/res/values/donottranslate.xml,51,https://github.com/duckduckgo/Android/blob/3edb33d3d26af73ee30d690af68ddfec6788cf8e/app/src/main/res/values/donottranslate.xml#L51
Android,body,app,downloadReasonBody,,"Choose one option that interests you most, and we’ll set you up quickly.",,Segmented onboarding,,false,,false,apps/android/app/src/main/res/values/donottranslate.xml,54,https://github.com/duckduckgo/Android/blob/3edb33d3d26af73ee30d690af68ddfec6788cf8e/app/src/main/res/values/donottranslate.xml#L54
Android,body,app,searchPathPreferenceHistorySecondary,,"Show recently visited sites in search suggestions. Private, only on your device.",,Segmented onboarding,,false,,false,apps/android/app/src/main/res/values/donottranslate.xml,65,https://github.com/duckduckgo/Android/blob/3edb33d3d26af73ee30d690af68ddfec6788cf8e/app/src/main/res/values/donottranslate.xml#L65
Android,body,app,searchPathPreferenceSafeSecondary,,Omit questionable (mostly adult) material in results.,,Segmented onboarding,,false,,false,apps/android/app/src/main/res/values/donottranslate.xml,67,https://github.com/duckduckgo/Android/blob/3edb33d3d26af73ee30d690af68ddfec6788cf8e/app/src/main/res/values/donottranslate.xml#L67
Android,body,app,searchPathWithToggleEnabledContextualEndDescription,,"Chats are anonymized, no account required. And it’s free!",,Segmented onboarding,,false,,false,apps/android/app/src/main/res/values/donottranslate.xml,72,https://github.com/duckduckgo/Android/blob/3edb33d3d26af73ee30d690af68ddfec6788cf8e/app/src/main/res/values/donottranslate.xml#L72
Android,body,app,aiPathModelChoiceBody,,"Change your default AI provider now, or anytime during chat.",,Segmented onboarding,,false,,false,apps/android/app/src/main/res/values/donottranslate.xml,79,https://github.com/duckduckgo/Android/blob/3edb33d3d26af73ee30d690af68ddfec6788cf8e/app/src/main/res/values/donottranslate.xml#L79
Android,body,app,aiPathTogglePositionPictogramCaption,,You can switch to Search with one tap,,Segmented onboarding,,false,,false,apps/android/app/src/main/res/values/donottranslate.xml,81,https://github.com/duckduckgo/Android/blob/3edb33d3d26af73ee30d690af68ddfec6788cf8e/app/src/main/res/values/donottranslate.xml#L81
Android,body,app,aiPathWithToggleEnabledContextualEndDescription,,Start a private AI chat with Duck.ai or toggle to Search for protected browsing.,,Segmented onboarding,,false,,false,apps/android/app/src/main/res/values/donottranslate.xml,82,https://github.com/duckduckgo/Android/blob/3edb33d3d26af73ee30d690af68ddfec6788cf8e/app/src/main/res/values/donottranslate.xml#L82
Android,body,app,noAiPathPreferenceSearchAssistSecondary,,Include AI-generated answers with search results,,Segmented onboarding,,false,,false,apps/android/app/src/main/res/values/donottranslate.xml,89,https://github.com/duckduckgo/Android/blob/3edb33d3d26af73ee30d690af68ddfec6788cf8e/app/src/main/res/values/donottranslate.xml#L89
Android,body,app,noAiPathPreferenceHideAiGeneratedImagesSecondary,,Filter out known AI spam sites from image search results,,Segmented onboarding,,false,,false,apps/android/app/src/main/res/values/donottranslate.xml,91,https://github.com/duckduckgo/Android/blob/3edb33d3d26af73ee30d690af68ddfec6788cf8e/app/src/main/res/values/donottranslate.xml#L91
Android,body,app,noAiPathDuckAiStateBody,,"In Duck.ai, your chats are anonymized by us and never used to train AI.",,Segmented onboarding,,false,,false,apps/android/app/src/main/res/values/donottranslate.xml,93,https://github.com/duckduckgo/Android/blob/3edb33d3d26af73ee30d690af68ddfec6788cf8e/app/src/main/res/values/donottranslate.xml#L93
Android,body,app,asset_statements,,"[{
        ""relation"": [""delegate_permission/common.handle_all_urls""],
        ""target"": {
          ""namespace"": ""web"",
          ""site"": ""https://duckduckgo.com""
        }
      }]",,Digital Asset Links,,false,,false,apps/android/app/src/main/res/values/donottranslate.xml,114,https://github.com/duckduckgo/Android/blob/3edb33d3d26af73ee30d690af68ddfec6788cf8e/app/src/main/res/values/donottranslate.xml#L114
Android,body,app,quickSetupRemoveHomeScreenWidgetStep1Number,,1,,Quick Setup Onboarding Steps Count,,false,,false,apps/android/app/src/main/res/values/donottranslate.xml,125,https://github.com/duckduckgo/Android/blob/3edb33d3d26af73ee30d690af68ddfec6788cf8e/app/src/main/res/values/donottranslate.xml#L125
Android,body,app,quickSetupRemoveHomeScreenWidgetStep2Number,,2,,Quick Setup Onboarding Steps Count,,false,,false,apps/android/app/src/main/res/values/donottranslate.xml,126,https://github.com/duckduckgo/Android/blob/3edb33d3d26af73ee30d690af68ddfec6788cf8e/app/src/main/res/values/donottranslate.xml#L126
Android,body,app,quickSetupRemoveHomeScreenWidgetStep3Number,,3,,Quick Setup Onboarding Steps Count,,false,,false,apps/android/app/src/main/res/values/donottranslate.xml,127,https://github.com/duckduckgo/Android/blob/3edb33d3d26af73ee30d690af68ddfec6788cf8e/app/src/main/res/values/donottranslate.xml#L127
Android,body,app,afterInactivityOptionMessage,,Choose what you see when you return after %1$s minutes of inactivity.,"'%1$s' is a placeholder and will be replaced with the number of minutes, e.g. 'after 5 minutes of inactivity'",Inactivity timeout,%1$s,true,,false,apps/android/app/src/main/res/values/strings-settings.xml,26,https://github.com/duckduckgo/Android/blob/3edb33d3d26af73ee30d690af68ddfec6788cf8e/app/src/main/res/values/strings-settings.xml#L26
Android,body,app,returnToLastTabSettingSubtitle,,Show a link to your last tab on the New Tab Page when you reopen the app,,Inactivity timeout,,true,,false,apps/android/app/src/main/res/values/strings-settings.xml,33,https://github.com/duckduckgo/Android/blob/3edb33d3d26af73ee30d690af68ddfec6788cf8e/app/src/main/res/values/strings-settings.xml#L33
Android,body,app,appDescription,,DuckDuckGo,,,,false,,false,apps/android/app/src/main/res/values/strings.xml,20,https://github.com/duckduckgo/Android/blob/3edb33d3d26af73ee30d690af68ddfec6788cf8e/app/src/main/res/values/strings.xml#L20
Android,body,app,duckDuckGoLogoDescription,,DuckDuckGo logo,,,,true,,false,apps/android/app/src/main/res/values/strings.xml,21,https://github.com/duckduckgo/Android/blob/3edb33d3d26af73ee30d690af68ddfec6788cf8e/app/src/main/res/values/strings.xml#L21
Android,body,app,duckDuckGoProtectionPrivacyPeaceTagLine,,Protection. Privacy. Peace of Mind.,,,,true,,false,apps/android/app/src/main/res/values/strings.xml,22,https://github.com/duckduckgo/Android/blob/3edb33d3d26af73ee30d690af68ddfec6788cf8e/app/src/main/res/values/strings.xml#L22
Android,body,app,onboardingDefaultBrowserDescription,,Visit Settings to search and browse with DuckDuckGo every time.,,Onboarding Activity,,true,,false,apps/android/app/src/main/res/values/strings.xml,33,https://github.com/duckduckgo/Android/blob/3edb33d3d26af73ee30d690af68ddfec6788cf8e/app/src/main/res/values/strings.xml#L33
Android,body,app,defaultBrowserDescriptionNoDefault,,"Open links with peace of mind, every time.",,Default Browser,,true,,false,apps/android/app/src/main/res/values/strings.xml,40,https://github.com/duckduckgo/Android/blob/3edb33d3d26af73ee30d690af68ddfec6788cf8e/app/src/main/res/values/strings.xml#L40
Android,body,app,defaultBrowserInstructions,,"Select DuckDuckGo and tap <font color=""#678fff"">Always</font>.",,Default Browser,,true,,false,apps/android/app/src/main/res/values/strings.xml,41,https://github.com/duckduckgo/Android/blob/3edb33d3d26af73ee30d690af68ddfec6788cf8e/app/src/main/res/values/strings.xml#L41
Android,body,app,favoriteAddedMessage,,Favorite added,,Browser Activity,,true,,false,apps/android/app/src/main/res/values/strings.xml,55,https://github.com/duckduckgo/Android/blob/3edb33d3d26af73ee30d690af68ddfec6788cf8e/app/src/main/res/values/strings.xml#L55
Android,body,app,bookmarkAddedMessage,,Bookmark added,,Browser Activity,,true,,false,apps/android/app/src/main/res/values/strings.xml,56,https://github.com/duckduckgo/Android/blob/3edb33d3d26af73ee30d690af68ddfec6788cf8e/app/src/main/res/values/strings.xml#L56
Android,body,app,favoriteDeleteConfirmationMessage,,Favorite removed,,Browser Activity,,true,,false,apps/android/app/src/main/res/values/strings.xml,58,https://github.com/duckduckgo/Android/blob/3edb33d3d26af73ee30d690af68ddfec6788cf8e/app/src/main/res/values/strings.xml#L58
Android,body,app,fireproofDeleteConfirmationMessage,,Fireproofing removed,,Browser Activity,,true,,false,apps/android/app/src/main/res/values/strings.xml,59,https://github.com/duckduckgo/Android/blob/3edb33d3d26af73ee30d690af68ddfec6788cf8e/app/src/main/res/values/strings.xml#L59
Android,body,app,privacyProtectionEnabledConfirmationMessage,,Privacy Protection enabled for %1$s,Placeholder is a website,Browser Activity,%1$s,true,,false,apps/android/app/src/main/res/values/strings.xml,60,https://github.com/duckduckgo/Android/blob/3edb33d3d26af73ee30d690af68ddfec6788cf8e/app/src/main/res/values/strings.xml#L60
Android,body,app,privacyProtectionDisabledConfirmationMessage,,Privacy Protection disabled for %1$s,Placeholder is a website,Browser Activity,%1$s,true,,false,apps/android/app/src/main/res/values/strings.xml,61,https://github.com/duckduckgo/Android/blob/3edb33d3d26af73ee30d690af68ddfec6788cf8e/app/src/main/res/values/strings.xml#L61
Android,body,app,trackersBlockedAnimationMessage,plural:one,Tracker Blocked,,Trackers blocked animation,,true,,false,apps/android/app/src/main/res/values/strings.xml,64,https://github.com/duckduckgo/Android/blob/3edb33d3d26af73ee30d690af68ddfec6788cf8e/app/src/main/res/values/strings.xml#L64
Android,body,app,trackersBlockedAnimationMessage,plural:other,Trackers Blocked,,Trackers blocked animation,,true,,false,apps/android/app/src/main/res/values/strings.xml,64,https://github.com/duckduckgo/Android/blob/3edb33d3d26af73ee30d690af68ddfec6788cf8e/app/src/main/res/values/strings.xml#L64
Android,body,app,nextSearchTermDescription,,Find next,,Find in page,,true,,false,apps/android/app/src/main/res/values/strings.xml,80,https://github.com/duckduckgo/Android/blob/3edb33d3d26af73ee30d690af68ddfec6788cf8e/app/src/main/res/values/strings.xml#L80
Android,body,app,previousSearchTermDescription,,Find previous,,Find in page,,true,,false,apps/android/app/src/main/res/values/strings.xml,81,https://github.com/duckduckgo/Android/blob/3edb33d3d26af73ee30d690af68ddfec6788cf8e/app/src/main/res/values/strings.xml#L81
Android,body,app,privateSearchDescription,,"DuckDuckGo Private Search is your default search engine, so you can search the web without being tracked.",,Private Search,,true,,false,apps/android/app/src/main/res/values/strings.xml,171,https://github.com/duckduckgo/Android/blob/3edb33d3d26af73ee30d690af68ddfec6788cf8e/app/src/main/res/values/strings.xml#L171
Android,body,app,privateSearchMoreSearchSettingsPrimaryText,,More Search Settings,,Private Search,,true,,false,apps/android/app/src/main/res/values/strings.xml,172,https://github.com/duckduckgo/Android/blob/3edb33d3d26af73ee30d690af68ddfec6788cf8e/app/src/main/res/values/strings.xml#L172
Android,body,app,privateSearchMoreSearchSettingsSecondaryText,,"Customize your search language, region, and more",,Private Search,,true,,false,apps/android/app/src/main/res/values/strings.xml,173,https://github.com/duckduckgo/Android/blob/3edb33d3d26af73ee30d690af68ddfec6788cf8e/app/src/main/res/values/strings.xml#L173
Android,body,app,webTrackingProtectionExplanationDescription,,"The DuckDuckGo browser provides tracking protections, which are always active.\n<a href="""">Learn More</a>",,Web Tracking Protection,,true,,false,apps/android/app/src/main/res/values/strings.xml,189,https://github.com/duckduckgo/Android/blob/3edb33d3d26af73ee30d690af68ddfec6788cf8e/app/src/main/res/values/strings.xml#L189
Android,body,app,webTrackingProtectionThirdPartyTrackersDescription,,Helps block 3rd-party cookies that track you from site to site by preventing 3rd-party trackers from loading in the first place.,,Web Tracking Protection,,true,,false,apps/android/app/src/main/res/values/strings.xml,192,https://github.com/duckduckgo/Android/blob/3edb33d3d26af73ee30d690af68ddfec6788cf8e/app/src/main/res/values/strings.xml#L192
Android,body,app,webTrackingProtectionTargetedAdsDescription,,"Blocks invasive trackers before they load, effectively eliminating ads that rely on tracking.",,Web Tracking Protection,,true,,false,apps/android/app/src/main/res/values/strings.xml,194,https://github.com/duckduckgo/Android/blob/3edb33d3d26af73ee30d690af68ddfec6788cf8e/app/src/main/res/values/strings.xml#L194
Android,body,app,webTrackingProtectionFingerprintTrackingDescription,,"Helps stop tracking companies from obtaining unique identifiers about your browser and device, which they use to follow you around the web.",,Web Tracking Protection,,true,,false,apps/android/app/src/main/res/values/strings.xml,196,https://github.com/duckduckgo/Android/blob/3edb33d3d26af73ee30d690af68ddfec6788cf8e/app/src/main/res/values/strings.xml#L196
Android,body,app,webTrackingProtectionLinkTrackingDescription,,Removes tracking parameters in links to prevent 3rd parties from tracking your behavior across sites.,,Web Tracking Protection,,true,,false,apps/android/app/src/main/res/values/strings.xml,198,https://github.com/duckduckgo/Android/blob/3edb33d3d26af73ee30d690af68ddfec6788cf8e/app/src/main/res/values/strings.xml#L198
Android,body,app,webTrackingProtectionReferrerTrackingDescription,,Helps block companies from identifying the last website you visited.,,Web Tracking Protection,,true,,false,apps/android/app/src/main/res/values/strings.xml,200,https://github.com/duckduckgo/Android/blob/3edb33d3d26af73ee30d690af68ddfec6788cf8e/app/src/main/res/values/strings.xml#L200
Android,body,app,webTrackingProtectionFirstPartyCookiesDescription,,"Automatically expires 1st-party cookies after 30 days, ensuring sites can't track you indefinitely when you're logged out.",,Web Tracking Protection,,true,,false,apps/android/app/src/main/res/values/strings.xml,202,https://github.com/duckduckgo/Android/blob/3edb33d3d26af73ee30d690af68ddfec6788cf8e/app/src/main/res/values/strings.xml#L202
Android,body,app,webTrackingProtectionDnsCnameCloakingDescription,,Helps block 3rd-party trackers that try to disguise themselves within a website using DNS.,,Web Tracking Protection,,true,,false,apps/android/app/src/main/res/values/strings.xml,204,https://github.com/duckduckgo/Android/blob/3edb33d3d26af73ee30d690af68ddfec6788cf8e/app/src/main/res/values/strings.xml#L204
Android,body,app,webTrackingProtectionGoogleAmpTrackingDescription,,Replaces Google AMP links with the original publisher's site.,,Web Tracking Protection,,true,,false,apps/android/app/src/main/res/values/strings.xml,206,https://github.com/duckduckgo/Android/blob/3edb33d3d26af73ee30d690af68ddfec6788cf8e/app/src/main/res/values/strings.xml#L206
Android,body,app,webTrackingProtectionGoogleSigninPopupsDescription,,Blocks Google sign-in pop-ups on sites Google doesn't own.,,Web Tracking Protection,,true,,false,apps/android/app/src/main/res/values/strings.xml,208,https://github.com/duckduckgo/Android/blob/3edb33d3d26af73ee30d690af68ddfec6788cf8e/app/src/main/res/values/strings.xml#L208
Android,body,app,webTrackingProtectionGlobalPrivacyControlDescription,,Expresses opt-out rights on your behalf by telling sites not to sell or share your personal info.,,Web Tracking Protection,,true,,false,apps/android/app/src/main/res/values/strings.xml,210,https://github.com/duckduckgo/Android/blob/3edb33d3d26af73ee30d690af68ddfec6788cf8e/app/src/main/res/values/strings.xml#L210
Android,body,app,dataClearingDescription,,"Deleting your data can help protect your privacy online. Use the Fire Button to delete data manually, or set up automatic deletion.",,Fire Button,,true,,false,apps/android/app/src/main/res/values/strings.xml,222,https://github.com/duckduckgo/Android/blob/3edb33d3d26af73ee30d690af68ddfec6788cf8e/app/src/main/res/values/strings.xml#L222
Android,body,app,dataClearingAutomaticTabsOptionDescription,,Close all open tabs,,Fire Button,,true,,false,apps/android/app/src/main/res/values/strings.xml,232,https://github.com/duckduckgo/Android/blob/3edb33d3d26af73ee30d690af68ddfec6788cf8e/app/src/main/res/values/strings.xml#L232
Android,body,app,dataClearingAutomaticDataOptionDescription,,"Delete all site data, including visited sites. May sign you out of accounts.",,Fire Button,,true,,false,apps/android/app/src/main/res/values/strings.xml,233,https://github.com/duckduckgo/Android/blob/3edb33d3d26af73ee30d690af68ddfec6788cf8e/app/src/main/res/values/strings.xml#L233
Android,body,app,dataClearingAutomaticChatsOptionDescription,,"Delete all chats, including pinned chats",,Fire Button,,true,,false,apps/android/app/src/main/res/values/strings.xml,234,https://github.com/duckduckgo/Android/blob/3edb33d3d26af73ee30d690af68ddfec6788cf8e/app/src/main/res/values/strings.xml#L234
Android,body,app,singleTabFireDialogSubtitleSiteData,,Deleting site data can sign you out of accounts.,,Single tab burning,,true,,false,apps/android/app/src/main/res/values/strings.xml,249,https://github.com/duckduckgo/Android/blob/3edb33d3d26af73ee30d690af68ddfec6788cf8e/app/src/main/res/values/strings.xml#L249
Android,body,app,singleTabFireDialogSubtitleDownloads,,This will cancel downloads in progress.,,Single tab burning,,true,,false,apps/android/app/src/main/res/values/strings.xml,250,https://github.com/duckduckgo/Android/blob/3edb33d3d26af73ee30d690af68ddfec6788cf8e/app/src/main/res/values/strings.xml#L250
Android,body,app,settingsClearAiDataDeleteMessage,,"Fire Button will also delete Duck.ai history, including pinned chats.",,Settings - Automatically clearing data,,true,,false,apps/android/app/src/main/res/values/strings.xml,283,https://github.com/duckduckgo/Android/blob/3edb33d3d26af73ee30d690af68ddfec6788cf8e/app/src/main/res/values/strings.xml#L283
Android,body,app,aboutDescriptionBrandUpdate2025,,"Welcome to the Duck Side!\n\nDuckDuckGo is the independent online protection company for anyone who wants to take back control of their personal information.\n\nWe believe the best way to protect your personal information from hackers, scammers, and privacy-invasive companies is to stop it from being collected at all. That's why millions of people <annotation type=""chart_comparison"">choose DuckDuckGo over Chrome and other browsers</annotation> to search and browse online. Our built-in search engine is like Google but never tracks your searches. And our browsing protections, such as ad tracker blocking and cookie blocking, help stop other companies from collecting your data. Oh, and our browser is free — we make money from <annotation type=""privacy_respecting_ads"">privacy-respecting search ads</annotation>, not by exploiting your data.\n\nIn addition, we also offer <annotation type=""ppro_help_page"">DuckDuckGo subscription</annotation> integrated into our browser. Subscribers get even more privacy protection with a fast and simple <annotation type=""vpn_help_page"">VPN</annotation> that helps secure your online activity, access to advanced AI models in our private AI chat service Duck.ai, a service that finds and removes your personal information from people-finder sites, and a service that restores your identity should it be stolen.\n\nTake back control of your personal information with the browser designed for data protection, not data collection.",,About Activity,,true,,false,apps/android/app/src/main/res/values/strings.xml,288,https://github.com/duckduckgo/Android/blob/3edb33d3d26af73ee30d690af68ddfec6788cf8e/app/src/main/res/values/strings.xml#L288
Android,body,app,brokenSiteProtectionsOnBannerMessage,,Turning protections OFF might help.,,Broken Site Activity,,true,,false,apps/android/app/src/main/res/values/strings.xml,296,https://github.com/duckduckgo/Android/blob/3edb33d3d26af73ee30d690af68ddfec6788cf8e/app/src/main/res/values/strings.xml#L296
Android,body,app,widgetConfigurationTitleText,,Choose Theme,,Favorites widget,,true,,false,apps/android/app/src/main/res/values/strings.xml,303,https://github.com/duckduckgo/Android/blob/3edb33d3d26af73ee30d690af68ddfec6788cf8e/app/src/main/res/values/strings.xml#L303
Android,body,app,shortcutAddedText,,Success! %1$s has been added to your home screen.,Placeholder is the name of a website,Home Screen Shortcuts,%1$s,true,,false,apps/android/app/src/main/res/values/strings.xml,316,https://github.com/duckduckgo/Android/blob/3edb33d3d26af73ee30d690af68ddfec6788cf8e/app/src/main/res/values/strings.xml#L316
Android,body,app,addWidgetInstruction1,,"Long-press your home screen, then open the widgets menu.",,Add widget,,true,,false,apps/android/app/src/main/res/values/strings.xml,337,https://github.com/duckduckgo/Android/blob/3edb33d3d26af73ee30d690af68ddfec6788cf8e/app/src/main/res/values/strings.xml#L337
Android,body,app,addWidgetInstruction2,,Find the DuckDuckGo widget.,,Add widget,,true,,false,apps/android/app/src/main/res/values/strings.xml,339,https://github.com/duckduckgo/Android/blob/3edb33d3d26af73ee30d690af68ddfec6788cf8e/app/src/main/res/values/strings.xml#L339
Android,body,app,addWidgetInstruction3,,Drag the widget to your home screen.,,Add widget,,true,,false,apps/android/app/src/main/res/values/strings.xml,341,https://github.com/duckduckgo/Android/blob/3edb33d3d26af73ee30d690af68ddfec6788cf8e/app/src/main/res/values/strings.xml#L341
Android,body,app,appEnjoymentDialogMessage,,We'd love to know what you think.,,App Enjoyment / Rating / Feedback,,true,,false,apps/android/app/src/main/res/values/strings.xml,347,https://github.com/duckduckgo/Android/blob/3edb33d3d26af73ee30d690af68ddfec6788cf8e/app/src/main/res/values/strings.xml#L347
Android,body,app,rateAppDialogMessage,,Your feedback matters. Please share the love with a review.,,App Enjoyment / Rating / Feedback,,true,,false,apps/android/app/src/main/res/values/strings.xml,352,https://github.com/duckduckgo/Android/blob/3edb33d3d26af73ee30d690af68ddfec6788cf8e/app/src/main/res/values/strings.xml#L352
Android,body,app,giveFeedbackDialogMessage,,Let us know how we can improve the app for you.,,App Enjoyment / Rating / Feedback,,true,,false,apps/android/app/src/main/res/values/strings.xml,357,https://github.com/duckduckgo/Android/blob/3edb33d3d26af73ee30d690af68ddfec6788cf8e/app/src/main/res/values/strings.xml#L357
Android,body,app,authenticationDialogMessage,,%1$s requires a username and password.,Placeholder is the name of a website,Authentication,%1$s,true,,false,apps/android/app/src/main/res/values/strings.xml,381,https://github.com/duckduckgo/Android/blob/3edb33d3d26af73ee30d690af68ddfec6788cf8e/app/src/main/res/values/strings.xml#L381
Android,body,app,systemTextSearchMessage,,Search DuckDuckGo,,User-facing label for when a user selects text and might want to search for that text,,true,,false,apps/android/app/src/main/res/values/strings.xml,388,https://github.com/duckduckgo/Android/blob/3edb33d3d26af73ee30d690af68ddfec6788cf8e/app/src/main/res/values/strings.xml#L388
Android,body,app,systemSearchOnboardingThanks,,"Thanks for choosing DuckDuckGo!\nUsing our browser helps keep you protected from hackers, scammers, and data-hungry companies.",,System Search,,true,,false,apps/android/app/src/main/res/values/strings.xml,396,https://github.com/duckduckgo/Android/blob/3edb33d3d26af73ee30d690af68ddfec6788cf8e/app/src/main/res/values/strings.xml#L396
Android,body,app,systemSearchOnboardingFeaturesIntroText,,The DuckDuckGo app also:,,System Search,,true,,false,apps/android/app/src/main/res/values/strings.xml,397,https://github.com/duckduckgo/Android/blob/3edb33d3d26af73ee30d690af68ddfec6788cf8e/app/src/main/res/values/strings.xml#L397
Android,body,app,systemSearchOnboardingFeatureOneText,,Blocks unsafe trackers.,,System Search,,true,,false,apps/android/app/src/main/res/values/strings.xml,398,https://github.com/duckduckgo/Android/blob/3edb33d3d26af73ee30d690af68ddfec6788cf8e/app/src/main/res/values/strings.xml#L398
Android,body,app,systemSearchOnboardingFeatureTwoText,,Forces encryption on websites.,,System Search,,true,,false,apps/android/app/src/main/res/values/strings.xml,399,https://github.com/duckduckgo/Android/blob/3edb33d3d26af73ee30d690af68ddfec6788cf8e/app/src/main/res/values/strings.xml#L399
Android,body,app,systemSearchOnboardingFeatureThreeText,,Clears data with one tap.,,System Search,,true,,false,apps/android/app/src/main/res/values/strings.xml,400,https://github.com/duckduckgo/Android/blob/3edb33d3d26af73ee30d690af68ddfec6788cf8e/app/src/main/res/values/strings.xml#L400
Android,body,app,daxDialogHighFive,,High Five!,,Dax Dialog,,true,,false,apps/android/app/src/main/res/values/strings.xml,406,https://github.com/duckduckgo/Android/blob/3edb33d3d26af73ee30d690af68ddfec6788cf8e/app/src/main/res/values/strings.xml#L406
Android,body,app,daxDialogAppTpRetentionText,,"You're now blocking trackers across the web 🎉<br/><br/>I can also block trackers hiding in your other apps, even when you aren't using your phone.",,AppTP Retention Experiment Dax Dialog,,true,,false,apps/android/app/src/main/res/values/strings.xml,410,https://github.com/duckduckgo/Android/blob/3edb33d3d26af73ee30d690af68ddfec6788cf8e/app/src/main/res/values/strings.xml#L410
Android,body,app,onboardingDaxText,,The Internet can be kinda creepy.<br/><br/>Not to worry! Searching and browsing privately is easier than you think.,,New Onboarding Experience,,true,,false,apps/android/app/src/main/res/values/strings.xml,416,https://github.com/duckduckgo/Android/blob/3edb33d3d26af73ee30d690af68ddfec6788cf8e/app/src/main/res/values/strings.xml#L416
Android,body,app,downloadConfirmationKeepBothFilesText,,Keep both,,Download Confirmation,,true,,false,apps/android/app/src/main/res/values/strings.xml,424,https://github.com/duckduckgo/Android/blob/3edb33d3d26af73ee30d690af68ddfec6788cf8e/app/src/main/res/values/strings.xml#L424
Android,body,app,downloadConfirmationReplaceOldFileText,,Replace,,Download Confirmation,,true,,false,apps/android/app/src/main/res/values/strings.xml,425,https://github.com/duckduckgo/Android/blob/3edb33d3d26af73ee30d690af68ddfec6788cf8e/app/src/main/res/values/strings.xml#L425
Android,body,app,downloadConfirmationOpenFileText,,Open,,Download Confirmation,,true,,false,apps/android/app/src/main/res/values/strings.xml,426,https://github.com/duckduckgo/Android/blob/3edb33d3d26af73ee30d690af68ddfec6788cf8e/app/src/main/res/values/strings.xml#L426
Android,body,app,downloadConfirmationUnableToOpenFileText,,Could not open file,,Download Confirmation,,true,,false,apps/android/app/src/main/res/values/strings.xml,427,https://github.com/duckduckgo/Android/blob/3edb33d3d26af73ee30d690af68ddfec6788cf8e/app/src/main/res/values/strings.xml#L427
Android,body,app,downloadConfirmationUnableToDeleteFileText,,Could not delete old file,,Download Confirmation,,true,,false,apps/android/app/src/main/res/values/strings.xml,428,https://github.com/duckduckgo/Android/blob/3edb33d3d26af73ee30d690af68ddfec6788cf8e/app/src/main/res/values/strings.xml#L428
Android,body,app,changeIconDialogMessage,,The app may close to apply changes. Come on back after you've admired your handsome new icon.,,Change Icon Activity,,true,,false,apps/android/app/src/main/res/values/strings.xml,436,https://github.com/duckduckgo/Android/blob/3edb33d3d26af73ee30d690af68ddfec6788cf8e/app/src/main/res/values/strings.xml#L436
Android,body,app,allowlistEntryDeleteConfirmMessage,,Are you sure you want to remove <b>%1$s</b> from Unprotected Sites?,Placeholder is a website,Allowlist,%1$s,true,,false,apps/android/app/src/main/res/values/strings.xml,450,https://github.com/duckduckgo/Android/blob/3edb33d3d26af73ee30d690af68ddfec6788cf8e/app/src/main/res/values/strings.xml#L450
Android,body,app,allowlistExplanation,,These sites will not be enhanced by Privacy Protection.,,Allowlist,,true,,false,apps/android/app/src/main/res/values/strings.xml,451,https://github.com/duckduckgo/Android/blob/3edb33d3d26af73ee30d690af68ddfec6788cf8e/app/src/main/res/values/strings.xml#L451
Android,body,app,fireproofWebsiteDeleteConfirmMessage,,Are you sure you want to delete <b>%1$s</b>?,Placeholder is a website,Fireproof websites,%1$s,true,,false,apps/android/app/src/main/res/values/strings.xml,465,https://github.com/duckduckgo/Android/blob/3edb33d3d26af73ee30d690af68ddfec6788cf8e/app/src/main/res/values/strings.xml#L465
Android,body,app,fireproofWebsiteFeatureDescription,,"Websites rely on cookies to keep you signed in. When you Fireproof a site, cookies won't be erased and you'll stay signed in, even after using the Fire Button. We still block third-party trackers found on Fireproof websites.",,Fireproof websites,,true,,false,apps/android/app/src/main/res/values/strings.xml,466,https://github.com/duckduckgo/Android/blob/3edb33d3d26af73ee30d690af68ddfec6788cf8e/app/src/main/res/values/strings.xml#L466
Android,body,app,fireproofWebsiteLoginDialogDescription,,Fireproofing this site will keep you signed in after using the Fire Button.,,Fireproof websites,,true,,false,apps/android/app/src/main/res/values/strings.xml,469,https://github.com/duckduckgo/Android/blob/3edb33d3d26af73ee30d690af68ddfec6788cf8e/app/src/main/res/values/strings.xml#L469
Android,body,app,disableLoginDetectionDialogDescription,,You can change this preference anytime in Settings.,,Fireproof websites,,true,,false,apps/android/app/src/main/res/values/strings.xml,481,https://github.com/duckduckgo/Android/blob/3edb33d3d26af73ee30d690af68ddfec6788cf8e/app/src/main/res/values/strings.xml#L481
Android,body,app,automaticFireproofWebsiteLoginDialogDescription,,Fireproofing sites will keep you signed in after using the Fire Button. You can always change this later in Settings.,,Fireproof websites,,true,,false,apps/android/app/src/main/res/values/strings.xml,485,https://github.com/duckduckgo/Android/blob/3edb33d3d26af73ee30d690af68ddfec6788cf8e/app/src/main/res/values/strings.xml#L485
Android,body,app,preciseLocationSystemDialogSubtitle,,"%1$s is requesting your device location. You'll first need to allow the app to send your device location, then %2$s can ask permission.",%1$s and %2$s are both the name of the website requesting the location,Precise Location,%1$s %2$s,true,,false,apps/android/app/src/main/res/values/strings.xml,506,https://github.com/duckduckgo/Android/blob/3edb33d3d26af73ee30d690af68ddfec6788cf8e/app/src/main/res/values/strings.xml#L506
Android,body,app,preciseLocationSiteDialogSubtitle,,You can manage the location access permissions you’ve granted to individual sites in Settings.,,Precise Location,,true,,false,apps/android/app/src/main/res/values/strings.xml,511,https://github.com/duckduckgo/Android/blob/3edb33d3d26af73ee30d690af68ddfec6788cf8e/app/src/main/res/values/strings.xml#L511
Android,body,app,preciseLocationDDGDialogSubtitle,,"We only use your anonymous location to deliver better results, closer to you. You can manage the location access permissions you’ve granted to individual sites in Settings.",,Precise Location,,true,,false,apps/android/app/src/main/res/values/strings.xml,512,https://github.com/duckduckgo/Android/blob/3edb33d3d26af73ee30d690af68ddfec6788cf8e/app/src/main/res/values/strings.xml#L512
Android,body,app,preciseLocationFeatureDescription,,Sites you visit may ask to know your device location. They won't be able to access it until you explicitly grant permission. DuckDuckGo only uses your location anonymously to deliver local search results.,,Precise Location,,true,,false,apps/android/app/src/main/res/values/strings.xml,517,https://github.com/duckduckgo/Android/blob/3edb33d3d26af73ee30d690af68ddfec6788cf8e/app/src/main/res/values/strings.xml#L517
Android,body,app,preciseLocationToggleText,,Sites Can Ask for My Location,,Precise Location,,true,,false,apps/android/app/src/main/res/values/strings.xml,518,https://github.com/duckduckgo/Android/blob/3edb33d3d26af73ee30d690af68ddfec6788cf8e/app/src/main/res/values/strings.xml#L518
Android,body,app,preciseLocationNoSystemPermission,,"To manage the location access permissions you\’ve granted to individual sites, enable location for this app in Android Settings.",,Precise Location,,true,,false,apps/android/app/src/main/res/values/strings.xml,520,https://github.com/duckduckgo/Android/blob/3edb33d3d26af73ee30d690af68ddfec6788cf8e/app/src/main/res/values/strings.xml#L520
Android,body,app,preciseLocationDeleteConfirmMessage,,Are you sure you want to delete <b>%1$s</b>?,Placeholder is the name of a website,Precise Location,%1$s,true,,false,apps/android/app/src/main/res/values/strings.xml,522,https://github.com/duckduckgo/Android/blob/3edb33d3d26af73ee30d690af68ddfec6788cf8e/app/src/main/res/values/strings.xml#L522
Android,body,app,globalPrivacyControlDescription,,"DuckDuckGo automatically blocks many trackers. With Global Privacy Control (GPC), you can also ask participating websites to restrict selling or sharing your personal data with other companies. <u><a href="""">Learn More</a><u/>",,Global Privacy Control,,true,,false,apps/android/app/src/main/res/values/strings.xml,533,https://github.com/duckduckgo/Android/blob/3edb33d3d26af73ee30d690af68ddfec6788cf8e/app/src/main/res/values/strings.xml#L533
Android,body,app,settingSubtitleOpenLinksInAssociatedApps,,Disable to prevent links from automatically opening in other installed apps.,,Opening app links,,true,,false,apps/android/app/src/main/res/values/strings.xml,541,https://github.com/duckduckgo/Android/blob/3edb33d3d26af73ee30d690af68ddfec6788cf8e/app/src/main/res/values/strings.xml#L541
Android,body,app,appLinkSnackBarMessage,,You can open this link in %1$s.,Placeholder is the name of an app,Opening app links,%1$s,true,,false,apps/android/app/src/main/res/values/strings.xml,545,https://github.com/duckduckgo/Android/blob/3edb33d3d26af73ee30d690af68ddfec6788cf8e/app/src/main/res/values/strings.xml#L545
Android,body,app,appLinkMultipleSnackBarMessage,,You can open this link in other apps.,,Opening app links,,true,,false,apps/android/app/src/main/res/values/strings.xml,546,https://github.com/duckduckgo/Android/blob/3edb33d3d26af73ee30d690af68ddfec6788cf8e/app/src/main/res/values/strings.xml#L546
Android,body,app,aliasToClipboardMessage,,New address copied to your clipboard,,Email Autofill,,true,,false,apps/android/app/src/main/res/values/strings.xml,550,https://github.com/duckduckgo/Android/blob/3edb33d3d26af73ee30d690af68ddfec6788cf8e/app/src/main/res/values/strings.xml#L550
Android,body,app,emailNotSupportedExplanation,,"Email Protection allows you to create private email addresses that remove email trackers. We need to encrypt and store these addresses you create locally on your device. Because your device does not support encrypted storage, Email Protection is unavailable.",,Email Protection,,true,,false,apps/android/app/src/main/res/values/strings.xml,563,https://github.com/duckduckgo/Android/blob/3edb33d3d26af73ee30d690af68ddfec6788cf8e/app/src/main/res/values/strings.xml#L563
Android,body,app,autoconsentDialogDescription,,I can try to select the most private settings available and hide pop-ups like these.,,Autoconsent,,true,,false,apps/android/app/src/main/res/values/strings.xml,597,https://github.com/duckduckgo/Android/blob/3edb33d3d26af73ee30d690af68ddfec6788cf8e/app/src/main/res/values/strings.xml#L597
Android,body,app,autoconsentCosmeticNoticeAnimationText,,Pop-up Hidden,,Autoconsent,,true,,false,apps/android/app/src/main/res/values/strings.xml,603,https://github.com/duckduckgo/Android/blob/3edb33d3d26af73ee30d690af68ddfec6788cf8e/app/src/main/res/values/strings.xml#L603
Android,body,app,autoconsentManagedNoticeAnimationText,,Cookies Managed,,Autoconsent,,true,,false,apps/android/app/src/main/res/values/strings.xml,604,https://github.com/duckduckgo/Android/blob/3edb33d3d26af73ee30d690af68ddfec6788cf8e/app/src/main/res/values/strings.xml#L604
Android,body,app,fullScreenMessage,,Drag down from the top and tap the back button to exit full screen,,Full screen message,,true,,false,apps/android/app/src/main/res/values/strings.xml,611,https://github.com/duckduckgo/Android/blob/3edb33d3d26af73ee30d690af68ddfec6788cf8e/app/src/main/res/values/strings.xml#L611
Android,body,app,closeAppTabsConfirmationDialogDescription,,Are you sure you want to close all tabs?,,Tab Switcher,,true,,false,apps/android/app/src/main/res/values/strings.xml,615,https://github.com/duckduckgo/Android/blob/3edb33d3d26af73ee30d690af68ddfec6788cf8e/app/src/main/res/values/strings.xml#L615
Android,body,app,tabSwitcherBookmarkDialogDescription,,Existing bookmarks will not be duplicated.,,Tab Switcher,,true,,false,apps/android/app/src/main/res/values/strings.xml,645,https://github.com/duckduckgo/Android/blob/3edb33d3d26af73ee30d690af68ddfec6788cf8e/app/src/main/res/values/strings.xml#L645
Android,body,app,tabSwitcherCloseAllTabsDialogDescription,plural:one,Are you sure you want to close this tab?,,Tab Switcher,,true,,false,apps/android/app/src/main/res/values/strings.xml,659,https://github.com/duckduckgo/Android/blob/3edb33d3d26af73ee30d690af68ddfec6788cf8e/app/src/main/res/values/strings.xml#L659
Android,body,app,tabSwitcherCloseAllTabsDialogDescription,plural:other,Are you sure you want to close all tabs?,,Tab Switcher,,true,,false,apps/android/app/src/main/res/values/strings.xml,659,https://github.com/duckduckgo/Android/blob/3edb33d3d26af73ee30d690af68ddfec6788cf8e/app/src/main/res/values/strings.xml#L659
Android,body,app,tabSwitcherCloseTabsDialogDescription,plural:one,Are you sure you want to close this tab?,,Tab Switcher,,true,,false,apps/android/app/src/main/res/values/strings.xml,663,https://github.com/duckduckgo/Android/blob/3edb33d3d26af73ee30d690af68ddfec6788cf8e/app/src/main/res/values/strings.xml#L663
Android,body,app,tabSwitcherCloseTabsDialogDescription,plural:other,Are you sure you want to close these tabs?,,Tab Switcher,,true,,false,apps/android/app/src/main/res/values/strings.xml,663,https://github.com/duckduckgo/Android/blob/3edb33d3d26af73ee30d690af68ddfec6788cf8e/app/src/main/res/values/strings.xml#L663
Android,body,app,imageCaptureCameraPermissionDeniedMessage,,Sites can only use your camera if you allow DuckDuckGo to ask for access.,,Uploading an image from the camera or choosing to use existing image,,true,,false,apps/android/app/src/main/res/values/strings.xml,696,https://github.com/duckduckgo/Android/blob/3edb33d3d26af73ee30d690af68ddfec6788cf8e/app/src/main/res/values/strings.xml#L696
Android,body,app,preOnboardingDaxDialog1Title,,Hi there.<br/><br/>Ready for a faster browser that keeps you protected?,,Extended Onboarding,,true,,false,apps/android/app/src/main/res/values/strings.xml,717,https://github.com/duckduckgo/Android/blob/3edb33d3d26af73ee30d690af68ddfec6788cf8e/app/src/main/res/values/strings.xml#L717
Android,body,app,preOnboardingDaxDialog1TitleDuckAi,,Hi there.<br/><br/>Ready for a faster browser that protects you and lets you decide when and how to use AI?,,Extended Onboarding,,false,,false,apps/android/app/src/main/res/values/strings.xml,718,https://github.com/duckduckgo/Android/blob/3edb33d3d26af73ee30d690af68ddfec6788cf8e/app/src/main/res/values/strings.xml#L718
Android,body,app,preOnboardingDaxDialog1Button,,Let's do it!,,Extended Onboarding,,true,,false,apps/android/app/src/main/res/values/strings.xml,719,https://github.com/duckduckgo/Android/blob/3edb33d3d26af73ee30d690af68ddfec6788cf8e/app/src/main/res/values/strings.xml#L719
Android,body,app,preOnboardingDaxDialog1ButtonDuckAi,,Let's get started!,,Extended Onboarding,,false,,false,apps/android/app/src/main/res/values/strings.xml,720,https://github.com/duckduckgo/Android/blob/3edb33d3d26af73ee30d690af68ddfec6788cf8e/app/src/main/res/values/strings.xml#L720
Android,body,app,preOnboardingDaxDialog1ButtonBrandDesign,,Let's get started!,,Extended Onboarding,,true,,false,apps/android/app/src/main/res/values/strings.xml,721,https://github.com/duckduckgo/Android/blob/3edb33d3d26af73ee30d690af68ddfec6788cf8e/app/src/main/res/values/strings.xml#L721
Android,body,app,preOnboardingDaxDialog2Title,,Protections activated!,,Extended Onboarding,,true,,false,apps/android/app/src/main/res/values/strings.xml,723,https://github.com/duckduckgo/Android/blob/3edb33d3d26af73ee30d690af68ddfec6788cf8e/app/src/main/res/values/strings.xml#L723
Android,body,app,preOnboardingDaxDialog3Title,,Got it! I'll skip the other tips.,,Extended Onboarding,,true,,false,apps/android/app/src/main/res/values/strings.xml,725,https://github.com/duckduckgo/Android/blob/3edb33d3d26af73ee30d690af68ddfec6788cf8e/app/src/main/res/values/strings.xml#L725
Android,body,app,preOnboardingDaxDialog3Text,,"Remember: you can delete all your tabs, history, and browsing data in two taps with the <b>Fire Button</b> 🔥",,Extended Onboarding,,true,,false,apps/android/app/src/main/res/values/strings.xml,726,https://github.com/duckduckgo/Android/blob/3edb33d3d26af73ee30d690af68ddfec6788cf8e/app/src/main/res/values/strings.xml#L726
Android,body,app,onboardingSearchDaxDialogDescription,,Your DuckDuckGo searches are always private.,,Extended Onboarding,,true,,false,apps/android/app/src/main/res/values/strings.xml,747,https://github.com/duckduckgo/Android/blob/3edb33d3d26af73ee30d690af68ddfec6788cf8e/app/src/main/res/values/strings.xml#L747
Android,body,app,onboardingSitesDaxDialogDescription,,I'll block trackers so they can't spy on you.,,Extended Onboarding,,true,,false,apps/android/app/src/main/res/values/strings.xml,758,https://github.com/duckduckgo/Android/blob/3edb33d3d26af73ee30d690af68ddfec6788cf8e/app/src/main/res/values/strings.xml#L758
Android,body,app,onboardingSerpDaxDialogDescription,,That's <b>DuckDuckGo Search</b>! Private. Fast. Fewer ads.,,Extended Onboarding,,true,,false,apps/android/app/src/main/res/values/strings.xml,763,https://github.com/duckduckgo/Android/blob/3edb33d3d26af73ee30d690af68ddfec6788cf8e/app/src/main/res/values/strings.xml#L763
Android,body,app,onboardingSerpDaxDialogBrandDesignDescription,,Private. Fast. Fewer ads.,,Extended Onboarding,,true,,false,apps/android/app/src/main/res/values/strings.xml,765,https://github.com/duckduckgo/Android/blob/3edb33d3d26af73ee30d690af68ddfec6788cf8e/app/src/main/res/values/strings.xml#L765
Android,body,app,onboardingTrackersBlockedDialogDescription,plural:one,&#160;and <b>%1$d other</b> were trying to track you here. I blocked them!<br/><br/>☝️ Tap the shield for more info.️,,Extended Onboarding,%1$d,true,,false,apps/android/app/src/main/res/values/strings.xml,768,https://github.com/duckduckgo/Android/blob/3edb33d3d26af73ee30d690af68ddfec6788cf8e/app/src/main/res/values/strings.xml#L768
Android,body,app,onboardingTrackersBlockedDialogDescription,plural:other,&#160;and <b>%1$d others</b> were trying to track you here. I blocked them!<br/><br/>☝️ Tap the shield for more info.️,,Extended Onboarding,%1$d,true,,false,apps/android/app/src/main/res/values/strings.xml,768,https://github.com/duckduckgo/Android/blob/3edb33d3d26af73ee30d690af68ddfec6788cf8e/app/src/main/res/values/strings.xml#L768
Android,body,app,onboardingTrackersBlockedZeroDialogDescription,plural:one,&#160;was trying to track you here. I blocked them!<br/><br/>☝️ Tap the shield for more info.️,,Extended Onboarding,,true,,false,apps/android/app/src/main/res/values/strings.xml,772,https://github.com/duckduckgo/Android/blob/3edb33d3d26af73ee30d690af68ddfec6788cf8e/app/src/main/res/values/strings.xml#L772
Android,body,app,onboardingTrackersBlockedZeroDialogDescription,plural:other,&#160;were trying to track you here. I blocked them!<br/><br/>☝️ Tap the shield for more info.️,,Extended Onboarding,,true,,false,apps/android/app/src/main/res/values/strings.xml,772,https://github.com/duckduckgo/Android/blob/3edb33d3d26af73ee30d690af68ddfec6788cf8e/app/src/main/res/values/strings.xml#L772
Android,body,app,onboardingEndDaxDialogDescription,,Remember: every time you browse with me a creepy ad loses its wings.,,Extended Onboarding,,true,,false,apps/android/app/src/main/res/values/strings.xml,781,https://github.com/duckduckgo/Android/blob/3edb33d3d26af73ee30d690af68ddfec6788cf8e/app/src/main/res/values/strings.xml#L781
Android,body,app,onboardingInContextEndDaxDialogDescription,,Remember: every time you browse with me a creepy ad loses its wings. 👌,,Extended Onboarding,,true,,false,apps/android/app/src/main/res/values/strings.xml,782,https://github.com/duckduckgo/Android/blob/3edb33d3d26af73ee30d690af68ddfec6788cf8e/app/src/main/res/values/strings.xml#L782
Android,body,app,onboardingPrivacyProDaxDialogDescription,,"DuckDuckGo also has an <b>optional paid subscription</b>, with a secure <b>VPN</b> and <b>advanced, private AI</b>.",,Extended Onboarding,,true,,false,apps/android/app/src/main/res/values/strings.xml,785,https://github.com/duckduckgo/Android/blob/3edb33d3d26af73ee30d690af68ddfec6788cf8e/app/src/main/res/values/strings.xml#L785
Android,body,app,preOnboardingInputScreenDescription,,AI features are private and optional. You can make changes in <b>Settings > AI Features</b>.,,Input Screen Onboarding step,,true,,false,apps/android/app/src/main/res/values/strings.xml,796,https://github.com/duckduckgo/Android/blob/3edb33d3d26af73ee30d690af68ddfec6788cf8e/app/src/main/res/values/strings.xml#L796
Android,body,app,quickSetupAddressBarPositionCaption,,You can make changes in <b>Settings > Appearance</b>.,,Quick setup bottom sheets,,true,,false,apps/android/app/src/main/res/values/strings.xml,808,https://github.com/duckduckgo/Android/blob/3edb33d3d26af73ee30d690af68ddfec6788cf8e/app/src/main/res/values/strings.xml#L808
Android,body,app,quickSetupRemoveHomeScreenWidgetStep1,,Go to your Home screen,,Quick setup bottom sheets,,true,,false,apps/android/app/src/main/res/values/strings.xml,814,https://github.com/duckduckgo/Android/blob/3edb33d3d26af73ee30d690af68ddfec6788cf8e/app/src/main/res/values/strings.xml#L814
Android,body,app,quickSetupRemoveHomeScreenWidgetStep2,,Touch and hold the widget,,Quick setup bottom sheets,,true,,false,apps/android/app/src/main/res/values/strings.xml,815,https://github.com/duckduckgo/Android/blob/3edb33d3d26af73ee30d690af68ddfec6788cf8e/app/src/main/res/values/strings.xml#L815
Android,body,app,quickSetupRemoveHomeScreenWidgetStep3,,Tap or drag to remove it,,Quick setup bottom sheets,,true,,false,apps/android/app/src/main/res/values/strings.xml,816,https://github.com/duckduckgo/Android/blob/3edb33d3d26af73ee30d690af68ddfec6788cf8e/app/src/main/res/values/strings.xml#L816
Android,body,app,brokenSiteSubmittedReportMessage,,Thank you! Your report helps make DuckDuckGo better for everyone!,,Privacy Dashboard,,true,,false,apps/android/app/src/main/res/values/strings.xml,832,https://github.com/duckduckgo/Android/blob/3edb33d3d26af73ee30d690af68ddfec6788cf8e/app/src/main/res/values/strings.xml#L832
Android,body,app,threatProtectionDescription,,DuckDuckGo's enhanced protections stop common threats while keeping your connection secure.,,Threat protection,,true,,false,apps/android/app/src/main/res/values/strings.xml,860,https://github.com/duckduckgo/Android/blob/3edb33d3d26af73ee30d690af68ddfec6788cf8e/app/src/main/res/values/strings.xml#L860
Android,body,app,smarterEncryptionDescription,,"Automatically upgrades links to HTTPS whenever possible.<br><a href="""">Learn More</a>",,Threat protection,,true,,false,apps/android/app/src/main/res/values/strings.xml,862,https://github.com/duckduckgo/Android/blob/3edb33d3d26af73ee30d690af68ddfec6788cf8e/app/src/main/res/values/strings.xml#L862
Android,body,app,scamBlockerDescription,,"Warn on sites flagged for scams, phishing and malware.",,Threat protection,,true,,false,apps/android/app/src/main/res/values/strings.xml,864,https://github.com/duckduckgo/Android/blob/3edb33d3d26af73ee30d690af68ddfec6788cf8e/app/src/main/res/values/strings.xml#L864
Android,body,app,experimentHomeScreenWidgetBottomSheetDialogSearchText,,Search DuckDuckGo,,"Experiment: Improve prompts for ""homescreen widget""",,true,,false,apps/android/app/src/main/res/values/strings.xml,872,https://github.com/duckduckgo/Android/blob/3edb33d3d26af73ee30d690af68ddfec6788cf8e/app/src/main/res/values/strings.xml#L872
Android,body,app,tabSwitcherAnimationTileRemovalDialogBody,,You can turn this back on in Settings > Appearance.,A message for a dialog that shows when a user clicks a tile that shows them their current blocked tracker count,TabSwitcher Trackers Animation,,true,,false,apps/android/app/src/main/res/values/strings.xml,883,https://github.com/duckduckgo/Android/blob/3edb33d3d26af73ee30d690af68ddfec6788cf8e/app/src/main/res/values/strings.xml#L883
Android,body,app,searchOnlyWidgetDescription,,Quickly launch a private search with DuckDuckGo.,Description for the search-only widget,Widgets,,true,,false,apps/android/app/src/main/res/values/strings.xml,894,https://github.com/duckduckgo/Android/blob/3edb33d3d26af73ee30d690af68ddfec6788cf8e/app/src/main/res/values/strings.xml#L894
Android,body,app,searchWidgetDescription,,Search privately with DuckDuckGo or ask Duck.ai. Voice Search and Duck.ai available if enabled.,"Description for the search widget, which may include Duck.ai and voice search",Widgets,,true,,false,apps/android/app/src/main/res/values/strings.xml,895,https://github.com/duckduckgo/Android/blob/3edb33d3d26af73ee30d690af68ddfec6788cf8e/app/src/main/res/values/strings.xml#L895
Android,body,app,searchAndFavoritesWidgetDescription,,Search or visit your favorite sites privately with one tap. Voice Search and Duck.ai available if enabled.,Description for the search and favorites widget,Widgets,,true,,false,apps/android/app/src/main/res/values/strings.xml,896,https://github.com/duckduckgo/Android/blob/3edb33d3d26af73ee30d690af68ddfec6788cf8e/app/src/main/res/values/strings.xml#L896
Android,body,app,syncRestoreDialogDescription,,"Want to restore your bookmarks, passwords, and more from your previous DuckDuckGo sync?",,Sync Restore (onboarding),,true,,false,apps/android/app/src/main/res/values/strings.xml,901,https://github.com/duckduckgo/Android/blob/3edb33d3d26af73ee30d690af68ddfec6788cf8e/app/src/main/res/values/strings.xml#L901
Android,body,app,syncRestoreDialogBrandDesignBody1,,"Your saved bookmarks, passwords, and more are ready.",,Sync Restore (brand-design onboarding),,true,,false,apps/android/app/src/main/res/values/strings.xml,907,https://github.com/duckduckgo/Android/blob/3edb33d3d26af73ee30d690af68ddfec6788cf8e/app/src/main/res/values/strings.xml#L907
Android,body,app,copyLinkText,,Copy Link Text,,Sharing options,,true,,false,apps/android/app/src/main/res/values/strings.xml,913,https://github.com/duckduckgo/Android/blob/3edb33d3d26af73ee30d690af68ddfec6788cf8e/app/src/main/res/values/strings.xml#L913
Android,body,app,linkTextCopied,,Link text copied,,Sharing options,,true,,false,apps/android/app/src/main/res/values/strings.xml,914,https://github.com/duckduckgo/Android/blob/3edb33d3d26af73ee30d690af68ddfec6788cf8e/app/src/main/res/values/strings.xml#L914
Android,body,app,preOnboardingWelcomeDialogBody1,,Ready for a faster browser that puts you in control?,,Sharing options,,true,,false,apps/android/app/src/main/res/values/strings.xml,918,https://github.com/duckduckgo/Android/blob/3edb33d3d26af73ee30d690af68ddfec6788cf8e/app/src/main/res/values/strings.xml#L918
Android,body,app,preOnboardingWelcomeDialogBody2,,"AI is always optional, and privacy protection is always on.",,Sharing options,,true,,false,apps/android/app/src/main/res/values/strings.xml,919,https://github.com/duckduckgo/Android/blob/3edb33d3d26af73ee30d690af68ddfec6788cf8e/app/src/main/res/values/strings.xml#L919
Android,body,app,onboardingStepIndicatorText,,%1$d of %2$d,"a counter above our instructions in onboarding that tells a user what step they are on, for example, 1 of 5",Sharing options,%1$d %2$d,true,,false,apps/android/app/src/main/res/values/strings.xml,921,https://github.com/duckduckgo/Android/blob/3edb33d3d26af73ee30d690af68ddfec6788cf8e/app/src/main/res/values/strings.xml#L921
Android,body,app,preOnboardingInputModeDemoChatSuggestion3,,Surprise me!,,Input Mode Demo Onboarding step,,true,,false,apps/android/app/src/main/res/values/strings.xml,937,https://github.com/duckduckgo/Android/blob/3edb33d3d26af73ee30d690af68ddfec6788cf8e/app/src/main/res/values/strings.xml#L937
Android,body,app,preOnboardingInputModeDemoChatSuggestion3Prompt,,"What are 10 fascinating facts across science, nature, and history?",,Input Mode Demo Onboarding step,,true,,false,apps/android/app/src/main/res/values/strings.xml,938,https://github.com/duckduckgo/Android/blob/3edb33d3d26af73ee30d690af68ddfec6788cf8e/app/src/main/res/values/strings.xml#L938
Android,body,app,preOnboardingWelcomeDialogBodyCustomAi,,"Ready to chat privately with ChatGPT, Claude, and other AIs for free, in a browser that actively protects you?",,Pre-onboarding: initial screens,,true,,false,apps/android/app/src/main/res/values/strings.xml,942,https://github.com/duckduckgo/Android/blob/3edb33d3d26af73ee30d690af68ddfec6788cf8e/app/src/main/res/values/strings.xml#L942
Android,body,app,preOnboardingDaxDialog2TitleCustomAi,,Want to make DuckDuckGo your default browser?,,Pre-onboarding: browser comparison screen,,true,,false,apps/android/app/src/main/res/values/strings.xml,955,https://github.com/duckduckgo/Android/blob/3edb33d3d26af73ee30d690af68ddfec6788cf8e/app/src/main/res/values/strings.xml#L955
Android,body,app,preOnboardingWidgetPromptBody,,Add our search widget to your Home Screen for quick and easy access.,,Pre-onboarding: widget prompt,,true,,false,apps/android/app/src/main/res/values/strings.xml,959,https://github.com/duckduckgo/Android/blob/3edb33d3d26af73ee30d690af68ddfec6788cf8e/app/src/main/res/values/strings.xml#L959
Android,body,app,preOnboardingImportPasswordsBody,,Google may ask you to sign in or enter your password to confirm.,,Pre-onboarding: import passwords,,true,,false,apps/android/app/src/main/res/values/strings.xml,965,https://github.com/duckduckgo/Android/blob/3edb33d3d26af73ee30d690af68ddfec6788cf8e/app/src/main/res/values/strings.xml#L965
Android,body,app,preOnboardingImportCompleteParsingBody,,This will only take a moment.,,Pre-onboarding: import passwords,,true,,false,apps/android/app/src/main/res/values/strings.xml,970,https://github.com/duckduckgo/Android/blob/3edb33d3d26af73ee30d690af68ddfec6788cf8e/app/src/main/res/values/strings.xml#L970
Android,body,app,onboardingEndCustomAiFlowDaxDialogDescription,,Start a private AI chat with Duck.ai or toggle to Search for protected browsing.<br/><br/>You can use Duck.ai from anywhere you see the chat icon,,In-context onboarding.,,true,,false,apps/android/app/src/main/res/values/strings.xml,982,https://github.com/duckduckgo/Android/blob/3edb33d3d26af73ee30d690af68ddfec6788cf8e/app/src/main/res/values/strings.xml#L982
Android,body,app,onboardingPrivacyProCustomAiFlowDaxDialogDescription,,"We also offer a paid subscription featuring advanced AI models with higher chat limits from GPT and Claude, a secure VPN, and more.",,In-context onboarding.,,true,,false,apps/android/app/src/main/res/values/strings.xml,983,https://github.com/duckduckgo/Android/blob/3edb33d3d26af73ee30d690af68ddfec6788cf8e/app/src/main/res/values/strings.xml#L983
Android,body,app,thanksForTheFeedback,,Thanks for the feedback!,,App feedback,,true,,false,apps/android/app/src/main/res/values/strings.xml,993,https://github.com/duckduckgo/Android/blob/3edb33d3d26af73ee30d690af68ddfec6788cf8e/app/src/main/res/values/strings.xml#L993
Android,body,app,browserModeToggleFireDescription,,Switch to Fire mode tabs,,Fire mode,,true,,false,apps/android/app/src/main/res/values/strings.xml,998,https://github.com/duckduckgo/Android/blob/3edb33d3d26af73ee30d690af68ddfec6788cf8e/app/src/main/res/values/strings.xml#L998
Android,body,app,browserModeToggleRegularDescription,,Switch to regular tabs,,Fire mode,,true,,false,apps/android/app/src/main/res/values/strings.xml,999,https://github.com/duckduckgo/Android/blob/3edb33d3d26af73ee30d690af68ddfec6788cf8e/app/src/main/res/values/strings.xml#L999
Android,body,app,fireTabsFeatureDifferentAccount,,Sign in to a site with a different account,,Fire mode,,true,,false,apps/android/app/src/main/res/values/strings.xml,1005,https://github.com/duckduckgo/Android/blob/3edb33d3d26af73ee30d690af68ddfec6788cf8e/app/src/main/res/values/strings.xml#L1005
Android,body,app,fireTabsExplainer,,Fire Tabs are isolated from other browser data. Their data is burned when you close them all. They give you the same tracking protection as other tabs.,,Fire mode,,true,,false,apps/android/app/src/main/res/values/strings.xml,1007,https://github.com/duckduckgo/Android/blob/3edb33d3d26af73ee30d690af68ddfec6788cf8e/app/src/main/res/values/strings.xml#L1007
Android,body,app,fireTabsPromoTabSwitcherText,,<b>NEW!</b> Try Fire Tabs to browse without saving local history.,,Fire mode,,true,,false,apps/android/app/src/main/res/values/strings.xml,1009,https://github.com/duckduckgo/Android/blob/3edb33d3d26af73ee30d690af68ddfec6788cf8e/app/src/main/res/values/strings.xml#L1009
Android,body,app-tracking-protection/vpn-impl,atp_CompanyDetailsBannerForUnprotectedThroughNetP,,"Protection has been manually disabled for this app through DuckDuckGo VPN. To re-enable, configure in <annotation type=""manage_app_exclusion_link"">DuckDuckGo VPN</annotation>.",,,,false,,false,apps/android/app-tracking-protection/vpn-impl/src/main/res/values/donottranslate.xml,20,https://github.com/duckduckgo/Android/blob/3edb33d3d26af73ee30d690af68ddfec6788cf8e/app-tracking-protection/vpn-impl/src/main/res/values/donottranslate.xml#L20
Android,body,app-tracking-protection/vpn-impl,atp_ReportIssue,,Having problems with an app?,,App Tracking Protection Ongoing Notification,,true,,false,apps/android/app-tracking-protection/vpn-impl/src/main/res/values/strings-vpn.xml,44,https://github.com/duckduckgo/Android/blob/3edb33d3d26af73ee30d690af68ddfec6788cf8e/app-tracking-protection/vpn-impl/src/main/res/values/strings-vpn.xml#L44
Android,body,app-tracking-protection/vpn-impl,atp_OnboardingLogoDescription,,Enable App Tracking Protection,,App Tracking Protection Onboarding,,true,,false,apps/android/app-tracking-protection/vpn-impl/src/main/res/values/strings-vpn.xml,104,https://github.com/duckduckgo/Android/blob/3edb33d3d26af73ee30d690af68ddfec6788cf8e/app-tracking-protection/vpn-impl/src/main/res/values/strings-vpn.xml#L104
Android,body,app-tracking-protection/vpn-impl,atp_OnboardingLatsPageOneSubtitle,,"We found that <b>over 96% of popular free apps</b> allow other companies to track your personal information, even when you’re sleeping.\n\nSee which apps <b>we catch letting other companies track you</b> and take back control!",,App Tracking Protection Onboarding,% o,true,,false,apps/android/app-tracking-protection/vpn-impl/src/main/res/values/strings-vpn.xml,106,https://github.com/duckduckgo/Android/blob/3edb33d3d26af73ee30d690af68ddfec6788cf8e/app-tracking-protection/vpn-impl/src/main/res/values/strings-vpn.xml#L106
Android,body,app-tracking-protection/vpn-impl,atp_daxOnboardingIntroMessage,,"Over 96% of popular free apps allow other companies to track you, even when you aren’t using your phone. App Tracking Protection detects and blocks these tracking attempts.",,App Tracking Protection Dax Onboarding,% o,true,,false,apps/android/app-tracking-protection/vpn-impl/src/main/res/values/strings-vpn.xml,117,https://github.com/duckduckgo/Android/blob/3edb33d3d26af73ee30d690af68ddfec6788cf8e/app-tracking-protection/vpn-impl/src/main/res/values/strings-vpn.xml#L117
Android,body,app-tracking-protection/vpn-impl,atp_daxOnboardingPermissionMessage,,"App Tracking Protection is not a VPN. However, your device will recognize it as one. This is because it uses a local VPN connection to work. It never routes app data through an external server. <annotation type=""learn_more_link"">Learn more</annotation>",,App Tracking Protection Dax Onboarding,,true,,false,apps/android/app-tracking-protection/vpn-impl/src/main/res/values/strings-vpn.xml,119,https://github.com/duckduckgo/Android/blob/3edb33d3d26af73ee30d690af68ddfec6788cf8e/app-tracking-protection/vpn-impl/src/main/res/values/strings-vpn.xml#L119
Android,body,app-tracking-protection/vpn-impl,atp_EnabledMessage,,App Tracking Protection shows <b>a real-time list of apps on your device</b> that we catch trying to track you.,,App Tracking Protection Enabled Activity,,true,,false,apps/android/app-tracking-protection/vpn-impl/src/main/res/values/strings-vpn.xml,123,https://github.com/duckduckgo/Android/blob/3edb33d3d26af73ee30d690af68ddfec6788cf8e/app-tracking-protection/vpn-impl/src/main/res/values/strings-vpn.xml#L123
Android,body,app-tracking-protection/vpn-impl,atp_EnabledSettings,,"You can access App Tracking Protection in <annotation type=""settings_link"">Settings.</annotation>",,App Tracking Protection Enabled Activity,,true,,false,apps/android/app-tracking-protection/vpn-impl/src/main/res/values/strings-vpn.xml,125,https://github.com/duckduckgo/Android/blob/3edb33d3d26af73ee30d690af68ddfec6788cf8e/app-tracking-protection/vpn-impl/src/main/res/values/strings-vpn.xml#L125
Android,body,app-tracking-protection/vpn-impl,atp_ExcludedAppsFeature,,"App Tracking Protection detects and blocks app trackers from other companies, like when Facebook tries to track you in a health app. Companies may still track you in apps they own.\n\nIf an app isn't working as expected, try disabling protection for that app.",,Exclusion List,,true,,false,apps/android/app-tracking-protection/vpn-impl/src/main/res/values/strings-vpn.xml,134,https://github.com/duckduckgo/Android/blob/3edb33d3d26af73ee30d690af68ddfec6788cf8e/app-tracking-protection/vpn-impl/src/main/res/values/strings-vpn.xml#L134
Android,body,app-tracking-protection/vpn-impl,atp_ExcludeAppsManuallyEnableFooter,,Enabling protection sends the app's name to DuckDuckGo.,,Exclusion List,,true,,false,apps/android/app-tracking-protection/vpn-impl/src/main/res/values/strings-vpn.xml,142,https://github.com/duckduckgo/Android/blob/3edb33d3d26af73ee30d690af68ddfec6788cf8e/app-tracking-protection/vpn-impl/src/main/res/values/strings-vpn.xml#L142
Android,body,app-tracking-protection/vpn-impl,atp_ExcludeAppsManuallyDisableAnswerOne,,It stopped working as expected,,Exclusion List,,true,,false,apps/android/app-tracking-protection/vpn-impl/src/main/res/values/strings-vpn.xml,143,https://github.com/duckduckgo/Android/blob/3edb33d3d26af73ee30d690af68ddfec6788cf8e/app-tracking-protection/vpn-impl/src/main/res/values/strings-vpn.xml#L143
Android,body,app-tracking-protection/vpn-impl,atp_ExcludeAppsManuallyDisableAnswerTwo,,I'm OK being tracked in this app,,Exclusion List,,true,,false,apps/android/app-tracking-protection/vpn-impl/src/main/res/values/strings-vpn.xml,144,https://github.com/duckduckgo/Android/blob/3edb33d3d26af73ee30d690af68ddfec6788cf8e/app-tracking-protection/vpn-impl/src/main/res/values/strings-vpn.xml#L144
Android,body,app-tracking-protection/vpn-impl,atp_ExcludeAppsManuallyDisableAnswerThree,,For other reason,,Exclusion List,,true,,false,apps/android/app-tracking-protection/vpn-impl/src/main/res/values/strings-vpn.xml,145,https://github.com/duckduckgo/Android/blob/3edb33d3d26af73ee30d690af68ddfec6788cf8e/app-tracking-protection/vpn-impl/src/main/res/values/strings-vpn.xml#L145
Android,body,app-tracking-protection/vpn-impl,atp_ExcludeAppsRestoreDefaultsMessage,,Your custom protection settings will update to our latest default protections. You can always change your protection settings again later.,,Exclusion List,,true,,false,apps/android/app-tracking-protection/vpn-impl/src/main/res/values/strings-vpn.xml,149,https://github.com/duckduckgo/Android/blob/3edb33d3d26af73ee30d690af68ddfec6788cf8e/app-tracking-protection/vpn-impl/src/main/res/values/strings-vpn.xml#L149
Android,body,app-tracking-protection/vpn-impl,atp_ExcludeAppsRestoreDefaultsDisclaimer,,Enabling protection sends the app's name to DuckDuckGo.,,Exclusion List,,true,,false,apps/android/app-tracking-protection/vpn-impl/src/main/res/values/strings-vpn.xml,151,https://github.com/duckduckgo/Android/blob/3edb33d3d26af73ee30d690af68ddfec6788cf8e/app-tracking-protection/vpn-impl/src/main/res/values/strings-vpn.xml#L151
Android,body,app-tracking-protection/vpn-impl,atp_ReportBreakageAppFeature,,"<b>Select the app experiencing the issue</b>. Your feedback really helps us improve!\n\nHave general feedback about App Tracking Protection? Use <annotation type=""use_this_form_link"">this form</annotation> instead.",,Breakage report app list,,true,,false,apps/android/app-tracking-protection/vpn-impl/src/main/res/values/strings-vpn.xml,155,https://github.com/duckduckgo/Android/blob/3edb33d3d26af73ee30d690af68ddfec6788cf8e/app-tracking-protection/vpn-impl/src/main/res/values/strings-vpn.xml#L155
Android,body,app-tracking-protection/vpn-impl,atp_ReportBreakageFormWhatHappenedText,,"Please describe what's happening, what you expected to happen, and steps that led to the issue.",,Breakage report app list,,true,,false,apps/android/app-tracking-protection/vpn-impl/src/main/res/values/strings-vpn.xml,159,https://github.com/duckduckgo/Android/blob/3edb33d3d26af73ee30d690af68ddfec6788cf8e/app-tracking-protection/vpn-impl/src/main/res/values/strings-vpn.xml#L159
Android,body,app-tracking-protection/vpn-impl,atp_ReportBreakageFormCheckboxText,,By clicking “Submit” I agree that DuckDuckGo may use the information in this report for purposes of improving the app's features.,,Breakage report app list,,true,,false,apps/android/app-tracking-protection/vpn-impl/src/main/res/values/strings-vpn.xml,161,https://github.com/duckduckgo/Android/blob/3edb33d3d26af73ee30d690af68ddfec6788cf8e/app-tracking-protection/vpn-impl/src/main/res/values/strings-vpn.xml#L161
Android,body,app-tracking-protection/vpn-impl,atp_ReportBreakageFormDisclaimerText,,"In addition to the details entered into this form, your app issue report will contain:<br/>&#8226; The app package name<br/>&#8226; A list of trackers blocked in the app<br/>&#8226; Whether specific DuckDuckGo features are enabled<br/>&#8226; Aggregate DuckDuckGo app diagnostics<br/>",,Breakage report app list,,true,,false,apps/android/app-tracking-protection/vpn-impl/src/main/res/values/strings-vpn.xml,163,https://github.com/duckduckgo/Android/blob/3edb33d3d26af73ee30d690af68ddfec6788cf8e/app-tracking-protection/vpn-impl/src/main/res/values/strings-vpn.xml#L163
Android,body,app-tracking-protection/vpn-impl,atp_ReportBreakageSent,,"Report sent, thanks! Your feedback helps us improve App Tracking Protection for everyone.",,Breakage report app list,,true,,false,apps/android/app-tracking-protection/vpn-impl/src/main/res/values/strings-vpn.xml,166,https://github.com/duckduckgo/Android/blob/3edb33d3d26af73ee30d690af68ddfec6788cf8e/app-tracking-protection/vpn-impl/src/main/res/values/strings-vpn.xml#L166
Android,body,app-tracking-protection/vpn-impl,atp_ThanksForTheFeedback,,Thanks for the feedback!,,Breakage report app list,,true,,false,apps/android/app-tracking-protection/vpn-impl/src/main/res/values/strings-vpn.xml,167,https://github.com/duckduckgo/Android/blob/3edb33d3d26af73ee30d690af68ddfec6788cf8e/app-tracking-protection/vpn-impl/src/main/res/values/strings-vpn.xml#L167
Android,body,app-tracking-protection/vpn-impl,atp_ReportBreakageCategoryContent,,Content loads slowly,,Breakage report app list,,true,,false,apps/android/app-tracking-protection/vpn-impl/src/main/res/values/strings-vpn.xml,175,https://github.com/duckduckgo/Android/blob/3edb33d3d26af73ee30d690af68ddfec6788cf8e/app-tracking-protection/vpn-impl/src/main/res/values/strings-vpn.xml#L175
Android,body,app-tracking-protection/vpn-impl,atp_ProfilingInfoFirstParagraph,,"You\’ve probably heard about companies like Google and Facebook tracking you behind the scenes on third-party websites. But did you know they also track your personal information through apps on your device?\n\n<b>Over 96\% of the 100 popular free Android apps</b> we tested contained hidden third-party trackers. Of those, 87\% sent data to Google and 68\% sent data to Facebook. This happens even when you\’re not using your device.\n\n<b>Trackers in apps may have access to a lot more information</b> than their website tracker cousins, such as your location down to which floor of a building you're on, how often you play games while at work, and when and how long you sleep each day. <b>Even if you don't have a Google or Facebook account, for example, they can still collect data about you from your apps.</b>\n\nTracking networks like Facebook and Google use these little pieces of information <b>to build a digital profile about you.</b> With it, tracking networks can manipulate what you see online and allow advertisers to bid on access to you based on your data.\n\nTrackers in apps is a BIG problem for privacy. <b>But DuckDuckGo has a solution that can help.</b>\n\nWhen enabled in the DuckDuckGo Privacy Browser app, App Tracking Protection blocks many trackers in other apps on your device, at the same time that the DuckDuckGo app blocks trackers we find on websites when you browse. <b>These dual layers of protection reduce what tracking companies know about you overall</b>, so you can use your apps with more peace of mind, knowing you\’re more protected.",,Tracker Profiling Info,% o % s % s,true,,false,apps/android/app-tracking-protection/vpn-impl/src/main/res/values/strings-vpn.xml,183,https://github.com/duckduckgo/Android/blob/3edb33d3d26af73ee30d690af68ddfec6788cf8e/app-tracking-protection/vpn-impl/src/main/res/values/strings-vpn.xml#L183
Android,body,app-tracking-protection/vpn-impl,atp_ActivityAppTrackersFAQ,,What are app trackers?,,App Tracking Protection Activity,,true,,false,apps/android/app-tracking-protection/vpn-impl/src/main/res/values/strings-vpn.xml,191,https://github.com/duckduckgo/Android/blob/3edb33d3d26af73ee30d690af68ddfec6788cf8e/app-tracking-protection/vpn-impl/src/main/res/values/strings-vpn.xml#L191
Android,body,app-tracking-protection/vpn-impl,atp_ActivityBetaInstructions,,Beta Instructions,,App Tracking Protection Activity,,true,,false,apps/android/app-tracking-protection/vpn-impl/src/main/res/values/strings-vpn.xml,193,https://github.com/duckduckgo/Android/blob/3edb33d3d26af73ee30d690af68ddfec6788cf8e/app-tracking-protection/vpn-impl/src/main/res/values/strings-vpn.xml#L193
Android,body,app-tracking-protection/vpn-impl,atp_ActivityManageProtection,,Having Issues?,,App Tracking Protection Activity,,true,,false,apps/android/app-tracking-protection/vpn-impl/src/main/res/values/strings-vpn.xml,194,https://github.com/duckduckgo/Android/blob/3edb33d3d26af73ee30d690af68ddfec6788cf8e/app-tracking-protection/vpn-impl/src/main/res/values/strings-vpn.xml#L194
Android,body,app-tracking-protection/vpn-impl,atp_ActivityBlockingTrackersEnabledDescription,,DuckDuckGo is blocking hidden trackers across your apps.,,App Tracking Protection Activity,,true,,false,apps/android/app-tracking-protection/vpn-impl/src/main/res/values/strings-vpn.xml,231,https://github.com/duckduckgo/Android/blob/3edb33d3d26af73ee30d690af68ddfec6788cf8e/app-tracking-protection/vpn-impl/src/main/res/values/strings-vpn.xml#L231
Android,body,app-tracking-protection/vpn-impl,atp_ActivityBlockingTrackersDisabledDescription,,Re-enable App Tracking Protection to continue blocking trackers across your apps.,,App Tracking Protection Activity,,true,,false,apps/android/app-tracking-protection/vpn-impl/src/main/res/values/strings-vpn.xml,232,https://github.com/duckduckgo/Android/blob/3edb33d3d26af73ee30d690af68ddfec6788cf8e/app-tracking-protection/vpn-impl/src/main/res/values/strings-vpn.xml#L232
Android,body,app-tracking-protection/vpn-impl,atp_ActivityBlockedByHeaderText,,Blocked by DuckDuckGo %1$s,Placeholder %1$s is a text containing either Today or Yesterday. Example: Blocked by DuckDuckGo Today,App Tracking Protection Activity,%1$s,true,,false,apps/android/app-tracking-protection/vpn-impl/src/main/res/values/strings-vpn.xml,233,https://github.com/duckduckgo/Android/blob/3edb33d3d26af73ee30d690af68ddfec6788cf8e/app-tracking-protection/vpn-impl/src/main/res/values/strings-vpn.xml#L233
Android,body,app-tracking-protection/vpn-impl,atp_ActivityBlockedByOnDateHeaderText,,Blocked by DuckDuckGo on %1$s,Placeholder %1$s is a text containing a formatted date like Feb 05. Example: Blocked by DuckDuckGo on Feb 05,App Tracking Protection Activity,%1$s,true,,false,apps/android/app-tracking-protection/vpn-impl/src/main/res/values/strings-vpn.xml,234,https://github.com/duckduckgo/Android/blob/3edb33d3d26af73ee30d690af68ddfec6788cf8e/app-tracking-protection/vpn-impl/src/main/res/values/strings-vpn.xml#L234
Android,body,app-tracking-protection/vpn-impl,atp_FAQFirstText,,"<b>App Tracking Protection blocks known app trackers from other companies, like when Facebook tries to track you in a health app.</b> Companies may still track you in apps they own.",,App Tracking Protection FAQ,,true,,false,apps/android/app-tracking-protection/vpn-impl/src/main/res/values/strings-vpn.xml,239,https://github.com/duckduckgo/Android/blob/3edb33d3d26af73ee30d690af68ddfec6788cf8e/app-tracking-protection/vpn-impl/src/main/res/values/strings-vpn.xml#L239
Android,body,app-tracking-protection/vpn-impl,atp_FAQSecondText,,"<b>Protection may be automatically disabled for certain apps, like those that load websites, so that content appears normally</b>. For apps with known issues, this is mostly temporary as we work to improve App Tracking Protection. You can manage this protection for each app on your device in the settings.\n\nIn addition, some trackers may not be blocked because we haven't yet detected and added them to our blocklist. We are continually working to identify and protect against new trackers, so you can rest easy knowing you're getting the most up-to-date protection.\n\nYou can expect updates to our tracker list every few months. These updates will get applied on your device automatically",,App Tracking Protection FAQ,,true,,false,apps/android/app-tracking-protection/vpn-impl/src/main/res/values/strings-vpn.xml,241,https://github.com/duckduckgo/Android/blob/3edb33d3d26af73ee30d690af68ddfec6788cf8e/app-tracking-protection/vpn-impl/src/main/res/values/strings-vpn.xml#L241
Android,body,app-tracking-protection/vpn-impl,atp_FAQThirdText,,"You’ll be asked to set up a virtual private network (VPN) connection, <b>but you don't need to install a VPN app for App Tracking Protection to work.</b>\n\nThis permission allows App Tracking Protection, which works locally on your device, to monitor network traffic <b>so that it can block known trackers.</b>",,App Tracking Protection FAQ,,true,,false,apps/android/app-tracking-protection/vpn-impl/src/main/res/values/strings-vpn.xml,243,https://github.com/duckduckgo/Android/blob/3edb33d3d26af73ee30d690af68ddfec6788cf8e/app-tracking-protection/vpn-impl/src/main/res/values/strings-vpn.xml#L243
Android,body,app-tracking-protection/vpn-impl,atp_FAQFourthText,,"<b>Android only allows one active VPN connection at a time.</b> That means you can\’t use App Tracking Protection while a VPN app on your device is running or set to “Always on.”\n\n<b>We recommend that you enable App Tracking Protection when you are not using a VPN app</b> Just make sure your VPN app isn’t set to ""always-on"". Go to Android Network settings &gt; VPN. Then, check the gear icon for any listed VPN apps and disable""always-on."" Some VPN apps may also have an auto-connect setting which must be disabled.",,App Tracking Protection FAQ,,true,,false,apps/android/app-tracking-protection/vpn-impl/src/main/res/values/strings-vpn.xml,245,https://github.com/duckduckgo/Android/blob/3edb33d3d26af73ee30d690af68ddfec6788cf8e/app-tracking-protection/vpn-impl/src/main/res/values/strings-vpn.xml#L245
Android,body,app-tracking-protection/vpn-impl,atp_FAQFifthText,,"A VPN sends your data from the device to its own server, where it secures and anonymizes your data from prying eyes. However, this allows the VPN company to see your network traffic.\n\n<b>App Tracking Protection is different.</b> Instead of sending your data to a VPN server, <b>App Tracking Protection works locally on your device</b>, sitting between your apps and the servers they talk to.\n\nWhenever App Tracking Protection recognizes a known tracker, <b>it blocks the tracker from sending personal information (such as your IP address, activity, and device details) off your device.</b> All other traffic reaches its destination, so your apps work normally.",,App Tracking Protection FAQ,,true,,false,apps/android/app-tracking-protection/vpn-impl/src/main/res/values/strings-vpn.xml,247,https://github.com/duckduckgo/Android/blob/3edb33d3d26af73ee30d690af68ddfec6788cf8e/app-tracking-protection/vpn-impl/src/main/res/values/strings-vpn.xml#L247
Android,body,app-tracking-protection/vpn-impl,atp_FAQSixthText,,App Tracking Protection works on your device and doesn’t send your personal data off your device to DuckDuckGo.,,App Tracking Protection FAQ,,true,,false,apps/android/app-tracking-protection/vpn-impl/src/main/res/values/strings-vpn.xml,249,https://github.com/duckduckgo/Android/blob/3edb33d3d26af73ee30d690af68ddfec6788cf8e/app-tracking-protection/vpn-impl/src/main/res/values/strings-vpn.xml#L249
Android,body,app-tracking-protection/vpn-impl,atp_WaitlistDescription,,"Block trackers we find hiding in your other apps and see who was trying to track you.\n<annotation type=""beta_link"">Learn more</annotation>",,App Tracking Protection Waitlist,,true,,false,apps/android/app-tracking-protection/vpn-impl/src/main/res/values/strings-vpn.xml,257,https://github.com/duckduckgo/Android/blob/3edb33d3d26af73ee30d690af68ddfec6788cf8e/app-tracking-protection/vpn-impl/src/main/res/values/strings-vpn.xml#L257
Android,body,app-tracking-protection/vpn-impl,atp_WaitlistInBetaDescription,,"Block trackers we find hiding in your other apps and see who was trying to track you.\n\n<annotation type=""beta_link"">Learn more about the beta</annotation>",,App Tracking Protection Waitlist,,true,,false,apps/android/app-tracking-protection/vpn-impl/src/main/res/values/strings-vpn.xml,258,https://github.com/duckduckgo/Android/blob/3edb33d3d26af73ee30d690af68ddfec6788cf8e/app-tracking-protection/vpn-impl/src/main/res/values/strings-vpn.xml#L258
Android,body,app-tracking-protection/vpn-impl,atp_WaitlistFooterDescription,,You won’t need to share any personal information to join the waitlist. You’ll secure your place in line with a timestamp that exists solely on your device so we can notify you when it’s your turn.,,App Tracking Protection Waitlist,,true,,false,apps/android/app-tracking-protection/vpn-impl/src/main/res/values/strings-vpn.xml,266,https://github.com/duckduckgo/Android/blob/3edb33d3d26af73ee30d690af68ddfec6788cf8e/app-tracking-protection/vpn-impl/src/main/res/values/strings-vpn.xml#L266
Android,body,app-tracking-protection/vpn-impl,atp_CompanyDetailsTrackingAttempts,plural:one,%1$d attempt. Known to collect:,,App Tracking Company Details,%1$d,true,,false,apps/android/app-tracking-protection/vpn-impl/src/main/res/values/strings-vpn.xml,274,https://github.com/duckduckgo/Android/blob/3edb33d3d26af73ee30d690af68ddfec6788cf8e/app-tracking-protection/vpn-impl/src/main/res/values/strings-vpn.xml#L274
Android,body,app-tracking-protection/vpn-impl,atp_CompanyDetailsTrackingAttempts,plural:other,"%1$d attempts. Known to collect:""",,App Tracking Company Details,%1$d,true,,false,apps/android/app-tracking-protection/vpn-impl/src/main/res/values/strings-vpn.xml,274,https://github.com/duckduckgo/Android/blob/3edb33d3d26af73ee30d690af68ddfec6788cf8e/app-tracking-protection/vpn-impl/src/main/res/values/strings-vpn.xml#L274
Android,body,app-tracking-protection/vpn-impl,atp_CompanyDetailsTrackingShowMore,,Show %1$d more,Placeholder is a number,App Tracking Company Details,%1$d,true,,false,apps/android/app-tracking-protection/vpn-impl/src/main/res/values/strings-vpn.xml,283,https://github.com/duckduckgo/Android/blob/3edb33d3d26af73ee30d690af68ddfec6788cf8e/app-tracking-protection/vpn-impl/src/main/res/values/strings-vpn.xml#L283
Android,body,app-tracking-protection/vpn-impl,atp_CompanyDetailsTrackingLearnMore,,"Apps may include trackers from other companies for things like analytics and marketing. If we didn't block them, these trackers could create even more detailed digital profiles on you. <annotation type=""learn_more_link"">Learn more.</annotation>",,App Tracking Company Details,,true,,false,apps/android/app-tracking-protection/vpn-impl/src/main/res/values/strings-vpn.xml,284,https://github.com/duckduckgo/Android/blob/3edb33d3d26af73ee30d690af68ddfec6788cf8e/app-tracking-protection/vpn-impl/src/main/res/values/strings-vpn.xml#L284
Android,body,app-tracking-protection/vpn-impl,atp_CompanyDetailsTrackingShowLess,,Show Less,,App Tracking Company Details,,true,,false,apps/android/app-tracking-protection/vpn-impl/src/main/res/values/strings-vpn.xml,285,https://github.com/duckduckgo/Android/blob/3edb33d3d26af73ee30d690af68ddfec6788cf8e/app-tracking-protection/vpn-impl/src/main/res/values/strings-vpn.xml#L285
Android,body,app-tracking-protection/vpn-impl,atp_CompanyDetailsAppInfoPanel,,"Protection is currently disabled for this app. If App Tracking Protection caused a problem, please <annotation type=""report_issues_link"">report the issue</annotation>",,App Tracking Company Details,,true,,false,apps/android/app-tracking-protection/vpn-impl/src/main/res/values/strings-vpn.xml,286,https://github.com/duckduckgo/Android/blob/3edb33d3d26af73ee30d690af68ddfec6788cf8e/app-tracking-protection/vpn-impl/src/main/res/values/strings-vpn.xml#L286
Android,body,app-tracking-protection/vpn-impl,atp_CompanyDetailsNotAvailableForUninstalledApps,,Tracker details not available for uninstalled apps,Toast shown when users tap on item that corresponds to an already uninstalled application,App Tracking Company Details,,true,,false,apps/android/app-tracking-protection/vpn-impl/src/main/res/values/strings-vpn.xml,287,https://github.com/duckduckgo/Android/blob/3edb33d3d26af73ee30d690af68ddfec6788cf8e/app-tracking-protection/vpn-impl/src/main/res/values/strings-vpn.xml#L287
Android,body,app-tracking-protection/vpn-impl,atp_DisableConfirmationDialogMessage,,"If you noticed a problem with a specific app, you can manage protection for that app instead.",,App Tracking Protection Disable VPN Dialog,,true,,false,apps/android/app-tracking-protection/vpn-impl/src/main/res/values/strings-vpn.xml,346,https://github.com/duckduckgo/Android/blob/3edb33d3d26af73ee30d690af68ddfec6788cf8e/app-tracking-protection/vpn-impl/src/main/res/values/strings-vpn.xml#L346
Android,body,app-tracking-protection/vpn-impl,atp_VpnConflictDialogMessage,,Android only allows one active VPN connection at a time. Enabling App Tracking Protection may disconnect any active VPN on your device.,,App Tracking Protection VPN Conflict Dialog,,true,,false,apps/android/app-tracking-protection/vpn-impl/src/main/res/values/strings-vpn.xml,354,https://github.com/duckduckgo/Android/blob/3edb33d3d26af73ee30d690af68ddfec6788cf8e/app-tracking-protection/vpn-impl/src/main/res/values/strings-vpn.xml#L354
Android,body,app-tracking-protection/vpn-impl,atp_VpnConflictDialogAlwaysOnMessage,,Android only allows one active VPN connection at a time. Open Network settings > VPN. Find the VPN app that’s “always-on” and disable it to continue.,,App Tracking Protection VPN Conflict Dialog,,true,,false,apps/android/app-tracking-protection/vpn-impl/src/main/res/values/strings-vpn.xml,355,https://github.com/duckduckgo/Android/blob/3edb33d3d26af73ee30d690af68ddfec6788cf8e/app-tracking-protection/vpn-impl/src/main/res/values/strings-vpn.xml#L355
Android,body,app-tracking-protection/vpn-impl,atp_ManageRecentAppsProtectionReportIssues,,"If you still have issues with a specific app, disable protection for that app and <annotation type=""report_issues_link"">submit a report.</annotation>",,Manage Recent Apps Protection,,true,,false,apps/android/app-tracking-protection/vpn-impl/src/main/res/values/strings-vpn.xml,361,https://github.com/duckduckgo/Android/blob/3edb33d3d26af73ee30d690af68ddfec6788cf8e/app-tracking-protection/vpn-impl/src/main/res/values/strings-vpn.xml#L361
Android,body,app-tracking-protection/vpn-impl,atp_ManageRecentAppsProtectionEmpty,,Apps with recently blocked tracking attempts will appear here,,Manage Recent Apps Protection,,true,,false,apps/android/app-tracking-protection/vpn-impl/src/main/res/values/strings-vpn.xml,364,https://github.com/duckduckgo/Android/blob/3edb33d3d26af73ee30d690af68ddfec6788cf8e/app-tracking-protection/vpn-impl/src/main/res/values/strings-vpn.xml#L364
Android,body,app-tracking-protection/vpn-impl,atp_ManageRecentAppsProtectionAlwaysOnByline,,"In Android Settings, allow Always On to automatically re-enable App Tracking Protection after VPN connection interruptions",,Manage Recent Apps Protection,,true,,false,apps/android/app-tracking-protection/vpn-impl/src/main/res/values/strings-vpn.xml,367,https://github.com/duckduckgo/Android/blob/3edb33d3d26af73ee30d690af68ddfec6788cf8e/app-tracking-protection/vpn-impl/src/main/res/values/strings-vpn.xml#L367
Android,body,app-tracking-protection/vpn-impl,atp_ManageRecentAppsProtectionAllowUnrestrictedBattByline,,"In App Battery Settings, allow Unrestricted usage to prevent Android from disabling App Tracking Protection in the background",,Manage Recent Apps Protection,,true,,false,apps/android/app-tracking-protection/vpn-impl/src/main/res/values/strings-vpn.xml,369,https://github.com/duckduckgo/Android/blob/3edb33d3d26af73ee30d690af68ddfec6788cf8e/app-tracking-protection/vpn-impl/src/main/res/values/strings-vpn.xml#L369
Android,body,app-tracking-protection/vpn-impl,atp_ManageRecentAppsProtectionUnrestrictedBattByline,,"In App Battery Settings, this prevents Android from disabling App Tracking Protection in the background",,Manage Recent Apps Protection,,true,,false,apps/android/app-tracking-protection/vpn-impl/src/main/res/values/strings-vpn.xml,371,https://github.com/duckduckgo/Android/blob/3edb33d3d26af73ee30d690af68ddfec6788cf8e/app-tracking-protection/vpn-impl/src/main/res/values/strings-vpn.xml#L371
Android,body,app-tracking-protection/vpn-impl,atp_RemoveFeatureDialogMessage,,App Tracking Protection will be disabled and any settings and history of tracking attempts will be deleted. You can enable it again at any time in Settings.,,App Tracking Protection Remove Feature Dialog,,true,,false,apps/android/app-tracking-protection/vpn-impl/src/main/res/values/strings-vpn.xml,375,https://github.com/duckduckgo/Android/blob/3edb33d3d26af73ee30d690af68ddfec6788cf8e/app-tracking-protection/vpn-impl/src/main/res/values/strings-vpn.xml#L375
Android,body,app-tracking-protection/vpn-impl,atp_AlwaysOnModalBody,,Go to your device’s VPN Settings for DuckDuckGo and enable <b>Always-on</b> VPN to prevent Android disabling protection.\n\nMake sure to leave the other setting OFF.,,App Tracking Protection Promote Always On,,true,,false,apps/android/app-tracking-protection/vpn-impl/src/main/res/values/strings-vpn.xml,382,https://github.com/duckduckgo/Android/blob/3edb33d3d26af73ee30d690af68ddfec6788cf8e/app-tracking-protection/vpn-impl/src/main/res/values/strings-vpn.xml#L382
Android,body,app-tracking-protection/vpn-impl,atp_AlwaysOnLockdownModalBody,,"To avoid app issues, go to your device's <b>VPN Settings for DuckDuckGo</b> and disable <b>Block connections without VPN</b>",,App Tracking Protection Promote Always On,,true,,false,apps/android/app-tracking-protection/vpn-impl/src/main/res/values/strings-vpn.xml,383,https://github.com/duckduckgo/Android/blob/3edb33d3d26af73ee30d690af68ddfec6788cf8e/app-tracking-protection/vpn-impl/src/main/res/values/strings-vpn.xml#L383
Android,body,app-tracking-protection/vpn-impl,atp_AlwaysOnLockDownEnabled,,"<b>Action required!</b> To avoid app issues, you need to change your Android settings. <annotation type=""open_settings_link"">Change settings</annotation>",,App Tracking Protection Promote Always On,,true,,false,apps/android/app-tracking-protection/vpn-impl/src/main/res/values/strings-vpn.xml,386,https://github.com/duckduckgo/Android/blob/3edb33d3d26af73ee30d690af68ddfec6788cf8e/app-tracking-protection/vpn-impl/src/main/res/values/strings-vpn.xml#L386
Android,body,app-tracking-protection/vpn-impl,atp_ActivityDescription,,Blocked tracking attempts will appear here,,App Tracking Protection Exclusion list,,true,,false,apps/android/app-tracking-protection/vpn-impl/src/main/res/values/strings-vpn.xml,401,https://github.com/duckduckgo/Android/blob/3edb33d3d26af73ee30d690af68ddfec6788cf8e/app-tracking-protection/vpn-impl/src/main/res/values/strings-vpn.xml#L401
Android,body,app-tracking-protection/vpn-impl,appTrackingProtectionNotifyMeSubtitle,,Get updates about blocked tracking attempts in your notification drawer.,,Notify Me View on AppTP,,true,,false,apps/android/app-tracking-protection/vpn-impl/src/main/res/values/strings-vpn.xml,425,https://github.com/duckduckgo/Android/blob/3edb33d3d26af73ee30d690af68ddfec6788cf8e/app-tracking-protection/vpn-impl/src/main/res/values/strings-vpn.xml#L425
Android,body,app-tracking-protection/vpn-impl,apptp_PproUpsellInfoDisabled,,"Unable to use App Tracking Protection because of your VPN? Switch to DuckDuckGo VPN — the only VPN that\’s compatible. <annotation type=""ppro_upsell_link"">Learn more</annotation>.",,Privacy pro upsell,,true,,false,apps/android/app-tracking-protection/vpn-impl/src/main/res/values/strings-vpn.xml,428,https://github.com/duckduckgo/Android/blob/3edb33d3d26af73ee30d690af68ddfec6788cf8e/app-tracking-protection/vpn-impl/src/main/res/values/strings-vpn.xml#L428
Android,body,app-tracking-protection/vpn-impl,apptp_PproUpsellInfoDisabled_freeTrial,,"Unable to use App Tracking Protection because of your VPN? Switch to DuckDuckGo VPN — the only VPN that\’s compatible. <annotation type=""ppro_upsell_link"">Try for free!</annotation>.",,Privacy pro upsell,,true,,false,apps/android/app-tracking-protection/vpn-impl/src/main/res/values/strings-vpn.xml,429,https://github.com/duckduckgo/Android/blob/3edb33d3d26af73ee30d690af68ddfec6788cf8e/app-tracking-protection/vpn-impl/src/main/res/values/strings-vpn.xml#L429
Android,body,app-tracking-protection/vpn-impl,apptp_PproUpsellInfoRevoked,,"<b>App Tracking Protection Disabled</b>\nDid your VPN disable App Tracking Protection? Use the toggle above to re-enable it.\n\nGet DuckDuckGo VPN — the only VPN that works with App Tracking Protection. <annotation type=""ppro_upsell_link"">Learn more</annotation>.",,Privacy pro upsell,,true,,false,apps/android/app-tracking-protection/vpn-impl/src/main/res/values/strings-vpn.xml,430,https://github.com/duckduckgo/Android/blob/3edb33d3d26af73ee30d690af68ddfec6788cf8e/app-tracking-protection/vpn-impl/src/main/res/values/strings-vpn.xml#L430
Android,body,app-tracking-protection/vpn-impl,apptp_PproUpsellInfoRevoked_freeTrial,,"<b>App Tracking Protection Disabled</b>\nDid your VPN disable App Tracking Protection? Use the toggle above to re-enable it.\n\nSwitch to DuckDuckGo VPN — the only VPN that works with App Tracking Protection. <annotation type=""ppro_upsell_link"">Try for free!</annotation>.",,Privacy pro upsell,,true,,false,apps/android/app-tracking-protection/vpn-impl/src/main/res/values/strings-vpn.xml,431,https://github.com/duckduckgo/Android/blob/3edb33d3d26af73ee30d690af68ddfec6788cf8e/app-tracking-protection/vpn-impl/src/main/res/values/strings-vpn.xml#L431
Android,body,app-tracking-protection/vpn-impl,apptp_PproUpsellBannerMessage,,DuckDuckGo has the only VPN that\’s compatible with App Tracking Protection. Activate with a paid Privacy Pro subscription.,,Privacy pro upsell,,true,,false,apps/android/app-tracking-protection/vpn-impl/src/main/res/values/strings-vpn.xml,433,https://github.com/duckduckgo/Android/blob/3edb33d3d26af73ee30d690af68ddfec6788cf8e/app-tracking-protection/vpn-impl/src/main/res/values/strings-vpn.xml#L433
Android,body,app-tracking-protection/vpn-impl,apptp_PproUpsellBannerMessage_freeTrial,,"Subscribe to DuckDuckGo, and get the only VPN that\’s compatible with App Tracking Protection.",,Privacy pro upsell,,true,,false,apps/android/app-tracking-protection/vpn-impl/src/main/res/values/strings-vpn.xml,435,https://github.com/duckduckgo/Android/blob/3edb33d3d26af73ee30d690af68ddfec6788cf8e/app-tracking-protection/vpn-impl/src/main/res/values/strings-vpn.xml#L435
Android,body,autoconsent/autoconsent-impl,autoconsent_onboarding_reject_optional_cookies_secondary,,Maximizes privacy and closes cookie pop-ups,,,,false,,false,apps/android/autoconsent/autoconsent-impl/src/main/res/values/donottranslate.xml,20,https://github.com/duckduckgo/Android/blob/3edb33d3d26af73ee30d690af68ddfec6788cf8e/autoconsent/autoconsent-impl/src/main/res/values/donottranslate.xml#L20
Android,body,autoconsent/autoconsent-impl,autoconsent_onboarding_accept_non_opt_out_cookies_secondary,,Hides more pop-ups by accepting cookies that can’t be rejected,,,,false,,false,apps/android/autoconsent/autoconsent-impl/src/main/res/values/donottranslate.xml,22,https://github.com/duckduckgo/Android/blob/3edb33d3d26af73ee30d690af68ddfec6788cf8e/autoconsent/autoconsent-impl/src/main/res/values/donottranslate.xml#L22
Android,body,autoconsent/autoconsent-impl,autoconsentDescription,,"DuckDuckGo will try to select the most private settings available and hide these pop-ups for you.\n<a href="""">Learn More</a>",,,,true,,false,apps/android/autoconsent/autoconsent-impl/src/main/res/values/strings-autoconsent.xml,21,https://github.com/duckduckgo/Android/blob/3edb33d3d26af73ee30d690af68ddfec6788cf8e/autoconsent/autoconsent-impl/src/main/res/values/strings-autoconsent.xml#L21
Android,body,autoconsent/autoconsent-impl,autoconsentAutoManageDescription,,"We'll aim to reject as many cookies as possible for you, then close the pop-ups.",,,,true,,false,apps/android/autoconsent/autoconsent-impl/src/main/res/values/strings-autoconsent.xml,24,https://github.com/duckduckgo/Android/blob/3edb33d3d26af73ee30d690af68ddfec6788cf8e/autoconsent/autoconsent-impl/src/main/res/values/strings-autoconsent.xml#L24
Android,body,autoconsent/autoconsent-impl,autoconsentCookiePopUpPreferenceHeaderDescription,,"DuckDuckGo can auto-manage cookie pop-ups to maximize privacy and minimize cookies before you even see them.\n<a href="""">Learn More</a>",,,,true,,false,apps/android/autoconsent/autoconsent-impl/src/main/res/values/strings-autoconsent.xml,25,https://github.com/duckduckgo/Android/blob/3edb33d3d26af73ee30d690af68ddfec6788cf8e/autoconsent/autoconsent-impl/src/main/res/values/strings-autoconsent.xml#L25
Android,body,autoconsent/autoconsent-impl,autoconsentPopUpsWithoutOptOutsDescription,,"If there's no reject option, we'll save you a click, accept these cookies for you, and close the pop-ups.",,,,true,,false,apps/android/autoconsent/autoconsent-impl/src/main/res/values/strings-autoconsent.xml,27,https://github.com/duckduckgo/Android/blob/3edb33d3d26af73ee30d690af68ddfec6788cf8e/autoconsent/autoconsent-impl/src/main/res/values/strings-autoconsent.xml#L27
Android,body,autoconsent/autoconsent-impl,autoconsentPromptFootnote,,You can always adjust later in Settings.,,,,true,,false,apps/android/autoconsent/autoconsent-impl/src/main/res/values/strings-autoconsent.xml,29,https://github.com/duckduckgo/Android/blob/3edb33d3d26af73ee30d690af68ddfec6788cf8e/autoconsent/autoconsent-impl/src/main/res/values/strings-autoconsent.xml#L29
Android,body,autoconsent/autoconsent-impl,autoconsentPromptCpmOnMessage,,Some cookies can't be rejected. We can accept these for you.,,,,true,,false,apps/android/autoconsent/autoconsent-impl/src/main/res/values/strings-autoconsent.xml,30,https://github.com/duckduckgo/Android/blob/3edb33d3d26af73ee30d690af68ddfec6788cf8e/autoconsent/autoconsent-impl/src/main/res/values/strings-autoconsent.xml#L30
Android,body,autoconsent/autoconsent-impl,autoconsentPromptCpmOffMessage,,"Let us deal with them for you. We'll reject cookies when possible, and accept those that can't be rejected.",,,,true,,false,apps/android/autoconsent/autoconsent-impl/src/main/res/values/strings-autoconsent.xml,34,https://github.com/duckduckgo/Android/blob/3edb33d3d26af73ee30d690af68ddfec6788cf8e/autoconsent/autoconsent-impl/src/main/res/values/strings-autoconsent.xml#L34
Android,body,autofill/autofill-impl,importPasswordsChooseMethodDialogSubtitleDeviceAuth,,"Your device may ask you to enter your PIN, password, or pattern to confirm.",,,,false,,false,apps/android/autofill/autofill-impl/src/main/res/values/donottranslate.xml,18,https://github.com/duckduckgo/Android/blob/3edb33d3d26af73ee30d690af68ddfec6788cf8e/autofill/autofill-impl/src/main/res/values/donottranslate.xml#L18
Android,body,autofill/autofill-impl,passwords_import_promo_subtitle_device_auth,,"Quickly and securely import your passwords to DuckDuckGo. Your device may ask you to enter your PIN, password, or pattern to confirm.",,,,false,,false,apps/android/autofill/autofill-impl/src/main/res/values/donottranslate.xml,20,https://github.com/duckduckgo/Android/blob/3edb33d3d26af73ee30d690af68ddfec6788cf8e/autofill/autofill-impl/src/main/res/values/donottranslate.xml#L20
Android,body,autofill/autofill-impl,updateLoginUpdatePasswordExplanation,,DuckDuckGo will update this stored password on your device.,,,,true,,false,apps/android/autofill/autofill-impl/src/main/res/values/strings-autofill-impl.xml,41,https://github.com/duckduckgo/Android/blob/3edb33d3d26af73ee30d690af68ddfec6788cf8e/autofill/autofill-impl/src/main/res/values/strings-autofill-impl.xml#L41
Android,body,autofill/autofill-impl,autofillManagementSearchClearDescription,,Clear search input,,,,true,,false,apps/android/autofill/autofill-impl/src/main/res/values/strings-autofill-impl.xml,61,https://github.com/duckduckgo/Android/blob/3edb33d3d26af73ee30d690af68ddfec6788cf8e/autofill/autofill-impl/src/main/res/values/strings-autofill-impl.xml#L61
Android,body,autofill/autofill-impl,autofillManagementSurveyPromptMessage,,We want to make using passwords in DuckDuckGo better.,,"Autofill Management Survey Prompt, shown only to English locale so marked as not translatable",,false,,false,apps/android/autofill/autofill-impl/src/main/res/values/strings-autofill-impl.xml,69,https://github.com/duckduckgo/Android/blob/3edb33d3d26af73ee30d690af68ddfec6788cf8e/autofill/autofill-impl/src/main/res/values/strings-autofill-impl.xml#L69
Android,body,autofill/autofill-impl,credentialManagementDeactivateDuckAddressDialogMessage,,Emails sent to %1$s will no longer be forwarded to your inbox.,Placeholder is an email address,"Autofill Management Survey Prompt, shown only to English locale so marked as not translatable",%1$s,true,,false,apps/android/autofill/autofill-impl/src/main/res/values/strings-autofill-impl.xml,88,https://github.com/duckduckgo/Android/blob/3edb33d3d26af73ee30d690af68ddfec6788cf8e/autofill/autofill-impl/src/main/res/values/strings-autofill-impl.xml#L88
Android,body,autofill/autofill-impl,credentialManagementActivateDuckAddressDialogMessage,,Emails sent to %1$s will again be forwarded to your inbox.,Placeholder is an email address,"Autofill Management Survey Prompt, shown only to English locale so marked as not translatable",%1$s,true,,false,apps/android/autofill/autofill-impl/src/main/res/values/strings-autofill-impl.xml,91,https://github.com/duckduckgo/Android/blob/3edb33d3d26af73ee30d690af68ddfec6788cf8e/autofill/autofill-impl/src/main/res/values/strings-autofill-impl.xml#L91
Android,body,autofill/autofill-impl,credentialManagementEnableEmailProtectionPrompt,,"<annotation type=""enable_duck_address"">Enable Email Protection</annotation> to manage Duck Addresses on this device.","'Duck Addresses' is the feature name, and should not be translated.","Autofill Management Survey Prompt, shown only to English locale so marked as not translatable",,true,,false,apps/android/autofill/autofill-impl/src/main/res/values/strings-autofill-impl.xml,102,https://github.com/duckduckgo/Android/blob/3edb33d3d26af73ee30d690af68ddfec6788cf8e/autofill/autofill-impl/src/main/res/values/strings-autofill-impl.xml#L102
Android,body,autofill/autofill-impl,autofillDisableAutofillPromptMessage,,You can disable this at any time in Settings.,,"Autofill Management Survey Prompt, shown only to English locale so marked as not translatable",,true,,false,apps/android/autofill/autofill-impl/src/main/res/values/strings-autofill-impl.xml,109,https://github.com/duckduckgo/Android/blob/3edb33d3d26af73ee30d690af68ddfec6788cf8e/autofill/autofill-impl/src/main/res/values/strings-autofill-impl.xml#L109
Android,body,autofill/autofill-impl,autofillEmailProtectionInContextSignUpDialogExplanation,,"Create a unique, random address that also removes hidden trackers and forwards email to your inbox.",,"Autofill Management Survey Prompt, shown only to English locale so marked as not translatable",,true,,false,apps/android/autofill/autofill-impl/src/main/res/values/strings-autofill-impl.xml,115,https://github.com/duckduckgo/Android/blob/3edb33d3d26af73ee30d690af68ddfec6788cf8e/autofill/autofill-impl/src/main/res/values/strings-autofill-impl.xml#L115
Android,body,autofill/autofill-impl,credentialManagementAutofillSubtitle,,"Passwords are encrypted. Nobody but you can see them, not even us. <annotation type=""learn_more_link"">Learn More</annotation>",,"Autofill Management Survey Prompt, shown only to English locale so marked as not translatable",,true,,false,apps/android/autofill/autofill-impl/src/main/res/values/strings-autofill-impl.xml,126,https://github.com/duckduckgo/Android/blob/3edb33d3d26af73ee30d690af68ddfec6788cf8e/autofill/autofill-impl/src/main/res/values/strings-autofill-impl.xml#L126
Android,body,autofill/autofill-impl,saveLoginDialogSubtitle,,Securely store your password on device with DuckDuckGo Passwords & Autofill.,,"Autofill Management Survey Prompt, shown only to English locale so marked as not translatable",,true,,false,apps/android/autofill/autofill-impl/src/main/res/values/strings-autofill-impl.xml,128,https://github.com/duckduckgo/Android/blob/3edb33d3d26af73ee30d690af68ddfec6788cf8e/autofill/autofill-impl/src/main/res/values/strings-autofill-impl.xml#L128
Android,body,autofill/autofill-impl,deviceNotSupportedSubtitle,,"To store passwords securely, we need to encrypt and store them on your device. Because your device does not support encrypted storage, saving and autofilling passwords is unavailable.",,"Autofill Management Survey Prompt, shown only to English locale so marked as not translatable",,true,,false,apps/android/autofill/autofill-impl/src/main/res/values/strings-autofill-impl.xml,134,https://github.com/duckduckgo/Android/blob/3edb33d3d26af73ee30d690af68ddfec6788cf8e/autofill/autofill-impl/src/main/res/values/strings-autofill-impl.xml#L134
Android,body,autofill/autofill-impl,autofill_password_generation_offer_message,,Passwords are stored securely on your device.,,"Autofill Management Survey Prompt, shown only to English locale so marked as not translatable",,true,,false,apps/android/autofill/autofill-impl/src/main/res/values/strings-autofill-impl.xml,135,https://github.com/duckduckgo/Android/blob/3edb33d3d26af73ee30d690af68ddfec6788cf8e/autofill/autofill-impl/src/main/res/values/strings-autofill-impl.xml#L135
Android,body,autofill/autofill-impl,autofill_auth_text_for_access,,Unlock device to access passwords,,"Autofill Management Survey Prompt, shown only to English locale so marked as not translatable",,true,,false,apps/android/autofill/autofill-impl/src/main/res/values/strings-autofill-impl.xml,138,https://github.com/duckduckgo/Android/blob/3edb33d3d26af73ee30d690af68ddfec6788cf8e/autofill/autofill-impl/src/main/res/values/strings-autofill-impl.xml#L138
Android,body,autofill/autofill-impl,managementDisabledModeSubtitle,,"A device lock pattern, PIN, or biometrics is required to protect your passwords.",,"Autofill Management Survey Prompt, shown only to English locale so marked as not translatable",,true,,false,apps/android/autofill/autofill-impl/src/main/res/values/strings-autofill-impl.xml,140,https://github.com/duckduckgo/Android/blob/3edb33d3d26af73ee30d690af68ddfec6788cf8e/autofill/autofill-impl/src/main/res/values/strings-autofill-impl.xml#L140
Android,body,autofill/autofill-impl,credentials_limit_warning,,"<b>Sync Paused</b>\nYou've reached the maximum number of passwords. Please delete some to resume sync.\n\n<annotation type=""manage_logins"">Manage Passwords</annotation>",,"Autofill Management Survey Prompt, shown only to English locale so marked as not translatable",,true,,false,apps/android/autofill/autofill-impl/src/main/res/values/strings-autofill-impl.xml,143,https://github.com/duckduckgo/Android/blob/3edb33d3d26af73ee30d690af68ddfec6788cf8e/autofill/autofill-impl/src/main/res/values/strings-autofill-impl.xml#L143
Android,body,autofill/autofill-impl,credentials_limit_warning_notif,,<b>Passwords Sync is Paused</b>\nYou've reached the maximum number of passwords. Please delete some passwords to resume sync.,,"Autofill Management Survey Prompt, shown only to English locale so marked as not translatable",,true,,false,apps/android/autofill/autofill-impl/src/main/res/values/strings-autofill-impl.xml,144,https://github.com/duckduckgo/Android/blob/3edb33d3d26af73ee30d690af68ddfec6788cf8e/autofill/autofill-impl/src/main/res/values/strings-autofill-impl.xml#L144
Android,body,autofill/autofill-impl,credentialManagementInstructionNeverForThisSite,,"If you reset excluded sites, you will be prompted to save your password next time you sign in to any of these sites.",,"Autofill Management Survey Prompt, shown only to English locale so marked as not translatable",,true,,false,apps/android/autofill/autofill-impl/src/main/res/values/strings-autofill-impl.xml,150,https://github.com/duckduckgo/Android/blob/3edb33d3d26af73ee30d690af68ddfec6788cf8e/autofill/autofill-impl/src/main/res/values/strings-autofill-impl.xml#L150
Android,body,autofill/autofill-impl,autofill_auth_text_for_delete_all,,Authenticate to confirm you want to delete all passwords,,"Autofill Management Survey Prompt, shown only to English locale so marked as not translatable",,true,,false,apps/android/autofill/autofill-impl/src/main/res/values/strings-autofill-impl.xml,163,https://github.com/duckduckgo/Android/blob/3edb33d3d26af73ee30d690af68ddfec6788cf8e/autofill/autofill-impl/src/main/res/values/strings-autofill-impl.xml#L163
Android,body,autofill/autofill-impl,autofill_title_text_for_delete_all,,Delete All Passwords,,"Autofill Management Survey Prompt, shown only to English locale so marked as not translatable",,true,,false,apps/android/autofill/autofill-impl/src/main/res/values/strings-autofill-impl.xml,164,https://github.com/duckduckgo/Android/blob/3edb33d3d26af73ee30d690af68ddfec6788cf8e/autofill/autofill-impl/src/main/res/values/strings-autofill-impl.xml#L164
Android,body,autofill/autofill-impl,credentialManagementDeleteAllPasswordsDialogFirstInstructionNotSyncedSingular,,Your password will be deleted from this device.,,Sync settings screen,,true,,false,apps/android/autofill/autofill-impl/src/main/res/values/strings-autofill-impl.xml,173,https://github.com/duckduckgo/Android/blob/3edb33d3d26af73ee30d690af68ddfec6788cf8e/autofill/autofill-impl/src/main/res/values/strings-autofill-impl.xml#L173
Android,body,autofill/autofill-impl,credentialManagementDeleteAllPasswordsDialogFirstInstructionNotSyncedPlural,plural:other,Your passwords will be deleted from this device.,,Sync settings screen,,true,,false,apps/android/autofill/autofill-impl/src/main/res/values/strings-autofill-impl.xml,174,https://github.com/duckduckgo/Android/blob/3edb33d3d26af73ee30d690af68ddfec6788cf8e/autofill/autofill-impl/src/main/res/values/strings-autofill-impl.xml#L174
Android,body,autofill/autofill-impl,credentialManagementDeleteAllPasswordsFirstInstructionSyncedSingular,,Your password will be deleted from all synced devices.,,Sync settings screen,,true,,false,apps/android/autofill/autofill-impl/src/main/res/values/strings-autofill-impl.xml,178,https://github.com/duckduckgo/Android/blob/3edb33d3d26af73ee30d690af68ddfec6788cf8e/autofill/autofill-impl/src/main/res/values/strings-autofill-impl.xml#L178
Android,body,autofill/autofill-impl,credentialManagementDeleteAllPasswordsFirstInstructionSyncedPlural,plural:other,Your passwords will be deleted from all synced devices.,,Sync settings screen,,true,,false,apps/android/autofill/autofill-impl/src/main/res/values/strings-autofill-impl.xml,179,https://github.com/duckduckgo/Android/blob/3edb33d3d26af73ee30d690af68ddfec6788cf8e/autofill/autofill-impl/src/main/res/values/strings-autofill-impl.xml#L179
Android,body,autofill/autofill-impl,credentialManagementDeleteAllSecondInstructionSingular,,Make sure you still have a way to access your account.,,Sync settings screen,,true,,false,apps/android/autofill/autofill-impl/src/main/res/values/strings-autofill-impl.xml,188,https://github.com/duckduckgo/Android/blob/3edb33d3d26af73ee30d690af68ddfec6788cf8e/autofill/autofill-impl/src/main/res/values/strings-autofill-impl.xml#L188
Android,body,autofill/autofill-impl,credentialManagementDeleteAllSecondInstructionPlural,plural:other,Make sure you still have a way to access your accounts.,,Sync settings screen,,true,,false,apps/android/autofill/autofill-impl/src/main/res/values/strings-autofill-impl.xml,189,https://github.com/duckduckgo/Android/blob/3edb33d3d26af73ee30d690af68ddfec6788cf8e/autofill/autofill-impl/src/main/res/values/strings-autofill-impl.xml#L189
Android,body,autofill/autofill-impl,credentialManagementNoLoginsSavedSubtitle,,You can import saved passwords from another browser into DuckDuckGo.,,Sync settings screen,,true,,false,apps/android/autofill/autofill-impl/src/main/res/values/strings-autofill-impl.xml,193,https://github.com/duckduckgo/Android/blob/3edb33d3d26af73ee30d690af68ddfec6788cf8e/autofill/autofill-impl/src/main/res/values/strings-autofill-impl.xml#L193
Android,body,autofill/autofill-impl,autofillManagementImportPasswordsHowToInstruction,,"Import passwords in the desktop version of the DuckDuckGo browser, then sync across devices.",,Sync settings screen,,true,,false,apps/android/autofill/autofill-impl/src/main/res/values/strings-autofill-impl.xml,199,https://github.com/duckduckgo/Android/blob/3edb33d3d26af73ee30d690af68ddfec6788cf8e/autofill/autofill-impl/src/main/res/values/strings-autofill-impl.xml#L199
Android,body,autofill/autofill-impl,autofillManagementImportPasswordsGetDesktopBrowserIntentMessage,,Search privately and block trackers with the DuckDuckGo desktop browser. Visit this link on your computer to download today.\n\n%1$s,Placeholder is a URL,Sync settings screen,%1$s,true,,false,apps/android/autofill/autofill-impl/src/main/res/values/strings-autofill-impl.xml,202,https://github.com/duckduckgo/Android/blob/3edb33d3d26af73ee30d690af68ddfec6788cf8e/autofill/autofill-impl/src/main/res/values/strings-autofill-impl.xml#L202
Android,body,autofill/autofill-impl,autofillManagementImportPasswordsImportFromDesktopInstructionThree,,Select <b>Import Passwords</b>… and follow the steps to import,,Sync settings screen,,true,,false,apps/android/autofill/autofill-impl/src/main/res/values/strings-autofill-impl.xml,207,https://github.com/duckduckgo/Android/blob/3edb33d3d26af73ee30d690af68ddfec6788cf8e/autofill/autofill-impl/src/main/res/values/strings-autofill-impl.xml#L207
Android,body,autofill/autofill-impl,autofillManagementImportPasswordsImportFromDesktopInstructionFour,,Once imported on your computer you can set up sync on this device,,Sync settings screen,,true,,false,apps/android/autofill/autofill-impl/src/main/res/values/strings-autofill-impl.xml,208,https://github.com/duckduckgo/Android/blob/3edb33d3d26af73ee30d690af68ddfec6788cf8e/autofill/autofill-impl/src/main/res/values/strings-autofill-impl.xml#L208
Android,body,autofill/autofill-impl,autofillManagementImportPasswordsGetDesktopAppSubtitle,,Get DuckDuckGo for Mac or Windows,,Sync settings screen,,true,,false,apps/android/autofill/autofill-impl/src/main/res/values/strings-autofill-impl.xml,211,https://github.com/duckduckgo/Android/blob/3edb33d3d26af73ee30d690af68ddfec6788cf8e/autofill/autofill-impl/src/main/res/values/strings-autofill-impl.xml#L211
Android,body,autofill/autofill-impl,autofillManagementImportPasswordsGetDesktopAppInstruction,,"On your computer, go to:",,Sync settings screen,,true,,false,apps/android/autofill/autofill-impl/src/main/res/values/strings-autofill-impl.xml,212,https://github.com/duckduckgo/Android/blob/3edb33d3d26af73ee30d690af68ddfec6788cf8e/autofill/autofill-impl/src/main/res/values/strings-autofill-impl.xml#L212
Android,body,autofill/autofill-impl,autofillManagementReportBreakagePromptSubtitle,,Anonymously report autofill not working on this site. Passwords are never shared.,,Sync settings screen,,true,,false,apps/android/autofill/autofill-impl/src/main/res/values/strings-autofill-impl.xml,215,https://github.com/duckduckgo/Android/blob/3edb33d3d26af73ee30d690af68ddfec6788cf8e/autofill/autofill-impl/src/main/res/values/strings-autofill-impl.xml#L215
Android,body,autofill/autofill-impl,autofillManagementReportBreakageDialogMessage,,"Reports sent to DuckDuckGo are anonymous and do not include your username, password, or any other personally identifiable information.\n\nThe report only includes the website url and the status of some autofill settings.",,Sync settings screen,,true,,false,apps/android/autofill/autofill-impl/src/main/res/values/strings-autofill-impl.xml,217,https://github.com/duckduckgo/Android/blob/3edb33d3d26af73ee30d690af68ddfec6788cf8e/autofill/autofill-impl/src/main/res/values/strings-autofill-impl.xml#L217
Android,body,autofill/autofill-impl,autofillManagementReportBreakageSuccessMessage,,Thank you! Your report will help us make DuckDuckGo better for everyone.,,Sync settings screen,,true,,false,apps/android/autofill/autofill-impl/src/main/res/values/strings-autofill-impl.xml,220,https://github.com/duckduckgo/Android/blob/3edb33d3d26af73ee30d690af68ddfec6788cf8e/autofill/autofill-impl/src/main/res/values/strings-autofill-impl.xml#L220
Android,body,autofill/autofill-impl,autofillImportGooglePasswordsSuccessMessage,,%1$d passwords imported from Google,Placeholder is the number of passwords imported,Save Dialog,%1$d,true,,false,apps/android/autofill/autofill-impl/src/main/res/values/strings-autofill-impl.xml,237,https://github.com/duckduckgo/Android/blob/3edb33d3d26af73ee30d690af68ddfec6788cf8e/autofill/autofill-impl/src/main/res/values/strings-autofill-impl.xml#L237
Android,body,autofill/autofill-impl,autofillImportCsvPasswordsSuccessMessage,,%1$d passwords imported from CSV,Placeholder is the number of passwords imported,Save Dialog,%1$d,true,,false,apps/android/autofill/autofill-impl/src/main/res/values/strings-autofill-impl.xml,238,https://github.com/duckduckgo/Android/blob/3edb33d3d26af73ee30d690af68ddfec6788cf8e/autofill/autofill-impl/src/main/res/values/strings-autofill-impl.xml#L238
Android,body,autofill/autofill-impl,importPasswordsChooseMethodDialogSubtitle,,Google may ask you to sign in or enter your password to confirm.,,Save Dialog,,true,,false,apps/android/autofill/autofill-impl/src/main/res/values/strings-autofill-impl.xml,247,https://github.com/duckduckgo/Android/blob/3edb33d3d26af73ee30d690af68ddfec6788cf8e/autofill/autofill-impl/src/main/res/values/strings-autofill-impl.xml#L247
Android,body,autofill/autofill-impl,autofillSettingsInstructionNeverForThisSite,,"If you reset excluded sites, you will be prompted to save your password next time you sign in to any of these sites.",,New autofill Settings screen,,true,,false,apps/android/autofill/autofill-impl/src/main/res/values/strings-autofill-impl.xml,266,https://github.com/duckduckgo/Android/blob/3edb33d3d26af73ee30d690af68ddfec6788cf8e/autofill/autofill-impl/src/main/res/values/strings-autofill-impl.xml#L266
Android,body,autofill/autofill-impl,autofillSettingsAutofillSubtitle,,"Passwords are encrypted. Nobody but you can see them, not even us. <annotation type=""learn_more_link"">Learn More</annotation>",,New autofill Settings screen,,true,,false,apps/android/autofill/autofill-impl/src/main/res/values/strings-autofill-impl.xml,271,https://github.com/duckduckgo/Android/blob/3edb33d3d26af73ee30d690af68ddfec6788cf8e/autofill/autofill-impl/src/main/res/values/strings-autofill-impl.xml#L271
Android,body,autofill/autofill-impl,passwords_import_promo_subtitle,,Quickly and securely import your passwords to DuckDuckGo. Google may ask you to enter your password.,,New autofill Settings screen,,true,,false,apps/android/autofill/autofill-impl/src/main/res/values/strings-autofill-impl.xml,278,https://github.com/duckduckgo/Android/blob/3edb33d3d26af73ee30d690af68ddfec6788cf8e/autofill/autofill-impl/src/main/res/values/strings-autofill-impl.xml#L278
Android,body,autofill/autofill-impl,passwords_import_promo_in_settings_dismiss_text,,Hide,,New autofill Settings screen,,true,,false,apps/android/autofill/autofill-impl/src/main/res/values/strings-autofill-impl.xml,283,https://github.com/duckduckgo/Android/blob/3edb33d3d26af73ee30d690af68ddfec6788cf8e/autofill/autofill-impl/src/main/res/values/strings-autofill-impl.xml#L283
Android,body,autofill/autofill-impl,importBookmarksFromGooglePreImportDialogInstruction,,Google may ask you to sign in or enter your password to confirm.,,Import Bookmarks Strings,,true,,false,apps/android/autofill/autofill-impl/src/main/res/values/strings-autofill-impl.xml,289,https://github.com/duckduckgo/Android/blob/3edb33d3d26af73ee30d690af68ddfec6788cf8e/autofill/autofill-impl/src/main/res/values/strings-autofill-impl.xml#L289
Android,body,autofill/autofill-impl,importBookmarksProgressSubtitle,,Keep this screen open and hang tight — it shouldn't take more than a minute or two.,,Import Bookmarks Strings,,true,,false,apps/android/autofill/autofill-impl/src/main/res/values/strings-autofill-impl.xml,294,https://github.com/duckduckgo/Android/blob/3edb33d3d26af73ee30d690af68ddfec6788cf8e/autofill/autofill-impl/src/main/res/values/strings-autofill-impl.xml#L294
Android,body,autofill/autofill-impl,importBookmarksProgressInfoMessage1,,Google may ask you to sign in or enter your password to confirm.,,Import Bookmarks Strings,,true,,false,apps/android/autofill/autofill-impl/src/main/res/values/strings-autofill-impl.xml,295,https://github.com/duckduckgo/Android/blob/3edb33d3d26af73ee30d690af68ddfec6788cf8e/autofill/autofill-impl/src/main/res/values/strings-autofill-impl.xml#L295
Android,body,autofill/autofill-impl,importBookmarksProgressInfoMessage2,,Google may send you an email confirming your bookmarks are being exported.,,Import Bookmarks Strings,,true,,false,apps/android/autofill/autofill-impl/src/main/res/values/strings-autofill-impl.xml,296,https://github.com/duckduckgo/Android/blob/3edb33d3d26af73ee30d690af68ddfec6788cf8e/autofill/autofill-impl/src/main/res/values/strings-autofill-impl.xml#L296
Android,body,autofill/autofill-impl,importBookmarksFromGoogleCancelConfirmationDialogMessage,,Your bookmarks won't be imported if you cancel now.,,Import Bookmarks Strings,,true,,false,apps/android/autofill/autofill-impl/src/main/res/values/strings-autofill-impl.xml,298,https://github.com/duckduckgo/Android/blob/3edb33d3d26af73ee30d690af68ddfec6788cf8e/autofill/autofill-impl/src/main/res/values/strings-autofill-impl.xml#L298
Android,body,broken-site/broken-site-impl,broken_site_prompt_description,,This helps us improve the DuckDuckGo browser.,,,,true,,false,apps/android/broken-site/broken-site-impl/src/main/res/values/strings-broken-site.xml,20,https://github.com/duckduckgo/Android/blob/3edb33d3d26af73ee30d690af68ddfec6788cf8e/broken-site/broken-site-impl/src/main/res/values/strings-broken-site.xml#L20
Android,body,browser/browser-ui,newTabReturnHatchText,,Return to…,,,,true,,false,apps/android/browser/browser-ui/src/main/res/values/strings-new-tab-return-hatch.xml,19,https://github.com/duckduckgo/Android/blob/3edb33d3d26af73ee30d690af68ddfec6788cf8e/browser/browser-ui/src/main/res/values/strings-new-tab-return-hatch.xml#L19
Android,body,desktop-app-promotion/desktop-app-promotion-impl,desktopAppPromotionBody,,"To download DuckDuckGo on Mac or Windows, visit:",,,,true,,false,apps/android/desktop-app-promotion/desktop-app-promotion-impl/src/main/res/values/strings-desktop-app-promotion.xml,22,https://github.com/duckduckgo/Android/blob/3edb33d3d26af73ee30d690af68ddfec6788cf8e/desktop-app-promotion/desktop-app-promotion-impl/src/main/res/values/strings-desktop-app-promotion.xml#L22
Android,body,downloads/downloads-impl,downloadsDownloadStartedMessage,,Download started for %1$s,Placeholder is the name of a file,,%1$s,true,,false,apps/android/downloads/downloads-impl/src/main/res/values/strings-downloads.xml,27,https://github.com/duckduckgo/Android/blob/3edb33d3d26af73ee30d690af68ddfec6788cf8e/downloads/downloads-impl/src/main/res/values/strings-downloads.xml#L27
Android,body,downloads/downloads-impl,downloadsDownloadFinishedMessage,,Download complete for %1$s,Placeholder is the name of a file,,%1$s,true,,false,apps/android/downloads/downloads-impl/src/main/res/values/strings-downloads.xml,28,https://github.com/duckduckgo/Android/blob/3edb33d3d26af73ee30d690af68ddfec6788cf8e/downloads/downloads-impl/src/main/res/values/strings-downloads.xml#L28
Android,body,downloads/downloads-impl,downloadConfirmationSubtitle,,From: %1$s,Placeholder is the address of a website,,%1$s,true,,false,apps/android/downloads/downloads-impl/src/main/res/values/strings-downloads.xml,36,https://github.com/duckduckgo/Android/blob/3edb33d3d26af73ee30d690af68ddfec6788cf8e/downloads/downloads-impl/src/main/res/values/strings-downloads.xml#L36
Android,body,downloads/downloads-impl,downloadsActivityNoItemsDescription,,No files downloaded yet,,,,true,,false,apps/android/downloads/downloads-impl/src/main/res/values/strings-downloads.xml,38,https://github.com/duckduckgo/Android/blob/3edb33d3d26af73ee30d690af68ddfec6788cf8e/downloads/downloads-impl/src/main/res/values/strings-downloads.xml#L38
Android,body,downloads/downloads-impl,downloadsAllFilesDeletedMessage,,All files deleted,,,,true,,false,apps/android/downloads/downloads-impl/src/main/res/values/strings-downloads.xml,40,https://github.com/duckduckgo/Android/blob/3edb33d3d26af73ee30d690af68ddfec6788cf8e/downloads/downloads-impl/src/main/res/values/strings-downloads.xml#L40
Android,body,downloads/downloads-impl,downloadsFileDeletedMessage,,Deleted %1$s,Placeholder is the name of the file deleted,,%1$s,true,,false,apps/android/downloads/downloads-impl/src/main/res/values/strings-downloads.xml,42,https://github.com/duckduckgo/Android/blob/3edb33d3d26af73ee30d690af68ddfec6788cf8e/downloads/downloads-impl/src/main/res/values/strings-downloads.xml#L42
Android,body,downloads/downloads-impl,downloadsNotifyMeSubtitle,,Get a notification when downloads complete.,,,,true,,false,apps/android/downloads/downloads-impl/src/main/res/values/strings-downloads.xml,48,https://github.com/duckduckgo/Android/blob/3edb33d3d26af73ee30d690af68ddfec6788cf8e/downloads/downloads-impl/src/main/res/values/strings-downloads.xml#L48
Android,body,duckchat/duckchat-impl,subscriptionOnboardingDuckAiHeaderText,,"Your subscription unlocks premium models. Chats are anonymized by us and never used to train AI. <annotation type=""learn_more_link"">Learn More</annotation>",,Subscription onboarding,,false,,false,apps/android/duckchat/duckchat-impl/src/main/res/values/donottranslate.xml,25,https://github.com/duckduckgo/Android/blob/3edb33d3d26af73ee30d690af68ddfec6788cf8e/duckchat/duckchat-impl/src/main/res/values/donottranslate.xml#L25
Android,body,duckchat/duckchat-impl,duckChatTermsFooterMessage,,"DuckDuckGo anonymizes your chats. By clicking '^1' you agree to our <annotation type=""privacy_link"">Privacy Policy</annotation> &amp; <annotation type=""terms_link"">Terms of Service</annotation>.","Disclaimer under the Duck.ai input. ^1 is the label of the submit button, so the sentence always names the button the user taps. The two annotated phrases are tappable links to the Privacy Policy and the Terms of Service.",Duck.ai ToS consent footer,,false,,false,apps/android/duckchat/duckchat-impl/src/main/res/values/donottranslate.xml,52,https://github.com/duckduckgo/Android/blob/3edb33d3d26af73ee30d690af68ddfec6788cf8e/duckchat/duckchat-impl/src/main/res/values/donottranslate.xml#L52
Android,body,duckchat/duckchat-impl,imageCaptureCameraPermissionDeniedMessage,,Sites can only use your camera if you allow DuckDuckGo to ask for access.,,Uploading an image from the camera or choosing to use existing image,,true,,false,apps/android/duckchat/duckchat-impl/src/main/res/values/strings-duckchat.xml,29,https://github.com/duckduckgo/Android/blob/3edb33d3d26af73ee30d690af68ddfec6788cf8e/duckchat/duckchat-impl/src/main/res/values/strings-duckchat.xml#L29
Android,body,duckchat/duckchat-impl,audioCaptureSoundRecorderPermissionDeniedMessage,,Sites can only use the sound recorder if you allow DuckDuckGo to ask for access.,,Content capture for upload,,true,,false,apps/android/duckchat/duckchat-impl/src/main/res/values/strings-duckchat.xml,36,https://github.com/duckduckgo/Android/blob/3edb33d3d26af73ee30d690af68ddfec6788cf8e/duckchat/duckchat-impl/src/main/res/values/strings-duckchat.xml#L36
Android,body,duckchat/duckchat-impl,duck_chat_settings_activity_description,,"DuckDuckGo AI features are private and optional.\nYour data is not used to train AI.\n<annotation type=""learn_more_link"">Learn More</annotation>",,Settings,,true,,false,apps/android/duckchat/duckchat-impl/src/main/res/values/strings-duckchat.xml,40,https://github.com/duckduckgo/Android/blob/3edb33d3d26af73ee30d690af68ddfec6788cf8e/duckchat/duckchat-impl/src/main/res/values/strings-duckchat.xml#L40
Android,body,duckchat/duckchat-impl,duck_chat_enable_duck_ai_setting_description,,Chat privately with popular 3rd-party AI models,,Settings,,true,,false,apps/android/duckchat/duckchat-impl/src/main/res/values/strings-duckchat.xml,42,https://github.com/duckduckgo/Android/blob/3edb33d3d26af73ee30d690af68ddfec6788cf8e/duckchat/duckchat-impl/src/main/res/values/strings-duckchat.xml#L42
Android,body,duckchat/duckchat-impl,duck_chat_assist_settings_description,,Choose how often you want AI-Assisted answers to appear in your searches,,Settings,,true,,false,apps/android/duckchat/duckchat-impl/src/main/res/values/strings-duckchat.xml,46,https://github.com/duckduckgo/Android/blob/3edb33d3d26af73ee30d690af68ddfec6788cf8e/duckchat/duckchat-impl/src/main/res/values/strings-duckchat.xml#L46
Android,body,duckchat/duckchat-impl,duck_ai_shortcut_settings_description,,Choose which Duck.ai shortcuts to display,,Settings,,true,,false,apps/android/duckchat/duckchat-impl/src/main/res/values/strings-duckchat.xml,48,https://github.com/duckduckgo/Android/blob/3edb33d3d26af73ee30d690af68ddfec6788cf8e/duckchat/duckchat-impl/src/main/res/values/strings-duckchat.xml#L48
Android,body,duckchat/duckchat-impl,input_screen_user_pref_description,,"Try the new option to ask Duck.ai directly from the Address Bar. <annotation type=""share_feedback"">Share Feedback</annotation>",,Input Screen,,true,,false,apps/android/duckchat/duckchat-impl/src/main/res/values/strings-duckchat.xml,64,https://github.com/duckduckgo/Android/blob/3edb33d3d26af73ee30d690af68ddfec6788cf8e/duckchat/duckchat-impl/src/main/res/values/strings-duckchat.xml#L64
Android,body,duckchat/duckchat-impl,duck_ai_paid_settings_page_description,,"Chat privately with subscriber-exclusive AI models.\n<a href="""">Learn More</a>",,Duck.ai Pro settings,,true,,false,apps/android/duckchat/duckchat-impl/src/main/res/values/strings-duckchat.xml,69,https://github.com/duckduckgo/Android/blob/3edb33d3d26af73ee30d690af68ddfec6788cf8e/duckchat/duckchat-impl/src/main/res/values/strings-duckchat.xml#L69
Android,body,duckchat/duckchat-impl,autocompleteDuckAiPrompt,,Ask Duck.ai,,AutoComplete,,true,,false,apps/android/duckchat/duckchat-impl/src/main/res/values/strings-duckchat.xml,74,https://github.com/duckduckgo/Android/blob/3edb33d3d26af73ee30d690af68ddfec6788cf8e/duckchat/duckchat-impl/src/main/res/values/strings-duckchat.xml#L74
Android,body,duckchat/duckchat-impl,newAddressBarOptionBottomSheetDialogSearchText,,Search or enter address,,New Address Bar Option Bottom Sheet Dialog,,true,,false,apps/android/duckchat/duckchat-impl/src/main/res/values/strings-duckchat.xml,78,https://github.com/duckduckgo/Android/blob/3edb33d3d26af73ee30d690af68ddfec6788cf8e/duckchat/duckchat-impl/src/main/res/values/strings-duckchat.xml#L78
Android,body,duckchat/duckchat-impl,newAddressBarOptionBottomSheetDialogFooter,,Adjust in Settings > AI Features.,,New Address Bar Option Bottom Sheet Dialog,,true,,false,apps/android/duckchat/duckchat-impl/src/main/res/values/strings-duckchat.xml,81,https://github.com/duckduckgo/Android/blob/3edb33d3d26af73ee30d690af68ddfec6788cf8e/duckchat/duckchat-impl/src/main/res/values/strings-duckchat.xml#L81
Android,body,duckchat/duckchat-impl,duckAiHideAiGeneratedImagesDescription,,Filters out AI-generated images from image search results,,Duck AI Hide Generated Images Settings Option,,true,,false,apps/android/duckchat/duckchat-impl/src/main/res/values/strings-duckchat.xml,94,https://github.com/duckduckgo/Android/blob/3edb33d3d26af73ee30d690af68ddfec6788cf8e/duckchat/duckchat-impl/src/main/res/values/strings-duckchat.xml#L94
Android,body,duckchat/duckchat-impl,duckAiSearchAssistVisibilitySubtitle,,Choose how often you want AI-assisted answers to appear in your searches.,,Search Assist Visibility,,true,,false,apps/android/duckchat/duckchat-impl/src/main/res/values/strings-duckchat.xml,97,https://github.com/duckduckgo/Android/blob/3edb33d3d26af73ee30d690af68ddfec6788cf8e/duckchat/duckchat-impl/src/main/res/values/strings-duckchat.xml#L97
Android,body,duckchat/duckchat-impl,duckAiUseWithoutAiDescription,,"Disables Duck.ai, hides AI-assisted answers in search, and filters known AI spam sites in image search results.",,Duck AI Use Without AI Settings Option,,true,,false,apps/android/duckchat/duckchat-impl/src/main/res/values/strings-duckchat.xml,105,https://github.com/duckduckgo/Android/blob/3edb33d3d26af73ee30d690af68ddfec6788cf8e/duckchat/duckchat-impl/src/main/res/values/strings-duckchat.xml#L105
Android,body,duckchat/duckchat-impl,duckAiUseWithoutAiDisabledDescription,,AI is currently disabled in the browser so you’ll no longer see AI-assisted answers and see fewer AI-generated images in image search results.,,Duck AI Use Without AI Settings Option,,true,,false,apps/android/duckchat/duckchat-impl/src/main/res/values/strings-duckchat.xml,106,https://github.com/duckduckgo/Android/blob/3edb33d3d26af73ee30d690af68ddfec6788cf8e/duckchat/duckchat-impl/src/main/res/values/strings-duckchat.xml#L106
Android,body,duckchat/duckchat-impl,duckAiDialogHideAiGeneratedImagesDescription,,"Filters out known AI spam sites from image search results. <annotation link=""learn_more"">Learn more</annotation>",,Duck AI Section in AI Feature Screen,,true,,false,apps/android/duckchat/duckchat-impl/src/main/res/values/strings-duckchat.xml,111,https://github.com/duckduckgo/Android/blob/3edb33d3d26af73ee30d690af68ddfec6788cf8e/duckchat/duckchat-impl/src/main/res/values/strings-duckchat.xml#L111
Android,body,duckchat/duckchat-impl,duck_ai_paid_settings_manage_secondary,,Configure Duck.ai in AI Features settings.,,Duck AI Paid Settings,,true,,false,apps/android/duckchat/duckchat-impl/src/main/res/values/strings-duckchat.xml,116,https://github.com/duckduckgo/Android/blob/3edb33d3d26af73ee30d690af68ddfec6788cf8e/duckchat/duckchat-impl/src/main/res/values/strings-duckchat.xml#L116
Android,body,duckchat/duckchat-impl,duckAIContextualPromptSummarize,,Summarize This Page,,Duck.ai Contextual Bottom Sheet,,true,,false,apps/android/duckchat/duckchat-impl/src/main/res/values/strings-duckchat.xml,119,https://github.com/duckduckgo/Android/blob/3edb33d3d26af73ee30d690af68ddfec6788cf8e/duckchat/duckchat-impl/src/main/res/values/strings-duckchat.xml#L119
Android,body,duckchat/duckchat-impl,duckAIContextualAutomaticContextMessage,,Automatically send page content to Duck.ai,,Duck.ai Contextual Bottom Sheet,,true,,false,apps/android/duckchat/duckchat-impl/src/main/res/values/strings-duckchat.xml,121,https://github.com/duckduckgo/Android/blob/3edb33d3d26af73ee30d690af68ddfec6788cf8e/duckchat/duckchat-impl/src/main/res/values/strings-duckchat.xml#L121
Android,body,duckchat/duckchat-impl,duckAiSuggestionTranslatePagePrompt,,Translate this page into %1$s.,Suggested prompt submitted text: translate the page. %1$s is replaced with the name of the user's language.,"Contextual sheet suggested prompts; native copy for PageSuggestionsCatalog.json entries, keyed by catalog id",%1$s,true,,false,apps/android/duckchat/duckchat-impl/src/main/res/values/strings-duckchat.xml,125,https://github.com/duckduckgo/Android/blob/3edb33d3d26af73ee30d690af68ddfec6788cf8e/duckchat/duckchat-impl/src/main/res/values/strings-duckchat.xml#L125
Android,body,duckchat/duckchat-impl,duckAiSuggestionKeyTakeawaysPrompt,,What are the key takeaways from this article?,Suggested prompt submitted text: key takeaways of an article,"Contextual sheet suggested prompts; native copy for PageSuggestionsCatalog.json entries, keyed by catalog id",,true,,false,apps/android/duckchat/duckchat-impl/src/main/res/values/strings-duckchat.xml,127,https://github.com/duckduckgo/Android/blob/3edb33d3d26af73ee30d690af68ddfec6788cf8e/duckchat/duckchat-impl/src/main/res/values/strings-duckchat.xml#L127
Android,body,duckchat/duckchat-impl,duckAiSuggestionExplainSimplyPrompt,,"Explain this in simple, plain language.",Suggested prompt submitted text: explain the content simply,"Contextual sheet suggested prompts; native copy for PageSuggestionsCatalog.json entries, keyed by catalog id",,true,,false,apps/android/duckchat/duckchat-impl/src/main/res/values/strings-duckchat.xml,129,https://github.com/duckduckgo/Android/blob/3edb33d3d26af73ee30d690af68ddfec6788cf8e/duckchat/duckchat-impl/src/main/res/values/strings-duckchat.xml#L129
Android,body,duckchat/duckchat-impl,duckAiSuggestionCounterargumentsPrompt,,What are the main counterarguments or criticisms of this?,Suggested prompt submitted text: counterarguments,"Contextual sheet suggested prompts; native copy for PageSuggestionsCatalog.json entries, keyed by catalog id",,true,,false,apps/android/duckchat/duckchat-impl/src/main/res/values/strings-duckchat.xml,131,https://github.com/duckduckgo/Android/blob/3edb33d3d26af73ee30d690af68ddfec6788cf8e/duckchat/duckchat-impl/src/main/res/values/strings-duckchat.xml#L131
Android,body,duckchat/duckchat-impl,duckAiSuggestionRelatedArticlesPrompt,,Suggest related articles or topics worth exploring next.,Suggested prompt submitted text: related articles,"Contextual sheet suggested prompts; native copy for PageSuggestionsCatalog.json entries, keyed by catalog id",,true,,false,apps/android/duckchat/duckchat-impl/src/main/res/values/strings-duckchat.xml,133,https://github.com/duckduckgo/Android/blob/3edb33d3d26af73ee30d690af68ddfec6788cf8e/duckchat/duckchat-impl/src/main/res/values/strings-duckchat.xml#L133
Android,body,duckchat/duckchat-impl,duckAiSuggestionShoppingListPrompt,,Create a shopping list with quantities from this recipe.,Suggested prompt submitted text: shopping list from a recipe,"Contextual sheet suggested prompts; native copy for PageSuggestionsCatalog.json entries, keyed by catalog id",,true,,false,apps/android/duckchat/duckchat-impl/src/main/res/values/strings-duckchat.xml,135,https://github.com/duckduckgo/Android/blob/3edb33d3d26af73ee30d690af68ddfec6788cf8e/duckchat/duckchat-impl/src/main/res/values/strings-duckchat.xml#L135
Android,body,duckchat/duckchat-impl,duckAiSuggestionRecipeNutritionPrompt,,Estimate the nutritional information for this recipe.,Suggested prompt submitted text: recipe nutrition,"Contextual sheet suggested prompts; native copy for PageSuggestionsCatalog.json entries, keyed by catalog id",,true,,false,apps/android/duckchat/duckchat-impl/src/main/res/values/strings-duckchat.xml,137,https://github.com/duckduckgo/Android/blob/3edb33d3d26af73ee30d690af68ddfec6788cf8e/duckchat/duckchat-impl/src/main/res/values/strings-duckchat.xml#L137
Android,body,duckchat/duckchat-impl,duckAiSuggestionScaleRecipePrompt,,Rewrite this recipe scaled for a different number of servings.,Suggested prompt submitted text: scale a recipe,"Contextual sheet suggested prompts; native copy for PageSuggestionsCatalog.json entries, keyed by catalog id",,true,,false,apps/android/duckchat/duckchat-impl/src/main/res/values/strings-duckchat.xml,139,https://github.com/duckduckgo/Android/blob/3edb33d3d26af73ee30d690af68ddfec6788cf8e/duckchat/duckchat-impl/src/main/res/values/strings-duckchat.xml#L139
Android,body,duckchat/duckchat-impl,duckAiSuggestionProductProsConsPrompt,,What are the pros and cons of this product?,Suggested prompt submitted text: product pros and cons,"Contextual sheet suggested prompts; native copy for PageSuggestionsCatalog.json entries, keyed by catalog id",,true,,false,apps/android/duckchat/duckchat-impl/src/main/res/values/strings-duckchat.xml,141,https://github.com/duckduckgo/Android/blob/3edb33d3d26af73ee30d690af68ddfec6788cf8e/duckchat/duckchat-impl/src/main/res/values/strings-duckchat.xml#L141
Android,body,duckchat/duckchat-impl,duckAiSuggestionFindAlternativesPrompt,,Suggest some alternatives to this product.,Suggested prompt submitted text: product alternatives,"Contextual sheet suggested prompts; native copy for PageSuggestionsCatalog.json entries, keyed by catalog id",,true,,false,apps/android/duckchat/duckchat-impl/src/main/res/values/strings-duckchat.xml,143,https://github.com/duckduckgo/Android/blob/3edb33d3d26af73ee30d690af68ddfec6788cf8e/duckchat/duckchat-impl/src/main/res/values/strings-duckchat.xml#L143
Android,body,duckchat/duckchat-impl,duckAiSuggestionSummarizeVideoPrompt,,Summarize this video.,Suggested prompt submitted text: summarize a video,"Contextual sheet suggested prompts; native copy for PageSuggestionsCatalog.json entries, keyed by catalog id",,true,,false,apps/android/duckchat/duckchat-impl/src/main/res/values/strings-duckchat.xml,145,https://github.com/duckduckgo/Android/blob/3edb33d3d26af73ee30d690af68ddfec6788cf8e/duckchat/duckchat-impl/src/main/res/values/strings-duckchat.xml#L145
Android,body,duckchat/duckchat-impl,duckAiSuggestionVideoKeyPointsPrompt,,What are the key points covered in this video?,Suggested prompt submitted text: video key points,"Contextual sheet suggested prompts; native copy for PageSuggestionsCatalog.json entries, keyed by catalog id",,true,,false,apps/android/duckchat/duckchat-impl/src/main/res/values/strings-duckchat.xml,147,https://github.com/duckduckgo/Android/blob/3edb33d3d26af73ee30d690af68ddfec6788cf8e/duckchat/duckchat-impl/src/main/res/values/strings-duckchat.xml#L147
Android,body,duckchat/duckchat-impl,duckAiSuggestionTailorResumePrompt,,Help me tailor my resume for this job.,Suggested prompt submitted text: tailor a resume to a job,"Contextual sheet suggested prompts; native copy for PageSuggestionsCatalog.json entries, keyed by catalog id",,true,,false,apps/android/duckchat/duckchat-impl/src/main/res/values/strings-duckchat.xml,149,https://github.com/duckduckgo/Android/blob/3edb33d3d26af73ee30d690af68ddfec6788cf8e/duckchat/duckchat-impl/src/main/res/values/strings-duckchat.xml#L149
Android,body,duckchat/duckchat-impl,duckAiSuggestionInterviewPrepPrompt,,What interview questions might come up for this role?,Suggested prompt submitted text: interview prep,"Contextual sheet suggested prompts; native copy for PageSuggestionsCatalog.json entries, keyed by catalog id",,true,,false,apps/android/duckchat/duckchat-impl/src/main/res/values/strings-duckchat.xml,151,https://github.com/duckduckgo/Android/blob/3edb33d3d26af73ee30d690af68ddfec6788cf8e/duckchat/duckchat-impl/src/main/res/values/strings-duckchat.xml#L151
Android,body,duckchat/duckchat-impl,duckAiSuggestionCoverLetterPrompt,,Draft a cover letter for this job.,Suggested prompt submitted text: draft a cover letter,"Contextual sheet suggested prompts; native copy for PageSuggestionsCatalog.json entries, keyed by catalog id",,true,,false,apps/android/duckchat/duckchat-impl/src/main/res/values/strings-duckchat.xml,153,https://github.com/duckduckgo/Android/blob/3edb33d3d26af73ee30d690af68ddfec6788cf8e/duckchat/duckchat-impl/src/main/res/values/strings-duckchat.xml#L153
Android,body,duckchat/duckchat-impl,duckAiSuggestionEventDetailsPrompt,,Summarize the key details of this event.,Suggested prompt submitted text: event details,"Contextual sheet suggested prompts; native copy for PageSuggestionsCatalog.json entries, keyed by catalog id",,true,,false,apps/android/duckchat/duckchat-impl/src/main/res/values/strings-duckchat.xml,155,https://github.com/duckduckgo/Android/blob/3edb33d3d26af73ee30d690af68ddfec6788cf8e/duckchat/duckchat-impl/src/main/res/values/strings-duckchat.xml#L155
Android,body,duckchat/duckchat-impl,duckAiSuggestionWorthWatchingPrompt,,Is this worth watching? Give me a spoiler-free take.,Suggested prompt submitted text: is a movie/show worth watching,"Contextual sheet suggested prompts; native copy for PageSuggestionsCatalog.json entries, keyed by catalog id",,true,,false,apps/android/duckchat/duckchat-impl/src/main/res/values/strings-duckchat.xml,157,https://github.com/duckduckgo/Android/blob/3edb33d3d26af73ee30d690af68ddfec6788cf8e/duckchat/duckchat-impl/src/main/res/values/strings-duckchat.xml#L157
Android,body,duckchat/duckchat-impl,duckAiSuggestionSimilarTitlesPrompt,,Recommend similar movies or shows.,Suggested prompt submitted text: similar movies or shows,"Contextual sheet suggested prompts; native copy for PageSuggestionsCatalog.json entries, keyed by catalog id",,true,,false,apps/android/duckchat/duckchat-impl/src/main/res/values/strings-duckchat.xml,159,https://github.com/duckduckgo/Android/blob/3edb33d3d26af73ee30d690af68ddfec6788cf8e/duckchat/duckchat-impl/src/main/res/values/strings-duckchat.xml#L159
Android,body,duckchat/duckchat-impl,duckAiSuggestionCastCrewPrompt,,"Who are the main cast and crew, and what else are they known for?",Suggested prompt submitted text: cast and crew,"Contextual sheet suggested prompts; native copy for PageSuggestionsCatalog.json entries, keyed by catalog id",,true,,false,apps/android/duckchat/duckchat-impl/src/main/res/values/strings-duckchat.xml,161,https://github.com/duckduckgo/Android/blob/3edb33d3d26af73ee30d690af68ddfec6788cf8e/duckchat/duckchat-impl/src/main/res/values/strings-duckchat.xml#L161
Android,body,duckchat/duckchat-impl,duckAiSuggestionSummarizeBookPrompt,,Summarize this book.,Suggested prompt submitted text: summarize a book,"Contextual sheet suggested prompts; native copy for PageSuggestionsCatalog.json entries, keyed by catalog id",,true,,false,apps/android/duckchat/duckchat-impl/src/main/res/values/strings-duckchat.xml,163,https://github.com/duckduckgo/Android/blob/3edb33d3d26af73ee30d690af68ddfec6788cf8e/duckchat/duckchat-impl/src/main/res/values/strings-duckchat.xml#L163
Android,body,duckchat/duckchat-impl,duckAiSuggestionSimilarBooksPrompt,,Recommend similar books.,Suggested prompt submitted text: similar books,"Contextual sheet suggested prompts; native copy for PageSuggestionsCatalog.json entries, keyed by catalog id",,true,,false,apps/android/duckchat/duckchat-impl/src/main/res/values/strings-duckchat.xml,165,https://github.com/duckduckgo/Android/blob/3edb33d3d26af73ee30d690af68ddfec6788cf8e/duckchat/duckchat-impl/src/main/res/values/strings-duckchat.xml#L165
Android,body,duckchat/duckchat-impl,duckAiSuggestionExplainPaperPrompt,,Explain this research paper in plain language.,Suggested prompt submitted text: explain a research paper,"Contextual sheet suggested prompts; native copy for PageSuggestionsCatalog.json entries, keyed by catalog id",,true,,false,apps/android/duckchat/duckchat-impl/src/main/res/values/strings-duckchat.xml,167,https://github.com/duckduckgo/Android/blob/3edb33d3d26af73ee30d690af68ddfec6788cf8e/duckchat/duckchat-impl/src/main/res/values/strings-duckchat.xml#L167
Android,body,duckchat/duckchat-impl,duckAiSuggestionPaperContributionsPrompt,,What are the key contributions of this paper?,Suggested prompt submitted text: paper contributions,"Contextual sheet suggested prompts; native copy for PageSuggestionsCatalog.json entries, keyed by catalog id",,true,,false,apps/android/duckchat/duckchat-impl/src/main/res/values/strings-duckchat.xml,169,https://github.com/duckduckgo/Android/blob/3edb33d3d26af73ee30d690af68ddfec6788cf8e/duckchat/duckchat-impl/src/main/res/values/strings-duckchat.xml#L169
Android,body,duckchat/duckchat-impl,duckAiSuggestionPlaceHoursPrompt,,"What are the opening hours, location, and contact details for this place?",Suggested prompt submitted text: place hours and location,"Contextual sheet suggested prompts; native copy for PageSuggestionsCatalog.json entries, keyed by catalog id",,true,,false,apps/android/duckchat/duckchat-impl/src/main/res/values/strings-duckchat.xml,173,https://github.com/duckduckgo/Android/blob/3edb33d3d26af73ee30d690af68ddfec6788cf8e/duckchat/duckchat-impl/src/main/res/values/strings-duckchat.xml#L173
Android,body,duckchat/duckchat-impl,duckAiSuggestionPlaceReviewsPrompt,,Is this place any good? Summarize its reputation based on reviews and ratings.,Suggested prompt submitted text: place reputation,"Contextual sheet suggested prompts; native copy for PageSuggestionsCatalog.json entries, keyed by catalog id",,true,,false,apps/android/duckchat/duckchat-impl/src/main/res/values/strings-duckchat.xml,175,https://github.com/duckduckgo/Android/blob/3edb33d3d26af73ee30d690af68ddfec6788cf8e/duckchat/duckchat-impl/src/main/res/values/strings-duckchat.xml#L175
Android,body,duckchat/duckchat-impl,duckAiSuggestionSummarizeThreadPrompt,,Summarize this discussion thread.,Suggested prompt submitted text: summarize a discussion thread,"Contextual sheet suggested prompts; native copy for PageSuggestionsCatalog.json entries, keyed by catalog id",,true,,false,apps/android/duckchat/duckchat-impl/src/main/res/values/strings-duckchat.xml,177,https://github.com/duckduckgo/Android/blob/3edb33d3d26af73ee30d690af68ddfec6788cf8e/duckchat/duckchat-impl/src/main/res/values/strings-duckchat.xml#L177
Android,body,duckchat/duckchat-impl,duckAiSuggestionExplainRepoPrompt,,Explain what this repository does and how to use it.,Suggested prompt submitted text: explain a code repository,"Contextual sheet suggested prompts; native copy for PageSuggestionsCatalog.json entries, keyed by catalog id",,true,,false,apps/android/duckchat/duckchat-impl/src/main/res/values/strings-duckchat.xml,179,https://github.com/duckduckgo/Android/blob/3edb33d3d26af73ee30d690af68ddfec6788cf8e/duckchat/duckchat-impl/src/main/res/values/strings-duckchat.xml#L179
Android,body,duckchat/duckchat-impl,duckAiSuggestionExplainAnswerPrompt,,Explain the accepted answer in simple terms.,Suggested prompt submitted text: explain the top answer,"Contextual sheet suggested prompts; native copy for PageSuggestionsCatalog.json entries, keyed by catalog id",,true,,false,apps/android/duckchat/duckchat-impl/src/main/res/values/strings-duckchat.xml,181,https://github.com/duckduckgo/Android/blob/3edb33d3d26af73ee30d690af68ddfec6788cf8e/duckchat/duckchat-impl/src/main/res/values/strings-duckchat.xml#L181
Android,body,duckchat/duckchat-impl,duckAiSuggestionHowtoStepsPrompt,,"Break this down into clear, numbered steps.",Suggested prompt submitted text: how-to steps,"Contextual sheet suggested prompts; native copy for PageSuggestionsCatalog.json entries, keyed by catalog id",,true,,false,apps/android/duckchat/duckchat-impl/src/main/res/values/strings-duckchat.xml,183,https://github.com/duckduckgo/Android/blob/3edb33d3d26af73ee30d690af68ddfec6788cf8e/duckchat/duckchat-impl/src/main/res/values/strings-duckchat.xml#L183
Android,body,duckchat/duckchat-impl,duckAiSuggestionHowtoMaterialsPrompt,,"List the tools, materials, or prerequisites I need for this.",Suggested prompt submitted text: how-to materials,"Contextual sheet suggested prompts; native copy for PageSuggestionsCatalog.json entries, keyed by catalog id",,true,,false,apps/android/duckchat/duckchat-impl/src/main/res/values/strings-duckchat.xml,185,https://github.com/duckduckgo/Android/blob/3edb33d3d26af73ee30d690af68ddfec6788cf8e/duckchat/duckchat-impl/src/main/res/values/strings-duckchat.xml#L185
Android,body,duckchat/duckchat-impl,duckAiSuggestionCourseLearnPrompt,,What are the key things I will learn from this course?,Suggested prompt submitted text: course learning outcomes,"Contextual sheet suggested prompts; native copy for PageSuggestionsCatalog.json entries, keyed by catalog id",,true,,false,apps/android/duckchat/duckchat-impl/src/main/res/values/strings-duckchat.xml,187,https://github.com/duckduckgo/Android/blob/3edb33d3d26af73ee30d690af68ddfec6788cf8e/duckchat/duckchat-impl/src/main/res/values/strings-duckchat.xml#L187
Android,body,duckchat/duckchat-impl,duckAiSuggestionCourseWorthPrompt,,"Based on this page, is this course worth taking?",Suggested prompt submitted text: is a course worth taking,"Contextual sheet suggested prompts; native copy for PageSuggestionsCatalog.json entries, keyed by catalog id",,true,,false,apps/android/duckchat/duckchat-impl/src/main/res/values/strings-duckchat.xml,189,https://github.com/duckduckgo/Android/blob/3edb33d3d26af73ee30d690af68ddfec6788cf8e/duckchat/duckchat-impl/src/main/res/values/strings-duckchat.xml#L189
Android,body,duckchat/duckchat-impl,duckAiSuggestionFaqAnswerPrompt,,What are the main questions this page answers?,Suggested prompt submitted text: what an FAQ page answers,"Contextual sheet suggested prompts; native copy for PageSuggestionsCatalog.json entries, keyed by catalog id",,true,,false,apps/android/duckchat/duckchat-impl/src/main/res/values/strings-duckchat.xml,191,https://github.com/duckduckgo/Android/blob/3edb33d3d26af73ee30d690af68ddfec6788cf8e/duckchat/duckchat-impl/src/main/res/values/strings-duckchat.xml#L191
Android,body,duckchat/duckchat-impl,duckAiSuggestionFaqSummaryPrompt,,Summarize the questions and answers on this page.,Suggested prompt submitted text: summarize FAQ Q&As,"Contextual sheet suggested prompts; native copy for PageSuggestionsCatalog.json entries, keyed by catalog id",,true,,false,apps/android/duckchat/duckchat-impl/src/main/res/values/strings-duckchat.xml,193,https://github.com/duckduckgo/Android/blob/3edb33d3d26af73ee30d690af68ddfec6788cf8e/duckchat/duckchat-impl/src/main/res/values/strings-duckchat.xml#L193
Android,body,duckchat/duckchat-impl,duckAiSuggestionReviewVerdictPrompt,,What is the overall verdict and rating for this?,Suggested prompt submitted text: review verdict,"Contextual sheet suggested prompts; native copy for PageSuggestionsCatalog.json entries, keyed by catalog id",,true,,false,apps/android/duckchat/duckchat-impl/src/main/res/values/strings-duckchat.xml,195,https://github.com/duckduckgo/Android/blob/3edb33d3d26af73ee30d690af68ddfec6788cf8e/duckchat/duckchat-impl/src/main/res/values/strings-duckchat.xml#L195
Android,body,duckchat/duckchat-impl,duckAiSuggestionReviewSummaryPrompt,,Summarize what the reviews say.,Suggested prompt submitted text: summarize reviews,"Contextual sheet suggested prompts; native copy for PageSuggestionsCatalog.json entries, keyed by catalog id",,true,,false,apps/android/duckchat/duckchat-impl/src/main/res/values/strings-duckchat.xml,197,https://github.com/duckduckgo/Android/blob/3edb33d3d26af73ee30d690af68ddfec6788cf8e/duckchat/duckchat-impl/src/main/res/values/strings-duckchat.xml#L197
Android,body,duckchat/duckchat-impl,duckAiSuggestionWhoIsThisPrompt,,Give me a quick background on this person.,Suggested prompt submitted text: person background,"Contextual sheet suggested prompts; native copy for PageSuggestionsCatalog.json entries, keyed by catalog id",,true,,false,apps/android/duckchat/duckchat-impl/src/main/res/values/strings-duckchat.xml,199,https://github.com/duckduckgo/Android/blob/3edb33d3d26af73ee30d690af68ddfec6788cf8e/duckchat/duckchat-impl/src/main/res/values/strings-duckchat.xml#L199
Android,body,duckchat/duckchat-impl,duckAiSuggestionPersonBackgroundPrompt,,Summarize the background and notable work of this person.,Suggested prompt submitted text: summarize a person's background,"Contextual sheet suggested prompts; native copy for PageSuggestionsCatalog.json entries, keyed by catalog id",,true,,false,apps/android/duckchat/duckchat-impl/src/main/res/values/strings-duckchat.xml,201,https://github.com/duckduckgo/Android/blob/3edb33d3d26af73ee30d690af68ddfec6788cf8e/duckchat/duckchat-impl/src/main/res/values/strings-duckchat.xml#L201
Android,body,duckchat/duckchat-impl,duckChatReasoningModeFastSubtitle,,Answers quickly,,Reasoning Mode Picker,,true,,false,apps/android/duckchat/duckchat-impl/src/main/res/values/strings-duckchat.xml,290,https://github.com/duckduckgo/Android/blob/3edb33d3d26af73ee30d690af68ddfec6788cf8e/duckchat/duckchat-impl/src/main/res/values/strings-duckchat.xml#L290
Android,body,duckchat/duckchat-impl,duckChatReasoningModeReasoningSubtitle,,For complex tasks,,Reasoning Mode Picker,,true,,false,apps/android/duckchat/duckchat-impl/src/main/res/values/strings-duckchat.xml,292,https://github.com/duckduckgo/Android/blob/3edb33d3d26af73ee30d690af68ddfec6788cf8e/duckchat/duckchat-impl/src/main/res/values/strings-duckchat.xml#L292
Android,body,duckchat/duckchat-impl,duckChatReasoningModeExtendedSubtitle,,For analytical tasks,,Reasoning Mode Picker,,true,,false,apps/android/duckchat/duckchat-impl/src/main/res/values/strings-duckchat.xml,294,https://github.com/duckduckgo/Android/blob/3edb33d3d26af73ee30d690af68ddfec6788cf8e/duckchat/duckchat-impl/src/main/res/values/strings-duckchat.xml#L294
Android,body,duckchat/duckchat-impl,duckChatImageAttachmentLimitPerMessage,,You can only attach %1$d images at a time.,%1$d is the maximum number of images allowed per message.,Image attachment limits,%1$d,true,,false,apps/android/duckchat/duckchat-impl/src/main/res/values/strings-duckchat.xml,304,https://github.com/duckduckgo/Android/blob/3edb33d3d26af73ee30d690af68ddfec6788cf8e/duckchat/duckchat-impl/src/main/res/values/strings-duckchat.xml#L304
Android,body,duckchat/duckchat-impl,duckChatImageAttachmentLimitPerConversation,,You can only attach %1$d images per conversation.,%1$d is the maximum number of images allowed in a single conversation.,Image attachment limits,%1$d,true,,false,apps/android/duckchat/duckchat-impl/src/main/res/values/strings-duckchat.xml,305,https://github.com/duckduckgo/Android/blob/3edb33d3d26af73ee30d690af68ddfec6788cf8e/duckchat/duckchat-impl/src/main/res/values/strings-duckchat.xml#L305
Android,body,duckchat/duckchat-impl,duckChatFileAttachmentLimitPerConversation,,You can only attach %1$d files per conversation.,%1$d is the maximum number of files allowed in a single conversation.,File attachment,%1$d,true,,false,apps/android/duckchat/duckchat-impl/src/main/res/values/strings-duckchat.xml,314,https://github.com/duckduckgo/Android/blob/3edb33d3d26af73ee30d690af68ddfec6788cf8e/duckchat/duckchat-impl/src/main/res/values/strings-duckchat.xml#L314
Android,body,duckchat/duckchat-impl,duckChatFileAttachmentTooLarge,,File exceeds the maximum size of %1$d MB.,%1$d is the maximum file size in MB.,File attachment,%1$d,true,,false,apps/android/duckchat/duckchat-impl/src/main/res/values/strings-duckchat.xml,315,https://github.com/duckduckgo/Android/blob/3edb33d3d26af73ee30d690af68ddfec6788cf8e/duckchat/duckchat-impl/src/main/res/values/strings-duckchat.xml#L315
Android,body,duckchat/duckchat-impl,duckChatFileAttachmentTooManyPages,,One of the files attached has more pages than we support. Please upload files with %1$d pages or fewer.,%1$d is the maximum number of pages per file.,File attachment,%1$d,true,,false,apps/android/duckchat/duckchat-impl/src/main/res/values/strings-duckchat.xml,316,https://github.com/duckduckgo/Android/blob/3edb33d3d26af73ee30d690af68ddfec6788cf8e/duckchat/duckchat-impl/src/main/res/values/strings-duckchat.xml#L316
Android,body,duckchat/duckchat-impl,duckChatFileAttachmentTotalSizeLimitExceeded,,The attached files exceed the total size limit of %1$dMB.,%1$d is the total size limit in MB.,File attachment,%1$d,true,,false,apps/android/duckchat/duckchat-impl/src/main/res/values/strings-duckchat.xml,317,https://github.com/duckduckgo/Android/blob/3edb33d3d26af73ee30d690af68ddfec6788cf8e/duckchat/duckchat-impl/src/main/res/values/strings-duckchat.xml#L317
Android,body,duckchat/duckchat-impl,duck_ai_edit_prompt_lose_responses_warning,,Editing will replace the response with a new one.,Warning shown while editing a sent message: the answer Duck.ai already gave will be discarded and answered again,Editing a message already sent to Duck.ai,,true,,false,apps/android/duckchat/duckchat-impl/src/main/res/values/strings-duckchat.xml,347,https://github.com/duckduckgo/Android/blob/3edb33d3d26af73ee30d690af68ddfec6788cf8e/duckchat/duckchat-impl/src/main/res/values/strings-duckchat.xml#L347
Android,body,duckchat/duckchat-impl,duckAiSuggestionSummarizeSelectionPrompt,,Summarize this selection.,,Suggested prompts for text selection,,true,,false,apps/android/duckchat/duckchat-impl/src/main/res/values/strings-duckchat.xml,355,https://github.com/duckduckgo/Android/blob/3edb33d3d26af73ee30d690af68ddfec6788cf8e/duckchat/duckchat-impl/src/main/res/values/strings-duckchat.xml#L355
Android,body,duckchat/duckchat-impl,duckAiSuggestionTranslateSelectionPrompt,,Translate this selection into %1$s.,%1$s is replaced with the name of the user's language.,Suggested prompts for text selection,%1$s,true,,false,apps/android/duckchat/duckchat-impl/src/main/res/values/strings-duckchat.xml,357,https://github.com/duckduckgo/Android/blob/3edb33d3d26af73ee30d690af68ddfec6788cf8e/duckchat/duckchat-impl/src/main/res/values/strings-duckchat.xml#L357
Android,body,duckchat/duckchat-impl,duckAiTextSelectionLimitReached,,You can add up to %1$d text selections. Remove one to add another.,%1$d is replaced with the maximum number of text selections.,Name shown for an attached text selection in the Duck.ai,%1$d,true,,false,apps/android/duckchat/duckchat-impl/src/main/res/values/strings-duckchat.xml,361,https://github.com/duckduckgo/Android/blob/3edb33d3d26af73ee30d690af68ddfec6788cf8e/duckchat/duckchat-impl/src/main/res/values/strings-duckchat.xml#L361
Android,body,duckchat/duckchat-impl,duckAiTextSelectionWordCount,plural:one,%1$d word,,Prefix on the Duck.ai attachment chip for a text selection,%1$d,true,,false,apps/android/duckchat/duckchat-impl/src/main/res/values/strings-duckchat.xml,367,https://github.com/duckduckgo/Android/blob/3edb33d3d26af73ee30d690af68ddfec6788cf8e/duckchat/duckchat-impl/src/main/res/values/strings-duckchat.xml#L367
Android,body,duckchat/duckchat-impl,duckAiTextSelectionWordCount,plural:other,%1$d words,,Prefix on the Duck.ai attachment chip for a text selection,%1$d,true,,false,apps/android/duckchat/duckchat-impl/src/main/res/values/strings-duckchat.xml,367,https://github.com/duckduckgo/Android/blob/3edb33d3d26af73ee30d690af68ddfec6788cf8e/duckchat/duckchat-impl/src/main/res/values/strings-duckchat.xml#L367
Android,body,duckchat/duckchat-impl,duckChatHighUsageModelFooterMessage,,%1$s uses limits up to 2–5x faster than basic models.,Placeholder is the selected model's short name,Duck.ai high-usage model footer,%1$s,true,,false,apps/android/duckchat/duckchat-impl/src/main/res/values/strings-duckchat.xml,373,https://github.com/duckduckgo/Android/blob/3edb33d3d26af73ee30d690af68ddfec6788cf8e/duckchat/duckchat-impl/src/main/res/values/strings-duckchat.xml#L373
Android,body,duckchat/duckchat-impl,duckChatUsageLimitFooterApproachingDaily,,%1$d%% of daily limit,Placeholder is the percentage of the daily allowance already used,Duck.ai usage-limit footer,%1$d,true,,false,apps/android/duckchat/duckchat-impl/src/main/res/values/strings-duckchat.xml,377,https://github.com/duckduckgo/Android/blob/3edb33d3d26af73ee30d690af68ddfec6788cf8e/duckchat/duckchat-impl/src/main/res/values/strings-duckchat.xml#L377
Android,body,duckchat/duckchat-impl,duckChatUsageLimitFooterApproachingWeekly,,%1$d%% of weekly limit,Placeholder is the percentage of the weekly allowance already used,Duck.ai usage-limit footer,%1$d,true,,false,apps/android/duckchat/duckchat-impl/src/main/res/values/strings-duckchat.xml,378,https://github.com/duckduckgo/Android/blob/3edb33d3d26af73ee30d690af68ddfec6788cf8e/duckchat/duckchat-impl/src/main/res/values/strings-duckchat.xml#L378
Android,body,duckchat/duckchat-impl,duckChatUsageLimitFooterDailyReached,,Daily limit reached,,Duck.ai usage-limit footer,,true,,false,apps/android/duckchat/duckchat-impl/src/main/res/values/strings-duckchat.xml,379,https://github.com/duckduckgo/Android/blob/3edb33d3d26af73ee30d690af68ddfec6788cf8e/duckchat/duckchat-impl/src/main/res/values/strings-duckchat.xml#L379
Android,body,duckchat/duckchat-impl,duckChatUsageLimitFooterWeeklyReachedFree,,Weekly limit reached,,Duck.ai usage-limit footer,,true,,false,apps/android/duckchat/duckchat-impl/src/main/res/values/strings-duckchat.xml,380,https://github.com/duckduckgo/Android/blob/3edb33d3d26af73ee30d690af68ddfec6788cf8e/duckchat/duckchat-impl/src/main/res/values/strings-duckchat.xml#L380
Android,body,duckchat/duckchat-impl,duckChatUsageLimitFooterWeeklyReached,,Weekly usage limit reached,,Duck.ai usage-limit footer,,true,,false,apps/android/duckchat/duckchat-impl/src/main/res/values/strings-duckchat.xml,381,https://github.com/duckduckgo/Android/blob/3edb33d3d26af73ee30d690af68ddfec6788cf8e/duckchat/duckchat-impl/src/main/res/values/strings-duckchat.xml#L381
Android,body,duckchat/duckchat-impl,duckChatUsageLimitFooterAdvancedModelsReached,,Advanced AI models limit reached,,Duck.ai usage-limit footer,,true,,false,apps/android/duckchat/duckchat-impl/src/main/res/values/strings-duckchat.xml,382,https://github.com/duckduckgo/Android/blob/3edb33d3d26af73ee30d690af68ddfec6788cf8e/duckchat/duckchat-impl/src/main/res/values/strings-duckchat.xml#L382
Android,body,duckchat/duckchat-impl,duckChatUsageLimitFooterResetsIn,,Resets in %1$s,Placeholder is a duration such as '2 days' or '5 hours',Duck.ai usage-limit footer,%1$s,true,,false,apps/android/duckchat/duckchat-impl/src/main/res/values/strings-duckchat.xml,387,https://github.com/duckduckgo/Android/blob/3edb33d3d26af73ee30d690af68ddfec6788cf8e/duckchat/duckchat-impl/src/main/res/values/strings-duckchat.xml#L387
Android,body,duckchat/duckchat-impl,duckChatUsageLimitFooterDays,plural:one,%1$d day,,Duck.ai usage-limit footer,%1$d,true,,false,apps/android/duckchat/duckchat-impl/src/main/res/values/strings-duckchat.xml,388,https://github.com/duckduckgo/Android/blob/3edb33d3d26af73ee30d690af68ddfec6788cf8e/duckchat/duckchat-impl/src/main/res/values/strings-duckchat.xml#L388
Android,body,duckchat/duckchat-impl,duckChatUsageLimitFooterDays,plural:other,%1$d days,,Duck.ai usage-limit footer,%1$d,true,,false,apps/android/duckchat/duckchat-impl/src/main/res/values/strings-duckchat.xml,388,https://github.com/duckduckgo/Android/blob/3edb33d3d26af73ee30d690af68ddfec6788cf8e/duckchat/duckchat-impl/src/main/res/values/strings-duckchat.xml#L388
Android,body,duckchat/duckchat-impl,duckChatUsageLimitFooterHours,plural:one,%1$d hour,,Duck.ai usage-limit footer,%1$d,true,,false,apps/android/duckchat/duckchat-impl/src/main/res/values/strings-duckchat.xml,392,https://github.com/duckduckgo/Android/blob/3edb33d3d26af73ee30d690af68ddfec6788cf8e/duckchat/duckchat-impl/src/main/res/values/strings-duckchat.xml#L392
Android,body,duckchat/duckchat-impl,duckChatUsageLimitFooterHours,plural:other,%1$d hours,,Duck.ai usage-limit footer,%1$d,true,,false,apps/android/duckchat/duckchat-impl/src/main/res/values/strings-duckchat.xml,392,https://github.com/duckduckgo/Android/blob/3edb33d3d26af73ee30d690af68ddfec6788cf8e/duckchat/duckchat-impl/src/main/res/values/strings-duckchat.xml#L392
Android,body,feedback/feedback-impl,missingBrowserFeaturesSubtitle,,Which browsing feature can we add or improve?,,,,true,,false,apps/android/feedback/feedback-impl/src/main/res/values/strings-feedback.xml,8,https://github.com/duckduckgo/Android/blob/3edb33d3d26af73ee30d690af68ddfec6788cf8e/feedback/feedback-impl/src/main/res/values/strings-feedback.xml#L8
Android,body,feedback/feedback-impl,websiteNotLoadingSubtitle,,Which website is broken?,,,,true,,false,apps/android/feedback/feedback-impl/src/main/res/values/strings-feedback.xml,18,https://github.com/duckduckgo/Android/blob/3edb33d3d26af73ee30d690af68ddfec6788cf8e/feedback/feedback-impl/src/main/res/values/strings-feedback.xml#L18
Android,body,feedback/feedback-impl,searchNotGoodEnoughSubtitle,,Which search feature can we add or improve?,,,,true,,false,apps/android/feedback/feedback-impl/src/main/res/values/strings-feedback.xml,21,https://github.com/duckduckgo/Android/blob/3edb33d3d26af73ee30d690af68ddfec6788cf8e/feedback/feedback-impl/src/main/res/values/strings-feedback.xml#L21
Android,body,feedback/feedback-impl,needMoreCustomizationSubtitle,,Which customization option can we add or improve?,,,,true,,false,apps/android/feedback/feedback-impl/src/main/res/values/strings-feedback.xml,30,https://github.com/duckduckgo/Android/blob/3edb33d3d26af73ee30d690af68ddfec6788cf8e/feedback/feedback-impl/src/main/res/values/strings-feedback.xml#L30
Android,body,feedback/feedback-impl,appIsSlowOrBuggySubtitle,,Which issue are you experiencing?,,,,true,,false,apps/android/feedback/feedback-impl/src/main/res/values/strings-feedback.xml,40,https://github.com/duckduckgo/Android/blob/3edb33d3d26af73ee30d690af68ddfec6788cf8e/feedback/feedback-impl/src/main/res/values/strings-feedback.xml#L40
Android,body,feedback/feedback-impl,tellUsHowToImprove,,Please tell us what we can improve.,,,,true,,false,apps/android/feedback/feedback-impl/src/main/res/values/strings-feedback.xml,49,https://github.com/duckduckgo/Android/blob/3edb33d3d26af73ee30d690af68ddfec6788cf8e/feedback/feedback-impl/src/main/res/values/strings-feedback.xml#L49
Android,body,feedback/feedback-impl,feedbackNegativeMainReasonPageSubtitle,,What is your frustration most related to?,,,,true,,false,apps/android/feedback/feedback-impl/src/main/res/values/strings-feedback.xml,50,https://github.com/duckduckgo/Android/blob/3edb33d3d26af73ee30d690af68ddfec6788cf8e/feedback/feedback-impl/src/main/res/values/strings-feedback.xml#L50
Android,body,feedback/feedback-impl,feedbackShareDetails,,Share Details,,,,true,,false,apps/android/feedback/feedback-impl/src/main/res/values/strings-feedback.xml,52,https://github.com/duckduckgo/Android/blob/3edb33d3d26af73ee30d690af68ddfec6788cf8e/feedback/feedback-impl/src/main/res/values/strings-feedback.xml#L52
Android,body,feedback/feedback-impl,whatHaveYouBeenEnjoying,,What have you been enjoying?,,,,true,,false,apps/android/feedback/feedback-impl/src/main/res/values/strings-feedback.xml,54,https://github.com/duckduckgo/Android/blob/3edb33d3d26af73ee30d690af68ddfec6788cf8e/feedback/feedback-impl/src/main/res/values/strings-feedback.xml#L54
Android,body,feedback/feedback-impl,awesomeToHear,,Awesome to Hear!,,,,true,,false,apps/android/feedback/feedback-impl/src/main/res/values/strings-feedback.xml,55,https://github.com/duckduckgo/Android/blob/3edb33d3d26af73ee30d690af68ddfec6788cf8e/feedback/feedback-impl/src/main/res/values/strings-feedback.xml#L55
Android,body,feedback/feedback-impl,shareTheLoveWithARating,,Please share the love by rating on the Play Store.,,,,true,,false,apps/android/feedback/feedback-impl/src/main/res/values/strings-feedback.xml,56,https://github.com/duckduckgo/Android/blob/3edb33d3d26af73ee30d690af68ddfec6788cf8e/feedback/feedback-impl/src/main/res/values/strings-feedback.xml#L56
Android,body,feedback/feedback-impl,whichBrokenSites,,Where are you seeing these issues?,,,,true,,false,apps/android/feedback/feedback-impl/src/main/res/values/strings-feedback.xml,59,https://github.com/duckduckgo/Android/blob/3edb33d3d26af73ee30d690af68ddfec6788cf8e/feedback/feedback-impl/src/main/res/values/strings-feedback.xml#L59
Android,body,feedback/feedback-impl,feedbackInitialDisambiguationSubtitle,,How would you categorize your feedback?,,,,true,,false,apps/android/feedback/feedback-impl/src/main/res/values/strings-feedback.xml,63,https://github.com/duckduckgo/Android/blob/3edb33d3d26af73ee30d690af68ddfec6788cf8e/feedback/feedback-impl/src/main/res/values/strings-feedback.xml#L63
Android,body,feedback/feedback-impl,feedbackIsImportantToUs,,Your anonymous feedback is important to us.,,,,true,,false,apps/android/feedback/feedback-impl/src/main/res/values/strings-feedback.xml,66,https://github.com/duckduckgo/Android/blob/3edb33d3d26af73ee30d690af68ddfec6788cf8e/feedback/feedback-impl/src/main/res/values/strings-feedback.xml#L66
Android,body,macos/macos-impl,macos_description_text,,"DuckDuckGo for Mac has the speed you need, the browser features you expect, and comes packed with our best-in-class privacy essentials.\n\nOn your Mac, go to:",,,,true,,false,apps/android/macos/macos-impl/src/main/res/values/strings-macos-waitlist.xml,24,https://github.com/duckduckgo/Android/blob/3edb33d3d26af73ee30d690af68ddfec6788cf8e/macos/macos-impl/src/main/res/values/strings-macos-waitlist.xml#L24
Android,body,macos/macos-impl,macos_share_text,,Ready to start browsing privately on Mac?\n\nVisit this URL on your Mac to download:\nhttps://duckduckgo.com/mac?origin=funnel_browser_android_settings,,,,true,,false,apps/android/macos/macos-impl/src/main/res/values/strings-macos-waitlist.xml,26,https://github.com/duckduckgo/Android/blob/3edb33d3d26af73ee30d690af68ddfec6788cf8e/macos/macos-impl/src/main/res/values/strings-macos-waitlist.xml#L26
Android,body,macos/macos-impl,macos_waitlist_footer,,You won't need to share any personal information to join the waitlist. You'll secure your place in line with a timestamp that exists solely on your device so we can notify you when it's your turn.,,,,true,,false,apps/android/macos/macos-impl/src/main/res/values/strings-macos-waitlist.xml,29,https://github.com/duckduckgo/Android/blob/3edb33d3d26af73ee30d690af68ddfec6788cf8e/macos/macos-impl/src/main/res/values/strings-macos-waitlist.xml#L29
Android,body,network-protection/network-protection-impl,subscriptionOnboardingVpnHeaderText,,"Connect to secure all of your device's internet traffic. <annotation type=""learn_more_link"">Learn More</annotation>",,Subscription onboarding - VPN step (placeholder copy),,false,,false,apps/android/network-protection/network-protection-impl/src/main/res/values/donottranslate.xml,22,https://github.com/duckduckgo/Android/blob/3edb33d3d26af73ee30d690af68ddfec6788cf8e/network-protection/network-protection-impl/src/main/res/values/donottranslate.xml#L22
Android,body,network-protection/network-protection-impl,subscriptionOnboardingVpnOffIpAddressInfo,,"When the VPN is off, sites and apps can see this info and use it to connect your activity across sessions.",,Subscription onboarding - VPN step (placeholder copy),,false,,false,apps/android/network-protection/network-protection-impl/src/main/res/values/donottranslate.xml,24,https://github.com/duckduckgo/Android/blob/3edb33d3d26af73ee30d690af68ddfec6788cf8e/network-protection/network-protection-impl/src/main/res/values/donottranslate.xml#L24
Android,body,network-protection/network-protection-impl,subscriptionOnboardingVpnHeaderTextOn,,"All device internet traffic is being secured through the VPN. <annotation type=""learn_more_link"">Learn More</annotation>",,"Subscription onboarding - VPN step, ""On"" state",,false,,false,apps/android/network-protection/network-protection-impl/src/main/res/values/donottranslate.xml,34,https://github.com/duckduckgo/Android/blob/3edb33d3d26af73ee30d690af68ddfec6788cf8e/network-protection/network-protection-impl/src/main/res/values/donottranslate.xml#L34
Android,body,network-protection/network-protection-impl,subscriptionOnboardingVpnOnIpAddressInfo,,"When the VPN is on, sites and apps see your new IP instead, helping keep your activity anonymous.",,"Subscription onboarding - VPN step, ""On"" state",,false,,false,apps/android/network-protection/network-protection-impl/src/main/res/values/donottranslate.xml,37,https://github.com/duckduckgo/Android/blob/3edb33d3d26af73ee30d690af68ddfec6788cf8e/network-protection/network-protection-impl/src/main/res/values/donottranslate.xml#L37
Android,body,network-protection/network-protection-impl,subscriptionOnboardingVpnInfoGotIt,,Got It,,"Subscription onboarding - VPN step, ""what to know"" info page",,false,,false,apps/android/network-protection/network-protection-impl/src/main/res/values/donottranslate.xml,46,https://github.com/duckduckgo/Android/blob/3edb33d3d26af73ee30d690af68ddfec6788cf8e/network-protection/network-protection-impl/src/main/res/values/donottranslate.xml#L46
Android,body,network-protection/network-protection-impl,subscriptionOnboardingVpnInfoNoCapsText,,"Stream, download, game, use as much data as you want. Unlike other VPNs, we only throttle connections to prevent abuse or network errors.",,"Subscription onboarding - VPN step, ""what to know"" info page",,false,,false,apps/android/network-protection/network-protection-impl/src/main/res/values/donottranslate.xml,48,https://github.com/duckduckgo/Android/blob/3edb33d3d26af73ee30d690af68ddfec6788cf8e/network-protection/network-protection-impl/src/main/res/values/donottranslate.xml#L48
Android,body,network-protection/network-protection-impl,subscriptionOnboardingVpnInfoSpeedsText,,Routing internet traffic through VPNs can cause speed differences. DuckDuckGo VPN is designed to make speed issues imperceptible for most browsing.,,"Subscription onboarding - VPN step, ""what to know"" info page",,false,,false,apps/android/network-protection/network-protection-impl/src/main/res/values/donottranslate.xml,50,https://github.com/duckduckgo/Android/blob/3edb33d3d26af73ee30d690af68ddfec6788cf8e/network-protection/network-protection-impl/src/main/res/values/donottranslate.xml#L50
Android,body,network-protection/network-protection-impl,subscriptionOnboardingVpnInfoBlockText,,"No matter which VPN you use, you'll need to turn it off to use certain sites and apps. For example, banking apps may block VPNs to help prevent fraudulent activity.",,"Subscription onboarding - VPN step, ""what to know"" info page",,false,,false,apps/android/network-protection/network-protection-impl/src/main/res/values/donottranslate.xml,52,https://github.com/duckduckgo/Android/blob/3edb33d3d26af73ee30d690af68ddfec6788cf8e/network-protection/network-protection-impl/src/main/res/values/donottranslate.xml#L52
Android,body,network-protection/network-protection-impl,netpManagementDescriptionOff,,Connect to secure all of your device’s Internet traffic.,,,,true,,false,apps/android/network-protection/network-protection-impl/src/main/res/values/strings-netp.xml,23,https://github.com/duckduckgo/Android/blob/3edb33d3d26af73ee30d690af68ddfec6788cf8e/network-protection/network-protection-impl/src/main/res/values/strings-netp.xml#L23
Android,body,network-protection/network-protection-impl,netpManagementDescriptionOn,,All device Internet traffic is being secured through the VPN.,,,,true,,false,apps/android/network-protection/network-protection-impl/src/main/res/values/strings-netp.xml,24,https://github.com/duckduckgo/Android/blob/3edb33d3d26af73ee30d690af68ddfec6788cf8e/network-protection/network-protection-impl/src/main/res/values/strings-netp.xml#L24
Android,body,network-protection/network-protection-impl,netpManagementToggleSubtitleConnecting,,Connecting…,,,,true,,false,apps/android/network-protection/network-protection-impl/src/main/res/values/strings-netp.xml,26,https://github.com/duckduckgo/Android/blob/3edb33d3d26af73ee30d690af68ddfec6788cf8e/network-protection/network-protection-impl/src/main/res/values/strings-netp.xml#L26
Android,body,network-protection/network-protection-impl,netpManagementToggleSubtitleConnected,,Connected · %1$s,Placeholder is elapsed time in hh:MM:ss format.,,%1$s,true,,false,apps/android/network-protection/network-protection-impl/src/main/res/values/strings-netp.xml,27,https://github.com/duckduckgo/Android/blob/3edb33d3d26af73ee30d690af68ddfec6788cf8e/network-protection/network-protection-impl/src/main/res/values/strings-netp.xml#L27
Android,body,network-protection/network-protection-impl,netpManagementToggleSubtitleDisconnected,,Not connected,,,,true,,false,apps/android/network-protection/network-protection-impl/src/main/res/values/strings-netp.xml,28,https://github.com/duckduckgo/Android/blob/3edb33d3d26af73ee30d690af68ddfec6788cf8e/network-protection/network-protection-impl/src/main/res/values/strings-netp.xml#L28
Android,body,network-protection/network-protection-impl,netpManagementBetaDescription,,"DuckDuckGo VPN is currently in beta. <annotation type=""report_issues_link"">Share feedback</annotation> to help us improve!",,,,true,,false,apps/android/network-protection/network-protection-impl/src/main/res/values/strings-netp.xml,29,https://github.com/duckduckgo/Android/blob/3edb33d3d26af73ee30d690af68ddfec6788cf8e/network-protection/network-protection-impl/src/main/res/values/strings-netp.xml#L29
Android,body,network-protection/network-protection-impl,netpManagementExcludeAppPromptSubtitle,,You can exclude apps from the VPN without turning the VPN off.,,Exclude App Prompt,,true,,false,apps/android/network-protection/network-protection-impl/src/main/res/values/strings-netp.xml,33,https://github.com/duckduckgo/Android/blob/3edb33d3d26af73ee30d690af68ddfec6788cf8e/network-protection/network-protection-impl/src/main/res/values/strings-netp.xml#L33
Android,body,network-protection/network-protection-impl,netpManagementConnectionDetailsIp,,IP Address,,Connection details,,true,,false,apps/android/network-protection/network-protection-impl/src/main/res/values/strings-netp.xml,47,https://github.com/duckduckgo/Android/blob/3edb33d3d26af73ee30d690af68ddfec6788cf8e/network-protection/network-protection-impl/src/main/res/values/strings-netp.xml#L47
Android,body,network-protection/network-protection-impl,netpManagementConnectionDetailsDns,,DNS Server,,Connection details,,true,,false,apps/android/network-protection/network-protection-impl/src/main/res/values/strings-netp.xml,48,https://github.com/duckduckgo/Android/blob/3edb33d3d26af73ee30d690af68ddfec6788cf8e/network-protection/network-protection-impl/src/main/res/values/strings-netp.xml#L48
Android,body,network-protection/network-protection-impl,netpManagementConnectionDetailsDataVolume,,Data Volume,,Connection details,,true,,false,apps/android/network-protection/network-protection-impl/src/main/res/values/strings-netp.xml,49,https://github.com/duckduckgo/Android/blob/3edb33d3d26af73ee30d690af68ddfec6788cf8e/network-protection/network-protection-impl/src/main/res/values/strings-netp.xml#L49
Android,body,network-protection/network-protection-impl,netpVpnConflictMessage,,Android only allows one active VPN connection at a time. Enabling DuckDuckGo VPN may disconnect any active VPN on your device.,,VPN conflict,,true,,false,apps/android/network-protection/network-protection-impl/src/main/res/values/strings-netp.xml,57,https://github.com/duckduckgo/Android/blob/3edb33d3d26af73ee30d690af68ddfec6788cf8e/network-protection/network-protection-impl/src/main/res/values/strings-netp.xml#L57
Android,body,network-protection/network-protection-impl,netpAlwaysOnVpnConflictMessage,,Android only allows one active VPN connection at a time. Open Network settings > VPN. Find the VPN app that’s “always-on” and disable it to continue.,,Always on,,true,,false,apps/android/network-protection/network-protection-impl/src/main/res/values/strings-netp.xml,62,https://github.com/duckduckgo/Android/blob/3edb33d3d26af73ee30d690af68ddfec6788cf8e/network-protection/network-protection-impl/src/main/res/values/strings-netp.xml#L62
Android,body,network-protection/network-protection-impl,netpAlwaysOnPromotionBody,,Go to your device’s VPN Settings for DuckDuckGo and enable <b>Always-on VPN</b> to prevent Android disabling protection.\n\nMake sure to leave the other setting OFF.,,Always on,,true,,false,apps/android/network-protection/network-protection-impl/src/main/res/values/strings-netp.xml,68,https://github.com/duckduckgo/Android/blob/3edb33d3d26af73ee30d690af68ddfec6788cf8e/network-protection/network-protection-impl/src/main/res/values/strings-netp.xml#L68
Android,body,network-protection/network-protection-impl,netpAlwaysOnLockdownBody,,"To avoid app issues, go to your device's <b>VPN Settings for DuckDuckGo</b> and disable <b>Block connections without VPN.</b>",,Always on,,true,,false,apps/android/network-protection/network-protection-impl/src/main/res/values/strings-netp.xml,69,https://github.com/duckduckgo/Android/blob/3edb33d3d26af73ee30d690af68ddfec6788cf8e/network-protection/network-protection-impl/src/main/res/values/strings-netp.xml#L69
Android,body,network-protection/network-protection-impl,netpBannerVpnRevoked,,<b>The VPN is disabled.</b>\nA VPN app on your device may have disabled it. Use the toggle to re-enable.,,Always on,,true,,false,apps/android/network-protection/network-protection-impl/src/main/res/values/strings-netp.xml,71,https://github.com/duckduckgo/Android/blob/3edb33d3d26af73ee30d690af68ddfec6788cf8e/network-protection/network-protection-impl/src/main/res/values/strings-netp.xml#L71
Android,body,network-protection/network-protection-impl,netpBannerAlwaysOnLockDownEnabled,,"<b>Action required!</b> To avoid app issues, you need to change your Android settings. <annotation type=""open_settings_link"">Change settings</annotation>",,Always on,,true,,false,apps/android/network-protection/network-protection-impl/src/main/res/values/strings-netp.xml,72,https://github.com/duckduckgo/Android/blob/3edb33d3d26af73ee30d690af68ddfec6788cf8e/network-protection/network-protection-impl/src/main/res/values/strings-netp.xml#L72
Android,body,network-protection/network-protection-impl,netpReportBreakageCategoryContent,,Content loads slowly,,Breakage reporting,,true,,false,apps/android/network-protection/network-protection-impl/src/main/res/values/strings-netp.xml,78,https://github.com/duckduckgo/Android/blob/3edb33d3d26af73ee30d690af68ddfec6788cf8e/network-protection/network-protection-impl/src/main/res/values/strings-netp.xml#L78
Android,body,network-protection/network-protection-impl,netpBetaDisclaimerFooter,,DuckDuckGo VPN is free to use during beta.,,Breakage reporting,,true,,false,apps/android/network-protection/network-protection-impl/src/main/res/values/strings-netp.xml,84,https://github.com/duckduckgo/Android/blob/3edb33d3d26af73ee30d690af68ddfec6788cf8e/network-protection/network-protection-impl/src/main/res/values/strings-netp.xml#L84
Android,body,network-protection/network-protection-impl,netpManagementManageItemExclusionSubtitleEmpty,,None,,Manage,,true,,false,apps/android/network-protection/network-protection-impl/src/main/res/values/strings-netp.xml,89,https://github.com/duckduckgo/Android/blob/3edb33d3d26af73ee30d690af68ddfec6788cf8e/network-protection/network-protection-impl/src/main/res/values/strings-netp.xml#L89
Android,body,network-protection/network-protection-impl,netpManagementManageItemExclusionSubtitleAppCount,plural:one,%1$d app,,Manage,%1$d,true,,false,apps/android/network-protection/network-protection-impl/src/main/res/values/strings-netp.xml,90,https://github.com/duckduckgo/Android/blob/3edb33d3d26af73ee30d690af68ddfec6788cf8e/network-protection/network-protection-impl/src/main/res/values/strings-netp.xml#L90
Android,body,network-protection/network-protection-impl,netpManagementManageItemExclusionSubtitleAppCount,plural:other,%1$d apps,,Manage,%1$d,true,,false,apps/android/network-protection/network-protection-impl/src/main/res/values/strings-netp.xml,90,https://github.com/duckduckgo/Android/blob/3edb33d3d26af73ee30d690af68ddfec6788cf8e/network-protection/network-protection-impl/src/main/res/values/strings-netp.xml#L90
Android,body,network-protection/network-protection-impl,netpManageRecentAppsProtectionAllowUnrestrictedBattByline,,"In App Battery Settings, allow Unrestricted usage to prevent Android from disabling the VPN in the background",,VPN settings,,true,,false,apps/android/network-protection/network-protection-impl/src/main/res/values/strings-netp.xml,104,https://github.com/duckduckgo/Android/blob/3edb33d3d26af73ee30d690af68ddfec6788cf8e/network-protection/network-protection-impl/src/main/res/values/strings-netp.xml#L104
Android,body,network-protection/network-protection-impl,netpManageRecentAppsProtectionUnrestrictedBattByline,,"In App Battery Settings, this prevents Android from disabling the VPN in the background",,VPN settings,,true,,false,apps/android/network-protection/network-protection-impl/src/main/res/values/strings-netp.xml,106,https://github.com/duckduckgo/Android/blob/3edb33d3d26af73ee30d690af68ddfec6788cf8e/network-protection/network-protection-impl/src/main/res/values/strings-netp.xml#L106
Android,body,network-protection/network-protection-impl,netpVpnSettingsPauseDuringCallsByline,,Temporarily snooze the VPN when Wi-Fi calls are in progress and automatically reconnect after,,VPN settings,,true,,false,apps/android/network-protection/network-protection-impl/src/main/res/values/strings-netp.xml,120,https://github.com/duckduckgo/Android/blob/3edb33d3d26af73ee30d690af68ddfec6788cf8e/network-protection/network-protection-impl/src/main/res/values/strings-netp.xml#L120
Android,body,network-protection/network-protection-impl,netpGrantPhonePermissionByline,,"To enable this setting, you need to let DuckDuckGo make and manage phone calls via system settings.",,Pause during calls,,true,,false,apps/android/network-protection/network-protection-impl/src/main/res/values/strings-netp.xml,124,https://github.com/duckduckgo/Android/blob/3edb33d3d26af73ee30d690af68ddfec6788cf8e/network-protection/network-protection-impl/src/main/res/values/strings-netp.xml#L124
Android,body,network-protection/network-protection-impl,netpExclusionListRestoreDefaultsMessage,,This will update your custom protection settings and enable the VPN for all apps. You can always change your protection settings again later.,,Exclusion list,,true,,false,apps/android/network-protection/network-protection-impl/src/main/res/values/strings-netp.xml,151,https://github.com/duckduckgo/Android/blob/3edb33d3d26af73ee30d690af68ddfec6788cf8e/network-protection/network-protection-impl/src/main/res/values/strings-netp.xml#L151
Android,body,network-protection/network-protection-impl,netpExclusionListRestoreDefaultsDisclaimer,,Enabling protection sends the app's name to DuckDuckGo.,,Exclusion list,,true,,false,apps/android/network-protection/network-protection-impl/src/main/res/values/strings-netp.xml,153,https://github.com/duckduckgo/Android/blob/3edb33d3d26af73ee30d690af68ddfec6788cf8e/network-protection/network-protection-impl/src/main/res/values/strings-netp.xml#L153
Android,body,network-protection/network-protection-impl,netpExclusionListWarningMessage,,"Internet traffic, including background connections, used by this group of apps won't be protected by the VPN. Consider re-enabling if this doesn't fix the issue to prevent unexpected data leaks.",,System apps exclusion list,,true,,false,apps/android/network-protection/network-protection-impl/src/main/res/values/strings-netp.xml,158,https://github.com/duckduckgo/Android/blob/3edb33d3d26af73ee30d690af68ddfec6788cf8e/network-protection/network-protection-impl/src/main/res/values/strings-netp.xml#L158
Android,body,network-protection/network-protection-impl,netpFaqQuestionOne,,How does DuckDuckGo VPN work?,,FAQS,,true,,false,apps/android/network-protection/network-protection-impl/src/main/res/values/strings-netp.xml,168,https://github.com/duckduckgo/Android/blob/3edb33d3d26af73ee30d690af68ddfec6788cf8e/network-protection/network-protection-impl/src/main/res/values/strings-netp.xml#L168
Android,body,network-protection/network-protection-impl,netpFaqAnswerOne,,"The VPN uses the open source WireGuard protocol to configure a virtual private network (VPN) on your device. When enabled, all of your device traffic is first encrypted and then routed through the nearest VPN server to protect your browsing activity from Internet service providers and hide your location from apps and sites you visit.",,FAQS,,true,,false,apps/android/network-protection/network-protection-impl/src/main/res/values/strings-netp.xml,169,https://github.com/duckduckgo/Android/blob/3edb33d3d26af73ee30d690af68ddfec6788cf8e/network-protection/network-protection-impl/src/main/res/values/strings-netp.xml#L169
Android,body,network-protection/network-protection-impl,netpFaqQuestionTwo,,Is only my web browsing protected?,,FAQS,,true,,false,apps/android/network-protection/network-protection-impl/src/main/res/values/strings-netp.xml,170,https://github.com/duckduckgo/Android/blob/3edb33d3d26af73ee30d690af68ddfec6788cf8e/network-protection/network-protection-impl/src/main/res/values/strings-netp.xml#L170
Android,body,network-protection/network-protection-impl,netpFaqAnswerTwo,,All of the network activity on your device is protected.,,FAQS,,true,,false,apps/android/network-protection/network-protection-impl/src/main/res/values/strings-netp.xml,171,https://github.com/duckduckgo/Android/blob/3edb33d3d26af73ee30d690af68ddfec6788cf8e/network-protection/network-protection-impl/src/main/res/values/strings-netp.xml#L171
Android,body,network-protection/network-protection-impl,netpFaqQuestionThree,,Does DuckDuckGo keep logs of my data?,,FAQS,,true,,false,apps/android/network-protection/network-protection-impl/src/main/res/values/strings-netp.xml,172,https://github.com/duckduckgo/Android/blob/3edb33d3d26af73ee30d690af68ddfec6788cf8e/network-protection/network-protection-impl/src/main/res/values/strings-netp.xml#L172
Android,body,network-protection/network-protection-impl,netpFaqAnswerThree,,"No, we do not store logs.",,FAQS,,true,,false,apps/android/network-protection/network-protection-impl/src/main/res/values/strings-netp.xml,173,https://github.com/duckduckgo/Android/blob/3edb33d3d26af73ee30d690af68ddfec6788cf8e/network-protection/network-protection-impl/src/main/res/values/strings-netp.xml#L173
Android,body,network-protection/network-protection-impl,netpFaqQuestionFour,,Where are the VPN servers located?,,FAQS,,true,,false,apps/android/network-protection/network-protection-impl/src/main/res/values/strings-netp.xml,174,https://github.com/duckduckgo/Android/blob/3edb33d3d26af73ee30d690af68ddfec6788cf8e/network-protection/network-protection-impl/src/main/res/values/strings-netp.xml#L174
Android,body,network-protection/network-protection-impl,netpFaqAnswerFour,,"DuckDuckGo offers a limited number of servers while DuckDuckGo VPN is in beta, located in the United States, Canada, and Europe.",,FAQS,,true,,false,apps/android/network-protection/network-protection-impl/src/main/res/values/strings-netp.xml,175,https://github.com/duckduckgo/Android/blob/3edb33d3d26af73ee30d690af68ddfec6788cf8e/network-protection/network-protection-impl/src/main/res/values/strings-netp.xml#L175
Android,body,network-protection/network-protection-impl,netpFaqQuestionSix,,Why do some apps not work when the VPN is on?,,FAQS,,true,,false,apps/android/network-protection/network-protection-impl/src/main/res/values/strings-netp.xml,176,https://github.com/duckduckgo/Android/blob/3edb33d3d26af73ee30d690af68ddfec6788cf8e/network-protection/network-protection-impl/src/main/res/values/strings-netp.xml#L176
Android,body,network-protection/network-protection-impl,netpFaqAnswerSix,,"Some websites and apps intentionally limit access to people using a VPN. For example, they may ask you to solve a CAPTCHA to ensure you're a real person instead of a bot. If you experience repeated issues with an app, you can exclude it from the VPN altogether under DuckDuckGo VPN settings.",,FAQS,,true,,false,apps/android/network-protection/network-protection-impl/src/main/res/values/strings-netp.xml,177,https://github.com/duckduckgo/Android/blob/3edb33d3d26af73ee30d690af68ddfec6788cf8e/network-protection/network-protection-impl/src/main/res/values/strings-netp.xml#L177
Android,body,network-protection/network-protection-impl,netpFaqQuestionSeven,,Why can't I dismiss VPN notifications?,,FAQS,,true,,false,apps/android/network-protection/network-protection-impl/src/main/res/values/strings-netp.xml,178,https://github.com/duckduckgo/Android/blob/3edb33d3d26af73ee30d690af68ddfec6788cf8e/network-protection/network-protection-impl/src/main/res/values/strings-netp.xml#L178
Android,body,network-protection/network-protection-impl,netpFaqAnswerSeven,,Android requires that VPNs show a persistent notification while the VPN is enabled.,,FAQS,,true,,false,apps/android/network-protection/network-protection-impl/src/main/res/values/strings-netp.xml,179,https://github.com/duckduckgo/Android/blob/3edb33d3d26af73ee30d690af68ddfec6788cf8e/network-protection/network-protection-impl/src/main/res/values/strings-netp.xml#L179
Android,body,network-protection/network-protection-impl,netpFaqQuestionEight,,Is the VPN compatible with App Tracking Protection?,,FAQS,,true,,false,apps/android/network-protection/network-protection-impl/src/main/res/values/strings-netp.xml,180,https://github.com/duckduckgo/Android/blob/3edb33d3d26af73ee30d690af68ddfec6788cf8e/network-protection/network-protection-impl/src/main/res/values/strings-netp.xml#L180
Android,body,network-protection/network-protection-impl,netpFaqAnswerEight,,"Yes, both the VPN and App Tracking Protection can be on at the same time. No other VPNs are compatible with DuckDuckGo App Tracking Protection.",,FAQS,,true,,false,apps/android/network-protection/network-protection-impl/src/main/res/values/strings-netp.xml,181,https://github.com/duckduckgo/Android/blob/3edb33d3d26af73ee30d690af68ddfec6788cf8e/network-protection/network-protection-impl/src/main/res/values/strings-netp.xml#L181
Android,body,network-protection/network-protection-impl,netpFaqQuestionNine,,Is the VPN free to use?,,FAQS,,true,,false,apps/android/network-protection/network-protection-impl/src/main/res/values/strings-netp.xml,182,https://github.com/duckduckgo/Android/blob/3edb33d3d26af73ee30d690af68ddfec6788cf8e/network-protection/network-protection-impl/src/main/res/values/strings-netp.xml#L182
Android,body,network-protection/network-protection-impl,netpFaqAnswerNine,,DuckDuckGo VPN is free to use while in beta. Eventually it will be offered as a paid service.,,FAQS,,true,,false,apps/android/network-protection/network-protection-impl/src/main/res/values/strings-netp.xml,183,https://github.com/duckduckgo/Android/blob/3edb33d3d26af73ee30d690af68ddfec6788cf8e/network-protection/network-protection-impl/src/main/res/values/strings-netp.xml#L183
Android,body,network-protection/network-protection-impl,netpUnsafeWifi,,Connected to unsafe WIFI.,,Notifications,,true,,false,apps/android/network-protection/network-protection-impl/src/main/res/values/strings-netp.xml,190,https://github.com/duckduckgo/Android/blob/3edb33d3d26af73ee30d690af68ddfec6788cf8e/network-protection/network-protection-impl/src/main/res/values/strings-netp.xml#L190
Android,body,network-protection/network-protection-impl,netpGeoswitchingDefaultSubtitle,,Automatically connect to the nearest server we can find,,Geoswitching,,true,,false,apps/android/network-protection/network-protection-impl/src/main/res/values/strings-netp.xml,200,https://github.com/duckduckgo/Android/blob/3edb33d3d26af73ee30d690af68ddfec6788cf8e/network-protection/network-protection-impl/src/main/res/values/strings-netp.xml#L200
Android,body,network-protection/network-protection-impl,netpGeoswitchingHeaderCountrySubtitle,,%1$d cities,Placeholder is a number greater than 1,Geoswitching,%1$d,true,,false,apps/android/network-protection/network-protection-impl/src/main/res/values/strings-netp.xml,202,https://github.com/duckduckgo/Android/blob/3edb33d3d26af73ee30d690af68ddfec6788cf8e/network-protection/network-protection-impl/src/main/res/values/strings-netp.xml#L202
Android,body,network-protection/network-protection-impl,netpDialogVpnAccessRevokedBody,,Subscribe to DuckDuckGo to reconnect the VPN.,,Access revoked,,true,,false,apps/android/network-protection/network-protection-impl/src/main/res/values/strings-netp.xml,206,https://github.com/duckduckgo/Android/blob/3edb33d3d26af73ee30d690af68ddfec6788cf8e/network-protection/network-protection-impl/src/main/res/values/strings-netp.xml#L206
Android,body,network-protection/network-protection-impl,netpVerifySubscriptionNoSubscription,,Oops! You don’t have any valid subscription.,,Susbcription,,true,,false,apps/android/network-protection/network-protection-impl/src/main/res/values/strings-netp.xml,213,https://github.com/duckduckgo/Android/blob/3edb33d3d26af73ee30d690af68ddfec6788cf8e/network-protection/network-protection-impl/src/main/res/values/strings-netp.xml#L213
Android,body,network-protection/network-protection-impl,netpVerifySubscriptionNoEntitlement,,Oops! Your subscription is not valid for DuckDuckGo VPN.,,Susbcription,,true,,false,apps/android/network-protection/network-protection-impl/src/main/res/values/strings-netp.xml,214,https://github.com/duckduckgo/Android/blob/3edb33d3d26af73ee30d690af68ddfec6788cf8e/network-protection/network-protection-impl/src/main/res/values/strings-netp.xml#L214
Android,body,network-protection/network-protection-impl,netpCustomDnsSettingText,,DNS Server,,Custom DNS,,true,,false,apps/android/network-protection/network-protection-impl/src/main/res/values/strings-netp.xml,221,https://github.com/duckduckgo/Android/blob/3edb33d3d26af73ee30d690af68ddfec6788cf8e/network-protection/network-protection-impl/src/main/res/values/strings-netp.xml#L221
Android,body,network-protection/network-protection-impl,netpCustomDnsPrivateDnsWarning,,"Private DNS is already specified in System DNS Settings. Turn off Private DNS to set a custom DNS for DuckDuckGo VPN. <annotation type=""open_settings_link"">Open System Settings</annotation>",,Custom DNS,,true,,false,apps/android/network-protection/network-protection-impl/src/main/res/values/strings-netp.xml,230,https://github.com/duckduckgo/Android/blob/3edb33d3d26af73ee30d690af68ddfec6788cf8e/network-protection/network-protection-impl/src/main/res/values/strings-netp.xml#L230
Android,body,network-protection/network-protection-impl,netpCustomDnsWarning,,Using a custom DNS server can impact browsing speeds and expose your activity to third parties if the server isn't secure or reliable.,,Custom DNS,,true,,false,apps/android/network-protection/network-protection-impl/src/main/res/values/strings-netp.xml,231,https://github.com/duckduckgo/Android/blob/3edb33d3d26af73ee30d690af68ddfec6788cf8e/network-protection/network-protection-impl/src/main/res/values/strings-netp.xml#L231
Android,body,network-protection/network-protection-impl,netpDdgDnsByLine,,DuckDuckGo routes DNS queries through our DNS servers so your internet provider can't see what websites you visit.,,Custom DNS,,true,,false,apps/android/network-protection/network-protection-impl/src/main/res/values/strings-netp.xml,232,https://github.com/duckduckgo/Android/blob/3edb33d3d26af73ee30d690af68ddfec6788cf8e/network-protection/network-protection-impl/src/main/res/values/strings-netp.xml#L232
Android,body,network-protection/network-protection-impl,netpDnsBlockMalwareByline,,"Block 150,000+ domains flagged for hosting malware, phishing attacks, and online scams with a DNS-level blocklist. <annotation type=""learn_more_link"">Learn More</annotation>",,Block malware DNS,,true,,false,apps/android/network-protection/network-protection-impl/src/main/res/values/strings-netp.xml,237,https://github.com/duckduckgo/Android/blob/3edb33d3d26af73ee30d690af68ddfec6788cf8e/network-protection/network-protection-impl/src/main/res/values/strings-netp.xml#L237
Android,body,network-protection/network-protection-impl,netpAutoExcludePromptMessage,,We found %1$s while the VPN is connected.,Placeholder is a phrase that contains a number,Auto-exclude,%1$s,true,,false,apps/android/network-protection/network-protection-impl/src/main/res/values/strings-netp.xml,242,https://github.com/duckduckgo/Android/blob/3edb33d3d26af73ee30d690af68ddfec6788cf8e/network-protection/network-protection-impl/src/main/res/values/strings-netp.xml#L242
Android,body,network-protection/network-protection-impl,netpExclusionListAutoExcludeDescription,,"Some apps, like banking or streaming apps, don't work well with VPNs. When this setting is enabled, we'll automatically exclude those apps.",,Auto-exclude,,true,,false,apps/android/network-protection/network-protection-impl/src/main/res/values/strings-netp.xml,258,https://github.com/duckduckgo/Android/blob/3edb33d3d26af73ee30d690af68ddfec6788cf8e/network-protection/network-protection-impl/src/main/res/values/strings-netp.xml#L258
Android,body,new-tab-page/new-tab-page-impl,newTabPageSettingsReorderMessage,,"Show, hide, and reorder sections on the new tab page",,,,false,,false,apps/android/new-tab-page/new-tab-page-impl/src/main/res/values/donottranslate.xml,24,https://github.com/duckduckgo/Android/blob/3edb33d3d26af73ee30d690af68ddfec6788cf8e/new-tab-page/new-tab-page-impl/src/main/res/values/donottranslate.xml#L24
Android,body,new-tab-page/new-tab-page-impl,newTabPageWelcomeMessage,,Customize your Favorites and go-to features. Reorder things or hide them to keep it clean.,,,,false,,false,apps/android/new-tab-page/new-tab-page-impl/src/main/res/values/donottranslate.xml,27,https://github.com/duckduckgo/Android/blob/3edb33d3d26af73ee30d690af68ddfec6788cf8e/new-tab-page/new-tab-page-impl/src/main/res/values/donottranslate.xml#L27
Android,body,pir/pir-impl,pirDashboardManualConfigWarning,,Warning: Broker config has been manually modified. Results may differ from production.,,,,false,,false,apps/android/pir/pir-impl/src/main/res/values/donottranslate.xml,25,https://github.com/duckduckgo/Android/blob/3edb33d3d26af73ee30d690af68ddfec6788cf8e/pir/pir-impl/src/main/res/values/donottranslate.xml#L25
Android,body,pir/pir-impl,pirOnboardingStepDescription,,"DuckDuckGo helps find and remove your personal info from data broker sites, fighting identity theft and spam.",,PIR subscription onboarding step,,false,,false,apps/android/pir/pir-impl/src/main/res/values/donottranslate.xml,29,https://github.com/duckduckgo/Android/blob/3edb33d3d26af73ee30d690af68ddfec6788cf8e/pir/pir-impl/src/main/res/values/donottranslate.xml#L29
Android,body,pir/pir-impl,pirOnboardingStepActivate,,Activate,,PIR subscription onboarding step,,false,,false,apps/android/pir/pir-impl/src/main/res/values/donottranslate.xml,30,https://github.com/duckduckgo/Android/blob/3edb33d3d26af73ee30d690af68ddfec6788cf8e/pir/pir-impl/src/main/res/values/donottranslate.xml#L30
Android,body,pir/pir-impl,pirOnboardingStepPlatformIos,,iOS,,PIR subscription onboarding step,,false,,false,apps/android/pir/pir-impl/src/main/res/values/donottranslate.xml,31,https://github.com/duckduckgo/Android/blob/3edb33d3d26af73ee30d690af68ddfec6788cf8e/pir/pir-impl/src/main/res/values/donottranslate.xml#L31
Android,body,pir/pir-impl,pirOnboardingStepPlatformAndroid,,Android,,PIR subscription onboarding step,,false,,false,apps/android/pir/pir-impl/src/main/res/values/donottranslate.xml,32,https://github.com/duckduckgo/Android/blob/3edb33d3d26af73ee30d690af68ddfec6788cf8e/pir/pir-impl/src/main/res/values/donottranslate.xml#L32
Android,body,pir/pir-impl,pirOnboardingStepPlatformMac,,Mac,,PIR subscription onboarding step,,false,,false,apps/android/pir/pir-impl/src/main/res/values/donottranslate.xml,33,https://github.com/duckduckgo/Android/blob/3edb33d3d26af73ee30d690af68ddfec6788cf8e/pir/pir-impl/src/main/res/values/donottranslate.xml#L33
Android,body,pir/pir-impl,pirOnboardingStepPlatformWindows,,Windows,,PIR subscription onboarding step,,false,,false,apps/android/pir/pir-impl/src/main/res/values/donottranslate.xml,34,https://github.com/duckduckgo/Android/blob/3edb33d3d26af73ee30d690af68ddfec6788cf8e/pir/pir-impl/src/main/res/values/donottranslate.xml#L34
Android,body,saved-sites/saved-sites-impl,favoriteDeleteConfirmationMessage,,Favorite removed,,New Tab Page,,false,,false,apps/android/saved-sites/saved-sites-impl/src/main/res/values/donottranslate.xml,26,https://github.com/duckduckgo/Android/blob/3edb33d3d26af73ee30d690af68ddfec6788cf8e/saved-sites/saved-sites-impl/src/main/res/values/donottranslate.xml#L26
Android,body,saved-sites/saved-sites-impl,sync_simplified_enable_option_favorites_subtitle,,Use the same favorite bookmarks on mobile and desktop.,,Sync settings screen,,true,,false,apps/android/saved-sites/saved-sites-impl/src/main/res/values/strings-saved-sites.xml,22,https://github.com/duckduckgo/Android/blob/3edb33d3d26af73ee30d690af68ddfec6788cf8e/saved-sites/saved-sites-impl/src/main/res/values/strings-saved-sites.xml#L22
Android,body,saved-sites/saved-sites-impl,saved_site_limit_warning,,"<b>Sync Paused</b>\nYou've reached the maximum number of bookmarks. Please delete some to resume sync.\n\n<annotation type=""manage_bookmarks"">Manage Bookmarks</annotation>",,Sync settings screen,,true,,false,apps/android/saved-sites/saved-sites-impl/src/main/res/values/strings-saved-sites.xml,23,https://github.com/duckduckgo/Android/blob/3edb33d3d26af73ee30d690af68ddfec6788cf8e/saved-sites/saved-sites-impl/src/main/res/values/strings-saved-sites.xml#L23
Android,body,saved-sites/saved-sites-impl,saved_site_limit_warning_notif,,<b>Bookmark Sync is Paused</b>\nYou've reached the maximum number of bookmarks. Please delete some bookmarks to resume sync.,,Sync settings screen,,true,,false,apps/android/saved-sites/saved-sites-impl/src/main/res/values/strings-saved-sites.xml,24,https://github.com/duckduckgo/Android/blob/3edb33d3d26af73ee30d690af68ddfec6788cf8e/saved-sites/saved-sites-impl/src/main/res/values/strings-saved-sites.xml#L24
Android,body,saved-sites/saved-sites-impl,bookmarkDeleteConfirmationMessage,,Deleted <b>%1$s</b>,Placeholder is the title of the bookmark,Bookmarks Activity,%1$s,true,,false,apps/android/saved-sites/saved-sites-impl/src/main/res/values/strings-saved-sites.xml,44,https://github.com/duckduckgo/Android/blob/3edb33d3d26af73ee30d690af68ddfec6788cf8e/saved-sites/saved-sites-impl/src/main/res/values/strings-saved-sites.xml#L44
Android,body,saved-sites/saved-sites-impl,exportBookmarksEmpty,,"You don't have bookmarks, nothing will be exported",,Bookmarks Activity,,true,,false,apps/android/saved-sites/saved-sites-impl/src/main/res/values/strings-saved-sites.xml,46,https://github.com/duckduckgo/Android/blob/3edb33d3d26af73ee30d690af68ddfec6788cf8e/saved-sites/saved-sites-impl/src/main/res/values/strings-saved-sites.xml#L46
Android,body,saved-sites/saved-sites-impl,popupBookmarksPreventReordering,,Switch to manual sorting to rearrange bookmarks.,,Bookmarks Activity,,true,,false,apps/android/saved-sites/saved-sites-impl/src/main/res/values/strings-saved-sites.xml,63,https://github.com/duckduckgo/Android/blob/3edb33d3d26af73ee30d690af68ddfec6788cf8e/saved-sites/saved-sites-impl/src/main/res/values/strings-saved-sites.xml#L63
Android,body,saved-sites/saved-sites-impl,bookmarkFolderDeleteDialogMessage,,Are you sure you want to delete ,,Bookmark folders,,true,,false,apps/android/saved-sites/saved-sites-impl/src/main/res/values/strings-saved-sites.xml,73,https://github.com/duckduckgo/Android/blob/3edb33d3d26af73ee30d690af68ddfec6788cf8e/saved-sites/saved-sites-impl/src/main/res/values/strings-saved-sites.xml#L73
Android,body,saved-sites/saved-sites-impl,bookmarkFolderDeleteDialogMessage,plural:one,%1$s%2$s and %3$d item?,,Bookmark folders,%1$s %2$s %3$d,true,,false,apps/android/saved-sites/saved-sites-impl/src/main/res/values/strings-saved-sites.xml,75,https://github.com/duckduckgo/Android/blob/3edb33d3d26af73ee30d690af68ddfec6788cf8e/saved-sites/saved-sites-impl/src/main/res/values/strings-saved-sites.xml#L75
Android,body,saved-sites/saved-sites-impl,bookmarkFolderDeleteDialogMessage,plural:other,%1$s%2$s and %3$d items?,,Bookmark folders,%1$s %2$s %3$d,true,,false,apps/android/saved-sites/saved-sites-impl/src/main/res/values/strings-saved-sites.xml,75,https://github.com/duckduckgo/Android/blob/3edb33d3d26af73ee30d690af68ddfec6788cf8e/saved-sites/saved-sites-impl/src/main/res/values/strings-saved-sites.xml#L75
Android,body,saved-sites/saved-sites-impl,importBookmarksDescription,,"If your bookmarks are saved in another browser, you\ncan import them into DuckDuckGo.",,Bookmarks,,true,,false,apps/android/saved-sites/saved-sites-impl/src/main/res/values/strings-saved-sites.xml,90,https://github.com/duckduckgo/Android/blob/3edb33d3d26af73ee30d690af68ddfec6788cf8e/saved-sites/saved-sites-impl/src/main/res/values/strings-saved-sites.xml#L90
Android,body,saved-sites/saved-sites-impl,bookmarkFolderDeleteMessage,plural:one,Are you sure you want to delete this folder and %1$d item?,,Bookmarks,%1$d,true,,false,apps/android/saved-sites/saved-sites-impl/src/main/res/values/strings-saved-sites.xml,95,https://github.com/duckduckgo/Android/blob/3edb33d3d26af73ee30d690af68ddfec6788cf8e/saved-sites/saved-sites-impl/src/main/res/values/strings-saved-sites.xml#L95
Android,body,saved-sites/saved-sites-impl,bookmarkFolderDeleteMessage,plural:other,Are you sure you want to delete this folder and %1$d items?,,Bookmarks,%1$d,true,,false,apps/android/saved-sites/saved-sites-impl/src/main/res/values/strings-saved-sites.xml,95,https://github.com/duckduckgo/Android/blob/3edb33d3d26af73ee30d690af68ddfec6788cf8e/saved-sites/saved-sites-impl/src/main/res/values/strings-saved-sites.xml#L95
Android,body,saved-sites/saved-sites-impl,deleteBookmarkConfirmationDescription,,Are you sure you want to delete your bookmark for <b>%1$s</b>?,Placeholder is the name of the bookmark,Bookmarks,%1$s,true,,false,apps/android/saved-sites/saved-sites-impl/src/main/res/values/strings-saved-sites.xml,99,https://github.com/duckduckgo/Android/blob/3edb33d3d26af73ee30d690af68ddfec6788cf8e/saved-sites/saved-sites-impl/src/main/res/values/strings-saved-sites.xml#L99
Android,body,saved-sites/saved-sites-impl,sync_simplified_fetch_icons_subtitle,,Loads icons from websites you’ve bookmarked. Icon downloads are exposed to your network.,,Sync Favicons,,true,,false,apps/android/saved-sites/saved-sites-impl/src/main/res/values/strings-saved-sites.xml,103,https://github.com/duckduckgo/Android/blob/3edb33d3d26af73ee30d690af68ddfec6788cf8e/saved-sites/saved-sites-impl/src/main/res/values/strings-saved-sites.xml#L103
Android,body,saved-sites/saved-sites-impl,faviconsPromptMessage,,Do you want this device to automatically download icons for synced bookmarks from the bookmarked websites?,,Sync Favicons,,true,,false,apps/android/saved-sites/saved-sites-impl/src/main/res/values/strings-saved-sites.xml,105,https://github.com/duckduckgo/Android/blob/3edb33d3d26af73ee30d690af68ddfec6788cf8e/saved-sites/saved-sites-impl/src/main/res/values/strings-saved-sites.xml#L105
Android,body,saved-sites/saved-sites-impl,deleteBookmarkConfirmationDialogDescription,,This will delete your bookmark for <b>%1$s</b>.,Placeholder is the name of the bookmark,"Edit Saved Site screen, ""Delete Saved Site"" confirmation prompt",%1$s,true,,false,apps/android/saved-sites/saved-sites-impl/src/main/res/values/strings-saved-sites.xml,111,https://github.com/duckduckgo/Android/blob/3edb33d3d26af73ee30d690af68ddfec6788cf8e/saved-sites/saved-sites-impl/src/main/res/values/strings-saved-sites.xml#L111
Android,body,saved-sites/saved-sites-impl,deleteFavoriteConfirmationDialogDescription,,This will delete your favorite for <b>%1$s</b>.,Placeholder is the name of the favorite site,"Edit Saved Site screen, ""Delete Saved Site"" confirmation prompt",%1$s,true,,false,apps/android/saved-sites/saved-sites-impl/src/main/res/values/strings-saved-sites.xml,113,https://github.com/duckduckgo/Android/blob/3edb33d3d26af73ee30d690af68ddfec6788cf8e/saved-sites/saved-sites-impl/src/main/res/values/strings-saved-sites.xml#L113
Android,body,saved-sites/saved-sites-impl,deleteBookmarkFolderConfirmationDialogDescription,,This will delete your <b>%1$s</b> bookmark folder.,Placeholder is the name of the favorite site,"Edit Saved Site screen, ""Delete Saved Site"" confirmation prompt",%1$s,true,,false,apps/android/saved-sites/saved-sites-impl/src/main/res/values/strings-saved-sites.xml,115,https://github.com/duckduckgo/Android/blob/3edb33d3d26af73ee30d690af68ddfec6788cf8e/saved-sites/saved-sites-impl/src/main/res/values/strings-saved-sites.xml#L115
Android,body,saved-sites/saved-sites-impl,importBookmarksFromGooglePreImportDialogInstruction,,Google may ask you to sign in or enter your password to confirm.,,Bookmark Import,,true,,false,apps/android/saved-sites/saved-sites-impl/src/main/res/values/strings-saved-sites.xml,121,https://github.com/duckduckgo/Android/blob/3edb33d3d26af73ee30d690af68ddfec6788cf8e/saved-sites/saved-sites-impl/src/main/res/values/strings-saved-sites.xml#L121
Android,body,serp-logos/serp-logos-impl,serpLogoDiscoveryText,,You found a hidden logo!,,,,true,,false,apps/android/serp-logos/serp-logos-impl/src/main/res/values/strings-serp-logos.xml,25,https://github.com/duckduckgo/Android/blob/3edb33d3d26af73ee30d690af68ddfec6788cf8e/serp-logos/serp-logos-impl/src/main/res/values/strings-serp-logos.xml#L25
Android,body,site-permissions/site-permissions-impl,drmSitePermissionDialogSubtitle,,"If you pick ""Deny"" videos on the site may become unplayable, but %1$s will not have access to device identifiers provided by DRM software. You can manage permissions at any time in Settings. <annotation type=""drm_learn_more_link"">Learn More</annotation>",Placeholder is the name of a website,DRM Permission,%1$s,true,,false,apps/android/site-permissions/site-permissions-impl/src/main/res/values/strings-site-permissions.xml,22,https://github.com/duckduckgo/Android/blob/3edb33d3d26af73ee30d690af68ddfec6788cf8e/site-permissions/site-permissions-impl/src/main/res/values/strings-site-permissions.xml#L22
Android,body,site-permissions/site-permissions-impl,preciseLocationDDGDialogSubtitle,,"We only use your anonymous location to deliver better results, closer to you. You can manage the location access permissions you’ve granted to individual sites in Settings.",,Location Permission,,true,,false,apps/android/site-permissions/site-permissions-impl/src/main/res/values/strings-site-permissions.xml,31,https://github.com/duckduckgo/Android/blob/3edb33d3d26af73ee30d690af68ddfec6788cf8e/site-permissions/site-permissions-impl/src/main/res/values/strings-site-permissions.xml#L31
Android,body,site-permissions/site-permissions-impl,preciseLocationSiteDialogSubtitle,,You can manage the location access permissions you’ve granted to individual sites in Settings.,,Location Permission,,true,,false,apps/android/site-permissions/site-permissions-impl/src/main/res/values/strings-site-permissions.xml,32,https://github.com/duckduckgo/Android/blob/3edb33d3d26af73ee30d690af68ddfec6788cf8e/site-permissions/site-permissions-impl/src/main/res/values/strings-site-permissions.xml#L32
Android,body,site-permissions/site-permissions-impl,systemPermissionDialogLocationDeniedContent,,Sites can only use your location if you allow DuckDuckGo to ask for access.,,Location Permission,,true,,false,apps/android/site-permissions/site-permissions-impl/src/main/res/values/strings-site-permissions.xml,34,https://github.com/duckduckgo/Android/blob/3edb33d3d26af73ee30d690af68ddfec6788cf8e/site-permissions/site-permissions-impl/src/main/res/values/strings-site-permissions.xml#L34
Android,body,site-permissions/site-permissions-impl,sitePermissionsLocationDeniedSnackBarMessage,,Allow DuckDuckGo to ask for location access,,Location Permission,,true,,false,apps/android/site-permissions/site-permissions-impl/src/main/res/values/strings-site-permissions.xml,35,https://github.com/duckduckgo/Android/blob/3edb33d3d26af73ee30d690af68ddfec6788cf8e/site-permissions/site-permissions-impl/src/main/res/values/strings-site-permissions.xml#L35
Android,body,site-permissions/site-permissions-impl,sitePermissionsMicAndCameraDialogSubtitle,,You can manage the microphone and camera access permissions you’ve granted to individual sites in Settings.,,Site Permission,,true,,false,apps/android/site-permissions/site-permissions-impl/src/main/res/values/strings-site-permissions.xml,39,https://github.com/duckduckgo/Android/blob/3edb33d3d26af73ee30d690af68ddfec6788cf8e/site-permissions/site-permissions-impl/src/main/res/values/strings-site-permissions.xml#L39
Android,body,site-permissions/site-permissions-impl,sitePermissionsMicDialogSubtitle,,You can manage the microphone access permissions you’ve granted to individual sites in Settings.,,Site Permission,,true,,false,apps/android/site-permissions/site-permissions-impl/src/main/res/values/strings-site-permissions.xml,40,https://github.com/duckduckgo/Android/blob/3edb33d3d26af73ee30d690af68ddfec6788cf8e/site-permissions/site-permissions-impl/src/main/res/values/strings-site-permissions.xml#L40
Android,body,site-permissions/site-permissions-impl,sitePermissionsCameraDialogSubtitle,,You can manage the camera access permissions you’ve granted to individual sites in Settings.,,Site Permission,,true,,false,apps/android/site-permissions/site-permissions-impl/src/main/res/values/strings-site-permissions.xml,41,https://github.com/duckduckgo/Android/blob/3edb33d3d26af73ee30d690af68ddfec6788cf8e/site-permissions/site-permissions-impl/src/main/res/values/strings-site-permissions.xml#L41
Android,body,site-permissions/site-permissions-impl,sitePermissionsDialogContent,,Manage granted permissions in settings,,Site Permission,,true,,false,apps/android/site-permissions/site-permissions-impl/src/main/res/values/strings-site-permissions.xml,45,https://github.com/duckduckgo/Android/blob/3edb33d3d26af73ee30d690af68ddfec6788cf8e/site-permissions/site-permissions-impl/src/main/res/values/strings-site-permissions.xml#L45
Android,body,site-permissions/site-permissions-impl,sitePermissionsCameraAndMicDeniedSnackBarMessage,,Allow DuckDuckGo to ask for camera and microphone access,,Site Permission,,true,,false,apps/android/site-permissions/site-permissions-impl/src/main/res/values/strings-site-permissions.xml,48,https://github.com/duckduckgo/Android/blob/3edb33d3d26af73ee30d690af68ddfec6788cf8e/site-permissions/site-permissions-impl/src/main/res/values/strings-site-permissions.xml#L48
Android,body,site-permissions/site-permissions-impl,sitePermissionsCameraDeniedSnackBarMessage,,Allow DuckDuckGo to ask for camera access,,Site Permission,,true,,false,apps/android/site-permissions/site-permissions-impl/src/main/res/values/strings-site-permissions.xml,49,https://github.com/duckduckgo/Android/blob/3edb33d3d26af73ee30d690af68ddfec6788cf8e/site-permissions/site-permissions-impl/src/main/res/values/strings-site-permissions.xml#L49
Android,body,site-permissions/site-permissions-impl,sitePermissionsMicDeniedSnackBarMessage,,Allow DuckDuckGo to ask for microphone access,,Site Permission,,true,,false,apps/android/site-permissions/site-permissions-impl/src/main/res/values/strings-site-permissions.xml,50,https://github.com/duckduckgo/Android/blob/3edb33d3d26af73ee30d690af68ddfec6788cf8e/site-permissions/site-permissions-impl/src/main/res/values/strings-site-permissions.xml#L50
Android,body,site-permissions/site-permissions-impl,systemPermissionDialogCameraDeniedContent,,Sites can only use your camera if you allow DuckDuckGo to ask for access.,,Site Permission,,true,,false,apps/android/site-permissions/site-permissions-impl/src/main/res/values/strings-site-permissions.xml,53,https://github.com/duckduckgo/Android/blob/3edb33d3d26af73ee30d690af68ddfec6788cf8e/site-permissions/site-permissions-impl/src/main/res/values/strings-site-permissions.xml#L53
Android,body,site-permissions/site-permissions-impl,systemPermissionDialogAudioDeniedContent,,Sites can only use your microphone if you allow DuckDuckGo to ask for access.,,Site Permission,,true,,false,apps/android/site-permissions/site-permissions-impl/src/main/res/values/strings-site-permissions.xml,55,https://github.com/duckduckgo/Android/blob/3edb33d3d26af73ee30d690af68ddfec6788cf8e/site-permissions/site-permissions-impl/src/main/res/values/strings-site-permissions.xml#L55
Android,body,site-permissions/site-permissions-impl,systemPermissionDialogCameraAndAudioDeniedContent,,Sites can only use your camera and microphone if you allow DuckDuckGo to ask for access.,,Site Permission,,true,,false,apps/android/site-permissions/site-permissions-impl/src/main/res/values/strings-site-permissions.xml,57,https://github.com/duckduckgo/Android/blob/3edb33d3d26af73ee30d690af68ddfec6788cf8e/site-permissions/site-permissions-impl/src/main/res/values/strings-site-permissions.xml#L57
Android,body,site-permissions/site-permissions-impl,duckAiMicPermissionDeniedSnackBarMessage,,Microphone permission needed for voice features,,Site Permission,,true,,false,apps/android/site-permissions/site-permissions-impl/src/main/res/values/strings-site-permissions.xml,60,https://github.com/duckduckgo/Android/blob/3edb33d3d26af73ee30d690af68ddfec6788cf8e/site-permissions/site-permissions-impl/src/main/res/values/strings-site-permissions.xml#L60
Android,body,site-permissions/site-permissions-impl,duckAiMicPermissionDeniedDialogContent,,Microphone permissions are needed if you want to use Voice Chat in Duck.ai,,Site Permission,,true,,false,apps/android/site-permissions/site-permissions-impl/src/main/res/values/strings-site-permissions.xml,62,https://github.com/duckduckgo/Android/blob/3edb33d3d26af73ee30d690af68ddfec6788cf8e/site-permissions/site-permissions-impl/src/main/res/values/strings-site-permissions.xml#L62
Android,body,site-permissions/site-permissions-impl,sitePermissionsSettingsDescription,,"Sites you visit may ask for access to your device’s location, camera, microphone, or DRM (Digital Rights Management) software. They won’t be able to access these unless you explicitly give them permission.",,Site Permission,,true,,false,apps/android/site-permissions/site-permissions-impl/src/main/res/values/strings-site-permissions.xml,64,https://github.com/duckduckgo/Android/blob/3edb33d3d26af73ee30d690af68ddfec6788cf8e/site-permissions/site-permissions-impl/src/main/res/values/strings-site-permissions.xml#L64
Android,body,site-permissions/site-permissions-impl,sitePermissionsSettingsEmptyText,,No sites yet,,Site Permission,,true,,false,apps/android/site-permissions/site-permissions-impl/src/main/res/values/strings-site-permissions.xml,70,https://github.com/duckduckgo/Android/blob/3edb33d3d26af73ee30d690af68ddfec6788cf8e/site-permissions/site-permissions-impl/src/main/res/values/strings-site-permissions.xml#L70
Android,body,site-permissions/site-permissions-impl,permissionPerWebsiteText,,"Permissions for ""%1$s""",Placeholder is the name of a website,Site Permission,%1$s,true,,false,apps/android/site-permissions/site-permissions-impl/src/main/res/values/strings-site-permissions.xml,72,https://github.com/duckduckgo/Android/blob/3edb33d3d26af73ee30d690af68ddfec6788cf8e/site-permissions/site-permissions-impl/src/main/res/values/strings-site-permissions.xml#L72
Android,body,site-permissions/site-permissions-impl,sitePermissionsTieredDdgLocationDialogSubtitle,,"We'll anonymize your location and use it to deliver better results, closer to you.",,Tiered permission dialog,,true,,false,apps/android/site-permissions/site-permissions-impl/src/main/res/values/strings-site-permissions.xml,85,https://github.com/duckduckgo/Android/blob/3edb33d3d26af73ee30d690af68ddfec6788cf8e/site-permissions/site-permissions-impl/src/main/res/values/strings-site-permissions.xml#L85
Android,body,site-permissions/site-permissions-impl,sitePermissionsTieredDrmDialogSubtitle,,"If you don't allow, videos on the site may become unplayable, but this site will not have access to device identifiers provided by DRM software.",,Tiered permission dialog,,true,,false,apps/android/site-permissions/site-permissions-impl/src/main/res/values/strings-site-permissions.xml,94,https://github.com/duckduckgo/Android/blob/3edb33d3d26af73ee30d690af68ddfec6788cf8e/site-permissions/site-permissions-impl/src/main/res/values/strings-site-permissions.xml#L94
Android,body,site-permissions/site-permissions-impl,sitePermissionsTieredSystemDeniedLocationContent,,Location permissions are needed if you want to use location features on this site.,,Reminder dialog,,true,,false,apps/android/site-permissions/site-permissions-impl/src/main/res/values/strings-site-permissions.xml,99,https://github.com/duckduckgo/Android/blob/3edb33d3d26af73ee30d690af68ddfec6788cf8e/site-permissions/site-permissions-impl/src/main/res/values/strings-site-permissions.xml#L99
Android,body,site-permissions/site-permissions-impl,sitePermissionsTieredSystemDeniedCameraContent,,Camera permissions are needed if you want to use camera features on this site.,,Reminder dialog,,true,,false,apps/android/site-permissions/site-permissions-impl/src/main/res/values/strings-site-permissions.xml,101,https://github.com/duckduckgo/Android/blob/3edb33d3d26af73ee30d690af68ddfec6788cf8e/site-permissions/site-permissions-impl/src/main/res/values/strings-site-permissions.xml#L101
Android,body,site-permissions/site-permissions-impl,sitePermissionsTieredSystemDeniedMicContent,,Microphone permissions are needed if you want to use microphone features on this site.,,Reminder dialog,,true,,false,apps/android/site-permissions/site-permissions-impl/src/main/res/values/strings-site-permissions.xml,103,https://github.com/duckduckgo/Android/blob/3edb33d3d26af73ee30d690af68ddfec6788cf8e/site-permissions/site-permissions-impl/src/main/res/values/strings-site-permissions.xml#L103
Android,body,site-permissions/site-permissions-impl,sitePermissionsTieredSystemDeniedCameraAndMicContent,,Camera and microphone permissions are needed if you want to use camera and microphone features on this site.,,Reminder dialog,,true,,false,apps/android/site-permissions/site-permissions-impl/src/main/res/values/strings-site-permissions.xml,105,https://github.com/duckduckgo/Android/blob/3edb33d3d26af73ee30d690af68ddfec6788cf8e/site-permissions/site-permissions-impl/src/main/res/values/strings-site-permissions.xml#L105
Android,body,site-permissions/site-permissions-impl,sitePermissionsTieredLocationDeniedSnackBarMessage,,DuckDuckGo couldn't share location with this site,,Denial snackbar,,true,,false,apps/android/site-permissions/site-permissions-impl/src/main/res/values/strings-site-permissions.xml,108,https://github.com/duckduckgo/Android/blob/3edb33d3d26af73ee30d690af68ddfec6788cf8e/site-permissions/site-permissions-impl/src/main/res/values/strings-site-permissions.xml#L108
Android,body,site-permissions/site-permissions-impl,sitePermissionsTieredCameraDeniedSnackBarMessage,,DuckDuckGo couldn't give camera access to this site,,Denial snackbar,,true,,false,apps/android/site-permissions/site-permissions-impl/src/main/res/values/strings-site-permissions.xml,109,https://github.com/duckduckgo/Android/blob/3edb33d3d26af73ee30d690af68ddfec6788cf8e/site-permissions/site-permissions-impl/src/main/res/values/strings-site-permissions.xml#L109
Android,body,site-permissions/site-permissions-impl,sitePermissionsTieredMicDeniedSnackBarMessage,,DuckDuckGo couldn't give microphone access to this site,,Denial snackbar,,true,,false,apps/android/site-permissions/site-permissions-impl/src/main/res/values/strings-site-permissions.xml,110,https://github.com/duckduckgo/Android/blob/3edb33d3d26af73ee30d690af68ddfec6788cf8e/site-permissions/site-permissions-impl/src/main/res/values/strings-site-permissions.xml#L110
Android,body,site-permissions/site-permissions-impl,sitePermissionsTieredCameraAndMicDeniedSnackBarMessage,,DuckDuckGo couldn't give camera and microphone access to this site,,Denial snackbar,,true,,false,apps/android/site-permissions/site-permissions-impl/src/main/res/values/strings-site-permissions.xml,111,https://github.com/duckduckgo/Android/blob/3edb33d3d26af73ee30d690af68ddfec6788cf8e/site-permissions/site-permissions-impl/src/main/res/values/strings-site-permissions.xml#L111
Android,body,site-permissions/site-permissions-impl,permissionSettingsLocationDialogMessage,,"If you choose “Never Allow”, you won’t be able to use certain features on sites, like directions on maps, or nearby shops.",,Permission settings redesign,,true,,false,apps/android/site-permissions/site-permissions-impl/src/main/res/values/strings-site-permissions.xml,117,https://github.com/duckduckgo/Android/blob/3edb33d3d26af73ee30d690af68ddfec6788cf8e/site-permissions/site-permissions-impl/src/main/res/values/strings-site-permissions.xml#L117
Android,body,site-permissions/site-permissions-impl,permissionSettingsCameraDialogMessage,,"If you choose “Never Allow”, you won’t be able to use features like video chatting on sites.",,Permission settings redesign,,true,,false,apps/android/site-permissions/site-permissions-impl/src/main/res/values/strings-site-permissions.xml,119,https://github.com/duckduckgo/Android/blob/3edb33d3d26af73ee30d690af68ddfec6788cf8e/site-permissions/site-permissions-impl/src/main/res/values/strings-site-permissions.xml#L119
Android,body,site-permissions/site-permissions-impl,permissionSettingsMicrophoneDialogMessage,,"If you choose “Never Allow”, you won’t be able to use features like voice chatting on sites.",,Permission settings redesign,,true,,false,apps/android/site-permissions/site-permissions-impl/src/main/res/values/strings-site-permissions.xml,121,https://github.com/duckduckgo/Android/blob/3edb33d3d26af73ee30d690af68ddfec6788cf8e/site-permissions/site-permissions-impl/src/main/res/values/strings-site-permissions.xml#L121
Android,body,site-permissions/site-permissions-impl,permissionSettingsDrmDialogMessage,,"If you choose “Never Allow”, videos on the site may become unplayable.",,Permission settings redesign,,true,,false,apps/android/site-permissions/site-permissions-impl/src/main/res/values/strings-site-permissions.xml,128,https://github.com/duckduckgo/Android/blob/3edb33d3d26af73ee30d690af68ddfec6788cf8e/site-permissions/site-permissions-impl/src/main/res/values/strings-site-permissions.xml#L128
Android,body,subscriptions/subscriptions-impl,pirStorageUnavailableDialogMessage,,Please restart the DuckDuckGo app and try again.,,Personal Information Removal,,false,,false,apps/android/subscriptions/subscriptions-impl/src/main/res/values/donottranslate.xml,21,https://github.com/duckduckgo/Android/blob/3edb33d3d26af73ee30d690af68ddfec6788cf8e/subscriptions/subscriptions-impl/src/main/res/values/donottranslate.xml#L21
Android,body,subscriptions/subscriptions-impl,subscriptionOnboardingWelcomeDescription,,Start using your premium protections today.,,"Subscription Onboarding (English only, not translated)",,false,,false,apps/android/subscriptions/subscriptions-impl/src/main/res/values/donottranslate.xml,48,https://github.com/duckduckgo/Android/blob/3edb33d3d26af73ee30d690af68ddfec6788cf8e/subscriptions/subscriptions-impl/src/main/res/values/donottranslate.xml#L48
Android,body,subscriptions/subscriptions-impl,subscriptionOnboardingWelcomeBannerDescription,,Billing starts on %1$s,"Placeholder is the subscription start date, formatted like MMMM d, yyyy","Subscription Onboarding (English only, not translated)",%1$s,false,,false,apps/android/subscriptions/subscriptions-impl/src/main/res/values/donottranslate.xml,52,https://github.com/duckduckgo/Android/blob/3edb33d3d26af73ee30d690af68ddfec6788cf8e/subscriptions/subscriptions-impl/src/main/res/values/donottranslate.xml#L52
Android,body,subscriptions/subscriptions-impl,subscriptionOnboardingFeaturesDescription,,"Next, we'll get your VPN online and help you activate all your premium protections.",,"Subscription Onboarding (English only, not translated)",,false,,false,apps/android/subscriptions/subscriptions-impl/src/main/res/values/donottranslate.xml,55,https://github.com/duckduckgo/Android/blob/3edb33d3d26af73ee30d690af68ddfec6788cf8e/subscriptions/subscriptions-impl/src/main/res/values/donottranslate.xml#L55
Android,body,subscriptions/subscriptions-impl,subscriptionOnboardingFeature1Description,,Get an extra layer of online protection with the VPN built for speed and simplicity.,,"Subscription Onboarding (English only, not translated)",,false,,false,apps/android/subscriptions/subscriptions-impl/src/main/res/values/donottranslate.xml,57,https://github.com/duckduckgo/Android/blob/3edb33d3d26af73ee30d690af68ddfec6788cf8e/subscriptions/subscriptions-impl/src/main/res/values/donottranslate.xml#L57
Android,body,subscriptions/subscriptions-impl,subscriptionOnboardingFeature2Description,,"If your identity is stolen, let us handle the stress and expense to help you restore it.",,"Subscription Onboarding (English only, not translated)",,false,,false,apps/android/subscriptions/subscriptions-impl/src/main/res/values/donottranslate.xml,59,https://github.com/duckduckgo/Android/blob/3edb33d3d26af73ee30d690af68ddfec6788cf8e/subscriptions/subscriptions-impl/src/main/res/values/donottranslate.xml#L59
Android,body,subscriptions/subscriptions-impl,subscriptionOnboardingFeature3Description,,"You get advanced AI models and higher limits, all anonymized by DuckDuckGo.",,"Subscription Onboarding (English only, not translated)",,false,,false,apps/android/subscriptions/subscriptions-impl/src/main/res/values/donottranslate.xml,61,https://github.com/duckduckgo/Android/blob/3edb33d3d26af73ee30d690af68ddfec6788cf8e/subscriptions/subscriptions-impl/src/main/res/values/donottranslate.xml#L61
Android,body,subscriptions/subscriptions-impl,subscriptionOnboardingFeature4Description,,"Find and remove your personal info from sites that store and sell it, reducing spam.",,"Subscription Onboarding (English only, not translated)",,false,,false,apps/android/subscriptions/subscriptions-impl/src/main/res/values/donottranslate.xml,63,https://github.com/duckduckgo/Android/blob/3edb33d3d26af73ee30d690af68ddfec6788cf8e/subscriptions/subscriptions-impl/src/main/res/values/donottranslate.xml#L63
Android,body,subscriptions/subscriptions-impl,subscriptionOnboardingFeatureInfoVpnDescription,,"Encrypt your connection across browsers and apps, and hide your location and IP address with a VPN built for speed and simplicity.",,Feature detail: VPN,,false,,false,apps/android/subscriptions/subscriptions-impl/src/main/res/values/donottranslate.xml,79,https://github.com/duckduckgo/Android/blob/3edb33d3d26af73ee30d690af68ddfec6788cf8e/subscriptions/subscriptions-impl/src/main/res/values/donottranslate.xml#L79
Android,body,subscriptions/subscriptions-impl,subscriptionOnboardingFeatureInfoItrDescription,,"If your identity is stolen in the future, we'll help restore it. A personal case manager handles calls and paperwork so you don't have to.",,Feature detail: Identity Theft Restoration,,false,,false,apps/android/subscriptions/subscriptions-impl/src/main/res/values/donottranslate.xml,101,https://github.com/duckduckgo/Android/blob/3edb33d3d26af73ee30d690af68ddfec6788cf8e/subscriptions/subscriptions-impl/src/main/res/values/donottranslate.xml#L101
Android,body,subscriptions/subscriptions-impl,subscriptionOnboardingFeatureInfoItrLegalFooter,,"*The Identity Expense Reimbursement and the Unauthorized Electronic Fund Transfer Reimbursement benefits are underwritten and administered by American Bankers Insurance Company of Florida, an Assurant company, under group or blanket policies issued to Generali Global Assistance, Inc., dba Iris® Powered by Generali for the benefit of its Members. Please refer to the actual policies for terms, conditions, and exclusions of coverage. Coverage may not be available in all jurisdictions. <annotation type=""summary_of_benefits_link"">Review the Summary of Benefits</annotation>.",,Feature detail: Identity Theft Restoration,,false,,false,apps/android/subscriptions/subscriptions-impl/src/main/res/values/donottranslate.xml,118,https://github.com/duckduckgo/Android/blob/3edb33d3d26af73ee30d690af68ddfec6788cf8e/subscriptions/subscriptions-impl/src/main/res/values/donottranslate.xml#L118
Android,body,subscriptions/subscriptions-impl,subscriptionOnboardingFeatureInfoDuckAiDescription,,"Duck.ai lets you chat privately with advanced AI models, your conversations are anonymized by us and never used to train AI.",,Feature detail: Duck.ai,,false,,false,apps/android/subscriptions/subscriptions-impl/src/main/res/values/donottranslate.xml,122,https://github.com/duckduckgo/Android/blob/3edb33d3d26af73ee30d690af68ddfec6788cf8e/subscriptions/subscriptions-impl/src/main/res/values/donottranslate.xml#L122
Android,body,subscriptions/subscriptions-impl,subscriptionOnboardingFeatureInfoPirDescription,,"DuckDuckGo helps find and remove your personal info from data broker sites, fighting identity theft and spam.",,Feature detail: Personal Information Removal,,false,,false,apps/android/subscriptions/subscriptions-impl/src/main/res/values/donottranslate.xml,134,https://github.com/duckduckgo/Android/blob/3edb33d3d26af73ee30d690af68ddfec6788cf8e/subscriptions/subscriptions-impl/src/main/res/values/donottranslate.xml#L134
Android,body,subscriptions/subscriptions-impl,subscriptionOnboardingCompletionDescription,,You can continue setting up your new premium protections in Settings > Subscriptions Settings.,,Onboarding completion summary,,false,,false,apps/android/subscriptions/subscriptions-impl/src/main/res/values/donottranslate.xml,148,https://github.com/duckduckgo/Android/blob/3edb33d3d26af73ee30d690af68ddfec6788cf8e/subscriptions/subscriptions-impl/src/main/res/values/donottranslate.xml#L148
Android,body,subscriptions/subscriptions-impl,subscriptionOnboardingCompletionHandoffDescription,,"Once you finish chatting, you can continue setting up your new premium protections in Settings > Subscriptions Settings.",,Onboarding completion summary,,false,,false,apps/android/subscriptions/subscriptions-impl/src/main/res/values/donottranslate.xml,153,https://github.com/duckduckgo/Android/blob/3edb33d3d26af73ee30d690af68ddfec6788cf8e/subscriptions/subscriptions-impl/src/main/res/values/donottranslate.xml#L153
Android,body,subscriptions/subscriptions-impl,subscriptionOnboardingSettingsCardDescription,,Some premium protections aren't active yet,,Onboarding settings entry-point card,,false,,false,apps/android/subscriptions/subscriptions-impl/src/main/res/values/donottranslate.xml,159,https://github.com/duckduckgo/Android/blob/3edb33d3d26af73ee30d690af68ddfec6788cf8e/subscriptions/subscriptions-impl/src/main/res/values/donottranslate.xml#L159
Android,body,subscriptions/subscriptions-impl,somethingWentWrongDescription,,Google Play was unable to process your purchase. Please try again later.,,Restore Subscriptions Activity,,true,,false,apps/android/subscriptions/subscriptions-impl/src/main/res/values/strings-subscriptions.xml,28,https://github.com/duckduckgo/Android/blob/3edb33d3d26af73ee30d690af68ddfec6788cf8e/subscriptions/subscriptions-impl/src/main/res/values/strings-subscriptions.xml#L28
Android,body,subscriptions/subscriptions-impl,youAreSet,,You're all set.,,Restore Subscriptions Activity,,true,,false,apps/android/subscriptions/subscriptions-impl/src/main/res/values/strings-subscriptions.xml,29,https://github.com/duckduckgo/Android/blob/3edb33d3d26af73ee30d690af68ddfec6788cf8e/subscriptions/subscriptions-impl/src/main/res/values/strings-subscriptions.xml#L29
Android,body,subscriptions/subscriptions-impl,subscriptionNotFoundDescription,,The subscription associated with this Google Play account is no longer active.,,Restore Subscriptions Activity,,true,,false,apps/android/subscriptions/subscriptions-impl/src/main/res/values/strings-subscriptions.xml,32,https://github.com/duckduckgo/Android/blob/3edb33d3d26af73ee30d690af68ddfec6788cf8e/subscriptions/subscriptions-impl/src/main/res/values/strings-subscriptions.xml#L32
Android,body,subscriptions/subscriptions-impl,purchaseRestored,,Your purchases have been restored.,,Restore Subscriptions Activity,,true,,false,apps/android/subscriptions/subscriptions-impl/src/main/res/values/strings-subscriptions.xml,33,https://github.com/duckduckgo/Android/blob/3edb33d3d26af73ee30d690af68ddfec6788cf8e/subscriptions/subscriptions-impl/src/main/res/values/strings-subscriptions.xml#L33
Android,body,subscriptions/subscriptions-impl,restoreSubscriptionGooglePlayDescription,,Restore your subscription on Android devices using your Google Play account.,,Restore Subscriptions Activity,,true,,false,apps/android/subscriptions/subscriptions-impl/src/main/res/values/strings-subscriptions.xml,36,https://github.com/duckduckgo/Android/blob/3edb33d3d26af73ee30d690af68ddfec6788cf8e/subscriptions/subscriptions-impl/src/main/res/values/strings-subscriptions.xml#L36
Android,body,subscriptions/subscriptions-impl,restoreSubscriptionEmailDescription,,Link an email address to your subscription to add it to this device.,,Restore Subscriptions Activity,,true,,false,apps/android/subscriptions/subscriptions-impl/src/main/res/values/strings-subscriptions.xml,39,https://github.com/duckduckgo/Android/blob/3edb33d3d26af73ee30d690af68ddfec6788cf8e/subscriptions/subscriptions-impl/src/main/res/values/strings-subscriptions.xml#L39
Android,body,subscriptions/subscriptions-impl,subscriptionRemoved,,Your subscription has been removed from this device,,Settings Subscriptions Activity,,true,,false,apps/android/subscriptions/subscriptions-impl/src/main/res/values/strings-subscriptions.xml,44,https://github.com/duckduckgo/Android/blob/3edb33d3d26af73ee30d690af68ddfec6788cf8e/subscriptions/subscriptions-impl/src/main/res/values/strings-subscriptions.xml#L44
Android,body,subscriptions/subscriptions-impl,removeFromDevice,,Remove from this device?,,Settings Subscriptions Activity,,true,,false,apps/android/subscriptions/subscriptions-impl/src/main/res/values/strings-subscriptions.xml,45,https://github.com/duckduckgo/Android/blob/3edb33d3d26af73ee30d690af68ddfec6788cf8e/subscriptions/subscriptions-impl/src/main/res/values/strings-subscriptions.xml#L45
Android,body,subscriptions/subscriptions-impl,removeFromDeviceDescription,,"You will no longer be able to access your subscription on this device. This will not cancel your subscription, and it will remain active on your other devices.",,Settings Subscriptions Activity,,true,,false,apps/android/subscriptions/subscriptions-impl/src/main/res/values/strings-subscriptions.xml,46,https://github.com/duckduckgo/Android/blob/3edb33d3d26af73ee30d690af68ddfec6788cf8e/subscriptions/subscriptions-impl/src/main/res/values/strings-subscriptions.xml#L46
Android,body,subscriptions/subscriptions-impl,addToDevicePrimaryText,,Add to Device,,Settings Subscriptions Activity,,true,,false,apps/android/subscriptions/subscriptions-impl/src/main/res/values/strings-subscriptions.xml,55,https://github.com/duckduckgo/Android/blob/3edb33d3d26af73ee30d690af68ddfec6788cf8e/subscriptions/subscriptions-impl/src/main/res/values/strings-subscriptions.xml#L55
Android,body,subscriptions/subscriptions-impl,addToDeviceSecondaryTextWithoutEmail,,Add your subscription to your other devices via Google Play or by linking an email address.,,Settings Subscriptions Activity,,true,,false,apps/android/subscriptions/subscriptions-impl/src/main/res/values/strings-subscriptions.xml,56,https://github.com/duckduckgo/Android/blob/3edb33d3d26af73ee30d690af68ddfec6788cf8e/subscriptions/subscriptions-impl/src/main/res/values/strings-subscriptions.xml#L56
Android,body,subscriptions/subscriptions-impl,addToDeviceSecondaryTextWithEmail,,Use the email above to add your subscription on your other devices in the DuckDuckGo app. Go to Settings > Subscription Settings > I Have a Subscription.,,Settings Subscriptions Activity,,true,,false,apps/android/subscriptions/subscriptions-impl/src/main/res/values/strings-subscriptions.xml,57,https://github.com/duckduckgo/Android/blob/3edb33d3d26af73ee30d690af68ddfec6788cf8e/subscriptions/subscriptions-impl/src/main/res/values/strings-subscriptions.xml#L57
Android,body,subscriptions/subscriptions-impl,editEmailPrimaryText,,Edit Email,,Settings Subscriptions Activity,,true,,false,apps/android/subscriptions/subscriptions-impl/src/main/res/values/strings-subscriptions.xml,58,https://github.com/duckduckgo/Android/blob/3edb33d3d26af73ee30d690af68ddfec6788cf8e/subscriptions/subscriptions-impl/src/main/res/values/strings-subscriptions.xml#L58
Android,body,subscriptions/subscriptions-impl,privacyProFaq,,Need help with your subscription?,,Settings Subscriptions Activity,,true,,false,apps/android/subscriptions/subscriptions-impl/src/main/res/values/strings-subscriptions.xml,60,https://github.com/duckduckgo/Android/blob/3edb33d3d26af73ee30d690af68ddfec6788cf8e/subscriptions/subscriptions-impl/src/main/res/values/strings-subscriptions.xml#L60
Android,body,subscriptions/subscriptions-impl,privacyProFaqSecondary,,Get answers to frequently asked questions or contact subscription support from our help pages. Feature availability varies by country.,,Settings Subscriptions Activity,,true,,false,apps/android/subscriptions/subscriptions-impl/src/main/res/values/strings-subscriptions.xml,61,https://github.com/duckduckgo/Android/blob/3edb33d3d26af73ee30d690af68ddfec6788cf8e/subscriptions/subscriptions-impl/src/main/res/values/strings-subscriptions.xml#L61
Android,body,subscriptions/subscriptions-impl,subscriptionSettingSubscribeSubtitle,,"Subscribers get our VPN, Personal Information Removal, and Identity Theft Restoration.",,Settings Subscriptions,,true,,false,apps/android/subscriptions/subscriptions-impl/src/main/res/values/strings-subscriptions.xml,73,https://github.com/duckduckgo/Android/blob/3edb33d3d26af73ee30d690af68ddfec6788cf8e/subscriptions/subscriptions-impl/src/main/res/values/strings-subscriptions.xml#L73
Android,body,subscriptions/subscriptions-impl,purchaseCompletedText,,Your purchase was successful.,,Purchase Subscriptions,,true,,false,apps/android/subscriptions/subscriptions-impl/src/main/res/values/strings-subscriptions.xml,90,https://github.com/duckduckgo/Android/blob/3edb33d3d26af73ee30d690af68ddfec6788cf8e/subscriptions/subscriptions-impl/src/main/res/values/strings-subscriptions.xml#L90
Android,body,subscriptions/subscriptions-impl,purchaseRecoveredText,,You already had a subscription and we've recovered that for you.,,Purchase Subscriptions,,true,,false,apps/android/subscriptions/subscriptions-impl/src/main/res/values/strings-subscriptions.xml,91,https://github.com/duckduckgo/Android/blob/3edb33d3d26af73ee30d690af68ddfec6788cf8e/subscriptions/subscriptions-impl/src/main/res/values/strings-subscriptions.xml#L91
Android,body,subscriptions/subscriptions-impl,changePlanDescription,,"Your subscription was purchased through the Apple App Store. To change your plan or billing settings, please go to Settings > Apple Account > Subscriptions on a device signed in to the same Apple Account used to purchase your subscription.",,Change Plan,,true,,false,apps/android/subscriptions/subscriptions-impl/src/main/res/values/strings-subscriptions.xml,103,https://github.com/duckduckgo/Android/blob/3edb33d3d26af73ee30d690af68ddfec6788cf8e/subscriptions/subscriptions-impl/src/main/res/values/strings-subscriptions.xml#L103
Android,body,subscriptions/subscriptions-impl,pirDescription,,"In the DuckDuckGo browser for desktop, go to <b>Settings &gt; Subscribe to DuckDuckGo</b> and click <b>I Have a Subscription</b> to get started.",,PIR Activity,,true,,false,apps/android/subscriptions/subscriptions-impl/src/main/res/values/strings-subscriptions.xml,107,https://github.com/duckduckgo/Android/blob/3edb33d3d26af73ee30d690af68ddfec6788cf8e/subscriptions/subscriptions-impl/src/main/res/values/strings-subscriptions.xml#L107
Android,body,subscriptions/subscriptions-impl,feedbackSubmitVpnDisclaimer,,"In addition to details entered above, we send some anonymized info with your feedback:\n\n• Whether some browser features are active\n• Aggregate app diagnostics (e.g., error codes)\n\nBy clicking ""Submit"" you agree that DuckDuckGo may use information submitted to improve the app.",,Feedback,,true,,false,apps/android/subscriptions/subscriptions-impl/src/main/res/values/strings-subscriptions.xml,155,https://github.com/duckduckgo/Android/blob/3edb33d3d26af73ee30d690af68ddfec6788cf8e/subscriptions/subscriptions-impl/src/main/res/values/strings-subscriptions.xml#L155
Android,body,subscriptions/subscriptions-impl,feedbackSubmitCompletedMessage,,Thank You! Feedback submitted.,,Feedback,,true,,false,apps/android/subscriptions/subscriptions-impl/src/main/res/values/strings-subscriptions.xml,157,https://github.com/duckduckgo/Android/blob/3edb33d3d26af73ee30d690af68ddfec6788cf8e/subscriptions/subscriptions-impl/src/main/res/values/strings-subscriptions.xml#L157
Android,body,subscriptions/subscriptions-impl,feedbackSubmitContactSupport,,"Need help? <annotation type=""support_link"">Contact support</annotation>.",,Feedback,,true,,false,apps/android/subscriptions/subscriptions-impl/src/main/res/values/strings-subscriptions.xml,161,https://github.com/duckduckgo/Android/blob/3edb33d3d26af73ee30d690af68ddfec6788cf8e/subscriptions/subscriptions-impl/src/main/res/values/strings-subscriptions.xml#L161
Android,body,subscriptions/subscriptions-impl,subscriptionSettingSubscribeWithDuckAiSubtitle,,"Subscribers get our VPN, advanced AI models in Duck.ai, Personal Information Removal, and Identity Theft Restoration.",,Activity titles,,true,,false,apps/android/subscriptions/subscriptions-impl/src/main/res/values/strings-subscriptions.xml,169,https://github.com/duckduckgo/Android/blob/3edb33d3d26af73ee30d690af68ddfec6788cf8e/subscriptions/subscriptions-impl/src/main/res/values/strings-subscriptions.xml#L169
Android,body,subscriptions/subscriptions-impl,subscriptionsProUpgradeMessage,,Unlock more powerful AI,,Pro tier changes,,true,,false,apps/android/subscriptions/subscriptions-impl/src/main/res/values/strings-subscriptions.xml,185,https://github.com/duckduckgo/Android/blob/3edb33d3d26af73ee30d690af68ddfec6788cf8e/subscriptions/subscriptions-impl/src/main/res/values/strings-subscriptions.xml#L185
Android,body,sync/sync-impl,sync_flows_disabled,,"<b>Sync &amp; Backup Unavailable</b>\nSorry, but Sync &amp; Backup is currently unavailable. Please try again later.",,Sync Disabled messages,,true,,false,apps/android/sync/sync-impl/src/main/res/values/strings-sync.xml,21,https://github.com/duckduckgo/Android/blob/3edb33d3d26af73ee30d690af68ddfec6788cf8e/sync/sync-impl/src/main/res/values/strings-sync.xml#L21
Android,body,sync/sync-impl,sync_flows_disabled_new_version,,"<b>Sync &amp; Backup Unavailable</b>\nSorry, but Sync &amp; Backup is no longer available in this app version. Please update DuckDuckGo to the latest version to continue.",,Sync Disabled messages,,true,,false,apps/android/sync/sync-impl/src/main/res/values/strings-sync.xml,22,https://github.com/duckduckgo/Android/blob/3edb33d3d26af73ee30d690af68ddfec6788cf8e/sync/sync-impl/src/main/res/values/strings-sync.xml#L22
Android,body,sync/sync-impl,sync_create_account_disabled,,"<b>Sync &amp; Backup Unavailable</b>\nSorry, but Sync &amp; Backup is currently unavailable. Please try again later.",,Sync Disabled messages,,true,,false,apps/android/sync/sync-impl/src/main/res/values/strings-sync.xml,23,https://github.com/duckduckgo/Android/blob/3edb33d3d26af73ee30d690af68ddfec6788cf8e/sync/sync-impl/src/main/res/values/strings-sync.xml#L23
Android,body,sync/sync-impl,sync_create_account_disabled_new_version,,"<b>Sync &amp; Backup Unavailable</b>\nSorry, but Sync &amp; Backup is no longer available in this app version. Please update DuckDuckGo to the latest version to continue.",,Sync Disabled messages,,true,,false,apps/android/sync/sync-impl/src/main/res/values/strings-sync.xml,24,https://github.com/duckduckgo/Android/blob/3edb33d3d26af73ee30d690af68ddfec6788cf8e/sync/sync-impl/src/main/res/values/strings-sync.xml#L24
Android,body,sync/sync-impl,sync_disabled_authenticated_user,,"<b>Sync &amp; Backup Paused</b>\nSorry, but Sync &amp; Backup is currently unavailable. Please try again later.",,Sync Disabled messages,,true,,false,apps/android/sync/sync-impl/src/main/res/values/strings-sync.xml,25,https://github.com/duckduckgo/Android/blob/3edb33d3d26af73ee30d690af68ddfec6788cf8e/sync/sync-impl/src/main/res/values/strings-sync.xml#L25
Android,body,sync/sync-impl,sync_disabled_authenticated_user_new_version,,"<b>Sync &amp; Backup Paused</b>\nSorry, but Sync &amp; Backup is no longer available in this app version. Please update DuckDuckGo to the latest version to continue.",,Sync Disabled messages,,true,,false,apps/android/sync/sync-impl/src/main/res/values/strings-sync.xml,26,https://github.com/duckduckgo/Android/blob/3edb33d3d26af73ee30d690af68ddfec6788cf8e/sync/sync-impl/src/main/res/values/strings-sync.xml#L26
Android,body,sync/sync-impl,sync_enable_sync_content,,Your bookmarks and passwords are being prepared to sync. This should only take a moment.,,Setup screen,,true,,false,apps/android/sync/sync-impl/src/main/res/values/strings-sync.xml,48,https://github.com/duckduckgo/Android/blob/3edb33d3d26af73ee30d690af68ddfec6788cf8e/sync/sync-impl/src/main/res/values/strings-sync.xml#L48
Android,body,sync/sync-impl,sync_enable_sync_content_with_ai_chat,,"Your bookmarks, passwords, and Duck.ai chats are being prepared to sync. This should only take a moment.",,Setup screen,,true,,false,apps/android/sync/sync-impl/src/main/res/values/strings-sync.xml,49,https://github.com/duckduckgo/Android/blob/3edb33d3d26af73ee30d690af68ddfec6788cf8e/sync/sync-impl/src/main/res/values/strings-sync.xml#L49
Android,body,sync/sync-impl,sync_enable_option_favicons_subtitle,,Automatically download icons for synced bookmarks.,,Setup screen,,true,,false,apps/android/sync/sync-impl/src/main/res/values/strings-sync.xml,52,https://github.com/duckduckgo/Android/blob/3edb33d3d26af73ee30d690af68ddfec6788cf8e/sync/sync-impl/src/main/res/values/strings-sync.xml#L52
Android,body,sync/sync-impl,sync_intro_enable_content,,"This creates an encrypted backup of your bookmarks and passwords on DuckDuckGo’s secure server, which can be synced with your other devices. \n\n The encryption key is only stored on your device, DuckDuckGo cannot access it.",,Setup screen,,true,,false,apps/android/sync/sync-impl/src/main/res/values/strings-sync.xml,55,https://github.com/duckduckgo/Android/blob/3edb33d3d26af73ee30d690af68ddfec6788cf8e/sync/sync-impl/src/main/res/values/strings-sync.xml#L55
Android,body,sync/sync-impl,sync_intro_enable_content_with_ai_chat,,"This creates an encrypted backup of your bookmarks, passwords, and Duck.ai chats on DuckDuckGo’s secure server, which can be synced with your other devices. \n\n The encryption key is only stored on your device, DuckDuckGo cannot access it.",,Setup screen,,true,,false,apps/android/sync/sync-impl/src/main/res/values/strings-sync.xml,56,https://github.com/duckduckgo/Android/blob/3edb33d3d26af73ee30d690af68ddfec6788cf8e/sync/sync-impl/src/main/res/values/strings-sync.xml#L56
Android,body,sync/sync-impl,sync_intro_enable_footer,,You can sync with your other devices later.,,Setup screen,,true,,false,apps/android/sync/sync-impl/src/main/res/values/strings-sync.xml,57,https://github.com/duckduckgo/Android/blob/3edb33d3d26af73ee30d690af68ddfec6788cf8e/sync/sync-impl/src/main/res/values/strings-sync.xml#L57
Android,body,sync/sync-impl,sync_recover_synced_data_content,,You'll need the Recovery Code you got when you set up Sync & Backup. You may have saved it as a PDF on the device you used.,,Recover Synced Data Intro Screen,,true,,false,apps/android/sync/sync-impl/src/main/res/values/strings-sync.xml,61,https://github.com/duckduckgo/Android/blob/3edb33d3d26af73ee30d690af68ddfec6788cf8e/sync/sync-impl/src/main/res/values/strings-sync.xml#L61
Android,body,sync/sync-impl,sync_code_box_description,,"Anyone with access to this code can access your synced data, so please keep it in a safe place.",,Recovery PDF screen,,true,,false,apps/android/sync/sync-impl/src/main/res/values/strings-sync.xml,93,https://github.com/duckduckgo/Android/blob/3edb33d3d26af73ee30d690af68ddfec6788cf8e/sync/sync-impl/src/main/res/values/strings-sync.xml#L93
Android,body,sync/sync-impl,sync_recovery_code_content,,"If you lose access to your devices, you will need this code to recover your synced data.",,Device synced screen,,true,,false,apps/android/sync/sync-impl/src/main/res/values/strings-sync.xml,114,https://github.com/duckduckgo/Android/blob/3edb33d3d26af73ee30d690af68ddfec6788cf8e/sync/sync-impl/src/main/res/values/strings-sync.xml#L114
Android,body,sync/sync-impl,turn_off_sync_dialog_content,,This Device will no longer be able to access your synced data,,Device synced screen,,true,,false,apps/android/sync/sync-impl/src/main/res/values/strings-sync.xml,118,https://github.com/duckduckgo/Android/blob/3edb33d3d26af73ee30d690af68ddfec6788cf8e/sync/sync-impl/src/main/res/values/strings-sync.xml#L118
Android,body,sync/sync-impl,sync_pdf_description,,"The recovery code allows you to sync your passwords, autofill data, and Duck.ai chats across multiple devices, and recover your synced data if you lose access to a device.",,Device synced screen,,true,,false,apps/android/sync/sync-impl/src/main/res/values/strings-sync.xml,124,https://github.com/duckduckgo/Android/blob/3edb33d3d26af73ee30d690af68ddfec6788cf8e/sync/sync-impl/src/main/res/values/strings-sync.xml#L124
Android,body,sync/sync-impl,sync_instructions_step1,,Open DuckDuckGo on the device you want to sync and go to Sync & Backup in Settings.,,Device synced screen,,true,,false,apps/android/sync/sync-impl/src/main/res/values/strings-sync.xml,127,https://github.com/duckduckgo/Android/blob/3edb33d3d26af73ee30d690af68ddfec6788cf8e/sync/sync-impl/src/main/res/values/strings-sync.xml#L127
Android,body,sync/sync-impl,sync_instructions_step2,,Select 'Sync With Another Device' and scan the QR code or enter the text code.,,Device synced screen,,true,,false,apps/android/sync/sync-impl/src/main/res/values/strings-sync.xml,128,https://github.com/duckduckgo/Android/blob/3edb33d3d26af73ee30d690af68ddfec6788cf8e/sync/sync-impl/src/main/res/values/strings-sync.xml#L128
Android,body,sync/sync-impl,sync_instructions_step3,,Sync will be activated and you'll once again have access to all your data.,,Device synced screen,,true,,false,apps/android/sync/sync-impl/src/main/res/values/strings-sync.xml,129,https://github.com/duckduckgo/Android/blob/3edb33d3d26af73ee30d690af68ddfec6788cf8e/sync/sync-impl/src/main/res/values/strings-sync.xml#L129
Android,body,sync/sync-impl,sync_pdf_retention_notice,,"If you go more than 18 months without using a DuckDuckGo browser with Sync & Backup enabled, your data will be deleted from the server and cannot be restored.",,Device synced screen,,true,,false,apps/android/sync/sync-impl/src/main/res/values/strings-sync.xml,130,https://github.com/duckduckgo/Android/blob/3edb33d3d26af73ee30d690af68ddfec6788cf8e/sync/sync-impl/src/main/res/values/strings-sync.xml#L130
Android,body,sync/sync-impl,remove_device_dialog_content,,"""%1$s"" will no longer be able to access your synced data.",Placeholder is a device name,Device synced screen,%1$s,true,,false,apps/android/sync/sync-impl/src/main/res/values/strings-sync.xml,132,https://github.com/duckduckgo/Android/blob/3edb33d3d26af73ee30d690af68ddfec6788cf8e/sync/sync-impl/src/main/res/values/strings-sync.xml#L132
Android,body,sync/sync-impl,sync_code_copied_message,,Recovery Code Copied,,Device synced screen,,true,,false,apps/android/sync/sync-impl/src/main/res/values/strings-sync.xml,144,https://github.com/duckduckgo/Android/blob/3edb33d3d26af73ee30d690af68ddfec6788cf8e/sync/sync-impl/src/main/res/values/strings-sync.xml#L144
Android,body,sync/sync-impl,sync_camera_permission_required_description,,Please go to your device's settings and grant permission for this app to access your camera.,,Device synced screen,,true,,false,apps/android/sync/sync-impl/src/main/res/values/strings-sync.xml,147,https://github.com/duckduckgo/Android/blob/3edb33d3d26af73ee30d690af68ddfec6788cf8e/sync/sync-impl/src/main/res/values/strings-sync.xml#L147
Android,body,sync/sync-impl,sync_notify_me_description,,Get notified in the event Sync & Backup encounters an error.,,Device synced screen,,true,,false,apps/android/sync/sync-impl/src/main/res/values/strings-sync.xml,152,https://github.com/duckduckgo/Android/blob/3edb33d3d26af73ee30d690af68ddfec6788cf8e/sync/sync-impl/src/main/res/values/strings-sync.xml#L152
Android,body,sync/sync-impl,sync_auth_text_for_access,,Unlock device to access Sync & Backup.,,Sync Device Authentication,,true,,false,apps/android/sync/sync-impl/src/main/res/values/strings-sync.xml,171,https://github.com/duckduckgo/Android/blob/3edb33d3d26af73ee30d690af68ddfec6788cf8e/sync/sync-impl/src/main/res/values/strings-sync.xml#L171
Android,body,sync/sync-impl,sync_require_device_passcode_dialog_body,,"A device lock pattern, PIN, or biometrics is required to use Sync & Backup.",,Sync Device Authentication,,true,,false,apps/android/sync/sync-impl/src/main/res/values/strings-sync.xml,174,https://github.com/duckduckgo/Android/blob/3edb33d3d26af73ee30d690af68ddfec6788cf8e/sync/sync-impl/src/main/res/values/strings-sync.xml#L174
Android,body,sync/sync-impl,sync_delete_server_data_dialog_content,,"Your backup will be deleted from the server. All devices will be disconnected from sync, but nothing will be deleted from any device.",,Sync Settings,,true,,false,apps/android/sync/sync-impl/src/main/res/values/strings-sync.xml,179,https://github.com/duckduckgo/Android/blob/3edb33d3d26af73ee30d690af68ddfec6788cf8e/sync/sync-impl/src/main/res/values/strings-sync.xml#L179
Android,body,sync/sync-impl,syncPromoSubtitlePasswords,,"No account needed. End-to-end encryption means nobody but you can see your passwords, not even us.",,Sync feature promo,,true,,false,apps/android/sync/sync-impl/src/main/res/values/strings-sync.xml,185,https://github.com/duckduckgo/Android/blob/3edb33d3d26af73ee30d690af68ddfec6788cf8e/sync/sync-impl/src/main/res/values/strings-sync.xml#L185
Android,body,sync/sync-impl,syncPromoSubtitleBookmarks,,"No account needed. End-to-end encryption means nobody but you can see your bookmarks, not even us.",,Sync feature promo,,true,,false,apps/android/sync/sync-impl/src/main/res/values/strings-sync.xml,188,https://github.com/duckduckgo/Android/blob/3edb33d3d26af73ee30d690af68ddfec6788cf8e/sync/sync-impl/src/main/res/values/strings-sync.xml#L188
Android,body,sync/sync-impl,sync_dialog_switch_account_description,,"This device is already synced, are you sure you want to sync it with a different back up or device? Switching won't remove any data already synced to this device.",,Sync Switching account prompt,,true,,false,apps/android/sync/sync-impl/src/main/res/values/strings-sync.xml,206,https://github.com/duckduckgo/Android/blob/3edb33d3d26af73ee30d690af68ddfec6788cf8e/sync/sync-impl/src/main/res/values/strings-sync.xml#L206
Android,body,sync/sync-impl,sync_setup_deep_link_confirmation_dialog_message,,"""%1$s"" will be able to access your synced DuckDuckGo data.","Placeholder is a device name. e.g., Samsung S23",Deep link sync setup,%1$s,true,,false,apps/android/sync/sync-impl/src/main/res/values/strings-sync.xml,210,https://github.com/duckduckgo/Android/blob/3edb33d3d26af73ee30d690af68ddfec6788cf8e/sync/sync-impl/src/main/res/values/strings-sync.xml#L210
Android,body,sync/sync-impl,deep_link_auth_prompt_message,,Unlock device to set up Sync & Backup,,Deep link sync setup,,true,,false,apps/android/sync/sync-impl/src/main/res/values/strings-sync.xml,215,https://github.com/duckduckgo/Android/blob/3edb33d3d26af73ee30d690af68ddfec6788cf8e/sync/sync-impl/src/main/res/values/strings-sync.xml#L215
Android,body,sync/sync-impl,addBookmarkDialogSyncPromoText,,Sync Bookmarks Across Devices,,Sync promo in bookmark added confirmation dialog,,true,,false,apps/android/sync/sync-impl/src/main/res/values/strings-sync.xml,218,https://github.com/duckduckgo/Android/blob/3edb33d3d26af73ee30d690af68ddfec6788cf8e/sync/sync-impl/src/main/res/values/strings-sync.xml#L218
Android,body,sync/sync-impl,sync_settings_data_expiration,,"Sync & Backup data can't be recovered after 18 months of inactivity. <annotation type=""learn_more_link"">Learn more</annotation>",,Sync Settings Recovery Section,,true,,false,apps/android/sync/sync-impl/src/main/res/values/strings-sync.xml,229,https://github.com/duckduckgo/Android/blob/3edb33d3d26af73ee30d690af68ddfec6788cf8e/sync/sync-impl/src/main/res/values/strings-sync.xml#L229
Android,body,sync/sync-impl,sync_previous_session_ready_body,,"Restore to get your previous bookmarks, passwords and other data back in DuckDuckGo.",,Previous Session Ready Screen,,true,,false,apps/android/sync/sync-impl/src/main/res/values/strings-sync.xml,233,https://github.com/duckduckgo/Android/blob/3edb33d3d26af73ee30d690af68ddfec6788cf8e/sync/sync-impl/src/main/res/values/strings-sync.xml#L233
Android,body,sync/sync-impl,sync_recover_data_content,,Use this code to restore your data if you lose access to this device. Sync & Backup data can't be recovered after 18 months of inactivity.,,Recover Data Screen,,true,,false,apps/android/sync/sync-impl/src/main/res/values/strings-sync.xml,239,https://github.com/duckduckgo/Android/blob/3edb33d3d26af73ee30d690af68ddfec6788cf8e/sync/sync-impl/src/main/res/values/strings-sync.xml#L239
Android,body,sync/sync-impl,sync_restore_on_reinstall_description,,"If you reinstall the DuckDuckGo app, we'll ask if you want to restore your data on this device.",,Recover Data Screen,,true,,false,apps/android/sync/sync-impl/src/main/res/values/strings-sync.xml,243,https://github.com/duckduckgo/Android/blob/3edb33d3d26af73ee30d690af68ddfec6788cf8e/sync/sync-impl/src/main/res/values/strings-sync.xml#L243
Android,body,sync/sync-impl,sync_chat_bottom_sheet_description,,Find the QR Code on the DuckDuckGo app on your other device by going to Settings › Sync & Backup › Sync With Another Device.,,Chat sync promo,,true,,false,apps/android/sync/sync-impl/src/main/res/values/strings-sync.xml,249,https://github.com/duckduckgo/Android/blob/3edb33d3d26af73ee30d690af68ddfec6788cf8e/sync/sync-impl/src/main/res/values/strings-sync.xml#L249
Android,body,sync/sync-impl,sync_v2_confirmation_message_ddg,,"""%1$s"" will be able to access your synced DuckDuckGo passwords, autofill data, and Duck.ai chats.","Placeholder is a peer device name, e.g. Samsung S23.",v2 consent-dialog data-access copy (kind-specific; shared by joiner & host),%1$s,true,,false,apps/android/sync/sync-impl/src/main/res/values/strings-sync.xml,263,https://github.com/duckduckgo/Android/blob/3edb33d3d26af73ee30d690af68ddfec6788cf8e/sync/sync-impl/src/main/res/values/strings-sync.xml#L263
Android,body,sync/sync-impl,sync_v2_confirmation_message_3p,,"""%1$s"" will be able to access your synced Duck.ai chats.","Placeholder is a peer device name, e.g. Samsung S23.",v2 consent-dialog data-access copy (kind-specific; shared by joiner & host),%1$s,true,,false,apps/android/sync/sync-impl/src/main/res/values/strings-sync.xml,264,https://github.com/duckduckgo/Android/blob/3edb33d3d26af73ee30d690af68ddfec6788cf8e/sync/sync-impl/src/main/res/values/strings-sync.xml#L264
Android,body,sync/sync-impl,sync_v2_confirmation_message_unknown_peer_ddg,,"The other device will be able to access your synced DuckDuckGo passwords, autofill data, and Duck.ai chats.",,v2 consent-dialog data-access copy (kind-specific; shared by joiner & host),,true,,false,apps/android/sync/sync-impl/src/main/res/values/strings-sync.xml,265,https://github.com/duckduckgo/Android/blob/3edb33d3d26af73ee30d690af68ddfec6788cf8e/sync/sync-impl/src/main/res/values/strings-sync.xml#L265
Android,body,sync/sync-impl,sync_v2_confirmation_message_unknown_peer_3p,,The other device will be able to access your synced Duck.ai chats.,,v2 consent-dialog data-access copy (kind-specific; shared by joiner & host),,true,,false,apps/android/sync/sync-impl/src/main/res/values/strings-sync.xml,266,https://github.com/duckduckgo/Android/blob/3edb33d3d26af73ee30d690af68ddfec6788cf8e/sync/sync-impl/src/main/res/values/strings-sync.xml#L266
Android,body,sync/sync-impl,sync_v2_already_paired_message,,These devices are already connected to Sync & Backup.,,"v2 pairing terminal-outcome copy (interim, English-only). Spec 2026-06-17 (title-primary).",,true,,false,apps/android/sync/sync-impl/src/main/res/values/strings-sync.xml,277,https://github.com/duckduckgo/Android/blob/3edb33d3d26af73ee30d690af68ddfec6788cf8e/sync/sync-impl/src/main/res/values/strings-sync.xml#L277
Android,body,sync/sync-impl,sync_simplified_settings_header_body_disabled,,Sync and back up your autofill data and bookmarks end-to-end encrypted across your DuckDuckGo apps.,,Sync settings screen: header,,true,,false,apps/android/sync/sync-impl/src/main/res/values/strings-sync.xml,284,https://github.com/duckduckgo/Android/blob/3edb33d3d26af73ee30d690af68ddfec6788cf8e/sync/sync-impl/src/main/res/values/strings-sync.xml#L284
Android,body,sync/sync-impl,sync_simplified_settings_header_body_disabled_with_duck_ai,,"Sync and back up your autofill data, bookmarks, and Duck.ai chats, end-to-end encrypted across your DuckDuckGo apps.",,Sync settings screen: header,,true,,false,apps/android/sync/sync-impl/src/main/res/values/strings-sync.xml,285,https://github.com/duckduckgo/Android/blob/3edb33d3d26af73ee30d690af68ddfec6788cf8e/sync/sync-impl/src/main/res/values/strings-sync.xml#L285
Android,body,sync/sync-impl,sync_simplified_settings_header_body_enabled,,Your bookmarks and autofill data are being synced and backed up with end-to-end encryption.,,Sync settings screen: header,,true,,false,apps/android/sync/sync-impl/src/main/res/values/strings-sync.xml,286,https://github.com/duckduckgo/Android/blob/3edb33d3d26af73ee30d690af68ddfec6788cf8e/sync/sync-impl/src/main/res/values/strings-sync.xml#L286
Android,body,sync/sync-impl,sync_simplified_settings_header_body_enabled_with_duck_ai,,"Your bookmarks, autofill data, and Duck.ai chats, are being synced and backed up with end-to-end encryption.",,Sync settings screen: header,,true,,false,apps/android/sync/sync-impl/src/main/res/values/strings-sync.xml,287,https://github.com/duckduckgo/Android/blob/3edb33d3d26af73ee30d690af68ddfec6788cf8e/sync/sync-impl/src/main/res/values/strings-sync.xml#L287
Android,body,sync/sync-impl,sync_simplified_settings_data_expiration_notice,,"Sync & Backup data can’t be recovered after 18 months of inactivity. <annotation type=""learn_more_link"">Learn more</annotation>",,Sync settings screen: sync enabled state,,true,,false,apps/android/sync/sync-impl/src/main/res/values/strings-sync.xml,307,https://github.com/duckduckgo/Android/blob/3edb33d3d26af73ee30d690af68ddfec6788cf8e/sync/sync-impl/src/main/res/values/strings-sync.xml#L307
Android,body,sync/sync-impl,sync_simplified_settings_storage_permission_message,,Save recovery PDF requires storage permission,,Sync settings screen: sync enabled state,,true,,false,apps/android/sync/sync-impl/src/main/res/values/strings-sync.xml,309,https://github.com/duckduckgo/Android/blob/3edb33d3d26af73ee30d690af68ddfec6788cf8e/sync/sync-impl/src/main/res/values/strings-sync.xml#L309
Android,body,sync/sync-impl,sync_simplified_settings_notify_me_body,,Get notified in the event Sync & Backup encounters an error.,,Sync settings screen: both states,,true,,false,apps/android/sync/sync-impl/src/main/res/values/strings-sync.xml,314,https://github.com/duckduckgo/Android/blob/3edb33d3d26af73ee30d690af68ddfec6788cf8e/sync/sync-impl/src/main/res/values/strings-sync.xml#L314
Android,body,sync/sync-impl,sync_simplified_settings_delete_server_data_dialog_body,,All devices using Sync & Backup will be disconnected and your synced data will be deleted from the server.,,Sync settings screen: delete server data dialog,,true,,false,apps/android/sync/sync-impl/src/main/res/values/strings-sync.xml,320,https://github.com/duckduckgo/Android/blob/3edb33d3d26af73ee30d690af68ddfec6788cf8e/sync/sync-impl/src/main/res/values/strings-sync.xml#L320
Android,body,sync/sync-impl,sync_simplified_settings_require_passcode_dialog_body,,"A device lock pattern, PIN, or biometrics is required to use Sync & Backup.",,Sync settings screen: require device passcode dialog,,true,,false,apps/android/sync/sync-impl/src/main/res/values/strings-sync.xml,326,https://github.com/duckduckgo/Android/blob/3edb33d3d26af73ee30d690af68ddfec6788cf8e/sync/sync-impl/src/main/res/values/strings-sync.xml#L326
Android,body,sync/sync-impl,sync_simplified_setup_header_body,,We’ll help you sync your devices.,,Sync This Device screen,,true,,false,apps/android/sync/sync-impl/src/main/res/values/strings-sync.xml,331,https://github.com/duckduckgo/Android/blob/3edb33d3d26af73ee30d690af68ddfec6788cf8e/sync/sync-impl/src/main/res/values/strings-sync.xml#L331
Android,body,sync/sync-impl,sync_simplified_recover_data_body,,You’ll need the Recovery Code you got when you set up Sync & Backup. You may have saved it as a PDF on the device you used.,,Recover Synced Data screen,,true,,false,apps/android/sync/sync-impl/src/main/res/values/strings-sync.xml,338,https://github.com/duckduckgo/Android/blob/3edb33d3d26af73ee30d690af68ddfec6788cf8e/sync/sync-impl/src/main/res/values/strings-sync.xml#L338
Android,body,sync/sync-impl,sync_simplified_previous_session_body,,"Resume your Sync & Backup session to restore your bookmarks, passwords, and more, or continue with a new setup.",,Previous Session Ready screen,,true,,false,apps/android/sync/sync-impl/src/main/res/values/strings-sync.xml,343,https://github.com/duckduckgo/Android/blob/3edb33d3d26af73ee30d690af68ddfec6788cf8e/sync/sync-impl/src/main/res/values/strings-sync.xml#L343
Android,body,sync/sync-impl,sync_simplified_scanner_camera_header_body,,"Open <annotation type=""icon"">￼</annotation> <b><annotation type=""highlight"">DuckDuckGo for Desktop</annotation></b>\n<annotation type=""gap"">\n</annotation>and go to <annotation type=""highlight"">Sync &amp; Backup</annotation> › <annotation type=""highlight"">Sync With Another Device</annotation>",,Scanner screen: camera tab,,true,,false,apps/android/sync/sync-impl/src/main/res/values/strings-sync.xml,354,https://github.com/duckduckgo/Android/blob/3edb33d3d26af73ee30d690af68ddfec6788cf8e/sync/sync-impl/src/main/res/values/strings-sync.xml#L354
Android,body,sync/sync-impl,sync_simplified_scanner_no_permission_body,,Please go to your device’s settings and grant permission for this app to access your camera.,,Scanner screen: camera tab,,true,,false,apps/android/sync/sync-impl/src/main/res/values/strings-sync.xml,358,https://github.com/duckduckgo/Android/blob/3edb33d3d26af73ee30d690af68ddfec6788cf8e/sync/sync-impl/src/main/res/values/strings-sync.xml#L358
Android,body,sync/sync-impl,sync_simplified_scanner_manual_entry_header_body,,"Open your other <annotation type=""icon"">￼</annotation> <b><annotation type=""highlight"">DuckDuckGo App</annotation></b>\n<annotation type=""gap"">\n</annotation>Go to <annotation type=""highlight"">Sync &amp; Backup</annotation> › <annotation type=""highlight"">Sync With Another Device</annotation> › <annotation type=""highlight"">Copy Text Code</annotation>",,Scanner screen: manual entry tab,,true,,false,apps/android/sync/sync-impl/src/main/res/values/strings-sync.xml,364,https://github.com/duckduckgo/Android/blob/3edb33d3d26af73ee30d690af68ddfec6788cf8e/sync/sync-impl/src/main/res/values/strings-sync.xml#L364
Android,body,sync/sync-impl,sync_simplified_qr_code_header_body,,"On another device, open <annotation type=""icon"">￼</annotation> <b><annotation type=""highlight"">DuckDuckGo</annotation></b>\n<annotation type=""gap"">\n</annotation>and go to <annotation type=""highlight"">Sync &amp; Backup</annotation> › <annotation type=""highlight"">Sync With Another Device</annotation> and scan this code:",,QR Code screen,,true,,false,apps/android/sync/sync-impl/src/main/res/values/strings-sync.xml,372,https://github.com/duckduckgo/Android/blob/3edb33d3d26af73ee30d690af68ddfec6788cf8e/sync/sync-impl/src/main/res/values/strings-sync.xml#L372
Android,body,sync/sync-impl,sync_simplified_qr_code_copied_message,,Recovery Code Copied,,QR Code screen,,true,,false,apps/android/sync/sync-impl/src/main/res/values/strings-sync.xml,375,https://github.com/duckduckgo/Android/blob/3edb33d3d26af73ee30d690af68ddfec6788cf8e/sync/sync-impl/src/main/res/values/strings-sync.xml#L375
Android,body,sync/sync-impl,sync_simplified_pairing_body,,Connecting…,,Pairing screen,,true,,false,apps/android/sync/sync-impl/src/main/res/values/strings-sync.xml,381,https://github.com/duckduckgo/Android/blob/3edb33d3d26af73ee30d690af68ddfec6788cf8e/sync/sync-impl/src/main/res/values/strings-sync.xml#L381
Android,body,sync/sync-impl,sync_simplified_pairing_dialog_connecting_body,,Connecting…,,"Pairing dialogs, shown on the QR Code and Pairing screens",,true,,false,apps/android/sync/sync-impl/src/main/res/values/strings-sync.xml,394,https://github.com/duckduckgo/Android/blob/3edb33d3d26af73ee30d690af68ddfec6788cf8e/sync/sync-impl/src/main/res/values/strings-sync.xml#L394
Android,body,sync/sync-impl,sync_simplified_recovery_code_body,,Use this code to restore your data if you lose access to this device. Keep it safe.,,Recovery Code screen,,true,,false,apps/android/sync/sync-impl/src/main/res/values/strings-sync.xml,398,https://github.com/duckduckgo/Android/blob/3edb33d3d26af73ee30d690af68ddfec6788cf8e/sync/sync-impl/src/main/res/values/strings-sync.xml#L398
Android,body,sync/sync-impl,sync_simplified_recovery_code_copied_message,,Recovery Code Copied,,Recovery Code screen,,true,,false,apps/android/sync/sync-impl/src/main/res/values/strings-sync.xml,404,https://github.com/duckduckgo/Android/blob/3edb33d3d26af73ee30d690af68ddfec6788cf8e/sync/sync-impl/src/main/res/values/strings-sync.xml#L404
Android,body,sync/sync-impl,sync_simplified_recovery_code_storage_permission_message,,Save recovery PDF requires storage permission,,Recovery Code screen,,true,,false,apps/android/sync/sync-impl/src/main/res/values/strings-sync.xml,405,https://github.com/duckduckgo/Android/blob/3edb33d3d26af73ee30d690af68ddfec6788cf8e/sync/sync-impl/src/main/res/values/strings-sync.xml#L405
Android,body,sync/sync-impl,sync_simplified_edit_device_remove_notice_this_device,,This device will no longer be able to access your synced data if you remove it.,,Edit Device screen,,true,,false,apps/android/sync/sync-impl/src/main/res/values/strings-sync.xml,412,https://github.com/duckduckgo/Android/blob/3edb33d3d26af73ee30d690af68ddfec6788cf8e/sync/sync-impl/src/main/res/values/strings-sync.xml#L412
Android,body,sync/sync-impl,sync_simplified_edit_device_remove_notice_another_device,,This device will no longer be able to access your synced data if this is turned off.,,Edit Device screen,,true,,false,apps/android/sync/sync-impl/src/main/res/values/strings-sync.xml,413,https://github.com/duckduckgo/Android/blob/3edb33d3d26af73ee30d690af68ddfec6788cf8e/sync/sync-impl/src/main/res/values/strings-sync.xml#L413
Android,body,sync/sync-impl,sync_simplified_edit_device_remove_dialog_body,,“%1$s” will no longer be able to access your synced data.,"Placeholder is a device name. e.g., Samsung S23",Edit Device screen: remove device dialog,%1$s,true,,false,apps/android/sync/sync-impl/src/main/res/values/strings-sync.xml,422,https://github.com/duckduckgo/Android/blob/3edb33d3d26af73ee30d690af68ddfec6788cf8e/sync/sync-impl/src/main/res/values/strings-sync.xml#L422
Android,body,sync/sync-impl,sync_simplified_edit_device_turn_off_dialog_body,,This device will no longer be able to access your synced data on other devices.,,Edit Device screen: turn off sync dialog,,true,,false,apps/android/sync/sync-impl/src/main/res/values/strings-sync.xml,428,https://github.com/duckduckgo/Android/blob/3edb33d3d26af73ee30d690af68ddfec6788cf8e/sync/sync-impl/src/main/res/values/strings-sync.xml#L428
Android,body,sync/sync-impl,sync_simplified_deep_link_confirmation_dialog_body,,“%1$s” will be able to access your synced DuckDuckGo data.,"Placeholder is a device name. e.g., Samsung S23","Deep link setup: confirmation dialog and device-auth prompt, shown on the settings screen when an inbound sync pairing link is opened",%1$s,true,,false,apps/android/sync/sync-impl/src/main/res/values/strings-sync.xml,444,https://github.com/duckduckgo/Android/blob/3edb33d3d26af73ee30d690af68ddfec6788cf8e/sync/sync-impl/src/main/res/values/strings-sync.xml#L444
Android,body,sync/sync-impl,sync_simplified_deep_link_auth_prompt_message,,Unlock device to set up Sync & Backup,,"Deep link setup: confirmation dialog and device-auth prompt, shown on the settings screen when an inbound sync pairing link is opened",,true,,false,apps/android/sync/sync-impl/src/main/res/values/strings-sync.xml,448,https://github.com/duckduckgo/Android/blob/3edb33d3d26af73ee30d690af68ddfec6788cf8e/sync/sync-impl/src/main/res/values/strings-sync.xml#L448
Android,body,voice-search/voice-search-impl,voiceSearchListeningFooter,,"Audio is processed on-device. It's not stored or shared with anyone, including DuckDuckGo.",,,,true,,false,apps/android/voice-search/voice-search-impl/src/main/res/values/strings-voice-search.xml,23,https://github.com/duckduckgo/Android/blob/3edb33d3d26af73ee30d690af68ddfec6788cf8e/voice-search/voice-search-impl/src/main/res/values/strings-voice-search.xml#L23
Android,body,voice-search/voice-search-impl,voiceSearchMicAccessDeniedDialogMessage,,Microphone permissions are needed if you want to use our Private Voice Search.,,,,true,,false,apps/android/voice-search/voice-search-impl/src/main/res/values/strings-voice-search.xml,26,https://github.com/duckduckgo/Android/blob/3edb33d3d26af73ee30d690af68ddfec6788cf8e/voice-search/voice-search-impl/src/main/res/values/strings-voice-search.xml#L26
Android,body,voice-search/voice-search-impl,voiceSearchMicAccessDeniedDialogMessageDuckAi,,Microphone permissions are needed if you want to use our private voice features.,,,,true,,false,apps/android/voice-search/voice-search-impl/src/main/res/values/strings-voice-search.xml,27,https://github.com/duckduckgo/Android/blob/3edb33d3d26af73ee30d690af68ddfec6788cf8e/voice-search/voice-search-impl/src/main/res/values/strings-voice-search.xml#L27
Android,body,windows/windows-impl,windows_description,,"DuckDuckGo for Windows has what you need to browse with more privacy — private search, tracker blocking, forced encryption, and cookie pop-up blocking, plus more best-in-class protections on the way.\n\nOn your Windows computer, go to:",,,,true,,false,apps/android/windows/windows-impl/src/main/res/values/strings-windows.xml,22,https://github.com/duckduckgo/Android/blob/3edb33d3d26af73ee30d690af68ddfec6788cf8e/windows/windows-impl/src/main/res/values/strings-windows.xml#L22
Android,body,windows/windows-impl,windows_share_text,,Ready to start browsing privately on Windows?\n\nVisit this URL on your Windows computer to download:\nhttps://duckduckgo.com/windows?origin=funnel_browser_android_settings,,,,true,,false,apps/android/windows/windows-impl/src/main/res/values/strings-windows.xml,25,https://github.com/duckduckgo/Android/blob/3edb33d3d26af73ee30d690af68ddfec6788cf8e/windows/windows-impl/src/main/res/values/strings-windows.xml#L25
