platform,content_type,module,key,variant,text,developer_comment,context_comment,placeholders,translatable,state,internal_only,source_file,line,source_url
Android,buttons,ad-blocking/ad-blocking-impl,contingencyMessagePrimaryButton,,Got It,,,,true,,false,apps/android/ad-blocking/ad-blocking-impl/src/main/res/values/strings-ad-blocking.xml,29,https://github.com/duckduckgo/Android/blob/ef7ff9ae832c11eb88d7db9760b9fd0b4eeb09b0/ad-blocking/ad-blocking-impl/src/main/res/values/strings-ad-blocking.xml#L29
Android,buttons,ad-blocking/ad-blocking-impl,ad_blocking_disabled_primary_action,,Send Breakage Report,,,,true,,false,apps/android/ad-blocking/ad-blocking-impl/src/main/res/values/strings-ad-blocking.xml,40,https://github.com/duckduckgo/Android/blob/ef7ff9ae832c11eb88d7db9760b9fd0b4eeb09b0/ad-blocking/ad-blocking-impl/src/main/res/values/strings-ad-blocking.xml#L40
Android,buttons,ad-blocking/ad-blocking-impl,ad_blocking_disabled_secondary_action,,Cancel,,,,true,,false,apps/android/ad-blocking/ad-blocking-impl/src/main/res/values/strings-ad-blocking.xml,41,https://github.com/duckduckgo/Android/blob/ef7ff9ae832c11eb88d7db9760b9fd0b4eeb09b0/ad-blocking/ad-blocking-impl/src/main/res/values/strings-ad-blocking.xml#L41
Android,buttons,ad-blocking/ad-blocking-impl,duck_player_save,,Save,,,,true,,false,apps/android/ad-blocking/ad-blocking-impl/src/main/res/values/strings-duckplayer.xml,19,https://github.com/duckduckgo/Android/blob/ef7ff9ae832c11eb88d7db9760b9fd0b4eeb09b0/ad-blocking/ad-blocking-impl/src/main/res/values/strings-duckplayer.xml#L19
Android,buttons,ad-blocking/ad-blocking-impl,duck_player_cancel,,Cancel,,,,true,,false,apps/android/ad-blocking/ad-blocking-impl/src/main/res/values/strings-duckplayer.xml,20,https://github.com/duckduckgo/Android/blob/ef7ff9ae832c11eb88d7db9760b9fd0b4eeb09b0/ad-blocking/ad-blocking-impl/src/main/res/values/strings-duckplayer.xml#L20
Android,buttons,ad-blocking/ad-blocking-impl,duck_player_info_modal_button,,Got it!,,,,true,,false,apps/android/ad-blocking/ad-blocking-impl/src/main/res/values/strings-duckplayer.xml,34,https://github.com/duckduckgo/Android/blob/ef7ff9ae832c11eb88d7db9760b9fd0b4eeb09b0/ad-blocking/ad-blocking-impl/src/main/res/values/strings-duckplayer.xml#L34
Android,buttons,android-design-system/design-system,tab_title_buttons,,Buttons,,Main,,false,,false,apps/android/android-design-system/design-system/src/main/res/values/donottranslate.xml,22,https://github.com/duckduckgo/Android/blob/ef7ff9ae832c11eb88d7db9760b9fd0b4eeb09b0/android-design-system/design-system/src/main/res/values/donottranslate.xml#L22
Android,buttons,android-design-system/design-system,button_left_button_label,,Left,,Components,,false,,false,apps/android/android-design-system/design-system/src/main/res/values/donottranslate.xml,41,https://github.com/duckduckgo/Android/blob/ef7ff9ae832c11eb88d7db9760b9fd0b4eeb09b0/android-design-system/design-system/src/main/res/values/donottranslate.xml#L41
Android,buttons,android-design-system/design-system,button_center_button_label,,Center,,Components,,false,,false,apps/android/android-design-system/design-system/src/main/res/values/donottranslate.xml,42,https://github.com/duckduckgo/Android/blob/ef7ff9ae832c11eb88d7db9760b9fd0b4eeb09b0/android-design-system/design-system/src/main/res/values/donottranslate.xml#L42
Android,buttons,android-design-system/design-system,button_right_button_label,,Right,,Components,,false,,false,apps/android/android-design-system/design-system/src/main/res/values/donottranslate.xml,43,https://github.com/duckduckgo/Android/blob/ef7ff9ae832c11eb88d7db9760b9fd0b4eeb09b0/android-design-system/design-system/src/main/res/values/donottranslate.xml#L43
Android,buttons,android-design-system/design-system,radio_button_label_title,,Radio button,,Components,,false,,false,apps/android/android-design-system/design-system/src/main/res/values/donottranslate.xml,49,https://github.com/duckduckgo/Android/blob/ef7ff9ae832c11eb88d7db9760b9fd0b4eeb09b0/android-design-system/design-system/src/main/res/values/donottranslate.xml#L49
Android,buttons,android-design-system/design-system,text_dialog_positive,,Keep using,,Components,,false,,false,apps/android/android-design-system/design-system/src/main/res/values/donottranslate.xml,54,https://github.com/duckduckgo/Android/blob/ef7ff9ae832c11eb88d7db9760b9fd0b4eeb09b0/android-design-system/design-system/src/main/res/values/donottranslate.xml#L54
Android,buttons,android-design-system/design-system,text_dialog_negative,,Negative,,Components,,false,,false,apps/android/android-design-system/design-system/src/main/res/values/donottranslate.xml,55,https://github.com/duckduckgo/Android/blob/ef7ff9ae832c11eb88d7db9760b9fd0b4eeb09b0/android-design-system/design-system/src/main/res/values/donottranslate.xml#L55
Android,buttons,android-design-system/design-system,notifyme_button_label,,Notify me,,Notify Me View,,true,,false,apps/android/android-design-system/design-system/src/main/res/values/strings-common-ui.xml,21,https://github.com/duckduckgo/Android/blob/ef7ff9ae832c11eb88d7db9760b9fd0b4eeb09b0/android-design-system/design-system/src/main/res/values/strings-common-ui.xml#L21
Android,buttons,android-design-system/design-system,dialogSaveAction,,Save,,Dialogs,,true,,false,apps/android/android-design-system/design-system/src/main/res/values/strings-common-ui.xml,26,https://github.com/duckduckgo/Android/blob/ef7ff9ae832c11eb88d7db9760b9fd0b4eeb09b0/android-design-system/design-system/src/main/res/values/strings-common-ui.xml#L26
Android,buttons,android-design-system/design-system,dialogSave,,Save,,Dialogs,,true,,false,apps/android/android-design-system/design-system/src/main/res/values/strings-common-ui.xml,28,https://github.com/duckduckgo/Android/blob/ef7ff9ae832c11eb88d7db9760b9fd0b4eeb09b0/android-design-system/design-system/src/main/res/values/strings-common-ui.xml#L28
Android,buttons,android-design-system/design-system,cancel,,Cancel,,Dialogs,,true,,false,apps/android/android-design-system/design-system/src/main/res/values/strings-common-ui.xml,34,https://github.com/duckduckgo/Android/blob/ef7ff9ae832c11eb88d7db9760b9fd0b4eeb09b0/android-design-system/design-system/src/main/res/values/strings-common-ui.xml#L34
Android,buttons,app,appearanceNightModeDialogPrimaryCTA,,Relaunch Now,,Force Dark Mode,,false,,false,apps/android/app/src/main/res/values/donottranslate.xml,36,https://github.com/duckduckgo/Android/blob/ef7ff9ae832c11eb88d7db9760b9fd0b4eeb09b0/app/src/main/res/values/donottranslate.xml#L36
Android,buttons,app,appearanceNightModeDialogSecondaryCTA,,Dismiss,,Force Dark Mode,,false,,false,apps/android/app/src/main/res/values/donottranslate.xml,37,https://github.com/duckduckgo/Android/blob/ef7ff9ae832c11eb88d7db9760b9fd0b4eeb09b0/app/src/main/res/values/donottranslate.xml#L37
Android,buttons,app,newTabPageIndonesiaMessageCta,,Okay,,Indonesia message,,false,,false,apps/android/app/src/main/res/values/donottranslate.xml,45,https://github.com/duckduckgo/Android/blob/ef7ff9ae832c11eb88d7db9760b9fd0b4eeb09b0/app/src/main/res/values/donottranslate.xml#L45
Android,buttons,app,skipOnboarding,,Skip Onboarding,,Skip Onboarding (not user-facing),,false,,false,apps/android/app/src/main/res/values/donottranslate.xml,48,https://github.com/duckduckgo/Android/blob/ef7ff9ae832c11eb88d7db9760b9fd0b4eeb09b0/app/src/main/res/values/donottranslate.xml#L48
Android,buttons,app,downloadReasonPrimaryCta,,Next,,Segmented onboarding,,false,,false,apps/android/app/src/main/res/values/donottranslate.xml,59,https://github.com/duckduckgo/Android/blob/ef7ff9ae832c11eb88d7db9760b9fd0b4eeb09b0/app/src/main/res/values/donottranslate.xml#L59
Android,buttons,app,searchPathWithToggleEnabledContextualEndPrimaryCta,,Try Duck.ai,,Segmented onboarding,,false,,false,apps/android/app/src/main/res/values/donottranslate.xml,73,https://github.com/duckduckgo/Android/blob/ef7ff9ae832c11eb88d7db9760b9fd0b4eeb09b0/app/src/main/res/values/donottranslate.xml#L73
Android,buttons,app,searchPathWithToggleEnabledContextualEndSecondaryCta,,Skip,,Segmented onboarding,,false,,false,apps/android/app/src/main/res/values/donottranslate.xml,74,https://github.com/duckduckgo/Android/blob/ef7ff9ae832c11eb88d7db9760b9fd0b4eeb09b0/app/src/main/res/values/donottranslate.xml#L74
Android,buttons,app,cancel,,Cancel,,,,true,,false,apps/android/app/src/main/res/values/strings.xml,26,https://github.com/duckduckgo/Android/blob/ef7ff9ae832c11eb88d7db9760b9fd0b4eeb09b0/app/src/main/res/values/strings.xml#L26
Android,buttons,app,closeFindInPageButtonDescription,,Close find in page view,,Find in page,,true,,false,apps/android/app/src/main/res/values/strings.xml,82,https://github.com/duckduckgo/Android/blob/ef7ff9ae832c11eb88d7db9760b9fd0b4eeb09b0/app/src/main/res/values/strings.xml#L82
Android,buttons,app,autocompleteRemoveItemCancel,,Cancel,,AutoComplete Suggestions,,true,,false,apps/android/app/src/main/res/values/strings.xml,89,https://github.com/duckduckgo/Android/blob/ef7ff9ae832c11eb88d7db9760b9fd0b4eeb09b0/app/src/main/res/values/strings.xml#L89
Android,buttons,app,confirmOpenExternalApp,,Would you like to leave DuckDuckGo to view this content?,,Opening external apps,,true,,false,apps/android/app/src/main/res/values/strings.xml,96,https://github.com/duckduckgo/Android/blob/ef7ff9ae832c11eb88d7db9760b9fd0b4eeb09b0/app/src/main/res/values/strings.xml#L96
Android,buttons,app,fireCancel,,Cancel,,Fire,,true,,false,apps/android/app/src/main/res/values/strings.xml,125,https://github.com/duckduckgo/Android/blob/ef7ff9ae832c11eb88d7db9760b9fd0b4eeb09b0/app/src/main/res/values/strings.xml#L125
Android,buttons,app,settingsThemeDialogSave,,Set Theme,,Settings Activity,,true,,false,apps/android/app/src/main/res/values/strings.xml,146,https://github.com/duckduckgo/Android/blob/ef7ff9ae832c11eb88d7db9760b9fd0b4eeb09b0/app/src/main/res/values/strings.xml#L146
Android,buttons,app,settingsAutomaticallyClearingDialogSave,,Save,,Settings - Automatically clearing data,,true,,false,apps/android/app/src/main/res/values/strings.xml,266,https://github.com/duckduckgo/Android/blob/ef7ff9ae832c11eb88d7db9760b9fd0b4eeb09b0/app/src/main/res/values/strings.xml#L266
Android,buttons,app,searchWidgetEmtpyFavoritesCta,,Add Favorite,,Favorites widget,,true,,false,apps/android/app/src/main/res/values/strings.xml,308,https://github.com/duckduckgo/Android/blob/ef7ff9ae832c11eb88d7db9760b9fd0b4eeb09b0/app/src/main/res/values/strings.xml#L308
Android,buttons,app,surveyCtaTitle,,Help us improve the app!,,User Survey,,true,,false,apps/android/app/src/main/res/values/strings.xml,318,https://github.com/duckduckgo/Android/blob/ef7ff9ae832c11eb88d7db9760b9fd0b4eeb09b0/app/src/main/res/values/strings.xml#L318
Android,buttons,app,surveyCtaDescription,,Take our short survey and share your feedback.,,User Survey,,true,,false,apps/android/app/src/main/res/values/strings.xml,319,https://github.com/duckduckgo/Android/blob/ef7ff9ae832c11eb88d7db9760b9fd0b4eeb09b0/app/src/main/res/values/strings.xml#L319
Android,buttons,app,surveyCtaLaunchButton,,Take the Survey,,User Survey,,true,,false,apps/android/app/src/main/res/values/strings.xml,320,https://github.com/duckduckgo/Android/blob/ef7ff9ae832c11eb88d7db9760b9fd0b4eeb09b0/app/src/main/res/values/strings.xml#L320
Android,buttons,app,surveyCtaDismissButton,,No Thanks,,User Survey,,true,,false,apps/android/app/src/main/res/values/strings.xml,321,https://github.com/duckduckgo/Android/blob/ef7ff9ae832c11eb88d7db9760b9fd0b4eeb09b0/app/src/main/res/values/strings.xml#L321
Android,buttons,app,addWidgetCtaTitle,,Try our search widget!,,Add widget,,true,,false,apps/android/app/src/main/res/values/strings.xml,329,https://github.com/duckduckgo/Android/blob/ef7ff9ae832c11eb88d7db9760b9fd0b4eeb09b0/app/src/main/res/values/strings.xml#L329
Android,buttons,app,addWidgetCtaDescription,,Add our search widget to your home screen for quick and easy access.,,Add widget,,true,,false,apps/android/app/src/main/res/values/strings.xml,330,https://github.com/duckduckgo/Android/blob/ef7ff9ae832c11eb88d7db9760b9fd0b4eeb09b0/app/src/main/res/values/strings.xml#L330
Android,buttons,app,addWidgetCtaAutoLaunchButton,,Add Widget,,Add widget,,true,,false,apps/android/app/src/main/res/values/strings.xml,331,https://github.com/duckduckgo/Android/blob/ef7ff9ae832c11eb88d7db9760b9fd0b4eeb09b0/app/src/main/res/values/strings.xml#L331
Android,buttons,app,addWidgetCtaInstructionsLaunchButton,,Show Me,,Add widget,,true,,false,apps/android/app/src/main/res/values/strings.xml,332,https://github.com/duckduckgo/Android/blob/ef7ff9ae832c11eb88d7db9760b9fd0b4eeb09b0/app/src/main/res/values/strings.xml#L332
Android,buttons,app,addWidgetCtaDismissButton,,Dismiss,,Add widget,,true,,false,apps/android/app/src/main/res/values/strings.xml,333,https://github.com/duckduckgo/Android/blob/ef7ff9ae832c11eb88d7db9760b9fd0b4eeb09b0/app/src/main/res/values/strings.xml#L333
Android,buttons,app,addWidgetInstructionsButtonGoHome,,Go to Home Screen,,Add widget,,true,,false,apps/android/app/src/main/res/values/strings.xml,341,https://github.com/duckduckgo/Android/blob/ef7ff9ae832c11eb88d7db9760b9fd0b4eeb09b0/app/src/main/res/values/strings.xml#L341
Android,buttons,app,addWidgetInstructionsButtonClose,,Close,,Add widget,,true,,false,apps/android/app/src/main/res/values/strings.xml,342,https://github.com/duckduckgo/Android/blob/ef7ff9ae832c11eb88d7db9760b9fd0b4eeb09b0/app/src/main/res/values/strings.xml#L342
Android,buttons,app,appEnjoymentDialogPositiveButton,,I Like It,,App Enjoyment / Rating / Feedback,,true,,false,apps/android/app/src/main/res/values/strings.xml,347,https://github.com/duckduckgo/Android/blob/ef7ff9ae832c11eb88d7db9760b9fd0b4eeb09b0/app/src/main/res/values/strings.xml#L347
Android,buttons,app,appEnjoymentDialogNegativeButton,,It Needs Work,,App Enjoyment / Rating / Feedback,,true,,false,apps/android/app/src/main/res/values/strings.xml,348,https://github.com/duckduckgo/Android/blob/ef7ff9ae832c11eb88d7db9760b9fd0b4eeb09b0/app/src/main/res/values/strings.xml#L348
Android,buttons,app,rateAppDialogPositiveButton,,Rate App,,App Enjoyment / Rating / Feedback,,true,,false,apps/android/app/src/main/res/values/strings.xml,352,https://github.com/duckduckgo/Android/blob/ef7ff9ae832c11eb88d7db9760b9fd0b4eeb09b0/app/src/main/res/values/strings.xml#L352
Android,buttons,app,rateAppDialogNegativeButton,,@string/noThanks,,App Enjoyment / Rating / Feedback,,false,,false,apps/android/app/src/main/res/values/strings.xml,353,https://github.com/duckduckgo/Android/blob/ef7ff9ae832c11eb88d7db9760b9fd0b4eeb09b0/app/src/main/res/values/strings.xml#L353
Android,buttons,app,giveFeedbackDialogPositiveButton,,Share Feedback,,App Enjoyment / Rating / Feedback,,true,,false,apps/android/app/src/main/res/values/strings.xml,357,https://github.com/duckduckgo/Android/blob/ef7ff9ae832c11eb88d7db9760b9fd0b4eeb09b0/app/src/main/res/values/strings.xml#L357
Android,buttons,app,giveFeedbackDialogNegativeButton,,@string/noThanks,,App Enjoyment / Rating / Feedback,,false,,false,apps/android/app/src/main/res/values/strings.xml,358,https://github.com/duckduckgo/Android/blob/ef7ff9ae832c11eb88d7db9760b9fd0b4eeb09b0/app/src/main/res/values/strings.xml#L358
Android,buttons,app,privacyProtectionNotificationLaunchButton,,Resume Browsing,,Privacy Protection Notification,,true,,false,apps/android/app/src/main/res/values/strings.xml,376,https://github.com/duckduckgo/Android/blob/ef7ff9ae832c11eb88d7db9760b9fd0b4eeb09b0/app/src/main/res/values/strings.xml#L376
Android,buttons,app,authenticationDialogPositiveButton,,Sign In,,Authentication,,true,,false,apps/android/app/src/main/res/values/strings.xml,381,https://github.com/duckduckgo/Android/blob/ef7ff9ae832c11eb88d7db9760b9fd0b4eeb09b0/app/src/main/res/values/strings.xml#L381
Android,buttons,app,authenticationDialogNegativeButton,,Cancel,,Authentication,,true,,false,apps/android/app/src/main/res/values/strings.xml,382,https://github.com/duckduckgo/Android/blob/ef7ff9ae832c11eb88d7db9760b9fd0b4eeb09b0/app/src/main/res/values/strings.xml#L382
Android,buttons,app,systemSearchOnboardingButtonMore,,Show more,,System Search,,true,,false,apps/android/app/src/main/res/values/strings.xml,400,https://github.com/duckduckgo/Android/blob/ef7ff9ae832c11eb88d7db9760b9fd0b4eeb09b0/app/src/main/res/values/strings.xml#L400
Android,buttons,app,systemSearchOnboardingButtonLess,,Hide,,System Search,,true,,false,apps/android/app/src/main/res/values/strings.xml,401,https://github.com/duckduckgo/Android/blob/ef7ff9ae832c11eb88d7db9760b9fd0b4eeb09b0/app/src/main/res/values/strings.xml#L401
Android,buttons,app,systemSearchOnboardingButtonOk,,Got it,,System Search,,true,,false,apps/android/app/src/main/res/values/strings.xml,402,https://github.com/duckduckgo/Android/blob/ef7ff9ae832c11eb88d7db9760b9fd0b4eeb09b0/app/src/main/res/values/strings.xml#L402
Android,buttons,app,daxDialogAppTpRetentionPrimaryButtonText,,Enable App Tracking Protection,,AppTP Retention Experiment Dax Dialog,,true,,false,apps/android/app/src/main/res/values/strings.xml,410,https://github.com/duckduckgo/Android/blob/ef7ff9ae832c11eb88d7db9760b9fd0b4eeb09b0/app/src/main/res/values/strings.xml#L410
Android,buttons,app,daxDialogAppTpRetentionSecondaryButtonText,,Not Now,,AppTP Retention Experiment Dax Dialog,,true,,false,apps/android/app/src/main/res/values/strings.xml,411,https://github.com/duckduckgo/Android/blob/ef7ff9ae832c11eb88d7db9760b9fd0b4eeb09b0/app/src/main/res/values/strings.xml#L411
Android,buttons,app,onboardingLetsDoItButton,,Let's Do It!,,New Onboarding Experience,,true,,false,apps/android/app/src/main/res/values/strings.xml,416,https://github.com/duckduckgo/Android/blob/ef7ff9ae832c11eb88d7db9760b9fd0b4eeb09b0/app/src/main/res/values/strings.xml#L416
Android,buttons,app,daxNonSerpCtaText,,"As you tap and scroll, I'll block pesky trackers. <br/><br/>Go ahead — keep browsing!",,New Onboarding Experience,,true,,false,apps/android/app/src/main/res/values/strings.xml,417,https://github.com/duckduckgo/Android/blob/ef7ff9ae832c11eb88d7db9760b9fd0b4eeb09b0/app/src/main/res/values/strings.xml#L417
Android,buttons,app,daxMainNetworkCtaText,,"Heads up! I can't stop %1$s from seeing your activity on %2$s <br/><br/>But browse with me, and I can reduce what %3$s knows about you overall by blocking their trackers on lots of other sites.","%1$s is the name of a company, %2$s is the website where the tracking is happening, %3$s is the name of the company showing in %1$s",New Onboarding Experience,%1$s %2$s %3$s,true,,false,apps/android/app/src/main/res/values/strings.xml,418,https://github.com/duckduckgo/Android/blob/ef7ff9ae832c11eb88d7db9760b9fd0b4eeb09b0/app/src/main/res/values/strings.xml#L418
Android,buttons,app,daxMainNetworkOwnedCtaText,,"Heads up! Since %1$s owns %2$s, I can't stop them from seeing your activity here.<br/><br/>But browse with me, and I can reduce what %3$s knows about you overall by blocking their trackers on lots of other sites.","%1$s is the name of a company, %2$s is the website where the tracking is happening, %3$s is the name of the company showing in %1$s",New Onboarding Experience,%1$s %2$s %3$s,true,,false,apps/android/app/src/main/res/values/strings.xml,419,https://github.com/duckduckgo/Android/blob/ef7ff9ae832c11eb88d7db9760b9fd0b4eeb09b0/app/src/main/res/values/strings.xml#L419
Android,buttons,app,changeIconCtaLabel,,App Icon,,Change Icon Activity,,true,,false,apps/android/app/src/main/res/values/strings.xml,431,https://github.com/duckduckgo/Android/blob/ef7ff9ae832c11eb88d7db9760b9fd0b4eeb09b0/app/src/main/res/values/strings.xml#L431
Android,buttons,app,changeIconCtaAccept,,Apply,,Change Icon Activity,,true,,false,apps/android/app/src/main/res/values/strings.xml,432,https://github.com/duckduckgo/Android/blob/ef7ff9ae832c11eb88d7db9760b9fd0b4eeb09b0/app/src/main/res/values/strings.xml#L432
Android,buttons,app,changeIconCtaCancel,,Cancel,,Change Icon Activity,,true,,false,apps/android/app/src/main/res/values/strings.xml,433,https://github.com/duckduckgo/Android/blob/ef7ff9ae832c11eb88d7db9760b9fd0b4eeb09b0/app/src/main/res/values/strings.xml#L433
Android,buttons,app,dialogSaveAction,,Save,,Dialogs,,true,,false,apps/android/app/src/main/res/values/strings.xml,444,https://github.com/duckduckgo/Android/blob/ef7ff9ae832c11eb88d7db9760b9fd0b4eeb09b0/app/src/main/res/values/strings.xml#L444
Android,buttons,app,fireproofWebsiteLoginDialogPositive,,Fireproof,,Fireproof websites,,true,,false,apps/android/app/src/main/res/values/strings.xml,469,https://github.com/duckduckgo/Android/blob/ef7ff9ae832c11eb88d7db9760b9fd0b4eeb09b0/app/src/main/res/values/strings.xml#L469
Android,buttons,app,fireproofWebsiteLoginDialogNegative,,Not now,,Fireproof websites,,true,,false,apps/android/app/src/main/res/values/strings.xml,470,https://github.com/duckduckgo/Android/blob/ef7ff9ae832c11eb88d7db9760b9fd0b4eeb09b0/app/src/main/res/values/strings.xml#L470
Android,buttons,app,disableLoginDetectionDialogPositive,,Disable,,Fireproof websites,,true,,false,apps/android/app/src/main/res/values/strings.xml,481,https://github.com/duckduckgo/Android/blob/ef7ff9ae832c11eb88d7db9760b9fd0b4eeb09b0/app/src/main/res/values/strings.xml#L481
Android,buttons,app,disableLoginDetectionDialogNegative,,Cancel,,Fireproof websites,,true,,false,apps/android/app/src/main/res/values/strings.xml,482,https://github.com/duckduckgo/Android/blob/ef7ff9ae832c11eb88d7db9760b9fd0b4eeb09b0/app/src/main/res/values/strings.xml#L482
Android,buttons,app,settingsSelectFireAnimationDialogSave,,Save,,Fire Animation settings,,true,,false,apps/android/app/src/main/res/values/strings.xml,498,https://github.com/duckduckgo/Android/blob/ef7ff9ae832c11eb88d7db9760b9fd0b4eeb09b0/app/src/main/res/values/strings.xml#L498
Android,buttons,app,daxClearDataCtaText,,Personal data can build up in your browser. Yuck. Use the Fire Button to burn it all away. Give it a try now! 👇,,Fire button education,,true,,false,apps/android/app/src/main/res/values/strings.xml,528,https://github.com/duckduckgo/Android/blob/ef7ff9ae832c11eb88d7db9760b9fd0b4eeb09b0/app/src/main/res/values/strings.xml#L528
Android,buttons,app,appLinkSnackBarAction,,Open in app,,Opening app links,,true,,false,apps/android/app/src/main/res/values/strings.xml,542,https://github.com/duckduckgo/Android/blob/ef7ff9ae832c11eb88d7db9760b9fd0b4eeb09b0/app/src/main/res/values/strings.xml#L542
Android,buttons,app,appLinkMultipleSnackBarAction,,Choose app,,Opening app links,,true,,false,apps/android/app/src/main/res/values/strings.xml,543,https://github.com/duckduckgo/Android/blob/ef7ff9ae832c11eb88d7db9760b9fd0b4eeb09b0/app/src/main/res/values/strings.xml#L543
Android,buttons,app,autoconsentPrimaryCta,,Handle Pop-ups For Me,,Autoconsent,,true,,false,apps/android/app/src/main/res/values/strings.xml,598,https://github.com/duckduckgo/Android/blob/ef7ff9ae832c11eb88d7db9760b9fd0b4eeb09b0/app/src/main/res/values/strings.xml#L598
Android,buttons,app,autoconsentSecondaryCta,,"No, I'll Manage Them Myself",,Autoconsent,,true,,false,apps/android/app/src/main/res/values/strings.xml,600,https://github.com/duckduckgo/Android/blob/ef7ff9ae832c11eb88d7db9760b9fd0b4eeb09b0/app/src/main/res/values/strings.xml#L600
Android,buttons,app,closeAppTabsConfirmationDialogCancel,,Cancel,,Tab Switcher,,true,,false,apps/android/app/src/main/res/values/strings.xml,615,https://github.com/duckduckgo/Android/blob/ef7ff9ae832c11eb88d7db9760b9fd0b4eeb09b0/app/src/main/res/values/strings.xml#L615
Android,buttons,app,closeAppTabsConfirmationDialogClose,,Close,,Tab Switcher,,true,,false,apps/android/app/src/main/res/values/strings.xml,616,https://github.com/duckduckgo/Android/blob/ef7ff9ae832c11eb88d7db9760b9fd0b4eeb09b0/app/src/main/res/values/strings.xml#L616
Android,buttons,app,tabSwitcherBookmarkDialogPositiveButton,,Bookmark,,Tab Switcher,,true,,false,apps/android/app/src/main/res/values/strings.xml,639,https://github.com/duckduckgo/Android/blob/ef7ff9ae832c11eb88d7db9760b9fd0b4eeb09b0/app/src/main/res/values/strings.xml#L639
Android,buttons,app,closeTabsConfirmationDialogCloseTabs,plural:one,Close Tab,,Tab Switcher,,true,,false,apps/android/app/src/main/res/values/strings.xml,666,https://github.com/duckduckgo/Android/blob/ef7ff9ae832c11eb88d7db9760b9fd0b4eeb09b0/app/src/main/res/values/strings.xml#L666
Android,buttons,app,closeTabsConfirmationDialogCloseTabs,plural:other,Close Tabs,,Tab Switcher,,true,,false,apps/android/app/src/main/res/values/strings.xml,666,https://github.com/duckduckgo/Android/blob/ef7ff9ae832c11eb88d7db9760b9fd0b4eeb09b0/app/src/main/res/values/strings.xml#L666
Android,buttons,app,imageCaptureCameraPermissionDeniedPositiveButton,,Open Settings,,Uploading an image from the camera or choosing to use existing image,,true,,false,apps/android/app/src/main/res/values/strings.xml,696,https://github.com/duckduckgo/Android/blob/ef7ff9ae832c11eb88d7db9760b9fd0b4eeb09b0/app/src/main/res/values/strings.xml#L696
Android,buttons,app,imageCaptureCameraPermissionDeniedNegativeButton,,Cancel,,Uploading an image from the camera or choosing to use existing image,,true,,false,apps/android/app/src/main/res/values/strings.xml,697,https://github.com/duckduckgo/Android/blob/ef7ff9ae832c11eb88d7db9760b9fd0b4eeb09b0/app/src/main/res/values/strings.xml#L697
Android,buttons,app,sslErrorLeaveCTA,,Leave This Site,,SSL Error,,true,,false,apps/android/app/src/main/res/values/strings.xml,707,https://github.com/duckduckgo/Android/blob/ef7ff9ae832c11eb88d7db9760b9fd0b4eeb09b0/app/src/main/res/values/strings.xml#L707
Android,buttons,app,sslErrorAdvancedCTA,,Advanced,,SSL Error,,true,,false,apps/android/app/src/main/res/values/strings.xml,708,https://github.com/duckduckgo/Android/blob/ef7ff9ae832c11eb88d7db9760b9fd0b4eeb09b0/app/src/main/res/values/strings.xml#L708
Android,buttons,app,sslErrorExpandedCTA,,<u>Accept Risk and Visit Site</u>,,SSL Error,,true,,false,apps/android/app/src/main/res/values/strings.xml,710,https://github.com/duckduckgo/Android/blob/ef7ff9ae832c11eb88d7db9760b9fd0b4eeb09b0/app/src/main/res/values/strings.xml#L710
Android,buttons,app,preOnboardingDaxDialog1SecondaryButton,,I've been here before,,Extended Onboarding,,true,,false,apps/android/app/src/main/res/values/strings.xml,721,https://github.com/duckduckgo/Android/blob/ef7ff9ae832c11eb88d7db9760b9fd0b4eeb09b0/app/src/main/res/values/strings.xml#L721
Android,buttons,app,preOnboardingDaxDialog3SecondaryButton,,Show Tutorial,,Extended Onboarding,,true,,false,apps/android/app/src/main/res/values/strings.xml,726,https://github.com/duckduckgo/Android/blob/ef7ff9ae832c11eb88d7db9760b9fd0b4eeb09b0/app/src/main/res/values/strings.xml#L726
Android,buttons,app,preOnboardingAddressBarOkButton,,Next,,Extended Onboarding,,true,,false,apps/android/app/src/main/res/values/strings.xml,737,https://github.com/duckduckgo/Android/blob/ef7ff9ae832c11eb88d7db9760b9fd0b4eeb09b0/app/src/main/res/values/strings.xml#L737
Android,buttons,app,onboardingSerpDaxDialogButton,,Got it!,,Extended Onboarding,,true,,false,apps/android/app/src/main/res/values/strings.xml,765,https://github.com/duckduckgo/Android/blob/ef7ff9ae832c11eb88d7db9760b9fd0b4eeb09b0/app/src/main/res/values/strings.xml#L765
Android,buttons,app,onboardingTrackersBlockedDaxDialogButton,,Got it!,,Extended Onboarding,,true,,false,apps/android/app/src/main/res/values/strings.xml,775,https://github.com/duckduckgo/Android/blob/ef7ff9ae832c11eb88d7db9760b9fd0b4eeb09b0/app/src/main/res/values/strings.xml#L775
Android,buttons,app,onboardingFireButtonDaxDialogDescription,,Instantly clear your browsing activity with the <b>Fire Button</b>.<br/><br/>Give it a try!️ &#128293;,,Extended Onboarding,,true,,false,apps/android/app/src/main/res/values/strings.xml,776,https://github.com/duckduckgo/Android/blob/ef7ff9ae832c11eb88d7db9760b9fd0b4eeb09b0/app/src/main/res/values/strings.xml#L776
Android,buttons,app,onboardingFireButtonDaxDialogOkButton,,Try It,,Extended Onboarding,,true,,false,apps/android/app/src/main/res/values/strings.xml,777,https://github.com/duckduckgo/Android/blob/ef7ff9ae832c11eb88d7db9760b9fd0b4eeb09b0/app/src/main/res/values/strings.xml#L777
Android,buttons,app,onboardingFireButtonDaxDialogCancelButton,,Skip,,Extended Onboarding,,true,,false,apps/android/app/src/main/res/values/strings.xml,778,https://github.com/duckduckgo/Android/blob/ef7ff9ae832c11eb88d7db9760b9fd0b4eeb09b0/app/src/main/res/values/strings.xml#L778
Android,buttons,app,onboardingEndDaxDialogButton,,High five!,,Extended Onboarding,,true,,false,apps/android/app/src/main/res/values/strings.xml,782,https://github.com/duckduckgo/Android/blob/ef7ff9ae832c11eb88d7db9760b9fd0b4eeb09b0/app/src/main/res/values/strings.xml#L782
Android,buttons,app,onboardingPrivacyProDaxDialogOkButton,,Learn More,,Extended Onboarding,,true,,false,apps/android/app/src/main/res/values/strings.xml,785,https://github.com/duckduckgo/Android/blob/ef7ff9ae832c11eb88d7db9760b9fd0b4eeb09b0/app/src/main/res/values/strings.xml#L785
Android,buttons,app,onboardingPrivacyProDaxDialogFreeTrialOkButton,,Try for free!,,Extended Onboarding,,true,,false,apps/android/app/src/main/res/values/strings.xml,786,https://github.com/duckduckgo/Android/blob/ef7ff9ae832c11eb88d7db9760b9fd0b4eeb09b0/app/src/main/res/values/strings.xml#L786
Android,buttons,app,onboardingPrivacyProDaxDialogFreeTrialOkButtonBrandDesign,,Try it free!,,Extended Onboarding,,true,,false,apps/android/app/src/main/res/values/strings.xml,787,https://github.com/duckduckgo/Android/blob/ef7ff9ae832c11eb88d7db9760b9fd0b4eeb09b0/app/src/main/res/values/strings.xml#L787
Android,buttons,app,onboardingPrivacyProDaxDialogCancelButton,,Skip,,Extended Onboarding,,true,,false,apps/android/app/src/main/res/values/strings.xml,788,https://github.com/duckduckgo/Android/blob/ef7ff9ae832c11eb88d7db9760b9fd0b4eeb09b0/app/src/main/res/values/strings.xml#L788
Android,buttons,app,preOnboardingInputScreenButton,,Next,,Input Screen Onboarding step,,true,,false,apps/android/app/src/main/res/values/strings.xml,794,https://github.com/duckduckgo/Android/blob/ef7ff9ae832c11eb88d7db9760b9fd0b4eeb09b0/app/src/main/res/values/strings.xml#L794
Android,buttons,app,quickSetupBottomSheetDone,,Done,,Quick setup bottom sheets,,true,,false,apps/android/app/src/main/res/values/strings.xml,809,https://github.com/duckduckgo/Android/blob/ef7ff9ae832c11eb88d7db9760b9fd0b4eeb09b0/app/src/main/res/values/strings.xml#L809
Android,buttons,app,defaultBrowserBottomSheetDialogGhostButton,,Not Now,This text appears on a button,Default Browser Bottom Sheet Dialog,,true,,false,apps/android/app/src/main/res/values/strings.xml,836,https://github.com/duckduckgo/Android/blob/ef7ff9ae832c11eb88d7db9760b9fd0b4eeb09b0/app/src/main/res/values/strings.xml#L836
Android,buttons,app,newTabPageDefaultBrowserMessagePrimaryCta,,Set As Default,This text appears on a button,Default Browser message,,true,,false,apps/android/app/src/main/res/values/strings.xml,840,https://github.com/duckduckgo/Android/blob/ef7ff9ae832c11eb88d7db9760b9fd0b4eeb09b0/app/src/main/res/values/strings.xml#L840
Android,buttons,app,newTabPageDefaultBrowserMessageSecondaryCta,,Don't Ask Again,This text appears on a button,Default Browser message,,true,,false,apps/android/app/src/main/res/values/strings.xml,841,https://github.com/duckduckgo/Android/blob/ef7ff9ae832c11eb88d7db9760b9fd0b4eeb09b0/app/src/main/res/values/strings.xml#L841
Android,buttons,app,maliciousSiteLeaveCTA,,Leave This Site,,Threat protection,,true,,false,apps/android/app/src/main/res/values/strings.xml,848,https://github.com/duckduckgo/Android/blob/ef7ff9ae832c11eb88d7db9760b9fd0b4eeb09b0/app/src/main/res/values/strings.xml#L848
Android,buttons,app,maliciousSiteAdvancedCTA,,Advanced,,Threat protection,,true,,false,apps/android/app/src/main/res/values/strings.xml,849,https://github.com/duckduckgo/Android/blob/ef7ff9ae832c11eb88d7db9760b9fd0b4eeb09b0/app/src/main/res/values/strings.xml#L849
Android,buttons,app,maliciousSiteExpandedCTA,,<u>Accept Risk and Visit Site</u>,,Threat protection,,true,,false,apps/android/app/src/main/res/values/strings.xml,851,https://github.com/duckduckgo/Android/blob/ef7ff9ae832c11eb88d7db9760b9fd0b4eeb09b0/app/src/main/res/values/strings.xml#L851
Android,buttons,app,experimentHomeScreenWidgetBottomSheetDialogPrimaryButton,,Add Widget,,"Experiment: Improve prompts for ""homescreen widget""",,true,,false,apps/android/app/src/main/res/values/strings.xml,869,https://github.com/duckduckgo/Android/blob/ef7ff9ae832c11eb88d7db9760b9fd0b4eeb09b0/app/src/main/res/values/strings.xml#L869
Android,buttons,app,experimentHomeScreenWidgetBottomSheetDialogGhostButton,,Not Now,,"Experiment: Improve prompts for ""homescreen widget""",,true,,false,apps/android/app/src/main/res/values/strings.xml,870,https://github.com/duckduckgo/Android/blob/ef7ff9ae832c11eb88d7db9760b9fd0b4eeb09b0/app/src/main/res/values/strings.xml#L870
Android,buttons,app,tabSwitcherAnimationTileRemovalDialogPositiveButton,,Hide,,TabSwitcher Trackers Animation,,true,,false,apps/android/app/src/main/res/values/strings.xml,883,https://github.com/duckduckgo/Android/blob/ef7ff9ae832c11eb88d7db9760b9fd0b4eeb09b0/app/src/main/res/values/strings.xml#L883
Android,buttons,app,tabSwitcherAnimationTileRemovalDialogNegativeButton,,Keep,,TabSwitcher Trackers Animation,,true,,false,apps/android/app/src/main/res/values/strings.xml,884,https://github.com/duckduckgo/Android/blob/ef7ff9ae832c11eb88d7db9760b9fd0b4eeb09b0/app/src/main/res/values/strings.xml#L884
Android,buttons,app,syncRestoreDialogPrimaryCta,,Restore My Stuff,,Sync Restore (onboarding),,true,,false,apps/android/app/src/main/res/values/strings.xml,901,https://github.com/duckduckgo/Android/blob/ef7ff9ae832c11eb88d7db9760b9fd0b4eeb09b0/app/src/main/res/values/strings.xml#L901
Android,buttons,app,syncRestoreDialogSecondaryCta,,Skip,,Sync Restore (onboarding),,true,,false,apps/android/app/src/main/res/values/strings.xml,902,https://github.com/duckduckgo/Android/blob/ef7ff9ae832c11eb88d7db9760b9fd0b4eeb09b0/app/src/main/res/values/strings.xml#L902
Android,buttons,app,onboardingDuckAiFireButtonDaxDialogTitle,,That's Duck.ai!,,Sharing options,,true,,false,apps/android/app/src/main/res/values/strings.xml,924,https://github.com/duckduckgo/Android/blob/ef7ff9ae832c11eb88d7db9760b9fd0b4eeb09b0/app/src/main/res/values/strings.xml#L924
Android,buttons,app,onboardingDuckAiFireButtonDaxDialogDescription,,Private AI chats you can delete anytime with the <b>Fire Button</b>. Give it a try! 🔥,,Sharing options,,true,,false,apps/android/app/src/main/res/values/strings.xml,925,https://github.com/duckduckgo/Android/blob/ef7ff9ae832c11eb88d7db9760b9fd0b4eeb09b0/app/src/main/res/values/strings.xml#L925
Android,buttons,app,onboardingDuckAiEndCtaTitle,,You've got this!,,Sharing options,,true,,false,apps/android/app/src/main/res/values/strings.xml,926,https://github.com/duckduckgo/Android/blob/ef7ff9ae832c11eb88d7db9760b9fd0b4eeb09b0/app/src/main/res/values/strings.xml#L926
Android,buttons,app,onboardingDuckAiEndCtaDescription,,Use the address bar to search and visit sites or toggle to Duck.ai for private AI chat.<br/><br/>You can use Duck.ai from anywhere you see the chat icon,,Sharing options,,true,,false,apps/android/app/src/main/res/values/strings.xml,927,https://github.com/duckduckgo/Android/blob/ef7ff9ae832c11eb88d7db9760b9fd0b4eeb09b0/app/src/main/res/values/strings.xml#L927
Android,buttons,app,onboardingDuckAiEndCtaButton,,High five!,,Sharing options,,true,,false,apps/android/app/src/main/res/values/strings.xml,928,https://github.com/duckduckgo/Android/blob/ef7ff9ae832c11eb88d7db9760b9fd0b4eeb09b0/app/src/main/res/values/strings.xml#L928
Android,buttons,app,preOnboardingAiComparisonChartButton,,Give Duck.ai a try!,,Pre-onboarding: AI comparison chart screen.,,true,,false,apps/android/app/src/main/res/values/strings.xml,950,https://github.com/duckduckgo/Android/blob/ef7ff9ae832c11eb88d7db9760b9fd0b4eeb09b0/app/src/main/res/values/strings.xml#L950
Android,buttons,app,preOnboardingWidgetPromptPrimaryCta,,Add Widget,,Pre-onboarding: widget prompt,,true,,false,apps/android/app/src/main/res/values/strings.xml,959,https://github.com/duckduckgo/Android/blob/ef7ff9ae832c11eb88d7db9760b9fd0b4eeb09b0/app/src/main/res/values/strings.xml#L959
Android,buttons,app,preOnboardingWidgetPromptSecondaryCta,,Skip,,Pre-onboarding: widget prompt,,true,,false,apps/android/app/src/main/res/values/strings.xml,960,https://github.com/duckduckgo/Android/blob/ef7ff9ae832c11eb88d7db9760b9fd0b4eeb09b0/app/src/main/res/values/strings.xml#L960
Android,buttons,app,preOnboardingImportPasswordsPrimaryCta,,Import From Google,,Pre-onboarding: import passwords,,true,,false,apps/android/app/src/main/res/values/strings.xml,965,https://github.com/duckduckgo/Android/blob/ef7ff9ae832c11eb88d7db9760b9fd0b4eeb09b0/app/src/main/res/values/strings.xml#L965
Android,buttons,app,preOnboardingImportCompleteCta,,Continue,,Pre-onboarding: import passwords,,true,,false,apps/android/app/src/main/res/values/strings.xml,967,https://github.com/duckduckgo/Android/blob/ef7ff9ae832c11eb88d7db9760b9fd0b4eeb09b0/app/src/main/res/values/strings.xml#L967
Android,buttons,app,newAddressBarPickerConfirm,,Confirm,,New Address Bar Picker,,true,,false,apps/android/app/src/main/res/values/strings.xml,989,https://github.com/duckduckgo/Android/blob/ef7ff9ae832c11eb88d7db9760b9fd0b4eeb09b0/app/src/main/res/values/strings.xml#L989
Android,buttons,app,fireTabsNewTabButton,,New Fire Tab,,Fire mode,,true,,false,apps/android/app/src/main/res/values/strings.xml,1007,https://github.com/duckduckgo/Android/blob/ef7ff9ae832c11eb88d7db9760b9fd0b4eeb09b0/app/src/main/res/values/strings.xml#L1007
Android,buttons,app-tracking-protection/vpn-impl,vpn_NotificationCTASnoozeVpn,,Snooze,,Silent notifications,,false,,false,apps/android/app-tracking-protection/vpn-impl/src/main/res/values/donottranslate.xml,33,https://github.com/duckduckgo/Android/blob/ef7ff9ae832c11eb88d7db9760b9fd0b4eeb09b0/app-tracking-protection/vpn-impl/src/main/res/values/donottranslate.xml#L33
Android,buttons,app-tracking-protection/vpn-impl,vpn_NotificationCTADisableVpn,,Disconnect,,Silent notifications,,false,,false,apps/android/app-tracking-protection/vpn-impl/src/main/res/values/donottranslate.xml,34,https://github.com/duckduckgo/Android/blob/ef7ff9ae832c11eb88d7db9760b9fd0b4eeb09b0/app-tracking-protection/vpn-impl/src/main/res/values/donottranslate.xml#L34
Android,buttons,app-tracking-protection/vpn-impl,atp_EnableCTA,,Enable App Tracking Protection,,App Tracking Protection Weekly Notification,,true,,false,apps/android/app-tracking-protection/vpn-impl/src/main/res/values/strings-vpn.xml,91,https://github.com/duckduckgo/Android/blob/ef7ff9ae832c11eb88d7db9760b9fd0b4eeb09b0/app-tracking-protection/vpn-impl/src/main/res/values/strings-vpn.xml#L91
Android,buttons,app-tracking-protection/vpn-impl,atp_FAQCta,,App Tracking Protection FAQ,,App Tracking Protection Onboarding,,true,,false,apps/android/app-tracking-protection/vpn-impl/src/main/res/values/strings-vpn.xml,111,https://github.com/duckduckgo/Android/blob/ef7ff9ae832c11eb88d7db9760b9fd0b4eeb09b0/app-tracking-protection/vpn-impl/src/main/res/values/strings-vpn.xml#L111
Android,buttons,app-tracking-protection/vpn-impl,atp_OnboardingContinue,,Continue,,App Tracking Protection Onboarding,,true,,false,apps/android/app-tracking-protection/vpn-impl/src/main/res/values/strings-vpn.xml,112,https://github.com/duckduckgo/Android/blob/ef7ff9ae832c11eb88d7db9760b9fd0b4eeb09b0/app-tracking-protection/vpn-impl/src/main/res/values/strings-vpn.xml#L112
Android,buttons,app-tracking-protection/vpn-impl,atp_EnabledActivityCTA,,View App Tracking Summary,,App Tracking Protection Enabled Activity,,true,,false,apps/android/app-tracking-protection/vpn-impl/src/main/res/values/strings-vpn.xml,124,https://github.com/duckduckgo/Android/blob/ef7ff9ae832c11eb88d7db9760b9fd0b4eeb09b0/app-tracking-protection/vpn-impl/src/main/res/values/strings-vpn.xml#L124
Android,buttons,app-tracking-protection/vpn-impl,atp_ExcludeAppsManuallyCTACancel,,Cancel,,Exclusion List,,true,,false,apps/android/app-tracking-protection/vpn-impl/src/main/res/values/strings-vpn.xml,140,https://github.com/duckduckgo/Android/blob/ef7ff9ae832c11eb88d7db9760b9fd0b4eeb09b0/app-tracking-protection/vpn-impl/src/main/res/values/strings-vpn.xml#L140
Android,buttons,app-tracking-protection/vpn-impl,atp_ExcludeAppsManuallyCTARestore,,Restore,,Exclusion List,,true,,false,apps/android/app-tracking-protection/vpn-impl/src/main/res/values/strings-vpn.xml,141,https://github.com/duckduckgo/Android/blob/ef7ff9ae832c11eb88d7db9760b9fd0b4eeb09b0/app-tracking-protection/vpn-impl/src/main/res/values/strings-vpn.xml#L141
Android,buttons,app-tracking-protection/vpn-impl,atp_ReportBreakageAppSubmitCta,,Submit,,Breakage report app list,,true,,false,apps/android/app-tracking-protection/vpn-impl/src/main/res/values/strings-vpn.xml,157,https://github.com/duckduckgo/Android/blob/ef7ff9ae832c11eb88d7db9760b9fd0b4eeb09b0/app-tracking-protection/vpn-impl/src/main/res/values/strings-vpn.xml#L157
Android,buttons,app-tracking-protection/vpn-impl,atp_ReportBreakageAppNextCta,,Next,,Breakage report app list,,true,,false,apps/android/app-tracking-protection/vpn-impl/src/main/res/values/strings-vpn.xml,158,https://github.com/duckduckgo/Android/blob/ef7ff9ae832c11eb88d7db9760b9fd0b4eeb09b0/app-tracking-protection/vpn-impl/src/main/res/values/strings-vpn.xml#L158
Android,buttons,app-tracking-protection/vpn-impl,atp_ActivityCtaShowAll,,View All Recent Activity,,App Tracking Protection Activity,,true,,false,apps/android/app-tracking-protection/vpn-impl/src/main/res/values/strings-vpn.xml,190,https://github.com/duckduckgo/Android/blob/ef7ff9ae832c11eb88d7db9760b9fd0b4eeb09b0/app-tracking-protection/vpn-impl/src/main/res/values/strings-vpn.xml#L190
Android,buttons,app-tracking-protection/vpn-impl,atp_WaitlistCodeCta,,I Have An Invite Code,,App Tracking Protection Waitlist,,true,,false,apps/android/app-tracking-protection/vpn-impl/src/main/res/values/strings-vpn.xml,260,https://github.com/duckduckgo/Android/blob/ef7ff9ae832c11eb88d7db9760b9fd0b4eeb09b0/app-tracking-protection/vpn-impl/src/main/res/values/strings-vpn.xml#L260
Android,buttons,app-tracking-protection/vpn-impl,atp_WaitlistGetStartedCta,,Get Started,,App Tracking Protection Waitlist,,true,,false,apps/android/app-tracking-protection/vpn-impl/src/main/res/values/strings-vpn.xml,261,https://github.com/duckduckgo/Android/blob/ef7ff9ae832c11eb88d7db9760b9fd0b4eeb09b0/app-tracking-protection/vpn-impl/src/main/res/values/strings-vpn.xml#L261
Android,buttons,app-tracking-protection/vpn-impl,atp_WaitlistRedeemCodeCta,,Continue,,App Tracking Protection Waitlist,,true,,false,apps/android/app-tracking-protection/vpn-impl/src/main/res/values/strings-vpn.xml,262,https://github.com/duckduckgo/Android/blob/ef7ff9ae832c11eb88d7db9760b9fd0b4eeb09b0/app-tracking-protection/vpn-impl/src/main/res/values/strings-vpn.xml#L262
Android,buttons,app-tracking-protection/vpn-impl,atp_DisableConfirmationCancel,,Cancel,,App Tracking Protection Disable VPN Dialog,,true,,false,apps/android/app-tracking-protection/vpn-impl/src/main/res/values/strings-vpn.xml,349,https://github.com/duckduckgo/Android/blob/ef7ff9ae832c11eb88d7db9760b9fd0b4eeb09b0/app-tracking-protection/vpn-impl/src/main/res/values/strings-vpn.xml#L349
Android,buttons,app-tracking-protection/vpn-impl,atp_VpnConflictDialogCancel,,Cancel,,App Tracking Protection VPN Conflict Dialog,,true,,false,apps/android/app-tracking-protection/vpn-impl/src/main/res/values/strings-vpn.xml,356,https://github.com/duckduckgo/Android/blob/ef7ff9ae832c11eb88d7db9760b9fd0b4eeb09b0/app-tracking-protection/vpn-impl/src/main/res/values/strings-vpn.xml#L356
Android,buttons,app-tracking-protection/vpn-impl,atp_RemoveFeatureDialogCancel,,Cancel,,App Tracking Protection Remove Feature Dialog,,true,,false,apps/android/app-tracking-protection/vpn-impl/src/main/res/values/strings-vpn.xml,376,https://github.com/duckduckgo/Android/blob/ef7ff9ae832c11eb88d7db9760b9fd0b4eeb09b0/app-tracking-protection/vpn-impl/src/main/res/values/strings-vpn.xml#L376
Android,buttons,app-tracking-protection/vpn-impl,atp_ExcludeAppsManuallyCTAEnableAnyway,,Enable Anyway,,App Tracking Protection Exclusion list,,true,,false,apps/android/app-tracking-protection/vpn-impl/src/main/res/values/strings-vpn.xml,392,https://github.com/duckduckgo/Android/blob/ef7ff9ae832c11eb88d7db9760b9fd0b4eeb09b0/app-tracking-protection/vpn-impl/src/main/res/values/strings-vpn.xml#L392
Android,buttons,app-tracking-protection/vpn-impl,atp_ExcludeAppsManuallyCTAReportIssue,,Report Issue,,App Tracking Protection Exclusion list,,true,,false,apps/android/app-tracking-protection/vpn-impl/src/main/res/values/strings-vpn.xml,396,https://github.com/duckduckgo/Android/blob/ef7ff9ae832c11eb88d7db9760b9fd0b4eeb09b0/app-tracking-protection/vpn-impl/src/main/res/values/strings-vpn.xml#L396
Android,buttons,app-tracking-protection/vpn-impl,atp_ExcludeAppsManuallyCTANotNow,,Not Now,,App Tracking Protection Exclusion list,,true,,false,apps/android/app-tracking-protection/vpn-impl/src/main/res/values/strings-vpn.xml,397,https://github.com/duckduckgo/Android/blob/ef7ff9ae832c11eb88d7db9760b9fd0b4eeb09b0/app-tracking-protection/vpn-impl/src/main/res/values/strings-vpn.xml#L397
Android,buttons,app-tracking-protection/vpn-impl,atp_ActivityAppTpEnabledCtaText,,Good news! App Tracking Protection is now enabled.<br/><br/>👍I’ll show you a real-time list of apps on your device that I catch trying to track you.,,App Tracking Protection Exclusion list,,true,,false,apps/android/app-tracking-protection/vpn-impl/src/main/res/values/strings-vpn.xml,410,https://github.com/duckduckgo/Android/blob/ef7ff9ae832c11eb88d7db9760b9fd0b4eeb09b0/app-tracking-protection/vpn-impl/src/main/res/values/strings-vpn.xml#L410
Android,buttons,app-tracking-protection/vpn-impl,atp_ActivityAppTpEnabledCtaButtonLabel,,Got it!,,App Tracking Protection Exclusion list,,true,,false,apps/android/app-tracking-protection/vpn-impl/src/main/res/values/strings-vpn.xml,411,https://github.com/duckduckgo/Android/blob/ef7ff9ae832c11eb88d7db9760b9fd0b4eeb09b0/app-tracking-protection/vpn-impl/src/main/res/values/strings-vpn.xml#L411
Android,buttons,app-tracking-protection/vpn-impl,apptp_PproUpsellBannerAction,,Learn More,,Privacy pro upsell,,true,,false,apps/android/app-tracking-protection/vpn-impl/src/main/res/values/strings-vpn.xml,434,https://github.com/duckduckgo/Android/blob/ef7ff9ae832c11eb88d7db9760b9fd0b4eeb09b0/app-tracking-protection/vpn-impl/src/main/res/values/strings-vpn.xml#L434
Android,buttons,app-tracking-protection/vpn-impl,apptp_PproUpsellBannerAction_freeTrial,,Try for free!,,Privacy pro upsell,,true,,false,apps/android/app-tracking-protection/vpn-impl/src/main/res/values/strings-vpn.xml,436,https://github.com/duckduckgo/Android/blob/ef7ff9ae832c11eb88d7db9760b9fd0b4eeb09b0/app-tracking-protection/vpn-impl/src/main/res/values/strings-vpn.xml#L436
Android,buttons,autoconsent/autoconsent-impl,autoconsentPromptCpmOnPrimaryButton,,Accept cookies for me,,,,true,,false,apps/android/autoconsent/autoconsent-impl/src/main/res/values/strings-autoconsent.xml,31,https://github.com/duckduckgo/Android/blob/ef7ff9ae832c11eb88d7db9760b9fd0b4eeb09b0/autoconsent/autoconsent-impl/src/main/res/values/strings-autoconsent.xml#L31
Android,buttons,autoconsent/autoconsent-impl,autoconsentPromptCpmOnPrimaryButtonV2,,Reject if possible or accept for me,,,,true,,false,apps/android/autoconsent/autoconsent-impl/src/main/res/values/strings-autoconsent.xml,32,https://github.com/duckduckgo/Android/blob/ef7ff9ae832c11eb88d7db9760b9fd0b4eeb09b0/autoconsent/autoconsent-impl/src/main/res/values/strings-autoconsent.xml#L32
Android,buttons,autoconsent/autoconsent-impl,autoconsentPromptCpmOnSecondaryButton,,I'll accept them myself,,,,true,,false,apps/android/autoconsent/autoconsent-impl/src/main/res/values/strings-autoconsent.xml,33,https://github.com/duckduckgo/Android/blob/ef7ff9ae832c11eb88d7db9760b9fd0b4eeb09b0/autoconsent/autoconsent-impl/src/main/res/values/strings-autoconsent.xml#L33
Android,buttons,autoconsent/autoconsent-impl,autoconsentPromptCpmOffPrimaryButton,,Reject if possible or accept for me,,,,true,,false,apps/android/autoconsent/autoconsent-impl/src/main/res/values/strings-autoconsent.xml,35,https://github.com/duckduckgo/Android/blob/ef7ff9ae832c11eb88d7db9760b9fd0b4eeb09b0/autoconsent/autoconsent-impl/src/main/res/values/strings-autoconsent.xml#L35
Android,buttons,autoconsent/autoconsent-impl,autoconsentPromptCpmOffSecondaryButton,,I'll deal with them myself,,,,true,,false,apps/android/autoconsent/autoconsent-impl/src/main/res/values/strings-autoconsent.xml,36,https://github.com/duckduckgo/Android/blob/ef7ff9ae832c11eb88d7db9760b9fd0b4eeb09b0/autoconsent/autoconsent-impl/src/main/res/values/strings-autoconsent.xml#L36
Android,buttons,autofill/autofill-impl,managementDisabledModeCta,,<b>Set up in Settings</b>,,,,true,,false,apps/android/autofill/autofill-impl/src/main/res/values/strings-autofill-impl.xml,20,https://github.com/duckduckgo/Android/blob/ef7ff9ae832c11eb88d7db9760b9fd0b4eeb09b0/autofill/autofill-impl/src/main/res/values/strings-autofill-impl.xml#L20
Android,buttons,autofill/autofill-impl,saveLoginDialogButtonSave,,Save Password,,,,true,,false,apps/android/autofill/autofill-impl/src/main/res/values/strings-autofill-impl.xml,22,https://github.com/duckduckgo/Android/blob/ef7ff9ae832c11eb88d7db9760b9fd0b4eeb09b0/autofill/autofill-impl/src/main/res/values/strings-autofill-impl.xml#L22
Android,buttons,autofill/autofill-impl,saveLoginMissingUsernameDialogButtonSave,,Save Password,,,,true,,false,apps/android/autofill/autofill-impl/src/main/res/values/strings-autofill-impl.xml,23,https://github.com/duckduckgo/Android/blob/ef7ff9ae832c11eb88d7db9760b9fd0b4eeb09b0/autofill/autofill-impl/src/main/res/values/strings-autofill-impl.xml#L23
Android,buttons,autofill/autofill-impl,saveLoginDialogNotNow,,Don't Save,,,,true,,false,apps/android/autofill/autofill-impl/src/main/res/values/strings-autofill-impl.xml,24,https://github.com/duckduckgo/Android/blob/ef7ff9ae832c11eb88d7db9760b9fd0b4eeb09b0/autofill/autofill-impl/src/main/res/values/strings-autofill-impl.xml#L24
Android,buttons,autofill/autofill-impl,saveLoginDialogMoreOptionsButtonLabel,,More Options,,,,true,,false,apps/android/autofill/autofill-impl/src/main/res/values/strings-autofill-impl.xml,26,https://github.com/duckduckgo/Android/blob/ef7ff9ae832c11eb88d7db9760b9fd0b4eeb09b0/autofill/autofill-impl/src/main/res/values/strings-autofill-impl.xml#L26
Android,buttons,autofill/autofill-impl,useSavedLoginDialogMissingUsernameButtonText,,Password for %1$s,Placeholder is the name of a website,,%1$s,true,,false,apps/android/autofill/autofill-impl/src/main/res/values/strings-autofill-impl.xml,29,https://github.com/duckduckgo/Android/blob/ef7ff9ae832c11eb88d7db9760b9fd0b4eeb09b0/autofill/autofill-impl/src/main/res/values/strings-autofill-impl.xml#L29
Android,buttons,autofill/autofill-impl,useSavedLoginDialogMissingUsernameMissingDomainButtonText,,Password for site,,,,true,,false,apps/android/autofill/autofill-impl/src/main/res/values/strings-autofill-impl.xml,30,https://github.com/duckduckgo/Android/blob/ef7ff9ae832c11eb88d7db9760b9fd0b4eeb09b0/autofill/autofill-impl/src/main/res/values/strings-autofill-impl.xml#L30
Android,buttons,autofill/autofill-impl,updateLoginDialogButtonUpdatePassword,,Update Password,,,,true,,false,apps/android/autofill/autofill-impl/src/main/res/values/strings-autofill-impl.xml,34,https://github.com/duckduckgo/Android/blob/ef7ff9ae832c11eb88d7db9760b9fd0b4eeb09b0/autofill/autofill-impl/src/main/res/values/strings-autofill-impl.xml#L34
Android,buttons,autofill/autofill-impl,updateLoginDialogButtonNotNow,,Don't Save,,,,true,,false,apps/android/autofill/autofill-impl/src/main/res/values/strings-autofill-impl.xml,35,https://github.com/duckduckgo/Android/blob/ef7ff9ae832c11eb88d7db9760b9fd0b4eeb09b0/autofill/autofill-impl/src/main/res/values/strings-autofill-impl.xml#L35
Android,buttons,autofill/autofill-impl,updateLoginDialogButtonUpdateUsername,,Update Username,,,,true,,false,apps/android/autofill/autofill-impl/src/main/res/values/strings-autofill-impl.xml,38,https://github.com/duckduckgo/Android/blob/ef7ff9ae832c11eb88d7db9760b9fd0b4eeb09b0/autofill/autofill-impl/src/main/res/values/strings-autofill-impl.xml#L38
Android,buttons,autofill/autofill-impl,credentialManagementEditButtonDelete,,Delete,,,,true,,false,apps/android/autofill/autofill-impl/src/main/res/values/strings-autofill-impl.xml,49,https://github.com/duckduckgo/Android/blob/ef7ff9ae832c11eb88d7db9760b9fd0b4eeb09b0/autofill/autofill-impl/src/main/res/values/strings-autofill-impl.xml#L49
Android,buttons,autofill/autofill-impl,credentialManagementEditButtonSaveChanges,,Save Changes,,,,true,,false,apps/android/autofill/autofill-impl/src/main/res/values/strings-autofill-impl.xml,50,https://github.com/duckduckgo/Android/blob/ef7ff9ae832c11eb88d7db9760b9fd0b4eeb09b0/autofill/autofill-impl/src/main/res/values/strings-autofill-impl.xml#L50
Android,buttons,autofill/autofill-impl,credentialManagementEditButtonCopyUsername,,Copy Username,,,,true,,false,apps/android/autofill/autofill-impl/src/main/res/values/strings-autofill-impl.xml,51,https://github.com/duckduckgo/Android/blob/ef7ff9ae832c11eb88d7db9760b9fd0b4eeb09b0/autofill/autofill-impl/src/main/res/values/strings-autofill-impl.xml#L51
Android,buttons,autofill/autofill-impl,credentialManagementEditButtonCopyPassword,,Copy Password,,,,true,,false,apps/android/autofill/autofill-impl/src/main/res/values/strings-autofill-impl.xml,52,https://github.com/duckduckgo/Android/blob/ef7ff9ae832c11eb88d7db9760b9fd0b4eeb09b0/autofill/autofill-impl/src/main/res/values/strings-autofill-impl.xml#L52
Android,buttons,autofill/autofill-impl,autofillDeleteLoginDialogCancel,,Cancel,,,,true,,false,apps/android/autofill/autofill-impl/src/main/res/values/strings-autofill-impl.xml,64,https://github.com/duckduckgo/Android/blob/ef7ff9ae832c11eb88d7db9760b9fd0b4eeb09b0/autofill/autofill-impl/src/main/res/values/strings-autofill-impl.xml#L64
Android,buttons,autofill/autofill-impl,autofillManagementSurveyPromptAcceptButtonText,,Take Survey,,"Autofill Management Survey Prompt, shown only to English locale so marked as not translatable",,false,,false,apps/android/autofill/autofill-impl/src/main/res/values/strings-autofill-impl.xml,70,https://github.com/duckduckgo/Android/blob/ef7ff9ae832c11eb88d7db9760b9fd0b4eeb09b0/autofill/autofill-impl/src/main/res/values/strings-autofill-impl.xml#L70
Android,buttons,autofill/autofill-impl,autofill_password_generation_offer_accept,,Use Strong Password,,"Autofill Management Survey Prompt, shown only to English locale so marked as not translatable",,true,,false,apps/android/autofill/autofill-impl/src/main/res/values/strings-autofill-impl.xml,76,https://github.com/duckduckgo/Android/blob/ef7ff9ae832c11eb88d7db9760b9fd0b4eeb09b0/autofill/autofill-impl/src/main/res/values/strings-autofill-impl.xml#L76
Android,buttons,autofill/autofill-impl,autofill_password_generation_offer_decline,,Create My Own,,"Autofill Management Survey Prompt, shown only to English locale so marked as not translatable",,true,,false,apps/android/autofill/autofill-impl/src/main/res/values/strings-autofill-impl.xml,77,https://github.com/duckduckgo/Android/blob/ef7ff9ae832c11eb88d7db9760b9fd0b4eeb09b0/autofill/autofill-impl/src/main/res/values/strings-autofill-impl.xml#L77
Android,buttons,autofill/autofill-impl,credentialManagementDeactivateDuckAddressPositiveButton,,Deactivate,"This is the text shown on a button. When pressed, it will deactivate their email address, meaning emails sent there will no longer be forwarded to their inbox","Autofill Management Survey Prompt, shown only to English locale so marked as not translatable",,true,,false,apps/android/autofill/autofill-impl/src/main/res/values/strings-autofill-impl.xml,89,https://github.com/duckduckgo/Android/blob/ef7ff9ae832c11eb88d7db9760b9fd0b4eeb09b0/autofill/autofill-impl/src/main/res/values/strings-autofill-impl.xml#L89
Android,buttons,autofill/autofill-impl,credentialManagementActivateDuckAddressPositiveButton,,Reactivate,"This is the text shown on a button. When pressed, it will reactivate their email address, meaning emails sent there will again be forwarded to their inbox","Autofill Management Survey Prompt, shown only to English locale so marked as not translatable",,true,,false,apps/android/autofill/autofill-impl/src/main/res/values/strings-autofill-impl.xml,92,https://github.com/duckduckgo/Android/blob/ef7ff9ae832c11eb88d7db9760b9fd0b4eeb09b0/autofill/autofill-impl/src/main/res/values/strings-autofill-impl.xml#L92
Android,buttons,autofill/autofill-impl,autofillDisableAutofillPromptPositiveButton,,Keep Saving,,"Autofill Management Survey Prompt, shown only to English locale so marked as not translatable",,true,,false,apps/android/autofill/autofill-impl/src/main/res/values/strings-autofill-impl.xml,110,https://github.com/duckduckgo/Android/blob/ef7ff9ae832c11eb88d7db9760b9fd0b4eeb09b0/autofill/autofill-impl/src/main/res/values/strings-autofill-impl.xml#L110
Android,buttons,autofill/autofill-impl,autofillDisableAutofillPromptNegativeButton,,Disable,,"Autofill Management Survey Prompt, shown only to English locale so marked as not translatable",,true,,false,apps/android/autofill/autofill-impl/src/main/res/values/strings-autofill-impl.xml,111,https://github.com/duckduckgo/Android/blob/ef7ff9ae832c11eb88d7db9760b9fd0b4eeb09b0/autofill/autofill-impl/src/main/res/values/strings-autofill-impl.xml#L111
Android,buttons,autofill/autofill-impl,autofillEmailProtectionInContextSignUpDialogProtectEmailButtonText,,Protect My Email,,"Autofill Management Survey Prompt, shown only to English locale so marked as not translatable",,true,,false,apps/android/autofill/autofill-impl/src/main/res/values/strings-autofill-impl.xml,116,https://github.com/duckduckgo/Android/blob/ef7ff9ae832c11eb88d7db9760b9fd0b4eeb09b0/autofill/autofill-impl/src/main/res/values/strings-autofill-impl.xml#L116
Android,buttons,autofill/autofill-impl,autofillEmailProtectionInContextSignUpDialogDoNotShowAgainButtonText,,Don't Show Again,,"Autofill Management Survey Prompt, shown only to English locale so marked as not translatable",,true,,false,apps/android/autofill/autofill-impl/src/main/res/values/strings-autofill-impl.xml,117,https://github.com/duckduckgo/Android/blob/ef7ff9ae832c11eb88d7db9760b9fd0b4eeb09b0/autofill/autofill-impl/src/main/res/values/strings-autofill-impl.xml#L117
Android,buttons,autofill/autofill-impl,autofillEmailProtectionInContextSignUpConfirmExitDialogPositiveButton,,Continue Setup,,"Autofill Management Survey Prompt, shown only to English locale so marked as not translatable",,true,,false,apps/android/autofill/autofill-impl/src/main/res/values/strings-autofill-impl.xml,119,https://github.com/duckduckgo/Android/blob/ef7ff9ae832c11eb88d7db9760b9fd0b4eeb09b0/autofill/autofill-impl/src/main/res/values/strings-autofill-impl.xml#L119
Android,buttons,autofill/autofill-impl,autofillEmailProtectionInContextSignUpConfirmExitDialogNegativeButton,,Exit Setup,,"Autofill Management Survey Prompt, shown only to English locale so marked as not translatable",,true,,false,apps/android/autofill/autofill-impl/src/main/res/values/strings-autofill-impl.xml,120,https://github.com/duckduckgo/Android/blob/ef7ff9ae832c11eb88d7db9760b9fd0b4eeb09b0/autofill/autofill-impl/src/main/res/values/strings-autofill-impl.xml#L120
Android,buttons,autofill/autofill-impl,saveLoginDialogNeverForThisSite,,Never Ask for This Site,,"Autofill Management Survey Prompt, shown only to English locale so marked as not translatable",,true,,false,apps/android/autofill/autofill-impl/src/main/res/values/strings-autofill-impl.xml,148,https://github.com/duckduckgo/Android/blob/ef7ff9ae832c11eb88d7db9760b9fd0b4eeb09b0/autofill/autofill-impl/src/main/res/values/strings-autofill-impl.xml#L148
Android,buttons,autofill/autofill-impl,saveOnboardingLoginDialogSecondaryButton,,No Thanks,,"Autofill Management Survey Prompt, shown only to English locale so marked as not translatable",,true,,false,apps/android/autofill/autofill-impl/src/main/res/values/strings-autofill-impl.xml,149,https://github.com/duckduckgo/Android/blob/ef7ff9ae832c11eb88d7db9760b9fd0b4eeb09b0/autofill/autofill-impl/src/main/res/values/strings-autofill-impl.xml#L149
Android,buttons,autofill/autofill-impl,credentialManagementClearNeverForThisSiteDialogPositiveButton,,Reset,,"Autofill Management Survey Prompt, shown only to English locale so marked as not translatable",,true,,false,apps/android/autofill/autofill-impl/src/main/res/values/strings-autofill-impl.xml,153,https://github.com/duckduckgo/Android/blob/ef7ff9ae832c11eb88d7db9760b9fd0b4eeb09b0/autofill/autofill-impl/src/main/res/values/strings-autofill-impl.xml#L153
Android,buttons,autofill/autofill-impl,credentialManagementClearNeverForThisSiteDialogNegativeButton,,Cancel,,"Autofill Management Survey Prompt, shown only to English locale so marked as not translatable",,true,,false,apps/android/autofill/autofill-impl/src/main/res/values/strings-autofill-impl.xml,154,https://github.com/duckduckgo/Android/blob/ef7ff9ae832c11eb88d7db9760b9fd0b4eeb09b0/autofill/autofill-impl/src/main/res/values/strings-autofill-impl.xml#L154
Android,buttons,autofill/autofill-impl,autofillManagementImportPasswordsGetDesktopBrowserButtonText,,Get Desktop Browser,,Sync settings screen,,true,,false,apps/android/autofill/autofill-impl/src/main/res/values/strings-autofill-impl.xml,200,https://github.com/duckduckgo/Android/blob/ef7ff9ae832c11eb88d7db9760b9fd0b4eeb09b0/autofill/autofill-impl/src/main/res/values/strings-autofill-impl.xml#L200
Android,buttons,autofill/autofill-impl,autofillManagementImportPasswordsSyncWithDesktopButtonText,,Sync With Desktop,,Sync settings screen,,true,,false,apps/android/autofill/autofill-impl/src/main/res/values/strings-autofill-impl.xml,203,https://github.com/duckduckgo/Android/blob/ef7ff9ae832c11eb88d7db9760b9fd0b4eeb09b0/autofill/autofill-impl/src/main/res/values/strings-autofill-impl.xml#L203
Android,buttons,autofill/autofill-impl,autofillManagementReportBreakageDialogPositiveButton,,Send Report,,Sync settings screen,,true,,false,apps/android/autofill/autofill-impl/src/main/res/values/strings-autofill-impl.xml,218,https://github.com/duckduckgo/Android/blob/ef7ff9ae832c11eb88d7db9760b9fd0b4eeb09b0/autofill/autofill-impl/src/main/res/values/strings-autofill-impl.xml#L218
Android,buttons,autofill/autofill-impl,autofillManagementReportBreakageDialogNegativeButton,,Cancel,,Sync settings screen,,true,,false,apps/android/autofill/autofill-impl/src/main/res/values/strings-autofill-impl.xml,219,https://github.com/duckduckgo/Android/blob/ef7ff9ae832c11eb88d7db9760b9fd0b4eeb09b0/autofill/autofill-impl/src/main/res/values/strings-autofill-impl.xml#L219
Android,buttons,autofill/autofill-impl,onboardingSaveDialogFeature1Title,,Seamless sign-ins,,Save Dialog,,true,,false,apps/android/autofill/autofill-impl/src/main/res/values/strings-autofill-impl.xml,224,https://github.com/duckduckgo/Android/blob/ef7ff9ae832c11eb88d7db9760b9fd0b4eeb09b0/autofill/autofill-impl/src/main/res/values/strings-autofill-impl.xml#L224
Android,buttons,autofill/autofill-impl,onboardingSaveDialogFeature1Subtitle,,No need to remember login info.,,Save Dialog,,true,,false,apps/android/autofill/autofill-impl/src/main/res/values/strings-autofill-impl.xml,225,https://github.com/duckduckgo/Android/blob/ef7ff9ae832c11eb88d7db9760b9fd0b4eeb09b0/autofill/autofill-impl/src/main/res/values/strings-autofill-impl.xml#L225
Android,buttons,autofill/autofill-impl,onboardingSaveDialogFeature2Title,,Secure storage,,Save Dialog,,true,,false,apps/android/autofill/autofill-impl/src/main/res/values/strings-autofill-impl.xml,226,https://github.com/duckduckgo/Android/blob/ef7ff9ae832c11eb88d7db9760b9fd0b4eeb09b0/autofill/autofill-impl/src/main/res/values/strings-autofill-impl.xml#L226
Android,buttons,autofill/autofill-impl,onboardingSaveDialogFeature2Subtitle,,"Passwords are encrypted, stored on device, and locked with your Android pattern or PIN.",,Save Dialog,,true,,false,apps/android/autofill/autofill-impl/src/main/res/values/strings-autofill-impl.xml,227,https://github.com/duckduckgo/Android/blob/ef7ff9ae832c11eb88d7db9760b9fd0b4eeb09b0/autofill/autofill-impl/src/main/res/values/strings-autofill-impl.xml#L227
Android,buttons,autofill/autofill-impl,onboardingSaveDialogFeature3Title,,Sync between devices,,Save Dialog,,true,,false,apps/android/autofill/autofill-impl/src/main/res/values/strings-autofill-impl.xml,228,https://github.com/duckduckgo/Android/blob/ef7ff9ae832c11eb88d7db9760b9fd0b4eeb09b0/autofill/autofill-impl/src/main/res/values/strings-autofill-impl.xml#L228
Android,buttons,autofill/autofill-impl,onboardingSaveDialogFeature3Subtitle,,End-to-end encrypted and easy to set up when you’re ready.,,Save Dialog,,true,,false,apps/android/autofill/autofill-impl/src/main/res/values/strings-autofill-impl.xml,229,https://github.com/duckduckgo/Android/blob/ef7ff9ae832c11eb88d7db9760b9fd0b4eeb09b0/autofill/autofill-impl/src/main/res/values/strings-autofill-impl.xml#L229
Android,buttons,autofill/autofill-impl,autofillImportGooglePasswordEmptyStateButtonTitle,,Import Passwords From Google,,Save Dialog,,true,,false,apps/android/autofill/autofill-impl/src/main/res/values/strings-autofill-impl.xml,240,https://github.com/duckduckgo/Android/blob/ef7ff9ae832c11eb88d7db9760b9fd0b4eeb09b0/autofill/autofill-impl/src/main/res/values/strings-autofill-impl.xml#L240
Android,buttons,autofill/autofill-impl,autofillSyncDesktopPasswordEmptyStateButtonTitle,,Sync Desktop Passwords,,Save Dialog,,true,,false,apps/android/autofill/autofill-impl/src/main/res/values/strings-autofill-impl.xml,243,https://github.com/duckduckgo/Android/blob/ef7ff9ae832c11eb88d7db9760b9fd0b4eeb09b0/autofill/autofill-impl/src/main/res/values/strings-autofill-impl.xml#L243
Android,buttons,autofill/autofill-impl,importPasswordsChooseMethodDialogGpmButton,,Import From Google,,Save Dialog,,true,,false,apps/android/autofill/autofill-impl/src/main/res/values/strings-autofill-impl.xml,248,https://github.com/duckduckgo/Android/blob/ef7ff9ae832c11eb88d7db9760b9fd0b4eeb09b0/autofill/autofill-impl/src/main/res/values/strings-autofill-impl.xml#L248
Android,buttons,autofill/autofill-impl,importPasswordsChooseMethodDialogCsvButton,,Choose a CSV file,,Save Dialog,,true,,false,apps/android/autofill/autofill-impl/src/main/res/values/strings-autofill-impl.xml,249,https://github.com/duckduckgo/Android/blob/ef7ff9ae832c11eb88d7db9760b9fd0b4eeb09b0/autofill/autofill-impl/src/main/res/values/strings-autofill-impl.xml#L249
Android,buttons,autofill/autofill-impl,importPasswordsChooseMethodDialogDesktopSyncButton,,Import from Desktop Browser,,Save Dialog,,true,,false,apps/android/autofill/autofill-impl/src/main/res/values/strings-autofill-impl.xml,250,https://github.com/duckduckgo/Android/blob/ef7ff9ae832c11eb88d7db9760b9fd0b4eeb09b0/autofill/autofill-impl/src/main/res/values/strings-autofill-impl.xml#L250
Android,buttons,autofill/autofill-impl,importPasswordsProcessingResultDialogDoneButtonText,,Got It,,Save Dialog,,true,,false,apps/android/autofill/autofill-impl/src/main/res/values/strings-autofill-impl.xml,254,https://github.com/duckduckgo/Android/blob/ef7ff9ae832c11eb88d7db9760b9fd0b4eeb09b0/autofill/autofill-impl/src/main/res/values/strings-autofill-impl.xml#L254
Android,buttons,autofill/autofill-impl,autofillSettingsClearNeverForThisSiteDialogPositiveButton,,Reset,,New autofill Settings screen,,true,,false,apps/android/autofill/autofill-impl/src/main/res/values/strings-autofill-impl.xml,267,https://github.com/duckduckgo/Android/blob/ef7ff9ae832c11eb88d7db9760b9fd0b4eeb09b0/autofill/autofill-impl/src/main/res/values/strings-autofill-impl.xml#L267
Android,buttons,autofill/autofill-impl,autofillSettingsClearNeverForThisSiteDialogNegativeButton,,Cancel,,New autofill Settings screen,,true,,false,apps/android/autofill/autofill-impl/src/main/res/values/strings-autofill-impl.xml,268,https://github.com/duckduckgo/Android/blob/ef7ff9ae832c11eb88d7db9760b9fd0b4eeb09b0/autofill/autofill-impl/src/main/res/values/strings-autofill-impl.xml#L268
Android,buttons,autofill/autofill-impl,passwords_import_promo_action,,Import From Google,,New autofill Settings screen,,true,,false,apps/android/autofill/autofill-impl/src/main/res/values/strings-autofill-impl.xml,279,https://github.com/duckduckgo/Android/blob/ef7ff9ae832c11eb88d7db9760b9fd0b4eeb09b0/autofill/autofill-impl/src/main/res/values/strings-autofill-impl.xml#L279
Android,buttons,autofill/autofill-impl,passwords_import_promo_in_browser_secondary_action_button,,Don't Ask Again,,New autofill Settings screen,,true,,false,apps/android/autofill/autofill-impl/src/main/res/values/strings-autofill-impl.xml,281,https://github.com/duckduckgo/Android/blob/ef7ff9ae832c11eb88d7db9760b9fd0b4eeb09b0/autofill/autofill-impl/src/main/res/values/strings-autofill-impl.xml#L281
Android,buttons,autofill/autofill-impl,importBookmarksFromGooglePreImportDialogImportButton,,Import From Google,,Import Bookmarks Strings,,true,,false,apps/android/autofill/autofill-impl/src/main/res/values/strings-autofill-impl.xml,290,https://github.com/duckduckgo/Android/blob/ef7ff9ae832c11eb88d7db9760b9fd0b4eeb09b0/autofill/autofill-impl/src/main/res/values/strings-autofill-impl.xml#L290
Android,buttons,autofill/autofill-impl,importBookmarksFromGooglePreImportDialogSelectFileButton,,Select Bookmarks File…,,Import Bookmarks Strings,,true,,false,apps/android/autofill/autofill-impl/src/main/res/values/strings-autofill-impl.xml,291,https://github.com/duckduckgo/Android/blob/ef7ff9ae832c11eb88d7db9760b9fd0b4eeb09b0/autofill/autofill-impl/src/main/res/values/strings-autofill-impl.xml#L291
Android,buttons,autofill/autofill-impl,importBookmarksFromGoogleCancelConfirmationDialogCancelImport,,Cancel Import,,Import Bookmarks Strings,,true,,false,apps/android/autofill/autofill-impl/src/main/res/values/strings-autofill-impl.xml,299,https://github.com/duckduckgo/Android/blob/ef7ff9ae832c11eb88d7db9760b9fd0b4eeb09b0/autofill/autofill-impl/src/main/res/values/strings-autofill-impl.xml#L299
Android,buttons,autofill/autofill-impl,importBookmarksFromGoogleCancelConfirmationDialogContinue,,Continue,,Import Bookmarks Strings,,true,,false,apps/android/autofill/autofill-impl/src/main/res/values/strings-autofill-impl.xml,300,https://github.com/duckduckgo/Android/blob/ef7ff9ae832c11eb88d7db9760b9fd0b4eeb09b0/autofill/autofill-impl/src/main/res/values/strings-autofill-impl.xml#L300
Android,buttons,autofill/autofill-impl,importBookmarksFinalDoneButton,,Close,,Import Bookmarks Strings,,true,,false,apps/android/autofill/autofill-impl/src/main/res/values/strings-autofill-impl.xml,303,https://github.com/duckduckgo/Android/blob/ef7ff9ae832c11eb88d7db9760b9fd0b4eeb09b0/autofill/autofill-impl/src/main/res/values/strings-autofill-impl.xml#L303
Android,buttons,broken-site/broken-site-impl,broken_site_prompt_button_dismiss,,Dismiss,,,,true,,false,apps/android/broken-site/broken-site-impl/src/main/res/values/strings-broken-site.xml,21,https://github.com/duckduckgo/Android/blob/ef7ff9ae832c11eb88d7db9760b9fd0b4eeb09b0/broken-site/broken-site-impl/src/main/res/values/strings-broken-site.xml#L21
Android,buttons,broken-site/broken-site-impl,broken_site_prompt_button_report,,Report Broken Site,,,,true,,false,apps/android/broken-site/broken-site-impl/src/main/res/values/strings-broken-site.xml,22,https://github.com/duckduckgo/Android/blob/ef7ff9ae832c11eb88d7db9760b9fd0b4eeb09b0/broken-site/broken-site-impl/src/main/res/values/strings-broken-site.xml#L22
Android,buttons,browser/browser-ui,autocompleteRemoveItemCancel,,Cancel,,,,true,,false,apps/android/browser/browser-ui/src/main/res/values/strings-auto-complete.xml,21,https://github.com/duckduckgo/Android/blob/ef7ff9ae832c11eb88d7db9760b9fd0b4eeb09b0/browser/browser-ui/src/main/res/values/strings-auto-complete.xml#L21
Android,buttons,dax-prompts/dax-prompts-impl,dax_prompt_browser_comparison_close,,Close,Content description for the X button,,,true,,false,apps/android/dax-prompts/dax-prompts-impl/src/main/res/values/strings-daxprompts.xml,20,https://github.com/duckduckgo/Android/blob/ef7ff9ae832c11eb88d7db9760b9fd0b4eeb09b0/dax-prompts/dax-prompts-impl/src/main/res/values/strings-daxprompts.xml#L20
Android,buttons,dax-prompts/dax-prompts-impl,dax_prompt_browser_comparison_message_primary_button,,Open Links With DuckDuckGo,This text is placed on a large button,,,true,,false,apps/android/dax-prompts/dax-prompts-impl/src/main/res/values/strings-daxprompts.xml,22,https://github.com/duckduckgo/Android/blob/ef7ff9ae832c11eb88d7db9760b9fd0b4eeb09b0/dax-prompts/dax-prompts-impl/src/main/res/values/strings-daxprompts.xml#L22
Android,buttons,dax-prompts/dax-prompts-impl,dax_prompt_browser_comparison_message_ghost_button,,Maybe Later,This text is placed on a large button,,,true,,false,apps/android/dax-prompts/dax-prompts-impl/src/main/res/values/strings-daxprompts.xml,23,https://github.com/duckduckgo/Android/blob/ef7ff9ae832c11eb88d7db9760b9fd0b4eeb09b0/dax-prompts/dax-prompts-impl/src/main/res/values/strings-daxprompts.xml#L23
Android,buttons,downloads/downloads-impl,downloadsCancel,,Cancel,,,,true,,false,apps/android/downloads/downloads-impl/src/main/res/values/strings-downloads.xml,30,https://github.com/duckduckgo/Android/blob/ef7ff9ae832c11eb88d7db9760b9fd0b4eeb09b0/downloads/downloads-impl/src/main/res/values/strings-downloads.xml#L30
Android,buttons,downloads/downloads-impl,downloadsRetry,,Retry,,,,true,,false,apps/android/downloads/downloads-impl/src/main/res/values/strings-downloads.xml,31,https://github.com/duckduckgo/Android/blob/ef7ff9ae832c11eb88d7db9760b9fd0b4eeb09b0/downloads/downloads-impl/src/main/res/values/strings-downloads.xml#L31
Android,buttons,downloads/downloads-impl,downloadConfirmationContinue,,Save to Downloads,,,,true,,false,apps/android/downloads/downloads-impl/src/main/res/values/strings-downloads.xml,35,https://github.com/duckduckgo/Android/blob/ef7ff9ae832c11eb88d7db9760b9fd0b4eeb09b0/downloads/downloads-impl/src/main/res/values/strings-downloads.xml#L35
Android,buttons,duckchat/duckchat-impl,duckChatUsageLimitFooterCtaSwitchModel,,Switch Model,,Duck.ai usage-limit footer,,false,,false,apps/android/duckchat/duckchat-impl/src/main/res/values/donottranslate.xml,60,https://github.com/duckduckgo/Android/blob/ef7ff9ae832c11eb88d7db9760b9fd0b4eeb09b0/duckchat/duckchat-impl/src/main/res/values/donottranslate.xml#L60
Android,buttons,duckchat/duckchat-impl,duckChatUsageLimitFooterCtaStartUsingWeeklyLimit,,Start Using Weekly Limit,,Duck.ai usage-limit footer,,false,,false,apps/android/duckchat/duckchat-impl/src/main/res/values/donottranslate.xml,61,https://github.com/duckduckgo/Android/blob/ef7ff9ae832c11eb88d7db9760b9fd0b4eeb09b0/duckchat/duckchat-impl/src/main/res/values/donottranslate.xml#L61
Android,buttons,duckchat/duckchat-impl,duckChatUsageLimitFooterCtaTryForFree,,Try Subscription for Free,,Duck.ai usage-limit footer,,false,,false,apps/android/duckchat/duckchat-impl/src/main/res/values/donottranslate.xml,62,https://github.com/duckduckgo/Android/blob/ef7ff9ae832c11eb88d7db9760b9fd0b4eeb09b0/duckchat/duckchat-impl/src/main/res/values/donottranslate.xml#L62
Android,buttons,duckchat/duckchat-impl,duckChatUsageLimitFooterCtaSubscribe,,Subscribe,,Duck.ai usage-limit footer,,false,,false,apps/android/duckchat/duckchat-impl/src/main/res/values/donottranslate.xml,63,https://github.com/duckduckgo/Android/blob/ef7ff9ae832c11eb88d7db9760b9fd0b4eeb09b0/duckchat/duckchat-impl/src/main/res/values/donottranslate.xml#L63
Android,buttons,duckchat/duckchat-impl,imageCaptureCameraPermissionDeniedPositiveButton,,Open Settings,,Uploading an image from the camera or choosing to use existing image,,true,,false,apps/android/duckchat/duckchat-impl/src/main/res/values/strings-duckchat.xml,30,https://github.com/duckduckgo/Android/blob/ef7ff9ae832c11eb88d7db9760b9fd0b4eeb09b0/duckchat/duckchat-impl/src/main/res/values/strings-duckchat.xml#L30
Android,buttons,duckchat/duckchat-impl,imageCaptureCameraPermissionDeniedNegativeButton,,Cancel,,Uploading an image from the camera or choosing to use existing image,,true,,false,apps/android/duckchat/duckchat-impl/src/main/res/values/strings-duckchat.xml,31,https://github.com/duckduckgo/Android/blob/ef7ff9ae832c11eb88d7db9760b9fd0b4eeb09b0/duckchat/duckchat-impl/src/main/res/values/strings-duckchat.xml#L31
Android,buttons,duckchat/duckchat-impl,newAddressBarOptionBottomSheetDialogPrimaryButton,,Confirm,,New Address Bar Option Bottom Sheet Dialog,,true,,false,apps/android/duckchat/duckchat-impl/src/main/res/values/strings-duckchat.xml,79,https://github.com/duckduckgo/Android/blob/ef7ff9ae832c11eb88d7db9760b9fd0b4eeb09b0/duckchat/duckchat-impl/src/main/res/values/strings-duckchat.xml#L79
Android,buttons,duckchat/duckchat-impl,newAddressBarOptionBottomSheetDialogGhostButton,,Not Now,,New Address Bar Option Bottom Sheet Dialog,,true,,false,apps/android/duckchat/duckchat-impl/src/main/res/values/strings-duckchat.xml,80,https://github.com/duckduckgo/Android/blob/ef7ff9ae832c11eb88d7db9760b9fd0b4eeb09b0/duckchat/duckchat-impl/src/main/res/values/strings-duckchat.xml#L80
Android,buttons,duckchat/duckchat-impl,duckAiEndCtaTitle,,You've got this!,,Duck.ai onboarding end CTA,,true,,false,apps/android/duckchat/duckchat-impl/src/main/res/values/strings-duckchat.xml,231,https://github.com/duckduckgo/Android/blob/ef7ff9ae832c11eb88d7db9760b9fd0b4eeb09b0/duckchat/duckchat-impl/src/main/res/values/strings-duckchat.xml#L231
Android,buttons,duckchat/duckchat-impl,duckAiEndCtaDescription,,Use the address bar to search and visit sites or toggle to Duck.ai for private AI chat.<br/><br/>You can use Duck.ai from anywhere you see the chat icon,,Duck.ai onboarding end CTA,,true,,false,apps/android/duckchat/duckchat-impl/src/main/res/values/strings-duckchat.xml,232,https://github.com/duckduckgo/Android/blob/ef7ff9ae832c11eb88d7db9760b9fd0b4eeb09b0/duckchat/duckchat-impl/src/main/res/values/strings-duckchat.xml#L232
Android,buttons,duckchat/duckchat-impl,duckAiEndCtaButton,,High five!,,Duck.ai onboarding end CTA,,true,,false,apps/android/duckchat/duckchat-impl/src/main/res/values/strings-duckchat.xml,233,https://github.com/duckduckgo/Android/blob/ef7ff9ae832c11eb88d7db9760b9fd0b4eeb09b0/duckchat/duckchat-impl/src/main/res/values/strings-duckchat.xml#L233
Android,buttons,duckchat/duckchat-impl,duck_ai_chat_history_empty_cta_open,,Open Duck.ai,,Native Duck.ai chat history,,true,,false,apps/android/duckchat/duckchat-impl/src/main/res/values/strings-duckchat.xml,241,https://github.com/duckduckgo/Android/blob/ef7ff9ae832c11eb88d7db9760b9fd0b4eeb09b0/duckchat/duckchat-impl/src/main/res/values/strings-duckchat.xml#L241
Android,buttons,duckchat/duckchat-impl,duck_ai_chat_history_action_select,,Select,,Native Duck.ai chat history,,true,,false,apps/android/duckchat/duckchat-impl/src/main/res/values/strings-duckchat.xml,243,https://github.com/duckduckgo/Android/blob/ef7ff9ae832c11eb88d7db9760b9fd0b4eeb09b0/duckchat/duckchat-impl/src/main/res/values/strings-duckchat.xml#L243
Android,buttons,duckchat/duckchat-impl,duck_ai_chat_history_action_pin,,Pin,,Native Duck.ai chat history,,true,,false,apps/android/duckchat/duckchat-impl/src/main/res/values/strings-duckchat.xml,244,https://github.com/duckduckgo/Android/blob/ef7ff9ae832c11eb88d7db9760b9fd0b4eeb09b0/duckchat/duckchat-impl/src/main/res/values/strings-duckchat.xml#L244
Android,buttons,duckchat/duckchat-impl,duck_ai_chat_history_action_unpin,,Remove pin,,Native Duck.ai chat history,,true,,false,apps/android/duckchat/duckchat-impl/src/main/res/values/strings-duckchat.xml,245,https://github.com/duckduckgo/Android/blob/ef7ff9ae832c11eb88d7db9760b9fd0b4eeb09b0/duckchat/duckchat-impl/src/main/res/values/strings-duckchat.xml#L245
Android,buttons,duckchat/duckchat-impl,duck_ai_chat_history_action_rename,,Rename,,Native Duck.ai chat history,,true,,false,apps/android/duckchat/duckchat-impl/src/main/res/values/strings-duckchat.xml,246,https://github.com/duckduckgo/Android/blob/ef7ff9ae832c11eb88d7db9760b9fd0b4eeb09b0/duckchat/duckchat-impl/src/main/res/values/strings-duckchat.xml#L246
Android,buttons,duckchat/duckchat-impl,duck_ai_chat_history_action_download,,Download,,Native Duck.ai chat history,,true,,false,apps/android/duckchat/duckchat-impl/src/main/res/values/strings-duckchat.xml,247,https://github.com/duckduckgo/Android/blob/ef7ff9ae832c11eb88d7db9760b9fd0b4eeb09b0/duckchat/duckchat-impl/src/main/res/values/strings-duckchat.xml#L247
Android,buttons,duckchat/duckchat-impl,duck_ai_chat_history_action_delete,,Delete,,Native Duck.ai chat history,,true,,false,apps/android/duckchat/duckchat-impl/src/main/res/values/strings-duckchat.xml,248,https://github.com/duckduckgo/Android/blob/ef7ff9ae832c11eb88d7db9760b9fd0b4eeb09b0/duckchat/duckchat-impl/src/main/res/values/strings-duckchat.xml#L248
Android,buttons,duckchat/duckchat-impl,duck_ai_chat_history_action_new,,New,,Native Duck.ai chat history,,true,,false,apps/android/duckchat/duckchat-impl/src/main/res/values/strings-duckchat.xml,254,https://github.com/duckduckgo/Android/blob/ef7ff9ae832c11eb88d7db9760b9fd0b4eeb09b0/duckchat/duckchat-impl/src/main/res/values/strings-duckchat.xml#L254
Android,buttons,feedback/feedback-impl,sharePositiveFeedbackWithTheTeam,,Are there any details you'd like to share with the team?,,,,true,,false,apps/android/feedback/feedback-impl/src/main/res/values/strings-feedback.xml,53,https://github.com/duckduckgo/Android/blob/ef7ff9ae832c11eb88d7db9760b9fd0b4eeb09b0/feedback/feedback-impl/src/main/res/values/strings-feedback.xml#L53
Android,buttons,feedback/feedback-impl,declineFurtherFeedback,,"No Thanks, I'm Done",,,,true,,false,apps/android/feedback/feedback-impl/src/main/res/values/strings-feedback.xml,58,https://github.com/duckduckgo/Android/blob/ef7ff9ae832c11eb88d7db9760b9fd0b4eeb09b0/feedback/feedback-impl/src/main/res/values/strings-feedback.xml#L58
Android,buttons,network-protection/network-protection-impl,subscriptionOnboardingVpnSkip,,Not now,,Subscription onboarding - VPN step (placeholder copy),,false,,false,apps/android/network-protection/network-protection-impl/src/main/res/values/donottranslate.xml,30,https://github.com/duckduckgo/Android/blob/ef7ff9ae832c11eb88d7db9760b9fd0b4eeb09b0/network-protection/network-protection-impl/src/main/res/values/donottranslate.xml#L30
Android,buttons,network-protection/network-protection-impl,netpManagementExcludeAppPromptActionDisableOne,,Exclude an app,,Exclude App Prompt,,true,,false,apps/android/network-protection/network-protection-impl/src/main/res/values/strings-netp.xml,34,https://github.com/duckduckgo/Android/blob/ef7ff9ae832c11eb88d7db9760b9fd0b4eeb09b0/network-protection/network-protection-impl/src/main/res/values/strings-netp.xml#L34
Android,buttons,network-protection/network-protection-impl,netpManagementExcludeAppPromptActionDisableAll,,Turn off VPN,,Exclude App Prompt,,true,,false,apps/android/network-protection/network-protection-impl/src/main/res/values/strings-netp.xml,35,https://github.com/duckduckgo/Android/blob/ef7ff9ae832c11eb88d7db9760b9fd0b4eeb09b0/network-protection/network-protection-impl/src/main/res/values/strings-netp.xml#L35
Android,buttons,network-protection/network-protection-impl,netpManagementExcludeAppPromptActionDisablePermanent,,Never ask again,,Exclude App Prompt,,true,,false,apps/android/network-protection/network-protection-impl/src/main/res/values/strings-netp.xml,36,https://github.com/duckduckgo/Android/blob/ef7ff9ae832c11eb88d7db9760b9fd0b4eeb09b0/network-protection/network-protection-impl/src/main/res/values/strings-netp.xml#L36
Android,buttons,network-protection/network-protection-impl,netpActionGotIt,,Got it,,VPN conflict,,true,,false,apps/android/network-protection/network-protection-impl/src/main/res/values/strings-netp.xml,58,https://github.com/duckduckgo/Android/blob/ef7ff9ae832c11eb88d7db9760b9fd0b4eeb09b0/network-protection/network-protection-impl/src/main/res/values/strings-netp.xml#L58
Android,buttons,network-protection/network-protection-impl,netpActionOpenSettings,,Open Settings,,Always on,,true,,false,apps/android/network-protection/network-protection-impl/src/main/res/values/strings-netp.xml,63,https://github.com/duckduckgo/Android/blob/ef7ff9ae832c11eb88d7db9760b9fd0b4eeb09b0/network-protection/network-protection-impl/src/main/res/values/strings-netp.xml#L63
Android,buttons,network-protection/network-protection-impl,netpActionCancel,,Cancel,,Always on,,true,,false,apps/android/network-protection/network-protection-impl/src/main/res/values/strings-netp.xml,64,https://github.com/duckduckgo/Android/blob/ef7ff9ae832c11eb88d7db9760b9fd0b4eeb09b0/network-protection/network-protection-impl/src/main/res/values/strings-netp.xml#L64
Android,buttons,network-protection/network-protection-impl,netpActionNotNow,,Not Now,,Always on,,true,,false,apps/android/network-protection/network-protection-impl/src/main/res/values/strings-netp.xml,65,https://github.com/duckduckgo/Android/blob/ef7ff9ae832c11eb88d7db9760b9fd0b4eeb09b0/network-protection/network-protection-impl/src/main/res/values/strings-netp.xml#L65
Android,buttons,network-protection/network-protection-impl,netpActionGoToSettings,,Go to Settings,,Always on,,true,,false,apps/android/network-protection/network-protection-impl/src/main/res/values/strings-netp.xml,66,https://github.com/duckduckgo/Android/blob/ef7ff9ae832c11eb88d7db9760b9fd0b4eeb09b0/network-protection/network-protection-impl/src/main/res/values/strings-netp.xml#L66
Android,buttons,network-protection/network-protection-impl,netpGrantPhonePermissionActionPositive,,Settings,,Pause during calls,,true,,false,apps/android/network-protection/network-protection-impl/src/main/res/values/strings-netp.xml,125,https://github.com/duckduckgo/Android/blob/ef7ff9ae832c11eb88d7db9760b9fd0b4eeb09b0/network-protection/network-protection-impl/src/main/res/values/strings-netp.xml#L125
Android,buttons,network-protection/network-protection-impl,netpGrantPhonePermissionActionNegative,,Cancel,,Pause during calls,,true,,false,apps/android/network-protection/network-protection-impl/src/main/res/values/strings-netp.xml,126,https://github.com/duckduckgo/Android/blob/ef7ff9ae832c11eb88d7db9760b9fd0b4eeb09b0/network-protection/network-protection-impl/src/main/res/values/strings-netp.xml#L126
Android,buttons,network-protection/network-protection-impl,netpExclusionListManuallyCTAReportIssue,,Report Issue,,Exclusion list,,true,,false,apps/android/network-protection/network-protection-impl/src/main/res/values/strings-netp.xml,144,https://github.com/duckduckgo/Android/blob/ef7ff9ae832c11eb88d7db9760b9fd0b4eeb09b0/network-protection/network-protection-impl/src/main/res/values/strings-netp.xml#L144
Android,buttons,network-protection/network-protection-impl,netpExclusionListManuallyCTANotNow,,Not Now,,Exclusion list,,true,,false,apps/android/network-protection/network-protection-impl/src/main/res/values/strings-netp.xml,145,https://github.com/duckduckgo/Android/blob/ef7ff9ae832c11eb88d7db9760b9fd0b4eeb09b0/network-protection/network-protection-impl/src/main/res/values/strings-netp.xml#L145
Android,buttons,network-protection/network-protection-impl,netpExclusionListManuallyCTACancel,,Cancel,,Exclusion list,,true,,false,apps/android/network-protection/network-protection-impl/src/main/res/values/strings-netp.xml,146,https://github.com/duckduckgo/Android/blob/ef7ff9ae832c11eb88d7db9760b9fd0b4eeb09b0/network-protection/network-protection-impl/src/main/res/values/strings-netp.xml#L146
Android,buttons,network-protection/network-protection-impl,netpExclusionListManuallyCTARestore,,Restore,,Exclusion list,,true,,false,apps/android/network-protection/network-protection-impl/src/main/res/values/strings-netp.xml,147,https://github.com/duckduckgo/Android/blob/ef7ff9ae832c11eb88d7db9760b9fd0b4eeb09b0/network-protection/network-protection-impl/src/main/res/values/strings-netp.xml#L147
Android,buttons,network-protection/network-protection-impl,netpExclusionListWarningActionPositive,,OK,,System apps exclusion list,,true,,false,apps/android/network-protection/network-protection-impl/src/main/res/values/strings-netp.xml,159,https://github.com/duckduckgo/Android/blob/ef7ff9ae832c11eb88d7db9760b9fd0b4eeb09b0/network-protection/network-protection-impl/src/main/res/values/strings-netp.xml#L159
Android,buttons,network-protection/network-protection-impl,netpNotificationCTAEnableNetp,,Connect,,Notifications,,true,,false,apps/android/network-protection/network-protection-impl/src/main/res/values/strings-netp.xml,186,https://github.com/duckduckgo/Android/blob/ef7ff9ae832c11eb88d7db9760b9fd0b4eeb09b0/network-protection/network-protection-impl/src/main/res/values/strings-netp.xml#L186
Android,buttons,network-protection/network-protection-impl,netpNotificationCTAReportIssue,,Having problems with an app?,,Notifications,,true,,false,apps/android/network-protection/network-protection-impl/src/main/res/values/strings-netp.xml,187,https://github.com/duckduckgo/Android/blob/ef7ff9ae832c11eb88d7db9760b9fd0b4eeb09b0/network-protection/network-protection-impl/src/main/res/values/strings-netp.xml#L187
Android,buttons,network-protection/network-protection-impl,netpNotificationCTAReconnectNow,,Reconnect Now,,Notifications,,true,,false,apps/android/network-protection/network-protection-impl/src/main/res/values/strings-netp.xml,191,https://github.com/duckduckgo/Android/blob/ef7ff9ae832c11eb88d7db9760b9fd0b4eeb09b0/network-protection/network-protection-impl/src/main/res/values/strings-netp.xml#L191
Android,buttons,network-protection/network-protection-impl,netpDialogVpnAccessRevokedPositiveAction,,Subscribe,,Access revoked,,true,,false,apps/android/network-protection/network-protection-impl/src/main/res/values/strings-netp.xml,207,https://github.com/duckduckgo/Android/blob/ef7ff9ae832c11eb88d7db9760b9fd0b4eeb09b0/network-protection/network-protection-impl/src/main/res/values/strings-netp.xml#L207
Android,buttons,network-protection/network-protection-impl,netpDialogVpnAccessRevokedNegativeAction,,Dismiss,,Access revoked,,true,,false,apps/android/network-protection/network-protection-impl/src/main/res/values/strings-netp.xml,208,https://github.com/duckduckgo/Android/blob/ef7ff9ae832c11eb88d7db9760b9fd0b4eeb09b0/network-protection/network-protection-impl/src/main/res/values/strings-netp.xml#L208
Android,buttons,network-protection/network-protection-impl,netpAutoExcludePromptActionAdd,,Exclude Apps,,Auto-exclude,,true,,false,apps/android/network-protection/network-protection-impl/src/main/res/values/strings-netp.xml,254,https://github.com/duckduckgo/Android/blob/ef7ff9ae832c11eb88d7db9760b9fd0b4eeb09b0/network-protection/network-protection-impl/src/main/res/values/strings-netp.xml#L254
Android,buttons,network-protection/network-protection-impl,netpAutoExcludePromptActionCancel,,Skip,,Auto-exclude,,true,,false,apps/android/network-protection/network-protection-impl/src/main/res/values/strings-netp.xml,255,https://github.com/duckduckgo/Android/blob/ef7ff9ae832c11eb88d7db9760b9fd0b4eeb09b0/network-protection/network-protection-impl/src/main/res/values/strings-netp.xml#L255
Android,buttons,saved-sites/saved-sites-impl,faviconsPromptPrimaryCta,,Keep Bookmark Icons Updated,,Sync Favicons,,true,,false,apps/android/saved-sites/saved-sites-impl/src/main/res/values/strings-saved-sites.xml,106,https://github.com/duckduckgo/Android/blob/ef7ff9ae832c11eb88d7db9760b9fd0b4eeb09b0/saved-sites/saved-sites-impl/src/main/res/values/strings-saved-sites.xml#L106
Android,buttons,saved-sites/saved-sites-impl,faviconsPromptSecondaryCta,,Not Now,,Sync Favicons,,true,,false,apps/android/saved-sites/saved-sites-impl/src/main/res/values/strings-saved-sites.xml,107,https://github.com/duckduckgo/Android/blob/ef7ff9ae832c11eb88d7db9760b9fd0b4eeb09b0/saved-sites/saved-sites-impl/src/main/res/values/strings-saved-sites.xml#L107
Android,buttons,saved-sites/saved-sites-impl,deleteSavedSiteConfirmationDialogCancel,,Cancel,,"Edit Saved Site screen, ""Delete Saved Site"" confirmation prompt",,true,,false,apps/android/saved-sites/saved-sites-impl/src/main/res/values/strings-saved-sites.xml,116,https://github.com/duckduckgo/Android/blob/ef7ff9ae832c11eb88d7db9760b9fd0b4eeb09b0/saved-sites/saved-sites-impl/src/main/res/values/strings-saved-sites.xml#L116
Android,buttons,saved-sites/saved-sites-impl,importBookmarksFromGooglePreImportDialogImportButton,,Import From Google,,Bookmark Import,,true,,false,apps/android/saved-sites/saved-sites-impl/src/main/res/values/strings-saved-sites.xml,122,https://github.com/duckduckgo/Android/blob/ef7ff9ae832c11eb88d7db9760b9fd0b4eeb09b0/saved-sites/saved-sites-impl/src/main/res/values/strings-saved-sites.xml#L122
Android,buttons,saved-sites/saved-sites-impl,importBookmarksFromGooglePreImportDialogSelectFileButton,,Select Bookmarks File…,,Bookmark Import,,true,,false,apps/android/saved-sites/saved-sites-impl/src/main/res/values/strings-saved-sites.xml,123,https://github.com/duckduckgo/Android/blob/ef7ff9ae832c11eb88d7db9760b9fd0b4eeb09b0/saved-sites/saved-sites-impl/src/main/res/values/strings-saved-sites.xml#L123
Android,buttons,saved-sites/saved-sites-impl,bookmarksImportDialogClose,,Close,,Bookmark Import,,true,,false,apps/android/saved-sites/saved-sites-impl/src/main/res/values/strings-saved-sites.xml,124,https://github.com/duckduckgo/Android/blob/ef7ff9ae832c11eb88d7db9760b9fd0b4eeb09b0/saved-sites/saved-sites-impl/src/main/res/values/strings-saved-sites.xml#L124
Android,buttons,site-permissions/site-permissions-impl,sitePermissionsDialogDenyButton,,Deny,,Site Permission,,true,,false,apps/android/site-permissions/site-permissions-impl/src/main/res/values/strings-site-permissions.xml,46,https://github.com/duckduckgo/Android/blob/ef7ff9ae832c11eb88d7db9760b9fd0b4eeb09b0/site-permissions/site-permissions-impl/src/main/res/values/strings-site-permissions.xml#L46
Android,buttons,site-permissions/site-permissions-impl,sitePermissionsDialogAllowButton,,Allow,,Site Permission,,true,,false,apps/android/site-permissions/site-permissions-impl/src/main/res/values/strings-site-permissions.xml,47,https://github.com/duckduckgo/Android/blob/ef7ff9ae832c11eb88d7db9760b9fd0b4eeb09b0/site-permissions/site-permissions-impl/src/main/res/values/strings-site-permissions.xml#L47
Android,buttons,site-permissions/site-permissions-impl,sitePermissionsDeniedSnackBarAction,,Allow,,Site Permission,,true,,false,apps/android/site-permissions/site-permissions-impl/src/main/res/values/strings-site-permissions.xml,51,https://github.com/duckduckgo/Android/blob/ef7ff9ae832c11eb88d7db9760b9fd0b4eeb09b0/site-permissions/site-permissions-impl/src/main/res/values/strings-site-permissions.xml#L51
Android,buttons,site-permissions/site-permissions-impl,systemPermissionsDeniedDialogPositiveButton,,Open Settings,,Site Permission,,true,,false,apps/android/site-permissions/site-permissions-impl/src/main/res/values/strings-site-permissions.xml,58,https://github.com/duckduckgo/Android/blob/ef7ff9ae832c11eb88d7db9760b9fd0b4eeb09b0/site-permissions/site-permissions-impl/src/main/res/values/strings-site-permissions.xml#L58
Android,buttons,site-permissions/site-permissions-impl,systemPermissionsDeniedDialogNegativeButton,,Cancel,,Site Permission,,true,,false,apps/android/site-permissions/site-permissions-impl/src/main/res/values/strings-site-permissions.xml,59,https://github.com/duckduckgo/Android/blob/ef7ff9ae832c11eb88d7db9760b9fd0b4eeb09b0/site-permissions/site-permissions-impl/src/main/res/values/strings-site-permissions.xml#L59
Android,buttons,site-permissions/site-permissions-impl,sitePermissionsDialogAllowWhileUsingSiteButton,,Allow While Using Site,"Button granting a website a permission for every visit, until the user changes it",Tiered permission dialog,,true,,false,apps/android/site-permissions/site-permissions-impl/src/main/res/values/strings-site-permissions.xml,80,https://github.com/duckduckgo/Android/blob/ef7ff9ae832c11eb88d7db9760b9fd0b4eeb09b0/site-permissions/site-permissions-impl/src/main/res/values/strings-site-permissions.xml#L80
Android,buttons,site-permissions/site-permissions-impl,sitePermissionsDialogAllowThisTimeButton,,Allow This Time,Button granting a website a permission for the current visit only,Tiered permission dialog,,true,,false,apps/android/site-permissions/site-permissions-impl/src/main/res/values/strings-site-permissions.xml,81,https://github.com/duckduckgo/Android/blob/ef7ff9ae832c11eb88d7db9760b9fd0b4eeb09b0/site-permissions/site-permissions-impl/src/main/res/values/strings-site-permissions.xml#L81
Android,buttons,site-permissions/site-permissions-impl,sitePermissionsDialogNeverAllowButton,,Never Allow,"Button refusing a website a permission for every visit, until the user changes it",Tiered permission dialog,,true,,false,apps/android/site-permissions/site-permissions-impl/src/main/res/values/strings-site-permissions.xml,82,https://github.com/duckduckgo/Android/blob/ef7ff9ae832c11eb88d7db9760b9fd0b4eeb09b0/site-permissions/site-permissions-impl/src/main/res/values/strings-site-permissions.xml#L82
Android,buttons,site-permissions/site-permissions-impl,sitePermissionsDialogChangePermissionsButton,,Change Permissions,Button opening the DuckDuckGo permission settings in the Android system settings app,Reminder dialog,,true,,false,apps/android/site-permissions/site-permissions-impl/src/main/res/values/strings-site-permissions.xml,92,https://github.com/duckduckgo/Android/blob/ef7ff9ae832c11eb88d7db9760b9fd0b4eeb09b0/site-permissions/site-permissions-impl/src/main/res/values/strings-site-permissions.xml#L92
Android,buttons,subscriptions/subscriptions-impl,pirStorageUnavailableDialogButton,,Got It,,Personal Information Removal,,false,,false,apps/android/subscriptions/subscriptions-impl/src/main/res/values/donottranslate.xml,22,https://github.com/duckduckgo/Android/blob/ef7ff9ae832c11eb88d7db9760b9fd0b4eeb09b0/subscriptions/subscriptions-impl/src/main/res/values/donottranslate.xml#L22
Android,buttons,subscriptions/subscriptions-impl,subscriptionOnboardingWelcomePrimaryButton,,Let's go!,,"Subscription Onboarding (English only, not translated)",,false,,false,apps/android/subscriptions/subscriptions-impl/src/main/res/values/donottranslate.xml,53,https://github.com/duckduckgo/Android/blob/ef7ff9ae832c11eb88d7db9760b9fd0b4eeb09b0/subscriptions/subscriptions-impl/src/main/res/values/donottranslate.xml#L53
Android,buttons,subscriptions/subscriptions-impl,subscriptionOnboardingFeaturesPrimaryButton,,Next,,"Subscription Onboarding (English only, not translated)",,false,,false,apps/android/subscriptions/subscriptions-impl/src/main/res/values/donottranslate.xml,64,https://github.com/duckduckgo/Android/blob/ef7ff9ae832c11eb88d7db9760b9fd0b4eeb09b0/subscriptions/subscriptions-impl/src/main/res/values/donottranslate.xml#L64
Android,buttons,subscriptions/subscriptions-impl,subscriptionOnboardingCompletionPrimaryButton,,Done,,Onboarding completion summary,,false,,false,apps/android/subscriptions/subscriptions-impl/src/main/res/values/donottranslate.xml,151,https://github.com/duckduckgo/Android/blob/ef7ff9ae832c11eb88d7db9760b9fd0b4eeb09b0/subscriptions/subscriptions-impl/src/main/res/values/donottranslate.xml#L151
Android,buttons,subscriptions/subscriptions-impl,subscriptionOnboardingCompletionCompletePrimaryButton,,Got It,,Onboarding completion summary,,false,,false,apps/android/subscriptions/subscriptions-impl/src/main/res/values/donottranslate.xml,155,https://github.com/duckduckgo/Android/blob/ef7ff9ae832c11eb88d7db9760b9fd0b4eeb09b0/subscriptions/subscriptions-impl/src/main/res/values/donottranslate.xml#L155
Android,buttons,subscriptions/subscriptions-impl,subscriptionOnboardingSettingsCardButton,,Continue Setup,,Onboarding settings entry-point card,,false,,false,apps/android/subscriptions/subscriptions-impl/src/main/res/values/donottranslate.xml,160,https://github.com/duckduckgo/Android/blob/ef7ff9ae832c11eb88d7db9760b9fd0b4eeb09b0/subscriptions/subscriptions-impl/src/main/res/values/donottranslate.xml#L160
Android,buttons,subscriptions/subscriptions-impl,cancel,,Cancel,,,,true,,false,apps/android/subscriptions/subscriptions-impl/src/main/res/values/strings-subscriptions.xml,19,https://github.com/duckduckgo/Android/blob/ef7ff9ae832c11eb88d7db9760b9fd0b4eeb09b0/subscriptions/subscriptions-impl/src/main/res/values/strings-subscriptions.xml#L19
Android,buttons,subscriptions/subscriptions-impl,ok,,OK,,,,true,,false,apps/android/subscriptions/subscriptions-impl/src/main/res/values/strings-subscriptions.xml,20,https://github.com/duckduckgo/Android/blob/ef7ff9ae832c11eb88d7db9760b9fd0b4eeb09b0/subscriptions/subscriptions-impl/src/main/res/values/strings-subscriptions.xml#L20
Android,buttons,subscriptions/subscriptions-impl,pirWindowsButton,,Windows,,PIR Activity,,false,,false,apps/android/subscriptions/subscriptions-impl/src/main/res/values/strings-subscriptions.xml,108,https://github.com/duckduckgo/Android/blob/ef7ff9ae832c11eb88d7db9760b9fd0b4eeb09b0/subscriptions/subscriptions-impl/src/main/res/values/strings-subscriptions.xml#L108
Android,buttons,subscriptions/subscriptions-impl,pirMacOsButton,,Mac,,PIR Activity,,false,,false,apps/android/subscriptions/subscriptions-impl/src/main/res/values/strings-subscriptions.xml,109,https://github.com/duckduckgo/Android/blob/ef7ff9ae832c11eb88d7db9760b9fd0b4eeb09b0/subscriptions/subscriptions-impl/src/main/res/values/strings-subscriptions.xml#L109
Android,buttons,subscriptions/subscriptions-impl,feedbackActionReportIssue,,Report a problem,,Feedback,,true,,false,apps/android/subscriptions/subscriptions-impl/src/main/res/values/strings-subscriptions.xml,117,https://github.com/duckduckgo/Android/blob/ef7ff9ae832c11eb88d7db9760b9fd0b4eeb09b0/subscriptions/subscriptions-impl/src/main/res/values/strings-subscriptions.xml#L117
Android,buttons,subscriptions/subscriptions-impl,feedbackActionGeneralFeedback,,General feedback,,Feedback,,true,,false,apps/android/subscriptions/subscriptions-impl/src/main/res/values/strings-subscriptions.xml,118,https://github.com/duckduckgo/Android/blob/ef7ff9ae832c11eb88d7db9760b9fd0b4eeb09b0/subscriptions/subscriptions-impl/src/main/res/values/strings-subscriptions.xml#L118
Android,buttons,subscriptions/subscriptions-impl,feedbackActionFeatureRequest,,Request a feature,,Feedback,,true,,false,apps/android/subscriptions/subscriptions-impl/src/main/res/values/strings-subscriptions.xml,119,https://github.com/duckduckgo/Android/blob/ef7ff9ae832c11eb88d7db9760b9fd0b4eeb09b0/subscriptions/subscriptions-impl/src/main/res/values/strings-subscriptions.xml#L119
Android,buttons,subscriptions/subscriptions-impl,subscriptionSettingManagePaymentOrCancel,,Manage Payment or Cancel,,Pro tier changes,,true,,false,apps/android/subscriptions/subscriptions-impl/src/main/res/values/strings-subscriptions.xml,188,https://github.com/duckduckgo/Android/blob/ef7ff9ae832c11eb88d7db9760b9fd0b4eeb09b0/subscriptions/subscriptions-impl/src/main/res/values/strings-subscriptions.xml#L188
Android,buttons,sync/sync-impl,sync_setup_with_another_device_cta_title,,Sync With Another Device,,Settings screen,,true,,false,apps/android/sync/sync-impl/src/main/res/values/strings-sync.xml,35,https://github.com/duckduckgo/Android/blob/ef7ff9ae832c11eb88d7db9760b9fd0b4eeb09b0/sync/sync-impl/src/main/res/values/strings-sync.xml#L35
Android,buttons,sync/sync-impl,sync_setup_with_another_device_cta_subtitle,,Securely sync bookmarks and passwords between your devices.,,Settings screen,,true,,false,apps/android/sync/sync-impl/src/main/res/values/strings-sync.xml,36,https://github.com/duckduckgo/Android/blob/ef7ff9ae832c11eb88d7db9760b9fd0b4eeb09b0/sync/sync-impl/src/main/res/values/strings-sync.xml#L36
Android,buttons,sync/sync-impl,sync_setup_with_another_device_cta_subtitle_with_ai_chat,,"Securely sync bookmarks, passwords, and Duck.ai chats between your devices.",,Settings screen,,true,,false,apps/android/sync/sync-impl/src/main/res/values/strings-sync.xml,37,https://github.com/duckduckgo/Android/blob/ef7ff9ae832c11eb88d7db9760b9fd0b4eeb09b0/sync/sync-impl/src/main/res/values/strings-sync.xml#L37
Android,buttons,sync/sync-impl,sync_setup_single_recover_data_cta_title,,Recover Synced Data,,Settings screen,,true,,false,apps/android/sync/sync-impl/src/main/res/values/strings-sync.xml,41,https://github.com/duckduckgo/Android/blob/ef7ff9ae832c11eb88d7db9760b9fd0b4eeb09b0/sync/sync-impl/src/main/res/values/strings-sync.xml#L41
Android,buttons,sync/sync-impl,sync_setup_single_sync_this_device_cta_title,,Sync and Back Up This Device,,Settings screen,,true,,false,apps/android/sync/sync-impl/src/main/res/values/strings-sync.xml,42,https://github.com/duckduckgo/Android/blob/ef7ff9ae832c11eb88d7db9760b9fd0b4eeb09b0/sync/sync-impl/src/main/res/values/strings-sync.xml#L42
Android,buttons,sync/sync-impl,sync_intro_enable_cta,,Turn on Sync & Backup,,Setup screen,,true,,false,apps/android/sync/sync-impl/src/main/res/values/strings-sync.xml,58,https://github.com/duckduckgo/Android/blob/ef7ff9ae832c11eb88d7db9760b9fd0b4eeb09b0/sync/sync-impl/src/main/res/values/strings-sync.xml#L58
Android,buttons,sync/sync-impl,sync_recover_synced_data_cta,,Recover Synced Data,,Recover Synced Data Intro Screen,,true,,false,apps/android/sync/sync-impl/src/main/res/values/strings-sync.xml,62,https://github.com/duckduckgo/Android/blob/ef7ff9ae832c11eb88d7db9760b9fd0b4eeb09b0/sync/sync-impl/src/main/res/values/strings-sync.xml#L62
Android,buttons,sync/sync-impl,login_screen_enter_code_cta,,Manually Enter Code,,Recover data screen,,true,,false,apps/android/sync/sync-impl/src/main/res/values/strings-sync.xml,66,https://github.com/duckduckgo/Android/blob/ef7ff9ae832c11eb88d7db9760b9fd0b4eeb09b0/sync/sync-impl/src/main/res/values/strings-sync.xml#L66
Android,buttons,sync/sync-impl,login_screen_cant_scan_button_text,,Copy Text Code,,Recover data screen,,true,,false,apps/android/sync/sync-impl/src/main/res/values/strings-sync.xml,69,https://github.com/duckduckgo/Android/blob/ef7ff9ae832c11eb88d7db9760b9fd0b4eeb09b0/sync/sync-impl/src/main/res/values/strings-sync.xml#L69
Android,buttons,sync/sync-impl,connect_screen_enter_code_cta,,Manually Enter Code,,Connect screen,,true,,false,apps/android/sync/sync-impl/src/main/res/values/strings-sync.xml,75,https://github.com/duckduckgo/Android/blob/ef7ff9ae832c11eb88d7db9760b9fd0b4eeb09b0/sync/sync-impl/src/main/res/values/strings-sync.xml#L75
Android,buttons,sync/sync-impl,sync_recovery_code_skip_button,,Next,,Recovery PDF screen,,true,,false,apps/android/sync/sync-impl/src/main/res/values/strings-sync.xml,90,https://github.com/duckduckgo/Android/blob/ef7ff9ae832c11eb88d7db9760b9fd0b4eeb09b0/sync/sync-impl/src/main/res/values/strings-sync.xml#L90
Android,buttons,sync/sync-impl,sync_recovery_code_primary_button,,Save as PDF,,Recovery PDF screen,,true,,false,apps/android/sync/sync-impl/src/main/res/values/strings-sync.xml,91,https://github.com/duckduckgo/Android/blob/ef7ff9ae832c11eb88d7db9760b9fd0b4eeb09b0/sync/sync-impl/src/main/res/values/strings-sync.xml#L91
Android,buttons,sync/sync-impl,sync_recovery_code_secondary_button,,Copy Code,,Recovery PDF screen,,true,,false,apps/android/sync/sync-impl/src/main/res/values/strings-sync.xml,92,https://github.com/duckduckgo/Android/blob/ef7ff9ae832c11eb88d7db9760b9fd0b4eeb09b0/sync/sync-impl/src/main/res/values/strings-sync.xml#L92
Android,buttons,sync/sync-impl,sync_connected_device_primary_button,,Done,,Device synced screen,,true,,false,apps/android/sync/sync-impl/src/main/res/values/strings-sync.xml,97,https://github.com/duckduckgo/Android/blob/ef7ff9ae832c11eb88d7db9760b9fd0b4eeb09b0/sync/sync-impl/src/main/res/values/strings-sync.xml#L97
Android,buttons,sync/sync-impl,enter_code_screen_cta,,Enter Text Code,,Device synced screen,,true,,false,apps/android/sync/sync-impl/src/main/res/values/strings-sync.xml,102,https://github.com/duckduckgo/Android/blob/ef7ff9ae832c11eb88d7db9760b9fd0b4eeb09b0/sync/sync-impl/src/main/res/values/strings-sync.xml#L102
Android,buttons,sync/sync-impl,sync_enable_sync_next_button,,Next,,Device synced screen,,true,,false,apps/android/sync/sync-impl/src/main/res/values/strings-sync.xml,113,https://github.com/duckduckgo/Android/blob/ef7ff9ae832c11eb88d7db9760b9fd0b4eeb09b0/sync/sync-impl/src/main/res/values/strings-sync.xml#L113
Android,buttons,sync/sync-impl,turn_off_sync_dialog_primary_button,,Turn Off,,Device synced screen,,true,,false,apps/android/sync/sync-impl/src/main/res/values/strings-sync.xml,119,https://github.com/duckduckgo/Android/blob/ef7ff9ae832c11eb88d7db9760b9fd0b4eeb09b0/sync/sync-impl/src/main/res/values/strings-sync.xml#L119
Android,buttons,sync/sync-impl,turn_off_sync_dialog_secondary_button,,Cancel,,Device synced screen,,true,,false,apps/android/sync/sync-impl/src/main/res/values/strings-sync.xml,120,https://github.com/duckduckgo/Android/blob/ef7ff9ae832c11eb88d7db9760b9fd0b4eeb09b0/sync/sync-impl/src/main/res/values/strings-sync.xml#L120
Android,buttons,sync/sync-impl,remove_device_dialog_primary_button,,Remove,,Device synced screen,,true,,false,apps/android/sync/sync-impl/src/main/res/values/strings-sync.xml,133,https://github.com/duckduckgo/Android/blob/ef7ff9ae832c11eb88d7db9760b9fd0b4eeb09b0/sync/sync-impl/src/main/res/values/strings-sync.xml#L133
Android,buttons,sync/sync-impl,remove_device_dialog_secondary_button,,Cancel,,Device synced screen,,true,,false,apps/android/sync/sync-impl/src/main/res/values/strings-sync.xml,134,https://github.com/duckduckgo/Android/blob/ef7ff9ae832c11eb88d7db9760b9fd0b4eeb09b0/sync/sync-impl/src/main/res/values/strings-sync.xml#L134
Android,buttons,sync/sync-impl,edit_device_dialog_primary_button,,OK,,Device synced screen,,true,,false,apps/android/sync/sync-impl/src/main/res/values/strings-sync.xml,137,https://github.com/duckduckgo/Android/blob/ef7ff9ae832c11eb88d7db9760b9fd0b4eeb09b0/sync/sync-impl/src/main/res/values/strings-sync.xml#L137
Android,buttons,sync/sync-impl,edit_device_dialog_secondary_button,,Cancel,,Device synced screen,,true,,false,apps/android/sync/sync-impl/src/main/res/values/strings-sync.xml,138,https://github.com/duckduckgo/Android/blob/ef7ff9ae832c11eb88d7db9760b9fd0b4eeb09b0/sync/sync-impl/src/main/res/values/strings-sync.xml#L138
Android,buttons,sync/sync-impl,sync_require_device_passcode_dialog_action,,Go to Settings,,Sync Device Authentication,,true,,false,apps/android/sync/sync-impl/src/main/res/values/strings-sync.xml,175,https://github.com/duckduckgo/Android/blob/ef7ff9ae832c11eb88d7db9760b9fd0b4eeb09b0/sync/sync-impl/src/main/res/values/strings-sync.xml#L175
Android,buttons,sync/sync-impl,sync_delete_server_data_dialog_primary_button,,Delete Server Data,,Sync Settings,,true,,false,apps/android/sync/sync-impl/src/main/res/values/strings-sync.xml,180,https://github.com/duckduckgo/Android/blob/ef7ff9ae832c11eb88d7db9760b9fd0b4eeb09b0/sync/sync-impl/src/main/res/values/strings-sync.xml#L180
Android,buttons,sync/sync-impl,sync_delete_server_data_dialog_secondary_button,,Cancel,,Sync Settings,,true,,false,apps/android/sync/sync-impl/src/main/res/values/strings-sync.xml,181,https://github.com/duckduckgo/Android/blob/ef7ff9ae832c11eb88d7db9760b9fd0b4eeb09b0/sync/sync-impl/src/main/res/values/strings-sync.xml#L181
Android,buttons,sync/sync-impl,syncPromoPrimaryButton,,Set Up Sync,,Sync feature promo,,true,,false,apps/android/sync/sync-impl/src/main/res/values/strings-sync.xml,190,https://github.com/duckduckgo/Android/blob/ef7ff9ae832c11eb88d7db9760b9fd0b4eeb09b0/sync/sync-impl/src/main/res/values/strings-sync.xml#L190
Android,buttons,sync/sync-impl,syncPromoSecondaryButton,,No Thanks,,Sync feature promo,,true,,false,apps/android/sync/sync-impl/src/main/res/values/strings-sync.xml,191,https://github.com/duckduckgo/Android/blob/ef7ff9ae832c11eb88d7db9760b9fd0b4eeb09b0/sync/sync-impl/src/main/res/values/strings-sync.xml#L191
Android,buttons,sync/sync-impl,syncGetAppsOnOtherPlatformInstructionUrlDownloadButton,,Share Download Link,,Sync get apps on other platforms,,true,,false,apps/android/sync/sync-impl/src/main/res/values/strings-sync.xml,199,https://github.com/duckduckgo/Android/blob/ef7ff9ae832c11eb88d7db9760b9fd0b4eeb09b0/sync/sync-impl/src/main/res/values/strings-sync.xml#L199
Android,buttons,sync/sync-impl,sync_dialog_switch_account_primary_button,,Switch Sync,,Sync Switching account prompt,,true,,false,apps/android/sync/sync-impl/src/main/res/values/strings-sync.xml,204,https://github.com/duckduckgo/Android/blob/ef7ff9ae832c11eb88d7db9760b9fd0b4eeb09b0/sync/sync-impl/src/main/res/values/strings-sync.xml#L204
Android,buttons,sync/sync-impl,sync_dialog_switch_account_secondary_button,,Cancel,,Sync Switching account prompt,,true,,false,apps/android/sync/sync-impl/src/main/res/values/strings-sync.xml,205,https://github.com/duckduckgo/Android/blob/ef7ff9ae832c11eb88d7db9760b9fd0b4eeb09b0/sync/sync-impl/src/main/res/values/strings-sync.xml#L205
Android,buttons,sync/sync-impl,sync_setup_deep_link_confirmation_dialog_button_positive,,Sync Now,,Deep link sync setup,,true,,false,apps/android/sync/sync-impl/src/main/res/values/strings-sync.xml,211,https://github.com/duckduckgo/Android/blob/ef7ff9ae832c11eb88d7db9760b9fd0b4eeb09b0/sync/sync-impl/src/main/res/values/strings-sync.xml#L211
Android,buttons,sync/sync-impl,sync_setup_deep_link_confirmation_dialog_button_negative,,Cancel,,Deep link sync setup,,true,,false,apps/android/sync/sync-impl/src/main/res/values/strings-sync.xml,212,https://github.com/duckduckgo/Android/blob/ef7ff9ae832c11eb88d7db9760b9fd0b4eeb09b0/sync/sync-impl/src/main/res/values/strings-sync.xml#L212
Android,buttons,sync/sync-impl,sync_previous_session_ready_resume_cta,,Restore Sync & Backup,,Previous Session Ready Screen,,true,,false,apps/android/sync/sync-impl/src/main/res/values/strings-sync.xml,234,https://github.com/duckduckgo/Android/blob/ef7ff9ae832c11eb88d7db9760b9fd0b4eeb09b0/sync/sync-impl/src/main/res/values/strings-sync.xml#L234
Android,buttons,sync/sync-impl,sync_previous_session_ready_continue_cta,,Set Up New Sync,,Previous Session Ready Screen,,true,,false,apps/android/sync/sync-impl/src/main/res/values/strings-sync.xml,235,https://github.com/duckduckgo/Android/blob/ef7ff9ae832c11eb88d7db9760b9fd0b4eeb09b0/sync/sync-impl/src/main/res/values/strings-sync.xml#L235
Android,buttons,sync/sync-impl,sync_chat_promo_banner_cta_title,,Sync With Another Device,,Chat sync promo,,true,,false,apps/android/sync/sync-impl/src/main/res/values/strings-sync.xml,247,https://github.com/duckduckgo/Android/blob/ef7ff9ae832c11eb88d7db9760b9fd0b4eeb09b0/sync/sync-impl/src/main/res/values/strings-sync.xml#L247
Android,buttons,sync/sync-impl,sync_chat_bottom_sheet_positive,,Scan QR code,,Chat sync promo,,true,,false,apps/android/sync/sync-impl/src/main/res/values/strings-sync.xml,250,https://github.com/duckduckgo/Android/blob/ef7ff9ae832c11eb88d7db9760b9fd0b4eeb09b0/sync/sync-impl/src/main/res/values/strings-sync.xml#L250
Android,buttons,sync/sync-impl,sync_chat_bottom_sheet_negative,,Not Now,,Chat sync promo,,true,,false,apps/android/sync/sync-impl/src/main/res/values/strings-sync.xml,251,https://github.com/duckduckgo/Android/blob/ef7ff9ae832c11eb88d7db9760b9fd0b4eeb09b0/sync/sync-impl/src/main/res/values/strings-sync.xml#L251
Android,buttons,sync/sync-impl,sync_v2_joiner_confirmation_positive,,Sync Now,,"v2 Exchange confirmation prompts (spec §""Exchange Confirmations"")",,true,,false,apps/android/sync/sync-impl/src/main/res/values/strings-sync.xml,255,https://github.com/duckduckgo/Android/blob/ef7ff9ae832c11eb88d7db9760b9fd0b4eeb09b0/sync/sync-impl/src/main/res/values/strings-sync.xml#L255
Android,buttons,sync/sync-impl,sync_v2_joiner_confirmation_negative,,Cancel,,"v2 Exchange confirmation prompts (spec §""Exchange Confirmations"")",,true,,false,apps/android/sync/sync-impl/src/main/res/values/strings-sync.xml,256,https://github.com/duckduckgo/Android/blob/ef7ff9ae832c11eb88d7db9760b9fd0b4eeb09b0/sync/sync-impl/src/main/res/values/strings-sync.xml#L256
Android,buttons,sync/sync-impl,sync_v2_host_confirmation_positive,,Sync Now,,"v2 Exchange confirmation prompts (spec §""Exchange Confirmations"")",,true,,false,apps/android/sync/sync-impl/src/main/res/values/strings-sync.xml,259,https://github.com/duckduckgo/Android/blob/ef7ff9ae832c11eb88d7db9760b9fd0b4eeb09b0/sync/sync-impl/src/main/res/values/strings-sync.xml#L259
Android,buttons,sync/sync-impl,sync_v2_host_confirmation_negative,,Cancel,,"v2 Exchange confirmation prompts (spec §""Exchange Confirmations"")",,true,,false,apps/android/sync/sync-impl/src/main/res/values/strings-sync.xml,260,https://github.com/duckduckgo/Android/blob/ef7ff9ae832c11eb88d7db9760b9fd0b4eeb09b0/sync/sync-impl/src/main/res/values/strings-sync.xml#L260
Android,buttons,sync/sync-impl,sync_simplified_settings_sync_with_another_device_button,,Sync With Another Device,,Sync settings screen: sync disabled state,,true,,false,apps/android/sync/sync-impl/src/main/res/values/strings-sync.xml,291,https://github.com/duckduckgo/Android/blob/ef7ff9ae832c11eb88d7db9760b9fd0b4eeb09b0/sync/sync-impl/src/main/res/values/strings-sync.xml#L291
Android,buttons,sync/sync-impl,sync_simplified_settings_delete_server_data_dialog_primary_button,,Delete Server Data,,Sync settings screen: delete server data dialog,,true,,false,apps/android/sync/sync-impl/src/main/res/values/strings-sync.xml,321,https://github.com/duckduckgo/Android/blob/ef7ff9ae832c11eb88d7db9760b9fd0b4eeb09b0/sync/sync-impl/src/main/res/values/strings-sync.xml#L321
Android,buttons,sync/sync-impl,sync_simplified_settings_delete_server_data_dialog_secondary_button,,Cancel,,Sync settings screen: delete server data dialog,,true,,false,apps/android/sync/sync-impl/src/main/res/values/strings-sync.xml,322,https://github.com/duckduckgo/Android/blob/ef7ff9ae832c11eb88d7db9760b9fd0b4eeb09b0/sync/sync-impl/src/main/res/values/strings-sync.xml#L322
Android,buttons,sync/sync-impl,sync_simplified_settings_require_passcode_dialog_primary_button,,Go to Settings,,Sync settings screen: require device passcode dialog,,true,,false,apps/android/sync/sync-impl/src/main/res/values/strings-sync.xml,327,https://github.com/duckduckgo/Android/blob/ef7ff9ae832c11eb88d7db9760b9fd0b4eeb09b0/sync/sync-impl/src/main/res/values/strings-sync.xml#L327
Android,buttons,sync/sync-impl,sync_simplified_setup_primary_button,,Sync With Another Device,,Sync This Device screen,,true,,false,apps/android/sync/sync-impl/src/main/res/values/strings-sync.xml,332,https://github.com/duckduckgo/Android/blob/ef7ff9ae832c11eb88d7db9760b9fd0b4eeb09b0/sync/sync-impl/src/main/res/values/strings-sync.xml#L332
Android,buttons,sync/sync-impl,sync_simplified_setup_secondary_button,,Sync This Device Only,,Sync This Device screen,,true,,false,apps/android/sync/sync-impl/src/main/res/values/strings-sync.xml,333,https://github.com/duckduckgo/Android/blob/ef7ff9ae832c11eb88d7db9760b9fd0b4eeb09b0/sync/sync-impl/src/main/res/values/strings-sync.xml#L333
Android,buttons,sync/sync-impl,sync_simplified_setup_secondary_button_syncing,,Connecting…,,Sync This Device screen,,true,,false,apps/android/sync/sync-impl/src/main/res/values/strings-sync.xml,334,https://github.com/duckduckgo/Android/blob/ef7ff9ae832c11eb88d7db9760b9fd0b4eeb09b0/sync/sync-impl/src/main/res/values/strings-sync.xml#L334
Android,buttons,sync/sync-impl,sync_simplified_recover_data_primary_button,,Recover Synced Data,,Recover Synced Data screen,,true,,false,apps/android/sync/sync-impl/src/main/res/values/strings-sync.xml,339,https://github.com/duckduckgo/Android/blob/ef7ff9ae832c11eb88d7db9760b9fd0b4eeb09b0/sync/sync-impl/src/main/res/values/strings-sync.xml#L339
Android,buttons,sync/sync-impl,sync_simplified_previous_session_primary_button,,Resume Sync & Backup,,Previous Session Ready screen,,true,,false,apps/android/sync/sync-impl/src/main/res/values/strings-sync.xml,344,https://github.com/duckduckgo/Android/blob/ef7ff9ae832c11eb88d7db9760b9fd0b4eeb09b0/sync/sync-impl/src/main/res/values/strings-sync.xml#L344
Android,buttons,sync/sync-impl,sync_simplified_previous_session_secondary_button,,Set Up New Sync,,Previous Session Ready screen,,true,,false,apps/android/sync/sync-impl/src/main/res/values/strings-sync.xml,345,https://github.com/duckduckgo/Android/blob/ef7ff9ae832c11eb88d7db9760b9fd0b4eeb09b0/sync/sync-impl/src/main/res/values/strings-sync.xml#L345
Android,buttons,sync/sync-impl,sync_simplified_scanner_camera_primary_button,,I’m Ready to Scan,,Scanner screen: camera tab,,true,,false,apps/android/sync/sync-impl/src/main/res/values/strings-sync.xml,355,https://github.com/duckduckgo/Android/blob/ef7ff9ae832c11eb88d7db9760b9fd0b4eeb09b0/sync/sync-impl/src/main/res/values/strings-sync.xml#L355
Android,buttons,sync/sync-impl,sync_simplified_scanner_no_permission_primary_button,,Go to Settings,,Scanner screen: camera tab,,true,,false,apps/android/sync/sync-impl/src/main/res/values/strings-sync.xml,359,https://github.com/duckduckgo/Android/blob/ef7ff9ae832c11eb88d7db9760b9fd0b4eeb09b0/sync/sync-impl/src/main/res/values/strings-sync.xml#L359
Android,buttons,sync/sync-impl,sync_simplified_scanner_manual_entry_primary_button,,Paste Sync Code,,Scanner screen: manual entry tab,,true,,false,apps/android/sync/sync-impl/src/main/res/values/strings-sync.xml,366,https://github.com/duckduckgo/Android/blob/ef7ff9ae832c11eb88d7db9760b9fd0b4eeb09b0/sync/sync-impl/src/main/res/values/strings-sync.xml#L366
Android,buttons,sync/sync-impl,sync_simplified_qr_code_copy_button,,Copy Text Code,,QR Code screen,,true,,false,apps/android/sync/sync-impl/src/main/res/values/strings-sync.xml,373,https://github.com/duckduckgo/Android/blob/ef7ff9ae832c11eb88d7db9760b9fd0b4eeb09b0/sync/sync-impl/src/main/res/values/strings-sync.xml#L373
Android,buttons,sync/sync-impl,sync_simplified_qr_code_share_button,,Share,,QR Code screen,,true,,false,apps/android/sync/sync-impl/src/main/res/values/strings-sync.xml,374,https://github.com/duckduckgo/Android/blob/ef7ff9ae832c11eb88d7db9760b9fd0b4eeb09b0/sync/sync-impl/src/main/res/values/strings-sync.xml#L374
Android,buttons,sync/sync-impl,sync_simplified_pairing_dialog_host_primary_button,,Sync Now,,"Pairing dialogs, shown on the QR Code and Pairing screens",,true,,false,apps/android/sync/sync-impl/src/main/res/values/strings-sync.xml,385,https://github.com/duckduckgo/Android/blob/ef7ff9ae832c11eb88d7db9760b9fd0b4eeb09b0/sync/sync-impl/src/main/res/values/strings-sync.xml#L385
Android,buttons,sync/sync-impl,sync_simplified_pairing_dialog_host_secondary_button,,Cancel,,"Pairing dialogs, shown on the QR Code and Pairing screens",,true,,false,apps/android/sync/sync-impl/src/main/res/values/strings-sync.xml,386,https://github.com/duckduckgo/Android/blob/ef7ff9ae832c11eb88d7db9760b9fd0b4eeb09b0/sync/sync-impl/src/main/res/values/strings-sync.xml#L386
Android,buttons,sync/sync-impl,sync_simplified_pairing_dialog_joiner_primary_button,,Sync Now,,"Pairing dialogs, shown on the QR Code and Pairing screens",,true,,false,apps/android/sync/sync-impl/src/main/res/values/strings-sync.xml,388,https://github.com/duckduckgo/Android/blob/ef7ff9ae832c11eb88d7db9760b9fd0b4eeb09b0/sync/sync-impl/src/main/res/values/strings-sync.xml#L388
Android,buttons,sync/sync-impl,sync_simplified_pairing_dialog_joiner_secondary_button,,Cancel,,"Pairing dialogs, shown on the QR Code and Pairing screens",,true,,false,apps/android/sync/sync-impl/src/main/res/values/strings-sync.xml,389,https://github.com/duckduckgo/Android/blob/ef7ff9ae832c11eb88d7db9760b9fd0b4eeb09b0/sync/sync-impl/src/main/res/values/strings-sync.xml#L389
Android,buttons,sync/sync-impl,sync_simplified_pairing_dialog_acknowledgment_primary_button,,Got It,,"Pairing dialogs, shown on the QR Code and Pairing screens",,true,,false,apps/android/sync/sync-impl/src/main/res/values/strings-sync.xml,391,https://github.com/duckduckgo/Android/blob/ef7ff9ae832c11eb88d7db9760b9fd0b4eeb09b0/sync/sync-impl/src/main/res/values/strings-sync.xml#L391
Android,buttons,sync/sync-impl,sync_simplified_recovery_code_download_button,,Download Your Recovery Code,,Recovery Code screen,,true,,false,apps/android/sync/sync-impl/src/main/res/values/strings-sync.xml,400,https://github.com/duckduckgo/Android/blob/ef7ff9ae832c11eb88d7db9760b9fd0b4eeb09b0/sync/sync-impl/src/main/res/values/strings-sync.xml#L400
Android,buttons,sync/sync-impl,sync_simplified_recovery_code_primary_button,,Done,,Recovery Code screen,,true,,false,apps/android/sync/sync-impl/src/main/res/values/strings-sync.xml,403,https://github.com/duckduckgo/Android/blob/ef7ff9ae832c11eb88d7db9760b9fd0b4eeb09b0/sync/sync-impl/src/main/res/values/strings-sync.xml#L403
Android,buttons,sync/sync-impl,sync_simplified_edit_device_edit_name_dialog_primary_button,,Done,,Edit Device screen: edit name dialog,,true,,false,apps/android/sync/sync-impl/src/main/res/values/strings-sync.xml,417,https://github.com/duckduckgo/Android/blob/ef7ff9ae832c11eb88d7db9760b9fd0b4eeb09b0/sync/sync-impl/src/main/res/values/strings-sync.xml#L417
Android,buttons,sync/sync-impl,sync_simplified_edit_device_edit_name_dialog_secondary_button,,Cancel,,Edit Device screen: edit name dialog,,true,,false,apps/android/sync/sync-impl/src/main/res/values/strings-sync.xml,418,https://github.com/duckduckgo/Android/blob/ef7ff9ae832c11eb88d7db9760b9fd0b4eeb09b0/sync/sync-impl/src/main/res/values/strings-sync.xml#L418
Android,buttons,sync/sync-impl,sync_simplified_edit_device_remove_dialog_primary_button,,Remove,,Edit Device screen: remove device dialog,,true,,false,apps/android/sync/sync-impl/src/main/res/values/strings-sync.xml,423,https://github.com/duckduckgo/Android/blob/ef7ff9ae832c11eb88d7db9760b9fd0b4eeb09b0/sync/sync-impl/src/main/res/values/strings-sync.xml#L423
Android,buttons,sync/sync-impl,sync_simplified_edit_device_remove_dialog_secondary_button,,Cancel,,Edit Device screen: remove device dialog,,true,,false,apps/android/sync/sync-impl/src/main/res/values/strings-sync.xml,424,https://github.com/duckduckgo/Android/blob/ef7ff9ae832c11eb88d7db9760b9fd0b4eeb09b0/sync/sync-impl/src/main/res/values/strings-sync.xml#L424
Android,buttons,sync/sync-impl,sync_simplified_edit_device_turn_off_dialog_primary_button,,Turn Off,,Edit Device screen: turn off sync dialog,,true,,false,apps/android/sync/sync-impl/src/main/res/values/strings-sync.xml,429,https://github.com/duckduckgo/Android/blob/ef7ff9ae832c11eb88d7db9760b9fd0b4eeb09b0/sync/sync-impl/src/main/res/values/strings-sync.xml#L429
Android,buttons,sync/sync-impl,sync_simplified_edit_device_turn_off_dialog_secondary_button,,Cancel,,Edit Device screen: turn off sync dialog,,true,,false,apps/android/sync/sync-impl/src/main/res/values/strings-sync.xml,430,https://github.com/duckduckgo/Android/blob/ef7ff9ae832c11eb88d7db9760b9fd0b4eeb09b0/sync/sync-impl/src/main/res/values/strings-sync.xml#L430
Android,buttons,sync/sync-impl,sync_simplified_error_dialog_primary_button,,OK,,"Error dialog, shared across Simplified Sync screens",,true,,false,apps/android/sync/sync-impl/src/main/res/values/strings-sync.xml,434,https://github.com/duckduckgo/Android/blob/ef7ff9ae832c11eb88d7db9760b9fd0b4eeb09b0/sync/sync-impl/src/main/res/values/strings-sync.xml#L434
Android,buttons,sync/sync-impl,sync_simplified_deep_link_confirmation_dialog_primary_button,,Sync Now,,"Deep link setup: confirmation dialog and device-auth prompt, shown on the settings screen when an inbound sync pairing link is opened",,true,,false,apps/android/sync/sync-impl/src/main/res/values/strings-sync.xml,445,https://github.com/duckduckgo/Android/blob/ef7ff9ae832c11eb88d7db9760b9fd0b4eeb09b0/sync/sync-impl/src/main/res/values/strings-sync.xml#L445
Android,buttons,sync/sync-impl,sync_simplified_deep_link_confirmation_dialog_secondary_button,,Cancel,,"Deep link setup: confirmation dialog and device-auth prompt, shown on the settings screen when an inbound sync pairing link is opened",,true,,false,apps/android/sync/sync-impl/src/main/res/values/strings-sync.xml,446,https://github.com/duckduckgo/Android/blob/ef7ff9ae832c11eb88d7db9760b9fd0b4eeb09b0/sync/sync-impl/src/main/res/values/strings-sync.xml#L446
Android,buttons,voice-search/voice-search-impl,voiceSearchNegativeAction,,Cancel,,,,true,,false,apps/android/voice-search/voice-search-impl/src/main/res/values/strings-voice-search.xml,24,https://github.com/duckduckgo/Android/blob/ef7ff9ae832c11eb88d7db9760b9fd0b4eeb09b0/voice-search/voice-search-impl/src/main/res/values/strings-voice-search.xml#L24
