platform,content_type,module,key,variant,text,developer_comment,context_comment,placeholders,translatable,state,internal_only,source_file,line,source_url
Android,headings,ad-blocking/ad-blocking-impl,ad_blocking_settings_title,,YouTube Ad Blocking,,,,true,,false,apps/android/ad-blocking/ad-blocking-impl/src/main/res/values/strings-ad-blocking.xml,19,https://github.com/duckduckgo/Android/blob/fe3e65263b23930e03b723517b7c011edfafbe0b/ad-blocking/ad-blocking-impl/src/main/res/values/strings-ad-blocking.xml#L19
Android,headings,ad-blocking/ad-blocking-impl,ad_blocking_settings_toggle_title,,Block Ads on YouTube,,,,true,,false,apps/android/ad-blocking/ad-blocking-impl/src/main/res/values/strings-ad-blocking.xml,20,https://github.com/duckduckgo/Android/blob/fe3e65263b23930e03b723517b7c011edfafbe0b/ad-blocking/ad-blocking-impl/src/main/res/values/strings-ad-blocking.xml#L20
Android,headings,ad-blocking/ad-blocking-impl,ad_blocking_settings_duck_player_header,,Duck Player,,,,true,,false,apps/android/ad-blocking/ad-blocking-impl/src/main/res/values/strings-ad-blocking.xml,23,https://github.com/duckduckgo/Android/blob/fe3e65263b23930e03b723517b7c011edfafbe0b/ad-blocking/ad-blocking-impl/src/main/res/values/strings-ad-blocking.xml#L23
Android,headings,ad-blocking/ad-blocking-impl,ad_blocking_settings_title_v2,,Ad Blocking,,,,true,,false,apps/android/ad-blocking/ad-blocking-impl/src/main/res/values/strings-ad-blocking.xml,25,https://github.com/duckduckgo/Android/blob/fe3e65263b23930e03b723517b7c011edfafbe0b/ad-blocking/ad-blocking-impl/src/main/res/values/strings-ad-blocking.xml#L25
Android,headings,ad-blocking/ad-blocking-impl,contingencyMessageTitle,,YouTube Ad Blocking Unavailable,,,,true,,false,apps/android/ad-blocking/ad-blocking-impl/src/main/res/values/strings-ad-blocking.xml,27,https://github.com/duckduckgo/Android/blob/fe3e65263b23930e03b723517b7c011edfafbe0b/ad-blocking/ad-blocking-impl/src/main/res/values/strings-ad-blocking.xml#L27
Android,headings,ad-blocking/ad-blocking-impl,ad_blocking_disabled_popup_title,,YouTube Ad Blocking not working?,,,,true,,false,apps/android/ad-blocking/ad-blocking-impl/src/main/res/values/strings-ad-blocking.xml,38,https://github.com/duckduckgo/Android/blob/fe3e65263b23930e03b723517b7c011edfafbe0b/ad-blocking/ad-blocking-impl/src/main/res/values/strings-ad-blocking.xml#L38
Android,headings,ad-blocking/ad-blocking-impl,duck_player_setting_title,,Duck Player,,,,true,,false,apps/android/ad-blocking/ad-blocking-impl/src/main/res/values/strings-duckplayer.xml,21,https://github.com/duckduckgo/Android/blob/fe3e65263b23930e03b723517b7c011edfafbe0b/ad-blocking/ad-blocking-impl/src/main/res/values/strings-duckplayer.xml#L21
Android,headings,ad-blocking/ad-blocking-impl,duck_player_settings_activity_title,,Duck Player,,,,true,,false,apps/android/ad-blocking/ad-blocking-impl/src/main/res/values/strings-duckplayer.xml,22,https://github.com/duckduckgo/Android/blob/fe3e65263b23930e03b723517b7c011edfafbe0b/ad-blocking/ad-blocking-impl/src/main/res/values/strings-duckplayer.xml#L22
Android,headings,ad-blocking/ad-blocking-impl,duck_player_settings_video_preferences_header,,Video Preferences,,,,true,,false,apps/android/ad-blocking/ad-blocking-impl/src/main/res/values/strings-duckplayer.xml,24,https://github.com/duckduckgo/Android/blob/fe3e65263b23930e03b723517b7c011edfafbe0b/ad-blocking/ad-blocking-impl/src/main/res/values/strings-duckplayer.xml#L24
Android,headings,ad-blocking/ad-blocking-impl,duck_player_mode_dialog_title,,Open YouTube videos in Duck Player?,,,,true,,false,apps/android/ad-blocking/ad-blocking-impl/src/main/res/values/strings-duckplayer.xml,29,https://github.com/duckduckgo/Android/blob/fe3e65263b23930e03b723517b7c011edfafbe0b/ad-blocking/ad-blocking-impl/src/main/res/values/strings-duckplayer.xml#L29
Android,headings,ad-blocking/ad-blocking-impl,duck_player_info_modal_title_from_duck_player_page,,Drowning in ads on YouTube? Not with Duck Player!,,,,true,,false,apps/android/ad-blocking/ad-blocking-impl/src/main/res/values/strings-duckplayer.xml,31,https://github.com/duckduckgo/Android/blob/fe3e65263b23930e03b723517b7c011edfafbe0b/ad-blocking/ad-blocking-impl/src/main/res/values/strings-duckplayer.xml#L31
Android,headings,ad-blocking/ad-blocking-impl,duck_player_info_modal_title_from_overlay,,Drowning in ads on YouTube? Try Duck Player!,,,,true,,false,apps/android/ad-blocking/ad-blocking-impl/src/main/res/values/strings-duckplayer.xml,32,https://github.com/duckduckgo/Android/blob/fe3e65263b23930e03b723517b7c011edfafbe0b/ad-blocking/ad-blocking-impl/src/main/res/values/strings-duckplayer.xml#L32
Android,headings,android-design-system/design-system,tab_title_color_palette,,Color Palette,,Main,,false,,false,apps/android/android-design-system/design-system/src/main/res/values/donottranslate.xml,20,https://github.com/duckduckgo/Android/blob/fe3e65263b23930e03b723517b7c011edfafbe0b/android-design-system/design-system/src/main/res/values/donottranslate.xml#L20
Android,headings,android-design-system/design-system,tab_title_typography,,Typography,,Main,,false,,false,apps/android/android-design-system/design-system/src/main/res/values/donottranslate.xml,21,https://github.com/duckduckgo/Android/blob/fe3e65263b23930e03b723517b7c011edfafbe0b/android-design-system/design-system/src/main/res/values/donottranslate.xml#L21
Android,headings,android-design-system/design-system,tab_title_dialogs,,Dialogs,,Main,,false,,false,apps/android/android-design-system/design-system/src/main/res/values/donottranslate.xml,24,https://github.com/duckduckgo/Android/blob/fe3e65263b23930e03b723517b7c011edfafbe0b/android-design-system/design-system/src/main/res/values/donottranslate.xml#L24
Android,headings,android-design-system/design-system,tab_title_layouts,,Layouts,,Main,,false,,false,apps/android/android-design-system/design-system/src/main/res/values/donottranslate.xml,25,https://github.com/duckduckgo/Android/blob/fe3e65263b23930e03b723517b7c011edfafbe0b/android-design-system/design-system/src/main/res/values/donottranslate.xml#L25
Android,headings,android-design-system/design-system,tab_title_component_navigation,,Navigation,,Main,,false,,false,apps/android/android-design-system/design-system/src/main/res/values/donottranslate.xml,26,https://github.com/duckduckgo/Android/blob/fe3e65263b23930e03b723517b7c011edfafbe0b/android-design-system/design-system/src/main/res/values/donottranslate.xml#L26
Android,headings,android-design-system/design-system,tab_title_templates,,Templates,,Main,,false,,false,apps/android/android-design-system/design-system/src/main/res/values/donottranslate.xml,27,https://github.com/duckduckgo/Android/blob/fe3e65263b23930e03b723517b7c011edfafbe0b/android-design-system/design-system/src/main/res/values/donottranslate.xml#L27
Android,headings,android-design-system/design-system,tab_title_component_interactive,,Interactive,,Main,,false,,false,apps/android/android-design-system/design-system/src/main/res/values/donottranslate.xml,28,https://github.com/duckduckgo/Android/blob/fe3e65263b23930e03b723517b7c011edfafbe0b/android-design-system/design-system/src/main/res/values/donottranslate.xml#L28
Android,headings,android-design-system/design-system,tab_title_component_messaging,,Messaging,,Main,,false,,false,apps/android/android-design-system/design-system/src/main/res/values/donottranslate.xml,29,https://github.com/duckduckgo/Android/blob/fe3e65263b23930e03b723517b7c011edfafbe0b/android-design-system/design-system/src/main/res/values/donottranslate.xml#L29
Android,headings,android-design-system/design-system,tab_title_component_list_items,,List items,,Main,,false,,false,apps/android/android-design-system/design-system/src/main/res/values/donottranslate.xml,30,https://github.com/duckduckgo/Android/blob/fe3e65263b23930e03b723517b7c011edfafbe0b/android-design-system/design-system/src/main/res/values/donottranslate.xml#L30
Android,headings,android-design-system/design-system,tab_title_component_others,,Others,,Main,,false,,false,apps/android/android-design-system/design-system/src/main/res/values/donottranslate.xml,31,https://github.com/duckduckgo/Android/blob/fe3e65263b23930e03b723517b7c011edfafbe0b/android-design-system/design-system/src/main/res/values/donottranslate.xml#L31
Android,headings,android-design-system/design-system,ads_demo_activity_title,,Android Design System Demo,,Main,,false,,false,apps/android/android-design-system/design-system/src/main/res/values/donottranslate.xml,32,https://github.com/duckduckgo/Android/blob/fe3e65263b23930e03b723517b7c011edfafbe0b/android-design-system/design-system/src/main/res/values/donottranslate.xml#L32
Android,headings,android-design-system/design-system,ads_demo_header_title,,Android Design System,,Main,,false,,false,apps/android/android-design-system/design-system/src/main/res/values/donottranslate.xml,33,https://github.com/duckduckgo/Android/blob/fe3e65263b23930e03b723517b7c011edfafbe0b/android-design-system/design-system/src/main/res/values/donottranslate.xml#L33
Android,headings,android-design-system/design-system,ads_demo_plugin_title,,Android Design System Preview,,ADS Demo Screen,,false,,false,apps/android/android-design-system/design-system/src/main/res/values/donottranslate.xml,36,https://github.com/duckduckgo/Android/blob/fe3e65263b23930e03b723517b7c011edfafbe0b/android-design-system/design-system/src/main/res/values/donottranslate.xml#L36
Android,headings,android-design-system/design-system,text_headline,,Headline,,Components,,false,,false,apps/android/android-design-system/design-system/src/main/res/values/donottranslate.xml,40,https://github.com/duckduckgo/Android/blob/fe3e65263b23930e03b723517b7c011edfafbe0b/android-design-system/design-system/src/main/res/values/donottranslate.xml#L40
Android,headings,android-design-system/design-system,top_app_bar_label_title,,Top app bar,,Components,,false,,false,apps/android/android-design-system/design-system/src/main/res/values/donottranslate.xml,44,https://github.com/duckduckgo/Android/blob/fe3e65263b23930e03b723517b7c011edfafbe0b/android-design-system/design-system/src/main/res/values/donottranslate.xml#L44
Android,headings,android-design-system/design-system,switch_label_title,,Switch,,Components,,false,,false,apps/android/android-design-system/design-system/src/main/res/values/donottranslate.xml,48,https://github.com/duckduckgo/Android/blob/fe3e65263b23930e03b723517b7c011edfafbe0b/android-design-system/design-system/src/main/res/values/donottranslate.xml#L48
Android,headings,android-design-system/design-system,checkbox_label_title,,Checkbox,,Components,,false,,false,apps/android/android-design-system/design-system/src/main/res/values/donottranslate.xml,50,https://github.com/duckduckgo/Android/blob/fe3e65263b23930e03b723517b7c011edfafbe0b/android-design-system/design-system/src/main/res/values/donottranslate.xml#L50
Android,headings,android-design-system/design-system,text_dialog_title,,Title,,Components,,false,,false,apps/android/android-design-system/design-system/src/main/res/values/donottranslate.xml,52,https://github.com/duckduckgo/Android/blob/fe3e65263b23930e03b723517b7c011edfafbe0b/android-design-system/design-system/src/main/res/values/donottranslate.xml#L52
Android,headings,android-design-system/design-system,duckAIUpdateTitle,,Duck.ai PoC,,Duck.ai updates - O-A,,false,,false,apps/android/android-design-system/design-system/src/main/res/values/donottranslate.xml,68,https://github.com/duckduckgo/Android/blob/fe3e65263b23930e03b723517b7c011edfafbe0b/android-design-system/design-system/src/main/res/values/donottranslate.xml#L68
Android,headings,android-design-system/design-system,dialogAddTitle,,Add,,Dialogs,,true,,false,apps/android/android-design-system/design-system/src/main/res/values/strings-common-ui.xml,24,https://github.com/duckduckgo/Android/blob/fe3e65263b23930e03b723517b7c011edfafbe0b/android-design-system/design-system/src/main/res/values/strings-common-ui.xml#L24
Android,headings,android-design-system/design-system,dialogEditTitle,,Edit,,Dialogs,,true,,false,apps/android/android-design-system/design-system/src/main/res/values/strings-common-ui.xml,25,https://github.com/duckduckgo/Android/blob/fe3e65263b23930e03b723517b7c011edfafbe0b/android-design-system/design-system/src/main/res/values/strings-common-ui.xml#L25
Android,headings,android-design-system/design-system,dialogConfirmTitle,,Confirm,,Dialogs,,true,,false,apps/android/android-design-system/design-system/src/main/res/values/strings-common-ui.xml,27,https://github.com/duckduckgo/Android/blob/fe3e65263b23930e03b723517b7c011edfafbe0b/android-design-system/design-system/src/main/res/values/strings-common-ui.xml#L27
Android,headings,android-design-system/design-system,pageHeaderLearnMore,,Learn More,,Page Header,,true,,false,apps/android/android-design-system/design-system/src/main/res/values/strings-common-ui.xml,42,https://github.com/duckduckgo/Android/blob/fe3e65263b23930e03b723517b7c011edfafbe0b/android-design-system/design-system/src/main/res/values/strings-common-ui.xml#L42
Android,headings,app,audioCaptureSoundRecorderPermissionDeniedTitle,,Allow DuckDuckGo to ask for sound recorder access on this device,,Content capture for upload,,false,,false,apps/android/app/src/main/res/values/donottranslate.xml,28,https://github.com/duckduckgo/Android/blob/fe3e65263b23930e03b723517b7c011edfafbe0b/app/src/main/res/values/donottranslate.xml#L28
Android,headings,app,appearanceNightModeTitle,,Force Websites To Use Dark Theme,,Force Dark Mode,,false,,false,apps/android/app/src/main/res/values/donottranslate.xml,32,https://github.com/duckduckgo/Android/blob/fe3e65263b23930e03b723517b7c011edfafbe0b/app/src/main/res/values/donottranslate.xml#L32
Android,headings,app,appearanceNightModeDialogTitle,,Relaunch app?,,Force Dark Mode,,false,,false,apps/android/app/src/main/res/values/donottranslate.xml,34,https://github.com/duckduckgo/Android/blob/fe3e65263b23930e03b723517b7c011edfafbe0b/app/src/main/res/values/donottranslate.xml#L34
Android,headings,app,newTabPageIndonesiaMessageHeading,,DuckDuckGo Blocked in Indonesia,,Indonesia message,,false,,false,apps/android/app/src/main/res/values/donottranslate.xml,43,https://github.com/duckduckgo/Android/blob/fe3e65263b23930e03b723517b7c011edfafbe0b/app/src/main/res/values/donottranslate.xml#L43
Android,headings,app,downloadReasonTitle,,Set things up your way,,Segmented onboarding,,false,,false,apps/android/app/src/main/res/values/donottranslate.xml,53,https://github.com/duckduckgo/Android/blob/fe3e65263b23930e03b723517b7c011edfafbe0b/app/src/main/res/values/donottranslate.xml#L53
Android,headings,app,searchPathComparisonChartTitle,,You're in the right place!<br/>Protections activated.,,Segmented onboarding,,false,,false,apps/android/app/src/main/res/values/donottranslate.xml,61,https://github.com/duckduckgo/Android/blob/fe3e65263b23930e03b723517b7c011edfafbe0b/app/src/main/res/values/donottranslate.xml#L61
Android,headings,app,searchPathPreferenceSelectorTitle,,"Your search, your way.",,Segmented onboarding,,false,,false,apps/android/app/src/main/res/values/donottranslate.xml,63,https://github.com/duckduckgo/Android/blob/fe3e65263b23930e03b723517b7c011edfafbe0b/app/src/main/res/values/donottranslate.xml#L63
Android,headings,app,searchPathInputPreviewTitle,,"Now, try a private search!",,Segmented onboarding,,false,,false,apps/android/app/src/main/res/values/donottranslate.xml,69,https://github.com/duckduckgo/Android/blob/fe3e65263b23930e03b723517b7c011edfafbe0b/app/src/main/res/values/donottranslate.xml#L69
Android,headings,app,searchPathWithToggleEnabledContextualEndTitle,,Chat privately with popular AIs in Duck.ai,,Segmented onboarding,,false,,false,apps/android/app/src/main/res/values/donottranslate.xml,71,https://github.com/duckduckgo/Android/blob/fe3e65263b23930e03b723517b7c011edfafbe0b/app/src/main/res/values/donottranslate.xml#L71
Android,headings,app,aiPathComparisonChartTitle,,You're in the right place!<br/>Protections activated.,,Segmented onboarding,,false,,false,apps/android/app/src/main/res/values/donottranslate.xml,76,https://github.com/duckduckgo/Android/blob/fe3e65263b23930e03b723517b7c011edfafbe0b/app/src/main/res/values/donottranslate.xml#L76
Android,headings,app,aiPathModelChoiceTitle,,"Your chats, your way.",,Segmented onboarding,,false,,false,apps/android/app/src/main/res/values/donottranslate.xml,78,https://github.com/duckduckgo/Android/blob/fe3e65263b23930e03b723517b7c011edfafbe0b/app/src/main/res/values/donottranslate.xml#L78
Android,headings,app,aiPathTogglePositionTitle,,Want new tabs to open with AI chat?,,Segmented onboarding,,false,,false,apps/android/app/src/main/res/values/donottranslate.xml,80,https://github.com/duckduckgo/Android/blob/fe3e65263b23930e03b723517b7c011edfafbe0b/app/src/main/res/values/donottranslate.xml#L80
Android,headings,app,noAiPathComparisonChartTitle,,You're in the right place!<br/>AI features disabled.,,Segmented onboarding,,false,,false,apps/android/app/src/main/res/values/donottranslate.xml,84,https://github.com/duckduckgo/Android/blob/fe3e65263b23930e03b723517b7c011edfafbe0b/app/src/main/res/values/donottranslate.xml#L84
Android,headings,app,noAiPathPreferenceSelectorTitle,,Search without AI,,Segmented onboarding,,false,,false,apps/android/app/src/main/res/values/donottranslate.xml,87,https://github.com/duckduckgo/Android/blob/fe3e65263b23930e03b723517b7c011edfafbe0b/app/src/main/res/values/donottranslate.xml#L87
Android,headings,app,noAiPathDuckAiStateTitle,,Want the option to chat privately with popular AIs?,,Segmented onboarding,,false,,false,apps/android/app/src/main/res/values/donottranslate.xml,92,https://github.com/duckduckgo/Android/blob/fe3e65263b23930e03b723517b7c011edfafbe0b/app/src/main/res/values/donottranslate.xml#L92
Android,headings,app,blockAdsPathPreferenceSelectorTitle,,"Internet, without the noise.",,Segmented onboarding,,false,,false,apps/android/app/src/main/res/values/donottranslate.xml,95,https://github.com/duckduckgo/Android/blob/fe3e65263b23930e03b723517b7c011edfafbe0b/app/src/main/res/values/donottranslate.xml#L95
Android,headings,app,blockAdsPathComparisonChartTitle,,You're in the right place!<br/>Ad Blocking activated.,,Segmented onboarding,,false,,false,apps/android/app/src/main/res/values/donottranslate.xml,97,https://github.com/duckduckgo/Android/blob/fe3e65263b23930e03b723517b7c011edfafbe0b/app/src/main/res/values/donottranslate.xml#L97
Android,headings,app,duckAiHeaderFreePlan,,Free Plan,,Duck.ai header tier,,false,,false,apps/android/app/src/main/res/values/donottranslate.xml,106,https://github.com/duckduckgo/Android/blob/fe3e65263b23930e03b723517b7c011edfafbe0b/app/src/main/res/values/donottranslate.xml#L106
Android,headings,app,duckAiHeaderUpgrade,,Upgrade,,Duck.ai header tier,,false,,false,apps/android/app/src/main/res/values/donottranslate.xml,107,https://github.com/duckduckgo/Android/blob/fe3e65263b23930e03b723517b7c011edfafbe0b/app/src/main/res/values/donottranslate.xml#L107
Android,headings,app,duckAiHeaderPaidTitle,,Duck.ai,,Duck.ai header tier,,false,,false,apps/android/app/src/main/res/values/donottranslate.xml,108,https://github.com/duckduckgo/Android/blob/fe3e65263b23930e03b723517b7c011edfafbe0b/app/src/main/res/values/donottranslate.xml#L108
Android,headings,app,ads_demo_activity_title,,Android Design System Demo,,ADS,,false,,false,apps/android/app/src/main/res/values/donottranslate.xml,111,https://github.com/duckduckgo/Android/blob/fe3e65263b23930e03b723517b7c011edfafbe0b/app/src/main/res/values/donottranslate.xml#L111
Android,headings,app,fireDialogDeleteCountTitle,plural:one,Delete %1$d chat?,,"Fire animation rollout: relabel HeroFire to ""Inferno Classic"" when fireAnimationUpdate is on — pending translation",%1$d,false,,false,apps/android/app/src/main/res/values/donottranslate.xml,134,https://github.com/duckduckgo/Android/blob/fe3e65263b23930e03b723517b7c011edfafbe0b/app/src/main/res/values/donottranslate.xml#L134
Android,headings,app,fireDialogDeleteCountTitle,plural:other,Delete %1$d chats?,,"Fire animation rollout: relabel HeroFire to ""Inferno Classic"" when fireAnimationUpdate is on — pending translation",%1$d,false,,false,apps/android/app/src/main/res/values/donottranslate.xml,134,https://github.com/duckduckgo/Android/blob/fe3e65263b23930e03b723517b7c011edfafbe0b/app/src/main/res/values/donottranslate.xml#L134
Android,headings,app,afterInactivityOptionTitle,,After Inactivity,,Inactivity timeout,,true,,false,apps/android/app/src/main/res/values/strings-settings.xml,23,https://github.com/duckduckgo/Android/blob/fe3e65263b23930e03b723517b7c011edfafbe0b/app/src/main/res/values/strings-settings.xml#L23
Android,headings,app,afterInactivityTimeoutRowTitle,,Choose an inactivity timer,,Inactivity timeout,,true,,false,apps/android/app/src/main/res/values/strings-settings.xml,24,https://github.com/duckduckgo/Android/blob/fe3e65263b23930e03b723517b7c011edfafbe0b/app/src/main/res/values/strings-settings.xml#L24
Android,headings,app,afterInactivityScreenSectionHeader,,Choose what you see when you return after inactivity,,Inactivity timeout,,true,,false,apps/android/app/src/main/res/values/strings-settings.xml,25,https://github.com/duckduckgo/Android/blob/fe3e65263b23930e03b723517b7c011edfafbe0b/app/src/main/res/values/strings-settings.xml#L25
Android,headings,app,returnToLastTabSettingTitle,,Return To Last Tab,,Inactivity timeout,,true,,false,apps/android/app/src/main/res/values/strings-settings.xml,32,https://github.com/duckduckgo/Android/blob/fe3e65263b23930e03b723517b7c011edfafbe0b/app/src/main/res/values/strings-settings.xml#L32
Android,headings,app,onboardingDefaultBrowserTitle,,Make DuckDuckGo your default,,Onboarding Activity,,true,,false,apps/android/app/src/main/res/values/strings.xml,34,https://github.com/duckduckgo/Android/blob/fe3e65263b23930e03b723517b7c011edfafbe0b/app/src/main/res/values/strings.xml#L34
Android,headings,app,autocompleteRemoveItemTitle,,Remove search suggestion?,,AutoComplete Suggestions,,true,,false,apps/android/app/src/main/res/values/strings.xml,88,https://github.com/duckduckgo/Android/blob/fe3e65263b23930e03b723517b7c011edfafbe0b/app/src/main/res/values/strings.xml#L88
Android,headings,app,tabActivityTitle,,Tabs,,Tabs,,true,,false,apps/android/app/src/main/res/values/strings.xml,101,https://github.com/duckduckgo/Android/blob/fe3e65263b23930e03b723517b7c011edfafbe0b/app/src/main/res/values/strings.xml#L101
Android,headings,app,settingsActivityTitle,,Settings,,Settings Activity,,true,,false,apps/android/app/src/main/res/values/strings.xml,129,https://github.com/duckduckgo/Android/blob/fe3e65263b23930e03b723517b7c011edfafbe0b/app/src/main/res/values/strings.xml#L129
Android,headings,app,settingsHeadingProtections,,Protections,,Settings Activity,,true,,false,apps/android/app/src/main/res/values/strings.xml,131,https://github.com/duckduckgo/Android/blob/fe3e65263b23930e03b723517b7c011edfafbe0b/app/src/main/res/values/strings.xml#L131
Android,headings,app,settingsHeadingAppearance,,Appearance,,Settings Activity,,true,,false,apps/android/app/src/main/res/values/strings.xml,132,https://github.com/duckduckgo/Android/blob/fe3e65263b23930e03b723517b7c011edfafbe0b/app/src/main/res/values/strings.xml#L132
Android,headings,app,settingsHeadingAbout,,About,,Settings Activity,,true,,false,apps/android/app/src/main/res/values/strings.xml,134,https://github.com/duckduckgo/Android/blob/fe3e65263b23930e03b723517b7c011edfafbe0b/app/src/main/res/values/strings.xml#L134
Android,headings,app,settingsEmailProtectionTitle,,Email Protection,,Settings Activity,,true,,false,apps/android/app/src/main/res/values/strings.xml,139,https://github.com/duckduckgo/Android/blob/fe3e65263b23930e03b723517b7c011edfafbe0b/app/src/main/res/values/strings.xml#L139
Android,headings,app,settingsHeadingNextSteps,,Next Steps,,Settings Activity,,true,,false,apps/android/app/src/main/res/values/strings.xml,140,https://github.com/duckduckgo/Android/blob/fe3e65263b23930e03b723517b7c011edfafbe0b/app/src/main/res/values/strings.xml#L140
Android,headings,app,settingsTitleAppLinks,,Open Links in Apps,,Settings Activity,,true,,false,apps/android/app/src/main/res/values/strings.xml,147,https://github.com/duckduckgo/Android/blob/fe3e65263b23930e03b723517b7c011edfafbe0b/app/src/main/res/values/strings.xml#L147
Android,headings,app,settingsTitleAppLinksDialog,,Open links in apps,,Settings Activity,,true,,false,apps/android/app/src/main/res/values/strings.xml,148,https://github.com/duckduckgo/Android/blob/fe3e65263b23930e03b723517b7c011edfafbe0b/app/src/main/res/values/strings.xml#L148
Android,headings,app,settingsDefaultBrowserTitle,,Default Browser,,Settings Activity,,true,,false,apps/android/app/src/main/res/values/strings.xml,155,https://github.com/duckduckgo/Android/blob/fe3e65263b23930e03b723517b7c011edfafbe0b/app/src/main/res/values/strings.xml#L155
Android,headings,app,settingsPrivateSearchTitle,,Private Search,,Settings Activity,,true,,false,apps/android/app/src/main/res/values/strings.xml,156,https://github.com/duckduckgo/Android/blob/fe3e65263b23930e03b723517b7c011edfafbe0b/app/src/main/res/values/strings.xml#L156
Android,headings,app,settingsWebTrackingProtectionTitle,,Web Tracking Protection,,Settings Activity,,true,,false,apps/android/app/src/main/res/values/strings.xml,158,https://github.com/duckduckgo/Android/blob/fe3e65263b23930e03b723517b7c011edfafbe0b/app/src/main/res/values/strings.xml#L158
Android,headings,app,settingsHeadingMainSettings,,Other Settings,,Settings Activity,,true,,false,apps/android/app/src/main/res/values/strings.xml,159,https://github.com/duckduckgo/Android/blob/fe3e65263b23930e03b723517b7c011edfafbe0b/app/src/main/res/values/strings.xml#L159
Android,headings,app,privateSearchActivityTitle,,Private Search,,Private Search,,true,,false,apps/android/app/src/main/res/values/strings.xml,170,https://github.com/duckduckgo/Android/blob/fe3e65263b23930e03b723517b7c011edfafbe0b/app/src/main/res/values/strings.xml#L170
Android,headings,app,privateSearchMoreSearchSettingsTitle,,More Search Settings,,Private Search,,true,,false,apps/android/app/src/main/res/values/strings.xml,174,https://github.com/duckduckgo/Android/blob/fe3e65263b23930e03b723517b7c011edfafbe0b/app/src/main/res/values/strings.xml#L174
Android,headings,app,generalSettingsActivityTitle,,General,Title of the general settings screen,General Settings,,true,,false,apps/android/app/src/main/res/values/strings.xml,183,https://github.com/duckduckgo/Android/blob/fe3e65263b23930e03b723517b7c011edfafbe0b/app/src/main/res/values/strings.xml#L183
Android,headings,app,webTrackingProtectionActivityTitle,,Web Tracking Protection,,Web Tracking Protection,,true,,false,apps/android/app/src/main/res/values/strings.xml,186,https://github.com/duckduckgo/Android/blob/fe3e65263b23930e03b723517b7c011edfafbe0b/app/src/main/res/values/strings.xml#L186
Android,headings,app,webTrackingProtectionLearnMoreTitle,,Web Tracking Protection,,Web Tracking Protection,,true,,false,apps/android/app/src/main/res/values/strings.xml,187,https://github.com/duckduckgo/Android/blob/fe3e65263b23930e03b723517b7c011edfafbe0b/app/src/main/res/values/strings.xml#L187
Android,headings,app,webTrackingProtectionTitle,,Web Tracking Protection,,Web Tracking Protection,,true,,false,apps/android/app/src/main/res/values/strings.xml,188,https://github.com/duckduckgo/Android/blob/fe3e65263b23930e03b723517b7c011edfafbe0b/app/src/main/res/values/strings.xml#L188
Android,headings,app,webTrackingProtectionExplanationTitle,,How We Protect You,,Web Tracking Protection,,true,,false,apps/android/app/src/main/res/values/strings.xml,190,https://github.com/duckduckgo/Android/blob/fe3e65263b23930e03b723517b7c011edfafbe0b/app/src/main/res/values/strings.xml#L190
Android,headings,app,webTrackingProtectionThirdPartyTrackersTitle,,Blocks 3rd-party trackers,,Web Tracking Protection,,true,,false,apps/android/app/src/main/res/values/strings.xml,191,https://github.com/duckduckgo/Android/blob/fe3e65263b23930e03b723517b7c011edfafbe0b/app/src/main/res/values/strings.xml#L191
Android,headings,app,webTrackingProtectionTargetedAdsTitle,,Blocks targeted ads,,Web Tracking Protection,,true,,false,apps/android/app/src/main/res/values/strings.xml,193,https://github.com/duckduckgo/Android/blob/fe3e65263b23930e03b723517b7c011edfafbe0b/app/src/main/res/values/strings.xml#L193
Android,headings,app,webTrackingProtectionFingerprintTrackingTitle,,Prevents fingerprint tracking,,Web Tracking Protection,,true,,false,apps/android/app/src/main/res/values/strings.xml,195,https://github.com/duckduckgo/Android/blob/fe3e65263b23930e03b723517b7c011edfafbe0b/app/src/main/res/values/strings.xml#L195
Android,headings,app,webTrackingProtectionLinkTrackingTitle,,Blocks link tracking,,Web Tracking Protection,,true,,false,apps/android/app/src/main/res/values/strings.xml,197,https://github.com/duckduckgo/Android/blob/fe3e65263b23930e03b723517b7c011edfafbe0b/app/src/main/res/values/strings.xml#L197
Android,headings,app,webTrackingProtectionReferrerTrackingTitle,,Protects against referrer tracking,,Web Tracking Protection,,true,,false,apps/android/app/src/main/res/values/strings.xml,199,https://github.com/duckduckgo/Android/blob/fe3e65263b23930e03b723517b7c011edfafbe0b/app/src/main/res/values/strings.xml#L199
Android,headings,app,webTrackingProtectionFirstPartyCookiesTitle,,Expires 1st-party cookies,,Web Tracking Protection,,true,,false,apps/android/app/src/main/res/values/strings.xml,201,https://github.com/duckduckgo/Android/blob/fe3e65263b23930e03b723517b7c011edfafbe0b/app/src/main/res/values/strings.xml#L201
Android,headings,app,webTrackingProtectionDnsCnameCloakingTitle,,Protects against DNS CNAME cloaking,,Web Tracking Protection,,true,,false,apps/android/app/src/main/res/values/strings.xml,203,https://github.com/duckduckgo/Android/blob/fe3e65263b23930e03b723517b7c011edfafbe0b/app/src/main/res/values/strings.xml#L203
Android,headings,app,webTrackingProtectionGoogleAmpTrackingTitle,,Blocks Google's AMP Tracking,,Web Tracking Protection,,true,,false,apps/android/app/src/main/res/values/strings.xml,205,https://github.com/duckduckgo/Android/blob/fe3e65263b23930e03b723517b7c011edfafbe0b/app/src/main/res/values/strings.xml#L205
Android,headings,app,webTrackingProtectionGoogleSigninPopupsTitle,,Blocks Google's sign-in pop-ups,,Web Tracking Protection,,true,,false,apps/android/app/src/main/res/values/strings.xml,207,https://github.com/duckduckgo/Android/blob/fe3e65263b23930e03b723517b7c011edfafbe0b/app/src/main/res/values/strings.xml#L207
Android,headings,app,webTrackingProtectionGlobalPrivacyControlTitle,,Global Privacy Control,,Web Tracking Protection,,true,,false,apps/android/app/src/main/res/values/strings.xml,209,https://github.com/duckduckgo/Android/blob/fe3e65263b23930e03b723517b7c011edfafbe0b/app/src/main/res/values/strings.xml#L209
Android,headings,app,getDesktopBrowserSettingItemTitle,,Get Desktop Browser,,Get Desktop Browser,,true,,false,apps/android/app/src/main/res/values/strings.xml,213,https://github.com/duckduckgo/Android/blob/fe3e65263b23930e03b723517b7c011edfafbe0b/app/src/main/res/values/strings.xml#L213
Android,headings,app,getDesktopBrowserSettingItemSubtitleTitle,,DuckDuckGo for Mac and Windows,,Get Desktop Browser,,true,,false,apps/android/app/src/main/res/values/strings.xml,214,https://github.com/duckduckgo/Android/blob/fe3e65263b23930e03b723517b7c011edfafbe0b/app/src/main/res/values/strings.xml#L214
Android,headings,app,cookiePopupProtectionTitle,,Cookie Pop-Up Protection,,Cookie Pop-Up Protection,,true,,false,apps/android/app/src/main/res/values/strings.xml,218,https://github.com/duckduckgo/Android/blob/fe3e65263b23930e03b723517b7c011edfafbe0b/app/src/main/res/values/strings.xml#L218
Android,headings,app,dataClearingActivityTitle,,Data Clearing,,Fire Button,,true,,false,apps/android/app/src/main/res/values/strings.xml,221,https://github.com/duckduckgo/Android/blob/fe3e65263b23930e03b723517b7c011edfafbe0b/app/src/main/res/values/strings.xml#L221
Android,headings,app,singleTabFireDialogTitle,,Delete tabs and site data?,,Single tab burning,,true,,false,apps/android/app/src/main/res/values/strings.xml,242,https://github.com/duckduckgo/Android/blob/fe3e65263b23930e03b723517b7c011edfafbe0b/app/src/main/res/values/strings.xml#L242
Android,headings,app,singleTabFireDialogTitleWithChats,,"Delete tabs, site data, and chats?",,Single tab burning,,true,,false,apps/android/app/src/main/res/values/strings.xml,243,https://github.com/duckduckgo/Android/blob/fe3e65263b23930e03b723517b7c011edfafbe0b/app/src/main/res/values/strings.xml#L243
Android,headings,app,singleTabFireDialogTitleDuckAi,,Delete this chat?,,Single tab burning,,true,,false,apps/android/app/src/main/res/values/strings.xml,248,https://github.com/duckduckgo/Android/blob/fe3e65263b23930e03b723517b7c011edfafbe0b/app/src/main/res/values/strings.xml#L248
Android,headings,app,permissionsActivityTitle,,Permissions,,Permissions,,true,,false,apps/android/app/src/main/res/values/strings.xml,259,https://github.com/duckduckgo/Android/blob/fe3e65263b23930e03b723517b7c011edfafbe0b/app/src/main/res/values/strings.xml#L259
Android,headings,app,appearanceActivityTitle,,Appearance,,Appearance,,true,,false,apps/android/app/src/main/res/values/strings.xml,262,https://github.com/duckduckgo/Android/blob/fe3e65263b23930e03b723517b7c011edfafbe0b/app/src/main/res/values/strings.xml#L262
Android,headings,app,settingsShowFullUrlTitle,,Show Full Site Address,,Appearance,,true,,false,apps/android/app/src/main/res/values/strings.xml,263,https://github.com/duckduckgo/Android/blob/fe3e65263b23930e03b723517b7c011edfafbe0b/app/src/main/res/values/strings.xml#L263
Android,headings,app,settingsAutomaticallyClearWhatDialogTitle,,Automatically clear…,,Settings - Automatically clearing data,,true,,false,apps/android/app/src/main/res/values/strings.xml,267,https://github.com/duckduckgo/Android/blob/fe3e65263b23930e03b723517b7c011edfafbe0b/app/src/main/res/values/strings.xml#L267
Android,headings,app,settingsAutomaticallyClearWhenDialogTitle,,Delete on…,,Settings - Automatically clearing data,,true,,false,apps/android/app/src/main/res/values/strings.xml,274,https://github.com/duckduckgo/Android/blob/fe3e65263b23930e03b723517b7c011edfafbe0b/app/src/main/res/values/strings.xml#L274
Android,headings,app,settingsClearAiDataTitle,,Delete Duck.ai Chats,,Settings - Automatically clearing data,,true,,false,apps/android/app/src/main/res/values/strings.xml,281,https://github.com/duckduckgo/Android/blob/fe3e65263b23930e03b723517b7c011edfafbe0b/app/src/main/res/values/strings.xml#L281
Android,headings,app,aboutActivityTitle,,About DuckDuckGo,,About Activity,,true,,false,apps/android/app/src/main/res/values/strings.xml,284,https://github.com/duckduckgo/Android/blob/fe3e65263b23930e03b723517b7c011edfafbe0b/app/src/main/res/values/strings.xml#L284
Android,headings,app,aboutActivityTitleNew,,About,,About Activity,,true,,false,apps/android/app/src/main/res/values/strings.xml,285,https://github.com/duckduckgo/Android/blob/fe3e65263b23930e03b723517b7c011edfafbe0b/app/src/main/res/values/strings.xml#L285
Android,headings,app,aboutHeaderNewTagLine,,Protection. Privacy. Peace of mind.,,About Activity,,true,,false,apps/android/app/src/main/res/values/strings.xml,286,https://github.com/duckduckgo/Android/blob/fe3e65263b23930e03b723517b7c011edfafbe0b/app/src/main/res/values/strings.xml#L286
Android,headings,app,widgetConfigurationActivityTitle,,Widget Configuration,,Favorites widget,,true,,false,apps/android/app/src/main/res/values/strings.xml,309,https://github.com/duckduckgo/Android/blob/fe3e65263b23930e03b723517b7c011edfafbe0b/app/src/main/res/values/strings.xml#L309
Android,headings,app,surveyActivityTitle,,User Survey,,User Survey,,true,,false,apps/android/app/src/main/res/values/strings.xml,322,https://github.com/duckduckgo/Android/blob/fe3e65263b23930e03b723517b7c011edfafbe0b/app/src/main/res/values/strings.xml#L322
Android,headings,app,surveyTitle,,DuckDuckGo Survey,,User Survey,,true,,false,apps/android/app/src/main/res/values/strings.xml,323,https://github.com/duckduckgo/Android/blob/fe3e65263b23930e03b723517b7c011edfafbe0b/app/src/main/res/values/strings.xml#L323
Android,headings,app,addWidgetInstructionsActivityTitle,,Add widget,,Add widget,,true,,false,apps/android/app/src/main/res/values/strings.xml,334,https://github.com/duckduckgo/Android/blob/fe3e65263b23930e03b723517b7c011edfafbe0b/app/src/main/res/values/strings.xml#L334
Android,headings,app,appEnjoymentDialogTitle,,Enjoying DuckDuckGo?,,App Enjoyment / Rating / Feedback,,true,,false,apps/android/app/src/main/res/values/strings.xml,345,https://github.com/duckduckgo/Android/blob/fe3e65263b23930e03b723517b7c011edfafbe0b/app/src/main/res/values/strings.xml#L345
Android,headings,app,rateAppDialogTitle,,Rate the app,,App Enjoyment / Rating / Feedback,,true,,false,apps/android/app/src/main/res/values/strings.xml,350,https://github.com/duckduckgo/Android/blob/fe3e65263b23930e03b723517b7c011edfafbe0b/app/src/main/res/values/strings.xml#L350
Android,headings,app,giveFeedbackDialogTitle,,We're sorry to hear that,,App Enjoyment / Rating / Feedback,,true,,false,apps/android/app/src/main/res/values/strings.xml,355,https://github.com/duckduckgo/Android/blob/fe3e65263b23930e03b723517b7c011edfafbe0b/app/src/main/res/values/strings.xml#L355
Android,headings,app,authenticationDialogTitle,,Sign in,,Authentication,,true,,false,apps/android/app/src/main/res/values/strings.xml,379,https://github.com/duckduckgo/Android/blob/fe3e65263b23930e03b723517b7c011edfafbe0b/app/src/main/res/values/strings.xml#L379
Android,headings,app,onboardingWelcomeTitle,,Welcome to DuckDuckGo!,,New Onboarding Experience,,true,,false,apps/android/app/src/main/res/values/strings.xml,414,https://github.com/duckduckgo/Android/blob/fe3e65263b23930e03b723517b7c011edfafbe0b/app/src/main/res/values/strings.xml#L414
Android,headings,app,downloadConfirmationSaveFileTitle,,Save %1$s,Placeholder is the name of a file,Download Confirmation,%1$s,true,,false,apps/android/app/src/main/res/values/strings.xml,422,https://github.com/duckduckgo/Android/blob/fe3e65263b23930e03b723517b7c011edfafbe0b/app/src/main/res/values/strings.xml#L422
Android,headings,app,changeIconActivityTitle,,App Icon,,Change Icon Activity,,true,,false,apps/android/app/src/main/res/values/strings.xml,430,https://github.com/duckduckgo/Android/blob/fe3e65263b23930e03b723517b7c011edfafbe0b/app/src/main/res/values/strings.xml#L430
Android,headings,app,changeIconDialogTitle,,Apply new icon?,,Change Icon Activity,,true,,false,apps/android/app/src/main/res/values/strings.xml,434,https://github.com/duckduckgo/Android/blob/fe3e65263b23930e03b723517b7c011edfafbe0b/app/src/main/res/values/strings.xml#L434
Android,headings,app,dialogAddTitle,,Add,,Dialogs,,true,,false,apps/android/app/src/main/res/values/strings.xml,442,https://github.com/duckduckgo/Android/blob/fe3e65263b23930e03b723517b7c011edfafbe0b/app/src/main/res/values/strings.xml#L442
Android,headings,app,dialogEditTitle,,Edit,,Dialogs,,true,,false,apps/android/app/src/main/res/values/strings.xml,443,https://github.com/duckduckgo/Android/blob/fe3e65263b23930e03b723517b7c011edfafbe0b/app/src/main/res/values/strings.xml#L443
Android,headings,app,allowlistActivityTitle,,Unprotected Sites,,Allowlist,,true,,false,apps/android/app/src/main/res/values/strings.xml,447,https://github.com/duckduckgo/Android/blob/fe3e65263b23930e03b723517b7c011edfafbe0b/app/src/main/res/values/strings.xml#L447
Android,headings,app,fireproofWebsitesActivityTitle,,Fireproof Sites,,Fireproof websites,,true,,false,apps/android/app/src/main/res/values/strings.xml,459,https://github.com/duckduckgo/Android/blob/fe3e65263b23930e03b723517b7c011edfafbe0b/app/src/main/res/values/strings.xml#L459
Android,headings,app,fireproofWebsiteLoginDialogTitle,,Would you like to Fireproof %1$s?,Placeholder is a website,Fireproof websites,%1$s,true,,false,apps/android/app/src/main/res/values/strings.xml,467,https://github.com/duckduckgo/Android/blob/fe3e65263b23930e03b723517b7c011edfafbe0b/app/src/main/res/values/strings.xml#L467
Android,headings,app,fireproofWebsiteItemsSectionTitle,,Fireproof Sites,,Fireproof websites,,true,,false,apps/android/app/src/main/res/values/strings.xml,471,https://github.com/duckduckgo/Android/blob/fe3e65263b23930e03b723517b7c011edfafbe0b/app/src/main/res/values/strings.xml#L471
Android,headings,app,fireproofWebsiteSettingSelectionTitle,,Fireproof Websites on Sign-In,,Fireproof websites,,true,,false,apps/android/app/src/main/res/values/strings.xml,473,https://github.com/duckduckgo/Android/blob/fe3e65263b23930e03b723517b7c011edfafbe0b/app/src/main/res/values/strings.xml#L473
Android,headings,app,disableLoginDetectionDialogTitle,,Disable Fireproof reminder when signing in to sites?,,Fireproof websites,,true,,false,apps/android/app/src/main/res/values/strings.xml,479,https://github.com/duckduckgo/Android/blob/fe3e65263b23930e03b723517b7c011edfafbe0b/app/src/main/res/values/strings.xml#L479
Android,headings,app,automaticFireproofWebsiteLoginDialogTitle,,Fireproof websites automatically on sign-in?,,Fireproof websites,,true,,false,apps/android/app/src/main/res/values/strings.xml,483,https://github.com/duckduckgo/Android/blob/fe3e65263b23930e03b723517b7c011edfafbe0b/app/src/main/res/values/strings.xml#L483
Android,headings,app,preciseLocationSystemDialogTitle,,Enable device location for DuckDuckGo Privacy Browser?,,Precise Location,,true,,false,apps/android/app/src/main/res/values/strings.xml,504,https://github.com/duckduckgo/Android/blob/fe3e65263b23930e03b723517b7c011edfafbe0b/app/src/main/res/values/strings.xml#L504
Android,headings,app,preciseLocationSiteDialogTitle,,Grant %1$s permission to access location?,Placeholder is the name of a website,Precise Location,%1$s,true,,false,apps/android/app/src/main/res/values/strings.xml,509,https://github.com/duckduckgo/Android/blob/fe3e65263b23930e03b723517b7c011edfafbe0b/app/src/main/res/values/strings.xml#L509
Android,headings,app,preciseLocationActivityTitle,,Location,,Precise Location,,true,,false,apps/android/app/src/main/res/values/strings.xml,520,https://github.com/duckduckgo/Android/blob/fe3e65263b23930e03b723517b7c011edfafbe0b/app/src/main/res/values/strings.xml#L520
Android,headings,app,preciseLocationAllowedSitesSectionTitle,,Granted,,Precise Location,,true,,false,apps/android/app/src/main/res/values/strings.xml,523,https://github.com/duckduckgo/Android/blob/fe3e65263b23930e03b723517b7c011edfafbe0b/app/src/main/res/values/strings.xml#L523
Android,headings,app,preciseLocationDeniedSitesSectionTitle,,Denied,,Precise Location,,true,,false,apps/android/app/src/main/res/values/strings.xml,524,https://github.com/duckduckgo/Android/blob/fe3e65263b23930e03b723517b7c011edfafbe0b/app/src/main/res/values/strings.xml#L524
Android,headings,app,globalPrivacyControlActivityTitle,,Global Privacy Control (GPC),,Global Privacy Control,,true,,false,apps/android/app/src/main/res/values/strings.xml,531,https://github.com/duckduckgo/Android/blob/fe3e65263b23930e03b723517b7c011edfafbe0b/app/src/main/res/values/strings.xml#L531
Android,headings,app,settingTitleOpenLinksInAssociatedApps,,Open Links in Associated Apps,,Opening app links,,true,,false,apps/android/app/src/main/res/values/strings.xml,539,https://github.com/duckduckgo/Android/blob/fe3e65263b23930e03b723517b7c011edfafbe0b/app/src/main/res/values/strings.xml#L539
Android,headings,app,appLinkDialogTitle,,Open in another app?,,Opening app links,,true,,false,apps/android/app/src/main/res/values/strings.xml,541,https://github.com/duckduckgo/Android/blob/fe3e65263b23930e03b723517b7c011edfafbe0b/app/src/main/res/values/strings.xml#L541
Android,headings,app,appLinkIntentChooserTitle,,Open with,,Opening app links,,true,,false,apps/android/app/src/main/res/values/strings.xml,546,https://github.com/duckduckgo/Android/blob/fe3e65263b23930e03b723517b7c011edfafbe0b/app/src/main/res/values/strings.xml#L546
Android,headings,app,emailProtectionActivityTitle,,Email Protection,,Email Protection,,true,,false,apps/android/app/src/main/res/values/strings.xml,560,https://github.com/duckduckgo/Android/blob/fe3e65263b23930e03b723517b7c011edfafbe0b/app/src/main/res/values/strings.xml#L560
Android,headings,app,atp_SettingsTitle,,App Tracking Protection,,App Tracking Protection,,true,,false,apps/android/app/src/main/res/values/strings.xml,587,https://github.com/duckduckgo/Android/blob/fe3e65263b23930e03b723517b7c011edfafbe0b/app/src/main/res/values/strings.xml#L587
Android,headings,app,autoconsentDialogTitle,,<b>Want me to handle cookie pop-ups?</b>,,Autoconsent,,true,,false,apps/android/app/src/main/res/values/strings.xml,594,https://github.com/duckduckgo/Android/blob/fe3e65263b23930e03b723517b7c011edfafbe0b/app/src/main/res/values/strings.xml#L594
Android,headings,app,closeAppTabsConfirmationDialogTitle,,Close all tabs?,Dialog title for deleting all open tabs,Tab Switcher,,true,,false,apps/android/app/src/main/res/values/strings.xml,613,https://github.com/duckduckgo/Android/blob/fe3e65263b23930e03b723517b7c011edfafbe0b/app/src/main/res/values/strings.xml#L613
Android,headings,app,tabSelectionTitle,,%1$d Selected,,Tab Switcher,%1$d,true,,false,apps/android/app/src/main/res/values/strings.xml,621,https://github.com/duckduckgo/Android/blob/fe3e65263b23930e03b723517b7c011edfafbe0b/app/src/main/res/values/strings.xml#L621
Android,headings,app,shareMultipleLinksTitle,,%1$d links from DuckDuckGo,,Tab Switcher,%1$d,true,,false,apps/android/app/src/main/res/values/strings.xml,625,https://github.com/duckduckgo/Android/blob/fe3e65263b23930e03b723517b7c011edfafbe0b/app/src/main/res/values/strings.xml#L625
Android,headings,app,tabSwitcherBookmarkDialogTitle,plural:one,Bookmark tab?,,Tab Switcher,,true,,false,apps/android/app/src/main/res/values/strings.xml,631,https://github.com/duckduckgo/Android/blob/fe3e65263b23930e03b723517b7c011edfafbe0b/app/src/main/res/values/strings.xml#L631
Android,headings,app,tabSwitcherBookmarkDialogTitle,plural:other,Bookmark %1$d tabs?,,Tab Switcher,%1$d,true,,false,apps/android/app/src/main/res/values/strings.xml,631,https://github.com/duckduckgo/Android/blob/fe3e65263b23930e03b723517b7c011edfafbe0b/app/src/main/res/values/strings.xml#L631
Android,headings,app,tabSwitcherCloseAllTabsDialogTitle,plural:one,Close tab?,,Tab Switcher,,true,,false,apps/android/app/src/main/res/values/strings.xml,646,https://github.com/duckduckgo/Android/blob/fe3e65263b23930e03b723517b7c011edfafbe0b/app/src/main/res/values/strings.xml#L646
Android,headings,app,tabSwitcherCloseAllTabsDialogTitle,plural:other,Close all %1$d tabs?,,Tab Switcher,%1$d,true,,false,apps/android/app/src/main/res/values/strings.xml,646,https://github.com/duckduckgo/Android/blob/fe3e65263b23930e03b723517b7c011edfafbe0b/app/src/main/res/values/strings.xml#L646
Android,headings,app,tabSwitcherCloseOtherTabsDialogTitle,plural:one,Close other tab?,,Tab Switcher,,true,,false,apps/android/app/src/main/res/values/strings.xml,650,https://github.com/duckduckgo/Android/blob/fe3e65263b23930e03b723517b7c011edfafbe0b/app/src/main/res/values/strings.xml#L650
Android,headings,app,tabSwitcherCloseOtherTabsDialogTitle,plural:other,Close %1$d other tabs?,,Tab Switcher,%1$d,true,,false,apps/android/app/src/main/res/values/strings.xml,650,https://github.com/duckduckgo/Android/blob/fe3e65263b23930e03b723517b7c011edfafbe0b/app/src/main/res/values/strings.xml#L650
Android,headings,app,tabSwitcherCloseTabsDialogTitle,plural:one,Close tab?,,Tab Switcher,,true,,false,apps/android/app/src/main/res/values/strings.xml,654,https://github.com/duckduckgo/Android/blob/fe3e65263b23930e03b723517b7c011edfafbe0b/app/src/main/res/values/strings.xml#L654
Android,headings,app,tabSwitcherCloseTabsDialogTitle,plural:other,Close %1$d tabs?,,Tab Switcher,%1$d,true,,false,apps/android/app/src/main/res/values/strings.xml,654,https://github.com/duckduckgo/Android/blob/fe3e65263b23930e03b723517b7c011edfafbe0b/app/src/main/res/values/strings.xml#L654
Android,headings,app,tabSwitcherTitle,plural:one,1 Tab,,Tab Switcher,,true,,false,apps/android/app/src/main/res/values/strings.xml,680,https://github.com/duckduckgo/Android/blob/fe3e65263b23930e03b723517b7c011edfafbe0b/app/src/main/res/values/strings.xml#L680
Android,headings,app,tabSwitcherTitle,plural:other,%1$d Tabs,,Tab Switcher,%1$d,true,,false,apps/android/app/src/main/res/values/strings.xml,680,https://github.com/duckduckgo/Android/blob/fe3e65263b23930e03b723517b7c011edfafbe0b/app/src/main/res/values/strings.xml#L680
Android,headings,app,imageCaptureCameraGalleryDisambiguationTitle,,Upload an image,,Uploading an image from the camera or choosing to use existing image,,true,,false,apps/android/app/src/main/res/values/strings.xml,691,https://github.com/duckduckgo/Android/blob/fe3e65263b23930e03b723517b7c011edfafbe0b/app/src/main/res/values/strings.xml#L691
Android,headings,app,imageCaptureCameraPermissionDeniedTitle,,Allow DuckDuckGo to ask for camera access on this device,,Uploading an image from the camera or choosing to use existing image,,true,,false,apps/android/app/src/main/res/values/strings.xml,694,https://github.com/duckduckgo/Android/blob/fe3e65263b23930e03b723517b7c011edfafbe0b/app/src/main/res/values/strings.xml#L694
Android,headings,app,preOnboardingAddressBarTitle,,Where should I put your address bar?,,Extended Onboarding,,true,,false,apps/android/app/src/main/res/values/strings.xml,736,https://github.com/duckduckgo/Android/blob/fe3e65263b23930e03b723517b7c011edfafbe0b/app/src/main/res/values/strings.xml#L736
Android,headings,app,onboardingSearchDaxDialogTitle,,Try a search!,,Extended Onboarding,,true,,false,apps/android/app/src/main/res/values/strings.xml,745,https://github.com/duckduckgo/Android/blob/fe3e65263b23930e03b723517b7c011edfafbe0b/app/src/main/res/values/strings.xml#L745
Android,headings,app,onboardingSitesDaxDialogTitle,,Try visiting a site!,,Extended Onboarding,,true,,false,apps/android/app/src/main/res/values/strings.xml,756,https://github.com/duckduckgo/Android/blob/fe3e65263b23930e03b723517b7c011edfafbe0b/app/src/main/res/values/strings.xml#L756
Android,headings,app,onboardingSerpDaxDialogBrandDesignTitle,,That's DuckDuckGo Search!,,Extended Onboarding,,true,,false,apps/android/app/src/main/res/values/strings.xml,763,https://github.com/duckduckgo/Android/blob/fe3e65263b23930e03b723517b7c011edfafbe0b/app/src/main/res/values/strings.xml#L763
Android,headings,app,onboardingSitesSuggestionsDaxDialogTitle,,"Next, try visiting a site!",,Extended Onboarding,,true,,false,apps/android/app/src/main/res/values/strings.xml,766,https://github.com/duckduckgo/Android/blob/fe3e65263b23930e03b723517b7c011edfafbe0b/app/src/main/res/values/strings.xml#L766
Android,headings,app,onboardingEndDaxDialogTitle,,"You've got this!""",,Extended Onboarding,,true,,false,apps/android/app/src/main/res/values/strings.xml,779,https://github.com/duckduckgo/Android/blob/fe3e65263b23930e03b723517b7c011edfafbe0b/app/src/main/res/values/strings.xml#L779
Android,headings,app,onboardingPrivacyProDaxDialogTitle,,"Oh, before I forget…",,Extended Onboarding,,true,,false,apps/android/app/src/main/res/values/strings.xml,783,https://github.com/duckduckgo/Android/blob/fe3e65263b23930e03b723517b7c011edfafbe0b/app/src/main/res/values/strings.xml#L783
Android,headings,app,onboardingSkippedPrivacyProDaxDialogTitle,,Did you know?,,Extended Onboarding,,true,,false,apps/android/app/src/main/res/values/strings.xml,789,https://github.com/duckduckgo/Android/blob/fe3e65263b23930e03b723517b7c011edfafbe0b/app/src/main/res/values/strings.xml#L789
Android,headings,app,preOnboardingInputScreenTitle,,Want easy access to private AI chat?,,Input Screen Onboarding step,,true,,false,apps/android/app/src/main/res/values/strings.xml,792,https://github.com/duckduckgo/Android/blob/fe3e65263b23930e03b723517b7c011edfafbe0b/app/src/main/res/values/strings.xml#L792
Android,headings,app,preOnboardingInputScreenTitleUpdated,,Want easy access to private AI chat in the address bar?,,Input Screen Onboarding step,,true,,false,apps/android/app/src/main/res/values/strings.xml,793,https://github.com/duckduckgo/Android/blob/fe3e65263b23930e03b723517b7c011edfafbe0b/app/src/main/res/values/strings.xml#L793
Android,headings,app,preOnboardingReinstallQuickSetupTitle,,Welcome back!<br/>Want to customize anything?,,Onboarding Reinstall Quick Setup,,true,,false,apps/android/app/src/main/res/values/strings.xml,798,https://github.com/duckduckgo/Android/blob/fe3e65263b23930e03b723517b7c011edfafbe0b/app/src/main/res/values/strings.xml#L798
Android,headings,app,quickSetupAddressBarPositionTitle,,Where do you want your address bar?,,Quick setup bottom sheets,,true,,false,apps/android/app/src/main/res/values/strings.xml,806,https://github.com/duckduckgo/Android/blob/fe3e65263b23930e03b723517b7c011edfafbe0b/app/src/main/res/values/strings.xml#L806
Android,headings,app,quickSetupSearchOptionsTitle,,Want Search & AI chat in the address bar?,,Quick setup bottom sheets,,true,,false,apps/android/app/src/main/res/values/strings.xml,808,https://github.com/duckduckgo/Android/blob/fe3e65263b23930e03b723517b7c011edfafbe0b/app/src/main/res/values/strings.xml#L808
Android,headings,app,quickSetupRemoveHomeScreenWidgetTitle,,How to remove the Home screen widget,,Quick setup bottom sheets,,true,,false,apps/android/app/src/main/res/values/strings.xml,812,https://github.com/duckduckgo/Android/blob/fe3e65263b23930e03b723517b7c011edfafbe0b/app/src/main/res/values/strings.xml#L812
Android,headings,app,settingsAddressBarPositionTitle,,Address Bar,,Appearance settings,,true,,false,apps/android/app/src/main/res/values/strings.xml,818,https://github.com/duckduckgo/Android/blob/fe3e65263b23930e03b723517b7c011edfafbe0b/app/src/main/res/values/strings.xml#L818
Android,headings,app,settingsAddressBarPositionHeaderTitle,,Address Bar Position,,Appearance settings,,true,,false,apps/android/app/src/main/res/values/strings.xml,819,https://github.com/duckduckgo/Android/blob/fe3e65263b23930e03b723517b7c011edfafbe0b/app/src/main/res/values/strings.xml#L819
Android,headings,app,showOnAppLaunchOptionTitle,,Show on App Launch,,Show on App Launch Option,,true,,false,apps/android/app/src/main/res/values/strings.xml,825,https://github.com/duckduckgo/Android/blob/fe3e65263b23930e03b723517b7c011edfafbe0b/app/src/main/res/values/strings.xml#L825
Android,headings,app,defaultBrowserBottomSheetDialogTitle,,Let DuckDuckGo protect more of what you do online,,Default Browser Bottom Sheet Dialog,,true,,false,apps/android/app/src/main/res/values/strings.xml,834,https://github.com/duckduckgo/Android/blob/fe3e65263b23930e03b723517b7c011edfafbe0b/app/src/main/res/values/strings.xml#L834
Android,headings,app,defaultBrowserBottomSheetDialogSubTitle,,Switch your default browser so links open in DuckDuckGo.,,Default Browser Bottom Sheet Dialog,,true,,false,apps/android/app/src/main/res/values/strings.xml,835,https://github.com/duckduckgo/Android/blob/fe3e65263b23930e03b723517b7c011edfafbe0b/app/src/main/res/values/strings.xml#L835
Android,headings,app,newTabPageDefaultBrowserMessageHeading,,DuckDuckGo isn't your default browser. Get more protection.,,Default Browser message,,true,,false,apps/android/app/src/main/res/values/strings.xml,839,https://github.com/duckduckgo/Android/blob/fe3e65263b23930e03b723517b7c011edfafbe0b/app/src/main/res/values/strings.xml#L839
Android,headings,app,maliciousSiteTitle,,Warning: This site may be a security risk,,Threat protection,,true,,false,apps/android/app/src/main/res/values/strings.xml,844,https://github.com/duckduckgo/Android/blob/fe3e65263b23930e03b723517b7c011edfafbe0b/app/src/main/res/values/strings.xml#L844
Android,headings,app,maliciousSiteMalwareHeadline,,"DuckDuckGo blocked this page because it may be distributing malware designed to compromise your device or steal your personal information.\n<a href="""">Learn more</a>",,Threat protection,,true,,false,apps/android/app/src/main/res/values/strings.xml,845,https://github.com/duckduckgo/Android/blob/fe3e65263b23930e03b723517b7c011edfafbe0b/app/src/main/res/values/strings.xml#L845
Android,headings,app,maliciousSitePhishingHeadline,,"This website may be impersonating a legitimate site in order to trick you into providing personal information, such as passwords or credit card numbers.\n<a href="""">Learn more</a>",,Threat protection,,true,,false,apps/android/app/src/main/res/values/strings.xml,846,https://github.com/duckduckgo/Android/blob/fe3e65263b23930e03b723517b7c011edfafbe0b/app/src/main/res/values/strings.xml#L846
Android,headings,app,maliciousSiteScamHeadline,,"DuckDuckGo blocked this page because it may be trying to deceive or manipulate you into transferring money, buying counterfeit goods, or installing malware under false pretenses.\n<a href="""">Learn more</a>",,Threat protection,,true,,false,apps/android/app/src/main/res/values/strings.xml,847,https://github.com/duckduckgo/Android/blob/fe3e65263b23930e03b723517b7c011edfafbe0b/app/src/main/res/values/strings.xml#L847
Android,headings,app,maliciousSiteExpandedHeadline,,"If you believe this website is safe, you can <a href="""">report an error</a>. You can still visit the website at your own risk.",,Threat protection,,true,,false,apps/android/app/src/main/res/values/strings.xml,850,https://github.com/duckduckgo/Android/blob/fe3e65263b23930e03b723517b7c011edfafbe0b/app/src/main/res/values/strings.xml#L850
Android,headings,app,maliciousSiteLearnMoreTitle,,Learn more,,Threat protection,,true,,false,apps/android/app/src/main/res/values/strings.xml,853,https://github.com/duckduckgo/Android/blob/fe3e65263b23930e03b723517b7c011edfafbe0b/app/src/main/res/values/strings.xml#L853
Android,headings,app,maliciousSiteSettingTitle,,Site Safety Warnings,,Threat protection,,true,,false,apps/android/app/src/main/res/values/strings.xml,854,https://github.com/duckduckgo/Android/blob/fe3e65263b23930e03b723517b7c011edfafbe0b/app/src/main/res/values/strings.xml#L854
Android,headings,app,threatProtectionTitle,,Threat Protection,,Threat protection,,true,,false,apps/android/app/src/main/res/values/strings.xml,858,https://github.com/duckduckgo/Android/blob/fe3e65263b23930e03b723517b7c011edfafbe0b/app/src/main/res/values/strings.xml#L858
Android,headings,app,smarterEncryptionTitle,,Smarter Encryption,,Threat protection,,true,,false,apps/android/app/src/main/res/values/strings.xml,860,https://github.com/duckduckgo/Android/blob/fe3e65263b23930e03b723517b7c011edfafbe0b/app/src/main/res/values/strings.xml#L860
Android,headings,app,scamBlockerTitle,,Scam Blocker,,Threat protection,,true,,false,apps/android/app/src/main/res/values/strings.xml,862,https://github.com/duckduckgo/Android/blob/fe3e65263b23930e03b723517b7c011edfafbe0b/app/src/main/res/values/strings.xml#L862
Android,headings,app,threatProtectionLearnMoreTitle,,Learn more,,Threat protection,,true,,false,apps/android/app/src/main/res/values/strings.xml,864,https://github.com/duckduckgo/Android/blob/fe3e65263b23930e03b723517b7c011edfafbe0b/app/src/main/res/values/strings.xml#L864
Android,headings,app,experimentHomeScreenWidgetBottomSheetDialogTitle,,Try our Home screen widget!,,"Experiment: Improve prompts for ""homescreen widget""",,true,,false,apps/android/app/src/main/res/values/strings.xml,867,https://github.com/duckduckgo/Android/blob/fe3e65263b23930e03b723517b7c011edfafbe0b/app/src/main/res/values/strings.xml#L867
Android,headings,app,experimentHomeScreenWidgetBottomSheetDialogSubTitle,,Add our search widget to your Home screen for quick and easy access.,,"Experiment: Improve prompts for ""homescreen widget""",,true,,false,apps/android/app/src/main/res/values/strings.xml,868,https://github.com/duckduckgo/Android/blob/fe3e65263b23930e03b723517b7c011edfafbe0b/app/src/main/res/values/strings.xml#L868
Android,headings,app,settingsAddHomeWidgetTitle,,Home Screen Widget,,Change under remote feature flag: Widget as a Protection,,true,,false,apps/android/app/src/main/res/values/strings.xml,874,https://github.com/duckduckgo/Android/blob/fe3e65263b23930e03b723517b7c011edfafbe0b/app/src/main/res/values/strings.xml#L874
Android,headings,app,settingsHeadingCompleteSetup,,Complete Your Setup,,Section in main app settings,,true,,false,apps/android/app/src/main/res/values/strings.xml,877,https://github.com/duckduckgo/Android/blob/fe3e65263b23930e03b723517b7c011edfafbe0b/app/src/main/res/values/strings.xml#L877
Android,headings,app,tabSwitcherAnimationTileRemovalDialogTitle,,Hide tracker count?,A title for a dialog that shows when a user clicks a tile that shows them their current blocked tracker count,TabSwitcher Trackers Animation,,true,,false,apps/android/app/src/main/res/values/strings.xml,881,https://github.com/duckduckgo/Android/blob/fe3e65263b23930e03b723517b7c011edfafbe0b/app/src/main/res/values/strings.xml#L881
Android,headings,app,settingsTrackersBlockedAnimationHeaderTitle,,Trackers Blocked Animation,,Trackers blocked animation,,true,,false,apps/android/app/src/main/res/values/strings.xml,887,https://github.com/duckduckgo/Android/blob/fe3e65263b23930e03b723517b7c011edfafbe0b/app/src/main/res/values/strings.xml#L887
Android,headings,app,syncRestoreDialogTitle,,Let's pick up where you left off,,Sync Restore (onboarding),,true,,false,apps/android/app/src/main/res/values/strings.xml,899,https://github.com/duckduckgo/Android/blob/fe3e65263b23930e03b723517b7c011edfafbe0b/app/src/main/res/values/strings.xml#L899
Android,headings,app,syncRestoreDialogBrandDesignTitle,,Let's pick up where you left off on DuckDuckGo.,,Sync Restore (brand-design onboarding),,true,,false,apps/android/app/src/main/res/values/strings.xml,905,https://github.com/duckduckgo/Android/blob/fe3e65263b23930e03b723517b7c011edfafbe0b/app/src/main/res/values/strings.xml#L905
Android,headings,app,preOnboardingWelcomeDialogTitle,,Hi there.,,Sharing options,,true,,false,apps/android/app/src/main/res/values/strings.xml,916,https://github.com/duckduckgo/Android/blob/fe3e65263b23930e03b723517b7c011edfafbe0b/app/src/main/res/values/strings.xml#L916
Android,headings,app,preOnboardingInputModeDemoTitle,,Ready to get started?<br/>Try a search or AI chat!,,Input Mode Demo Onboarding step,,true,,false,apps/android/app/src/main/res/values/strings.xml,931,https://github.com/duckduckgo/Android/blob/fe3e65263b23930e03b723517b7c011edfafbe0b/app/src/main/res/values/strings.xml#L931
Android,headings,app,preOnboardingDaxDialogAiTitle,,AI protections activated!,,Pre-onboarding: AI comparison chart screen.,,true,,false,apps/android/app/src/main/res/values/strings.xml,944,https://github.com/duckduckgo/Android/blob/fe3e65263b23930e03b723517b7c011edfafbe0b/app/src/main/res/values/strings.xml#L944
Android,headings,app,preOnboardingInputModeDemoTitleCustomAi,,"Now, try a private AI chat!",,Pre-onboarding: input demo screen,,true,,false,apps/android/app/src/main/res/values/strings.xml,952,https://github.com/duckduckgo/Android/blob/fe3e65263b23930e03b723517b7c011edfafbe0b/app/src/main/res/values/strings.xml#L952
Android,headings,app,preOnboardingWidgetPromptTitle,,Try our Home Screen widget.,,Pre-onboarding: widget prompt,,true,,false,apps/android/app/src/main/res/values/strings.xml,957,https://github.com/duckduckgo/Android/blob/fe3e65263b23930e03b723517b7c011edfafbe0b/app/src/main/res/values/strings.xml#L957
Android,headings,app,preOnboardingImportPasswordsTitle,,Import passwords from Google,,Pre-onboarding: import passwords,,true,,false,apps/android/app/src/main/res/values/strings.xml,963,https://github.com/duckduckgo/Android/blob/fe3e65263b23930e03b723517b7c011edfafbe0b/app/src/main/res/values/strings.xml#L963
Android,headings,app,preOnboardingImportCompleteTitle,,Import complete,,Pre-onboarding: import passwords,,true,,false,apps/android/app/src/main/res/values/strings.xml,966,https://github.com/duckduckgo/Android/blob/fe3e65263b23930e03b723517b7c011edfafbe0b/app/src/main/res/values/strings.xml#L966
Android,headings,app,preOnboardingImportCompleteParsingTitle,,Importing passwords,,Pre-onboarding: import passwords,,true,,false,apps/android/app/src/main/res/values/strings.xml,968,https://github.com/duckduckgo/Android/blob/fe3e65263b23930e03b723517b7c011edfafbe0b/app/src/main/res/values/strings.xml#L968
Android,headings,app,preOnboardingDockStepTitle,,Add me to your favorites row.,,Pre-onboarding: add to home screen,,true,,false,apps/android/app/src/main/res/values/strings.xml,979,https://github.com/duckduckgo/Android/blob/fe3e65263b23930e03b723517b7c011edfafbe0b/app/src/main/res/values/strings.xml#L979
Android,headings,app,fireTabNewTabPageTitle,,Fire Tab,,Fire mode,,true,,false,apps/android/app/src/main/res/values/strings.xml,1004,https://github.com/duckduckgo/Android/blob/fe3e65263b23930e03b723517b7c011edfafbe0b/app/src/main/res/values/strings.xml#L1004
Android,headings,app,fireTabsEmptyStateTitle,,Fire Tabs,,Fire mode,,true,,false,apps/android/app/src/main/res/values/strings.xml,1005,https://github.com/duckduckgo/Android/blob/fe3e65263b23930e03b723517b7c011edfafbe0b/app/src/main/res/values/strings.xml#L1005
Android,headings,app,singleTabFireDialogTitleFireMode,,Delete Fire Tabs and their data?,,Fire mode,,true,,false,apps/android/app/src/main/res/values/strings.xml,1012,https://github.com/duckduckgo/Android/blob/fe3e65263b23930e03b723517b7c011edfafbe0b/app/src/main/res/values/strings.xml#L1012
Android,headings,app-tracking-protection/vpn-impl,vpn_NewTabSectionSettingsTitle,,App Tracking Protection Status,,New Tab,,false,,false,apps/android/app-tracking-protection/vpn-impl/src/main/res/values/donottranslate.xml,41,https://github.com/duckduckgo/Android/blob/fe3e65263b23930e03b723517b7c011edfafbe0b/app-tracking-protection/vpn-impl/src/main/res/values/donottranslate.xml#L41
Android,headings,app-tracking-protection/vpn-impl,atp_AppExitsReasonsTitle,,App exit reasons,,Debug Screens,,true,,false,apps/android/app-tracking-protection/vpn-impl/src/main/res/values/strings-vpn.xml,29,https://github.com/duckduckgo/Android/blob/fe3e65263b23930e03b723517b7c011edfafbe0b/app-tracking-protection/vpn-impl/src/main/res/values/strings-vpn.xml#L29
Android,headings,app-tracking-protection/vpn-impl,atp_AppRestartsTitle,,App restarts,,Debug Screens,,true,,false,apps/android/app-tracking-protection/vpn-impl/src/main/res/values/strings-vpn.xml,30,https://github.com/duckduckgo/Android/blob/fe3e65263b23930e03b723517b7c011edfafbe0b/app-tracking-protection/vpn-impl/src/main/res/values/strings-vpn.xml#L30
Android,headings,app-tracking-protection/vpn-impl,atp_OnboardingLastPageOneTitle,,One easy step for better app privacy!,,App Tracking Protection Onboarding,,true,,false,apps/android/app-tracking-protection/vpn-impl/src/main/res/values/strings-vpn.xml,105,https://github.com/duckduckgo/Android/blob/fe3e65263b23930e03b723517b7c011edfafbe0b/app-tracking-protection/vpn-impl/src/main/res/values/strings-vpn.xml#L105
Android,headings,app-tracking-protection/vpn-impl,atp_OnboardingLastPageTwoTitle,,How does it work?,,App Tracking Protection Onboarding,,true,,false,apps/android/app-tracking-protection/vpn-impl/src/main/res/values/strings-vpn.xml,107,https://github.com/duckduckgo/Android/blob/fe3e65263b23930e03b723517b7c011edfafbe0b/app-tracking-protection/vpn-impl/src/main/res/values/strings-vpn.xml#L107
Android,headings,app-tracking-protection/vpn-impl,atp_OnboardingLastPageTwoSubTitle,,"App Tracking Protection <b>detects and blocks app trackers from other companies</b>, like when Facebook attempts to track you in a health app.\n\n<b>It's free</b>, and you can enjoy your apps as you normally would. Working in the background, it helps <b>protect you night and day.</b>",,App Tracking Protection Onboarding,,true,,false,apps/android/app-tracking-protection/vpn-impl/src/main/res/values/strings-vpn.xml,108,https://github.com/duckduckgo/Android/blob/fe3e65263b23930e03b723517b7c011edfafbe0b/app-tracking-protection/vpn-impl/src/main/res/values/strings-vpn.xml#L108
Android,headings,app-tracking-protection/vpn-impl,atp_OnboardingLastPageThreeTitle,,Who sees your data?,,App Tracking Protection Onboarding,,true,,false,apps/android/app-tracking-protection/vpn-impl/src/main/res/values/strings-vpn.xml,109,https://github.com/duckduckgo/Android/blob/fe3e65263b23930e03b723517b7c011edfafbe0b/app-tracking-protection/vpn-impl/src/main/res/values/strings-vpn.xml#L109
Android,headings,app-tracking-protection/vpn-impl,atp_OnboardingLastPageThreeSubTitle,,"<b>App Tracking Protection is not a VPN.</b> However, your device will recognize it as one. This is because it uses a local VPN connection to work.\n\nApp Tracking Protection is different.<b> It never routes app data through an external server.</b>\n\n<annotation type=""learn_more_link""><b>Learn more</b></annotation>",,App Tracking Protection Onboarding,,true,,false,apps/android/app-tracking-protection/vpn-impl/src/main/res/values/strings-vpn.xml,110,https://github.com/duckduckgo/Android/blob/fe3e65263b23930e03b723517b7c011edfafbe0b/app-tracking-protection/vpn-impl/src/main/res/values/strings-vpn.xml#L110
Android,headings,app-tracking-protection/vpn-impl,atp_daxOnboardingIntroTitle,,App Tracking Protection,,App Tracking Protection Dax Onboarding,,true,,false,apps/android/app-tracking-protection/vpn-impl/src/main/res/values/strings-vpn.xml,116,https://github.com/duckduckgo/Android/blob/fe3e65263b23930e03b723517b7c011edfafbe0b/app-tracking-protection/vpn-impl/src/main/res/values/strings-vpn.xml#L116
Android,headings,app-tracking-protection/vpn-impl,atp_daxOnboardingPermissionTitle,,How does it work?,,App Tracking Protection Dax Onboarding,,true,,false,apps/android/app-tracking-protection/vpn-impl/src/main/res/values/strings-vpn.xml,118,https://github.com/duckduckgo/Android/blob/fe3e65263b23930e03b723517b7c011edfafbe0b/app-tracking-protection/vpn-impl/src/main/res/values/strings-vpn.xml#L118
Android,headings,app-tracking-protection/vpn-impl,atp_EnabledTitle,,Hooray! You’re all set up.,,App Tracking Protection Enabled Activity,,true,,false,apps/android/app-tracking-protection/vpn-impl/src/main/res/values/strings-vpn.xml,122,https://github.com/duckduckgo/Android/blob/fe3e65263b23930e03b723517b7c011edfafbe0b/app-tracking-protection/vpn-impl/src/main/res/values/strings-vpn.xml#L122
Android,headings,app-tracking-protection/vpn-impl,atp_ExclusionListActivityTitle,,All Apps,,Exclusion List,,true,,false,apps/android/app-tracking-protection/vpn-impl/src/main/res/values/strings-vpn.xml,133,https://github.com/duckduckgo/Android/blob/fe3e65263b23930e03b723517b7c011edfafbe0b/app-tracking-protection/vpn-impl/src/main/res/values/strings-vpn.xml#L133
Android,headings,app-tracking-protection/vpn-impl,atp_ExcludeAppsRestoreDefaultsTitle,,Restore default protection?,,Exclusion List,,true,,false,apps/android/app-tracking-protection/vpn-impl/src/main/res/values/strings-vpn.xml,148,https://github.com/duckduckgo/Android/blob/fe3e65263b23930e03b723517b7c011edfafbe0b/app-tracking-protection/vpn-impl/src/main/res/values/strings-vpn.xml#L148
Android,headings,app-tracking-protection/vpn-impl,atp_ReportBreakageAppListActivityTitle,,Report an Issue,,Breakage report app list,,true,,false,apps/android/app-tracking-protection/vpn-impl/src/main/res/values/strings-vpn.xml,154,https://github.com/duckduckgo/Android/blob/fe3e65263b23930e03b723517b7c011edfafbe0b/app-tracking-protection/vpn-impl/src/main/res/values/strings-vpn.xml#L154
Android,headings,app-tracking-protection/vpn-impl,atp_ReportBreakageCategoriesTitle,,What's happening?,,Breakage report app list,,true,,false,apps/android/app-tracking-protection/vpn-impl/src/main/res/values/strings-vpn.xml,168,https://github.com/duckduckgo/Android/blob/fe3e65263b23930e03b723517b7c011edfafbe0b/app-tracking-protection/vpn-impl/src/main/res/values/strings-vpn.xml#L168
Android,headings,app-tracking-protection/vpn-impl,atp_ProfilingActivityTitle,,About App Trackers,,Tracker Profiling Info,,true,,false,apps/android/app-tracking-protection/vpn-impl/src/main/res/values/strings-vpn.xml,181,https://github.com/duckduckgo/Android/blob/fe3e65263b23930e03b723517b7c011edfafbe0b/app-tracking-protection/vpn-impl/src/main/res/values/strings-vpn.xml#L181
Android,headings,app-tracking-protection/vpn-impl,atp_ProfilingInfoTitle,,What are app trackers?,,Tracker Profiling Info,,true,,false,apps/android/app-tracking-protection/vpn-impl/src/main/res/values/strings-vpn.xml,182,https://github.com/duckduckgo/Android/blob/fe3e65263b23930e03b723517b7c011edfafbe0b/app-tracking-protection/vpn-impl/src/main/res/values/strings-vpn.xml#L182
Android,headings,app-tracking-protection/vpn-impl,atp_ActivityTitle,,App Tracking Protection,,App Tracking Protection Activity,,true,,false,apps/android/app-tracking-protection/vpn-impl/src/main/res/values/strings-vpn.xml,187,https://github.com/duckduckgo/Android/blob/fe3e65263b23930e03b723517b7c011edfafbe0b/app-tracking-protection/vpn-impl/src/main/res/values/strings-vpn.xml#L187
Android,headings,app-tracking-protection/vpn-impl,atp_MostRecentActivityTitle,,All Recent Activity,,App Tracking Protection Activity,,true,,false,apps/android/app-tracking-protection/vpn-impl/src/main/res/values/strings-vpn.xml,188,https://github.com/duckduckgo/Android/blob/fe3e65263b23930e03b723517b7c011edfafbe0b/app-tracking-protection/vpn-impl/src/main/res/values/strings-vpn.xml#L188
Android,headings,app-tracking-protection/vpn-impl,atp_FAQActivityTitle,,FAQ,,App Tracking Protection FAQ,,true,,false,apps/android/app-tracking-protection/vpn-impl/src/main/res/values/strings-vpn.xml,237,https://github.com/duckduckgo/Android/blob/fe3e65263b23930e03b723517b7c011edfafbe0b/app-tracking-protection/vpn-impl/src/main/res/values/strings-vpn.xml#L237
Android,headings,app-tracking-protection/vpn-impl,atp_FAQFirstHeader,,How does App Tracking Protection work?,,App Tracking Protection FAQ,,true,,false,apps/android/app-tracking-protection/vpn-impl/src/main/res/values/strings-vpn.xml,238,https://github.com/duckduckgo/Android/blob/fe3e65263b23930e03b723517b7c011edfafbe0b/app-tracking-protection/vpn-impl/src/main/res/values/strings-vpn.xml#L238
Android,headings,app-tracking-protection/vpn-impl,atp_FAQSecondHeader,,Does App Tracking Protection block trackers in all my apps?,,App Tracking Protection FAQ,,true,,false,apps/android/app-tracking-protection/vpn-impl/src/main/res/values/strings-vpn.xml,240,https://github.com/duckduckgo/Android/blob/fe3e65263b23930e03b723517b7c011edfafbe0b/app-tracking-protection/vpn-impl/src/main/res/values/strings-vpn.xml#L240
Android,headings,app-tracking-protection/vpn-impl,atp_FAQThirdHeader,,Why does App Tracking Protection use a VPN connection?,,App Tracking Protection FAQ,,true,,false,apps/android/app-tracking-protection/vpn-impl/src/main/res/values/strings-vpn.xml,242,https://github.com/duckduckgo/Android/blob/fe3e65263b23930e03b723517b7c011edfafbe0b/app-tracking-protection/vpn-impl/src/main/res/values/strings-vpn.xml#L242
Android,headings,app-tracking-protection/vpn-impl,atp_FAQFourthHeader,,Will App Tracking Protection work if I also use a VPN app?,,App Tracking Protection FAQ,,true,,false,apps/android/app-tracking-protection/vpn-impl/src/main/res/values/strings-vpn.xml,244,https://github.com/duckduckgo/Android/blob/fe3e65263b23930e03b723517b7c011edfafbe0b/app-tracking-protection/vpn-impl/src/main/res/values/strings-vpn.xml#L244
Android,headings,app-tracking-protection/vpn-impl,atp_FAQFifthHeader,,How is App Tracking Protection different from a VPN?,,App Tracking Protection FAQ,,true,,false,apps/android/app-tracking-protection/vpn-impl/src/main/res/values/strings-vpn.xml,246,https://github.com/duckduckgo/Android/blob/fe3e65263b23930e03b723517b7c011edfafbe0b/app-tracking-protection/vpn-impl/src/main/res/values/strings-vpn.xml#L246
Android,headings,app-tracking-protection/vpn-impl,atp_FAQSixthHeader,,Is my data private?,,App Tracking Protection FAQ,,true,,false,apps/android/app-tracking-protection/vpn-impl/src/main/res/values/strings-vpn.xml,248,https://github.com/duckduckgo/Android/blob/fe3e65263b23930e03b723517b7c011edfafbe0b/app-tracking-protection/vpn-impl/src/main/res/values/strings-vpn.xml#L248
Android,headings,app-tracking-protection/vpn-impl,atp_WaitlistRedeemCodeTitle,,Almost there…,,App Tracking Protection Waitlist,,true,,false,apps/android/app-tracking-protection/vpn-impl/src/main/res/values/strings-vpn.xml,264,https://github.com/duckduckgo/Android/blob/fe3e65263b23930e03b723517b7c011edfafbe0b/app-tracking-protection/vpn-impl/src/main/res/values/strings-vpn.xml#L264
Android,headings,app-tracking-protection/vpn-impl,atp_CompanyDetailsTrackingAttemptsTitle,plural:one,DuckDuckGo Blocked %1$d Tracking Attempt,,App Tracking Company Details,%1$d,true,,false,apps/android/app-tracking-protection/vpn-impl/src/main/res/values/strings-vpn.xml,278,https://github.com/duckduckgo/Android/blob/fe3e65263b23930e03b723517b7c011edfafbe0b/app-tracking-protection/vpn-impl/src/main/res/values/strings-vpn.xml#L278
Android,headings,app-tracking-protection/vpn-impl,atp_CompanyDetailsTrackingAttemptsTitle,plural:other,DuckDuckGo Blocked %1$d Tracking Attempts,,App Tracking Company Details,%1$d,true,,false,apps/android/app-tracking-protection/vpn-impl/src/main/res/values/strings-vpn.xml,278,https://github.com/duckduckgo/Android/blob/fe3e65263b23930e03b723517b7c011edfafbe0b/app-tracking-protection/vpn-impl/src/main/res/values/strings-vpn.xml#L278
Android,headings,app-tracking-protection/vpn-impl,atp_DisableConfirmationDialogTitle,,Disable App Tracking Protection?,,App Tracking Protection Disable VPN Dialog,,true,,false,apps/android/app-tracking-protection/vpn-impl/src/main/res/values/strings-vpn.xml,345,https://github.com/duckduckgo/Android/blob/fe3e65263b23930e03b723517b7c011edfafbe0b/app-tracking-protection/vpn-impl/src/main/res/values/strings-vpn.xml#L345
Android,headings,app-tracking-protection/vpn-impl,atp_VpnConflictDialogTitle,,Your VPN app may be disconnected,,App Tracking Protection VPN Conflict Dialog,,true,,false,apps/android/app-tracking-protection/vpn-impl/src/main/res/values/strings-vpn.xml,352,https://github.com/duckduckgo/Android/blob/fe3e65263b23930e03b723517b7c011edfafbe0b/app-tracking-protection/vpn-impl/src/main/res/values/strings-vpn.xml#L352
Android,headings,app-tracking-protection/vpn-impl,atp_VpnConflictAlwaysOnDialogTitle,,Your VPN app is blocking App Tracking Protection,,App Tracking Protection VPN Conflict Dialog,,true,,false,apps/android/app-tracking-protection/vpn-impl/src/main/res/values/strings-vpn.xml,353,https://github.com/duckduckgo/Android/blob/fe3e65263b23930e03b723517b7c011edfafbe0b/app-tracking-protection/vpn-impl/src/main/res/values/strings-vpn.xml#L353
Android,headings,app-tracking-protection/vpn-impl,atp_ManageRecentAppsProtectionActivityTitle,,Having Issues?,,Manage Recent Apps Protection,,true,,false,apps/android/app-tracking-protection/vpn-impl/src/main/res/values/strings-vpn.xml,362,https://github.com/duckduckgo/Android/blob/fe3e65263b23930e03b723517b7c011edfafbe0b/app-tracking-protection/vpn-impl/src/main/res/values/strings-vpn.xml#L362
Android,headings,app-tracking-protection/vpn-impl,atp_ManageRecentAppsProtectionSectionTitle,,Recommended System Settings,,Manage Recent Apps Protection,,true,,false,apps/android/app-tracking-protection/vpn-impl/src/main/res/values/strings-vpn.xml,365,https://github.com/duckduckgo/Android/blob/fe3e65263b23930e03b723517b7c011edfafbe0b/app-tracking-protection/vpn-impl/src/main/res/values/strings-vpn.xml#L365
Android,headings,app-tracking-protection/vpn-impl,atp_ManageRecentAppsProtectionAlwaysOnTitle,,Make Sure VPN Is Always ON,,Manage Recent Apps Protection,,true,,false,apps/android/app-tracking-protection/vpn-impl/src/main/res/values/strings-vpn.xml,366,https://github.com/duckduckgo/Android/blob/fe3e65263b23930e03b723517b7c011edfafbe0b/app-tracking-protection/vpn-impl/src/main/res/values/strings-vpn.xml#L366
Android,headings,app-tracking-protection/vpn-impl,atp_ManageRecentAppsProtectionAllowUnrestrictedBattTitle,,Allow Unrestricted App Battery Usage,,Manage Recent Apps Protection,,true,,false,apps/android/app-tracking-protection/vpn-impl/src/main/res/values/strings-vpn.xml,368,https://github.com/duckduckgo/Android/blob/fe3e65263b23930e03b723517b7c011edfafbe0b/app-tracking-protection/vpn-impl/src/main/res/values/strings-vpn.xml#L368
Android,headings,app-tracking-protection/vpn-impl,atp_ManageRecentAppsProtectionUnrestrictedBattTitle,,App Battery Usage Is Unrestricted,,Manage Recent Apps Protection,,true,,false,apps/android/app-tracking-protection/vpn-impl/src/main/res/values/strings-vpn.xml,370,https://github.com/duckduckgo/Android/blob/fe3e65263b23930e03b723517b7c011edfafbe0b/app-tracking-protection/vpn-impl/src/main/res/values/strings-vpn.xml#L370
Android,headings,app-tracking-protection/vpn-impl,atp_RemoveFeatureDialogTitle,,Disable and delete data?,,App Tracking Protection Remove Feature Dialog,,true,,false,apps/android/app-tracking-protection/vpn-impl/src/main/res/values/strings-vpn.xml,374,https://github.com/duckduckgo/Android/blob/fe3e65263b23930e03b723517b7c011edfafbe0b/app-tracking-protection/vpn-impl/src/main/res/values/strings-vpn.xml#L374
Android,headings,app-tracking-protection/vpn-impl,atp_AlwaysOnModalHeading,,Set to Always-on,,App Tracking Protection Promote Always On,,true,,false,apps/android/app-tracking-protection/vpn-impl/src/main/res/values/strings-vpn.xml,384,https://github.com/duckduckgo/Android/blob/fe3e65263b23930e03b723517b7c011edfafbe0b/app-tracking-protection/vpn-impl/src/main/res/values/strings-vpn.xml#L384
Android,headings,app-tracking-protection/vpn-impl,atp_AlwaysOnLockdownModalHeading,,Change your VPN settings,,App Tracking Protection Promote Always On,,true,,false,apps/android/app-tracking-protection/vpn-impl/src/main/res/values/strings-vpn.xml,385,https://github.com/duckduckgo/Android/blob/fe3e65263b23930e03b723517b7c011edfafbe0b/app-tracking-protection/vpn-impl/src/main/res/values/strings-vpn.xml#L385
Android,headings,app-tracking-protection/vpn-impl,atp_TrackingProtectionExclusionListActivityTitle,,My Apps,,App Tracking Protection Exclusion list,,true,,false,apps/android/app-tracking-protection/vpn-impl/src/main/res/values/strings-vpn.xml,390,https://github.com/duckduckgo/Android/blob/fe3e65263b23930e03b723517b7c011edfafbe0b/app-tracking-protection/vpn-impl/src/main/res/values/strings-vpn.xml#L390
Android,headings,app-tracking-protection/vpn-impl,atp_ExcludeAppsManuallyDisableAppDialogTitle,,Report an issue?,,App Tracking Protection Exclusion list,,true,,false,apps/android/app-tracking-protection/vpn-impl/src/main/res/values/strings-vpn.xml,394,https://github.com/duckduckgo/Android/blob/fe3e65263b23930e03b723517b7c011edfafbe0b/app-tracking-protection/vpn-impl/src/main/res/values/strings-vpn.xml#L394
Android,headings,app-tracking-protection/vpn-impl,atp_ActivityRecentActivityHeader,,Activity,,App Tracking Protection Exclusion list,,true,,false,apps/android/app-tracking-protection/vpn-impl/src/main/res/values/strings-vpn.xml,398,https://github.com/duckduckgo/Android/blob/fe3e65263b23930e03b723517b7c011edfafbe0b/app-tracking-protection/vpn-impl/src/main/res/values/strings-vpn.xml#L398
Android,headings,app-tracking-protection/vpn-impl,appTrackingProtectionNotifyMeTitle,,Keep an eye on blocked trackers,,Notify Me View on AppTP,,true,,false,apps/android/app-tracking-protection/vpn-impl/src/main/res/values/strings-vpn.xml,424,https://github.com/duckduckgo/Android/blob/fe3e65263b23930e03b723517b7c011edfafbe0b/app-tracking-protection/vpn-impl/src/main/res/values/strings-vpn.xml#L424
Android,headings,app-tracking-protection/vpn-impl,apptp_PproUpsellBannerTitle,,Take Your Privacy to the Next Level,,Privacy pro upsell,,true,,false,apps/android/app-tracking-protection/vpn-impl/src/main/res/values/strings-vpn.xml,432,https://github.com/duckduckgo/Android/blob/fe3e65263b23930e03b723517b7c011edfafbe0b/app-tracking-protection/vpn-impl/src/main/res/values/strings-vpn.xml#L432
Android,headings,autoconsent/autoconsent-impl,autoconsentTitle,,Cookie Pop-Up Protection,,,,true,,false,apps/android/autoconsent/autoconsent-impl/src/main/res/values/strings-autoconsent.xml,20,https://github.com/duckduckgo/Android/blob/fe3e65263b23930e03b723517b7c011edfafbe0b/autoconsent/autoconsent-impl/src/main/res/values/strings-autoconsent.xml#L20
Android,headings,autoconsent/autoconsent-impl,autoconsentPromptTitle,,Tired of cookie pop-ups?,,,,true,,false,apps/android/autoconsent/autoconsent-impl/src/main/res/values/strings-autoconsent.xml,28,https://github.com/duckduckgo/Android/blob/fe3e65263b23930e03b723517b7c011edfafbe0b/autoconsent/autoconsent-impl/src/main/res/values/strings-autoconsent.xml#L28
Android,headings,autofill/autofill-impl,saveLoginDialogTitle,,Save your password?,,,,true,,false,apps/android/autofill/autofill-impl/src/main/res/values/strings-autofill-impl.xml,25,https://github.com/duckduckgo/Android/blob/fe3e65263b23930e03b723517b7c011edfafbe0b/autofill/autofill-impl/src/main/res/values/strings-autofill-impl.xml#L25
Android,headings,autofill/autofill-impl,useSavedLoginDialogTitle,,Use a saved password?,,,,true,,false,apps/android/autofill/autofill-impl/src/main/res/values/strings-autofill-impl.xml,28,https://github.com/duckduckgo/Android/blob/fe3e65263b23930e03b723517b7c011edfafbe0b/autofill/autofill-impl/src/main/res/values/strings-autofill-impl.xml#L28
Android,headings,autofill/autofill-impl,updateLoginDialogTitleUpdateUsername,,Update username?,,,,true,,false,apps/android/autofill/autofill-impl/src/main/res/values/strings-autofill-impl.xml,37,https://github.com/duckduckgo/Android/blob/fe3e65263b23930e03b723517b7c011edfafbe0b/autofill/autofill-impl/src/main/res/values/strings-autofill-impl.xml#L37
Android,headings,autofill/autofill-impl,updateLoginDialogTitleLine,,Update password for \n%1$s?,Placeholder is the user's username for this site,,%1$s,true,,false,apps/android/autofill/autofill-impl/src/main/res/values/strings-autofill-impl.xml,40,https://github.com/duckduckgo/Android/blob/fe3e65263b23930e03b723517b7c011edfafbe0b/autofill/autofill-impl/src/main/res/values/strings-autofill-impl.xml#L40
Android,headings,autofill/autofill-impl,autofillManagementSurveyPromptTitle,,Help us improve!,,"Autofill Management Survey Prompt, shown only to English locale so marked as not translatable",,false,,false,apps/android/autofill/autofill-impl/src/main/res/values/strings-autofill-impl.xml,68,https://github.com/duckduckgo/Android/blob/fe3e65263b23930e03b723517b7c011edfafbe0b/autofill/autofill-impl/src/main/res/values/strings-autofill-impl.xml#L68
Android,headings,autofill/autofill-impl,autofill_password_generation_offer_title,,Use a strong password from DuckDuckGo?,,"Autofill Management Survey Prompt, shown only to English locale so marked as not translatable",,true,,false,apps/android/autofill/autofill-impl/src/main/res/values/strings-autofill-impl.xml,75,https://github.com/duckduckgo/Android/blob/fe3e65263b23930e03b723517b7c011edfafbe0b/autofill/autofill-impl/src/main/res/values/strings-autofill-impl.xml#L75
Android,headings,autofill/autofill-impl,deviceNotSupportedTitle,,Device not supported,,"Autofill Management Survey Prompt, shown only to English locale so marked as not translatable",,true,,false,apps/android/autofill/autofill-impl/src/main/res/values/strings-autofill-impl.xml,79,https://github.com/duckduckgo/Android/blob/fe3e65263b23930e03b723517b7c011edfafbe0b/autofill/autofill-impl/src/main/res/values/strings-autofill-impl.xml#L79
Android,headings,autofill/autofill-impl,credentialManagementDeactivateDuckAddressDialogTitle,,Deactivate Private Duck Address?,"'Duck Address' is the feature name, and should not be translated. We are confirming with the user that they are about to deactivate their private 'Duck Address'","Autofill Management Survey Prompt, shown only to English locale so marked as not translatable",,true,,false,apps/android/autofill/autofill-impl/src/main/res/values/strings-autofill-impl.xml,87,https://github.com/duckduckgo/Android/blob/fe3e65263b23930e03b723517b7c011edfafbe0b/autofill/autofill-impl/src/main/res/values/strings-autofill-impl.xml#L87
Android,headings,autofill/autofill-impl,credentialManagementActivateDuckAddressDialogTitle,,Reactivate Private Duck Address?,"'Duck Address' is the feature name, and should not be translated. We are confirming with the user that they are about to reactivate their private 'Duck Address'","Autofill Management Survey Prompt, shown only to English locale so marked as not translatable",,true,,false,apps/android/autofill/autofill-impl/src/main/res/values/strings-autofill-impl.xml,90,https://github.com/duckduckgo/Android/blob/fe3e65263b23930e03b723517b7c011edfafbe0b/autofill/autofill-impl/src/main/res/values/strings-autofill-impl.xml#L90
Android,headings,autofill/autofill-impl,autofill_email_protection_choose_email_dialog_title,,Select email address,,"Autofill Management Survey Prompt, shown only to English locale so marked as not translatable",,true,,false,apps/android/autofill/autofill-impl/src/main/res/values/strings-autofill-impl.xml,104,https://github.com/duckduckgo/Android/blob/fe3e65263b23930e03b723517b7c011edfafbe0b/autofill/autofill-impl/src/main/res/values/strings-autofill-impl.xml#L104
Android,headings,autofill/autofill-impl,autofillEmailProtectionInContextSignUpDialogTitle,,Hide Your Email and Block Trackers,,"Autofill Management Survey Prompt, shown only to English locale so marked as not translatable",,true,,false,apps/android/autofill/autofill-impl/src/main/res/values/strings-autofill-impl.xml,113,https://github.com/duckduckgo/Android/blob/fe3e65263b23930e03b723517b7c011edfafbe0b/autofill/autofill-impl/src/main/res/values/strings-autofill-impl.xml#L113
Android,headings,autofill/autofill-impl,autofillEmailProtectionInContextSignUpConfirmExitDialogTitle,,"If you exit now, your Duck Address will not be saved",,"Autofill Management Survey Prompt, shown only to English locale so marked as not translatable",,true,,false,apps/android/autofill/autofill-impl/src/main/res/values/strings-autofill-impl.xml,118,https://github.com/duckduckgo/Android/blob/fe3e65263b23930e03b723517b7c011edfafbe0b/autofill/autofill-impl/src/main/res/values/strings-autofill-impl.xml#L118
Android,headings,autofill/autofill-impl,autofillManagementScreenTitle,,Passwords,,"Autofill Management Survey Prompt, shown only to English locale so marked as not translatable",,true,,false,apps/android/autofill/autofill-impl/src/main/res/values/strings-autofill-impl.xml,122,https://github.com/duckduckgo/Android/blob/fe3e65263b23930e03b723517b7c011edfafbe0b/autofill/autofill-impl/src/main/res/values/strings-autofill-impl.xml#L122
Android,headings,autofill/autofill-impl,autofillManagementScreenTitleNew,,Passwords & Autofill,,"Autofill Management Survey Prompt, shown only to English locale so marked as not translatable",,true,,false,apps/android/autofill/autofill-impl/src/main/res/values/strings-autofill-impl.xml,123,https://github.com/duckduckgo/Android/blob/fe3e65263b23930e03b723517b7c011edfafbe0b/autofill/autofill-impl/src/main/res/values/strings-autofill-impl.xml#L123
Android,headings,autofill/autofill-impl,credentialManagementNoLoginsSavedTitle,,No passwords saved yet,,"Autofill Management Survey Prompt, shown only to English locale so marked as not translatable",,true,,false,apps/android/autofill/autofill-impl/src/main/res/values/strings-autofill-impl.xml,124,https://github.com/duckduckgo/Android/blob/fe3e65263b23930e03b723517b7c011edfafbe0b/autofill/autofill-impl/src/main/res/values/strings-autofill-impl.xml#L124
Android,headings,autofill/autofill-impl,credentialManagementAutofillHelpPageTitle,,Password Manager Security,,"Autofill Management Survey Prompt, shown only to English locale so marked as not translatable",,true,,false,apps/android/autofill/autofill-impl/src/main/res/values/strings-autofill-impl.xml,127,https://github.com/duckduckgo/Android/blob/fe3e65263b23930e03b723517b7c011edfafbe0b/autofill/autofill-impl/src/main/res/values/strings-autofill-impl.xml#L127
Android,headings,autofill/autofill-impl,autofillDisableAutofillPromptTitle,,Do you want to keep saving passwords?,,"Autofill Management Survey Prompt, shown only to English locale so marked as not translatable",,true,,false,apps/android/autofill/autofill-impl/src/main/res/values/strings-autofill-impl.xml,133,https://github.com/duckduckgo/Android/blob/fe3e65263b23930e03b723517b7c011edfafbe0b/autofill/autofill-impl/src/main/res/values/strings-autofill-impl.xml#L133
Android,headings,autofill/autofill-impl,biometric_prompt_title,,Passwords Locked,,"Autofill Management Survey Prompt, shown only to English locale so marked as not translatable",,true,,false,apps/android/autofill/autofill-impl/src/main/res/values/strings-autofill-impl.xml,137,https://github.com/duckduckgo/Android/blob/fe3e65263b23930e03b723517b7c011edfafbe0b/autofill/autofill-impl/src/main/res/values/strings-autofill-impl.xml#L137
Android,headings,autofill/autofill-impl,managementDisabledModeTitle,,Secure your device to save passwords,,"Autofill Management Survey Prompt, shown only to English locale so marked as not translatable",,true,,false,apps/android/autofill/autofill-impl/src/main/res/values/strings-autofill-impl.xml,139,https://github.com/duckduckgo/Android/blob/fe3e65263b23930e03b723517b7c011edfafbe0b/autofill/autofill-impl/src/main/res/values/strings-autofill-impl.xml#L139
Android,headings,autofill/autofill-impl,credentialManagementEditTitle,,Edit Password,,"Autofill Management Survey Prompt, shown only to English locale so marked as not translatable",,true,,false,apps/android/autofill/autofill-impl/src/main/res/values/strings-autofill-impl.xml,141,https://github.com/duckduckgo/Android/blob/fe3e65263b23930e03b723517b7c011edfafbe0b/autofill/autofill-impl/src/main/res/values/strings-autofill-impl.xml#L141
Android,headings,autofill/autofill-impl,credentialManagementClearNeverForThisSiteDialogTitle,,Reset Excluded Sites?,,"Autofill Management Survey Prompt, shown only to English locale so marked as not translatable",,true,,false,apps/android/autofill/autofill-impl/src/main/res/values/strings-autofill-impl.xml,152,https://github.com/duckduckgo/Android/blob/fe3e65263b23930e03b723517b7c011edfafbe0b/autofill/autofill-impl/src/main/res/values/strings-autofill-impl.xml#L152
Android,headings,autofill/autofill-impl,credentialManagementDeleteAllPasswordsDialogConfirmationTitleSingular,,Are you sure you want to delete this password?,,Sync settings screen,,true,,false,apps/android/autofill/autofill-impl/src/main/res/values/strings-autofill-impl.xml,183,https://github.com/duckduckgo/Android/blob/fe3e65263b23930e03b723517b7c011edfafbe0b/autofill/autofill-impl/src/main/res/values/strings-autofill-impl.xml#L183
Android,headings,autofill/autofill-impl,credentialManagementDeleteAllPasswordsDialogConfirmationTitlePlural,plural:other,Are you sure you want to delete %1$d passwords?,Placeholder is a number representing how many passwords will be deleted,Sync settings screen,%1$d,true,,false,apps/android/autofill/autofill-impl/src/main/res/values/strings-autofill-impl.xml,184,https://github.com/duckduckgo/Android/blob/fe3e65263b23930e03b723517b7c011edfafbe0b/autofill/autofill-impl/src/main/res/values/strings-autofill-impl.xml#L184
Android,headings,autofill/autofill-impl,autofillManagementImportPasswordsHowToTitle,,How To Import Passwords,,Sync settings screen,,true,,false,apps/android/autofill/autofill-impl/src/main/res/values/strings-autofill-impl.xml,197,https://github.com/duckduckgo/Android/blob/fe3e65263b23930e03b723517b7c011edfafbe0b/autofill/autofill-impl/src/main/res/values/strings-autofill-impl.xml#L197
Android,headings,autofill/autofill-impl,autofillManagementHowToSyncDesktopPasswordsTitle,,How to Sync Desktop Passwords,,Sync settings screen,,true,,false,apps/android/autofill/autofill-impl/src/main/res/values/strings-autofill-impl.xml,198,https://github.com/duckduckgo/Android/blob/fe3e65263b23930e03b723517b7c011edfafbe0b/autofill/autofill-impl/src/main/res/values/strings-autofill-impl.xml#L198
Android,headings,autofill/autofill-impl,autofillManagementImportPasswordsGetDesktopBrowserIntentTitle,,Get DuckDuckGo Browser for Mac or Windows,,Sync settings screen,,true,,false,apps/android/autofill/autofill-impl/src/main/res/values/strings-autofill-impl.xml,201,https://github.com/duckduckgo/Android/blob/fe3e65263b23930e03b723517b7c011edfafbe0b/autofill/autofill-impl/src/main/res/values/strings-autofill-impl.xml#L201
Android,headings,autofill/autofill-impl,autofillManagementImportPasswordsImportFromDesktopTitle,,Import from the desktop browser:,,Sync settings screen,,true,,false,apps/android/autofill/autofill-impl/src/main/res/values/strings-autofill-impl.xml,204,https://github.com/duckduckgo/Android/blob/fe3e65263b23930e03b723517b7c011edfafbe0b/autofill/autofill-impl/src/main/res/values/strings-autofill-impl.xml#L204
Android,headings,autofill/autofill-impl,autofillManagementImportPasswordsGetDesktopAppTitle,,Get Desktop App,,Sync settings screen,,true,,false,apps/android/autofill/autofill-impl/src/main/res/values/strings-autofill-impl.xml,210,https://github.com/duckduckgo/Android/blob/fe3e65263b23930e03b723517b7c011edfafbe0b/autofill/autofill-impl/src/main/res/values/strings-autofill-impl.xml#L210
Android,headings,autofill/autofill-impl,autofillManagementReportBreakagePromptTitle,,Report a problem with autofill,,Sync settings screen,,true,,false,apps/android/autofill/autofill-impl/src/main/res/values/strings-autofill-impl.xml,214,https://github.com/duckduckgo/Android/blob/fe3e65263b23930e03b723517b7c011edfafbe0b/autofill/autofill-impl/src/main/res/values/strings-autofill-impl.xml#L214
Android,headings,autofill/autofill-impl,autofillManagementReportBreakageDialogTitle,,Report autofill not working on %1$s?,Placeholder is a website URL,Sync settings screen,%1$s,true,,false,apps/android/autofill/autofill-impl/src/main/res/values/strings-autofill-impl.xml,216,https://github.com/duckduckgo/Android/blob/fe3e65263b23930e03b723517b7c011edfafbe0b/autofill/autofill-impl/src/main/res/values/strings-autofill-impl.xml#L216
Android,headings,autofill/autofill-impl,onboardingSaveDialogKeyFeatureTitle,,Key Features,,Save Dialog,,true,,false,apps/android/autofill/autofill-impl/src/main/res/values/strings-autofill-impl.xml,223,https://github.com/duckduckgo/Android/blob/fe3e65263b23930e03b723517b7c011edfafbe0b/autofill/autofill-impl/src/main/res/values/strings-autofill-impl.xml#L223
Android,headings,autofill/autofill-impl,autofillImportGooglePasswordsWebFlowTitle,,Import Passwords,,Save Dialog,,true,,false,apps/android/autofill/autofill-impl/src/main/res/values/strings-autofill-impl.xml,236,https://github.com/duckduckgo/Android/blob/fe3e65263b23930e03b723517b7c011edfafbe0b/autofill/autofill-impl/src/main/res/values/strings-autofill-impl.xml#L236
Android,headings,autofill/autofill-impl,importPasswordsChooseMethodDialogTitle,,Import Passwords From Google,,Save Dialog,,true,,false,apps/android/autofill/autofill-impl/src/main/res/values/strings-autofill-impl.xml,246,https://github.com/duckduckgo/Android/blob/fe3e65263b23930e03b723517b7c011edfafbe0b/autofill/autofill-impl/src/main/res/values/strings-autofill-impl.xml#L246
Android,headings,autofill/autofill-impl,importPasswordsProcessingResultDialogTitleBeforeSuccess,,Import to DuckDuckGo,,Save Dialog,,true,,false,apps/android/autofill/autofill-impl/src/main/res/values/strings-autofill-impl.xml,252,https://github.com/duckduckgo/Android/blob/fe3e65263b23930e03b723517b7c011edfafbe0b/autofill/autofill-impl/src/main/res/values/strings-autofill-impl.xml#L252
Android,headings,autofill/autofill-impl,importPasswordsProcessingResultDialogTitleUponSuccess,,Import Complete,,Save Dialog,,true,,false,apps/android/autofill/autofill-impl/src/main/res/values/strings-autofill-impl.xml,253,https://github.com/duckduckgo/Android/blob/fe3e65263b23930e03b723517b7c011edfafbe0b/autofill/autofill-impl/src/main/res/values/strings-autofill-impl.xml#L253
Android,headings,autofill/autofill-impl,autofillSettingsActivityTitle,,Passwords & Autofill,,New autofill Settings screen,,true,,false,apps/android/autofill/autofill-impl/src/main/res/values/strings-autofill-impl.xml,264,https://github.com/duckduckgo/Android/blob/fe3e65263b23930e03b723517b7c011edfafbe0b/autofill/autofill-impl/src/main/res/values/strings-autofill-impl.xml#L264
Android,headings,autofill/autofill-impl,autofillSettingsClearNeverForThisSiteDialogTitle,,Reset Excluded Sites?,,New autofill Settings screen,,true,,false,apps/android/autofill/autofill-impl/src/main/res/values/strings-autofill-impl.xml,265,https://github.com/duckduckgo/Android/blob/fe3e65263b23930e03b723517b7c011edfafbe0b/autofill/autofill-impl/src/main/res/values/strings-autofill-impl.xml#L265
Android,headings,autofill/autofill-impl,autofillSettingsResetExcludedSitesTitle,,Reset Excluded Sites,,New autofill Settings screen,,true,,false,apps/android/autofill/autofill-impl/src/main/res/values/strings-autofill-impl.xml,275,https://github.com/duckduckgo/Android/blob/fe3e65263b23930e03b723517b7c011edfafbe0b/autofill/autofill-impl/src/main/res/values/strings-autofill-impl.xml#L275
Android,headings,autofill/autofill-impl,passwords_import_promo_title,,Bring your passwords from<br />Google to DuckDuckGo,The 'br' is a forced line break for English. It does not need to be included in translations.,New autofill Settings screen,,true,,false,apps/android/autofill/autofill-impl/src/main/res/values/strings-autofill-impl.xml,277,https://github.com/duckduckgo/Android/blob/fe3e65263b23930e03b723517b7c011edfafbe0b/autofill/autofill-impl/src/main/res/values/strings-autofill-impl.xml#L277
Android,headings,autofill/autofill-impl,passwords_import_promo_in_browser_title,,Bring your passwords from Google to DuckDuckGo,,New autofill Settings screen,,true,,false,apps/android/autofill/autofill-impl/src/main/res/values/strings-autofill-impl.xml,280,https://github.com/duckduckgo/Android/blob/fe3e65263b23930e03b723517b7c011edfafbe0b/autofill/autofill-impl/src/main/res/values/strings-autofill-impl.xml#L280
Android,headings,autofill/autofill-impl,passwords_import_promo_in_settings_title,,Import Passwords from Google,,New autofill Settings screen,,true,,false,apps/android/autofill/autofill-impl/src/main/res/values/strings-autofill-impl.xml,282,https://github.com/duckduckgo/Android/blob/fe3e65263b23930e03b723517b7c011edfafbe0b/autofill/autofill-impl/src/main/res/values/strings-autofill-impl.xml#L282
Android,headings,autofill/autofill-impl,importBookmarksFromGooglePreImportDialogTitle,,Import Bookmarks From Google,,Import Bookmarks Strings,,true,,false,apps/android/autofill/autofill-impl/src/main/res/values/strings-autofill-impl.xml,288,https://github.com/duckduckgo/Android/blob/fe3e65263b23930e03b723517b7c011edfafbe0b/autofill/autofill-impl/src/main/res/values/strings-autofill-impl.xml#L288
Android,headings,autofill/autofill-impl,importBookmarksFromGoogleWebFlowTitle,,Import Bookmarks,,Import Bookmarks Strings,,true,,false,apps/android/autofill/autofill-impl/src/main/res/values/strings-autofill-impl.xml,292,https://github.com/duckduckgo/Android/blob/fe3e65263b23930e03b723517b7c011edfafbe0b/autofill/autofill-impl/src/main/res/values/strings-autofill-impl.xml#L292
Android,headings,autofill/autofill-impl,importBookmarksProgressTitle,,Importing from Google…,,Import Bookmarks Strings,,true,,false,apps/android/autofill/autofill-impl/src/main/res/values/strings-autofill-impl.xml,293,https://github.com/duckduckgo/Android/blob/fe3e65263b23930e03b723517b7c011edfafbe0b/autofill/autofill-impl/src/main/res/values/strings-autofill-impl.xml#L293
Android,headings,autofill/autofill-impl,importBookmarksFromGoogleCancelConfirmationDialogTitle,,Cancel import?,,Import Bookmarks Strings,,true,,false,apps/android/autofill/autofill-impl/src/main/res/values/strings-autofill-impl.xml,297,https://github.com/duckduckgo/Android/blob/fe3e65263b23930e03b723517b7c011edfafbe0b/autofill/autofill-impl/src/main/res/values/strings-autofill-impl.xml#L297
Android,headings,autofill/autofill-impl,importBookmarksSuccessTitle,,@string/importToDuckDuckGo,,Import Bookmarks Strings,,true,,false,apps/android/autofill/autofill-impl/src/main/res/values/strings-autofill-impl.xml,302,https://github.com/duckduckgo/Android/blob/fe3e65263b23930e03b723517b7c011edfafbe0b/autofill/autofill-impl/src/main/res/values/strings-autofill-impl.xml#L302
Android,headings,broken-site/broken-site-impl,broken_site_prompt_title,,Site not working? Let us know.,,,,true,,false,apps/android/broken-site/broken-site-impl/src/main/res/values/strings-broken-site.xml,19,https://github.com/duckduckgo/Android/blob/fe3e65263b23930e03b723517b7c011edfafbe0b/broken-site/broken-site-impl/src/main/res/values/strings-broken-site.xml#L19
Android,headings,browser/browser-ui,autocompleteRemoveItemTitle,,Remove search suggestion?,,,,true,,false,apps/android/browser/browser-ui/src/main/res/values/strings-auto-complete.xml,20,https://github.com/duckduckgo/Android/blob/fe3e65263b23930e03b723517b7c011edfafbe0b/browser/browser-ui/src/main/res/values/strings-auto-complete.xml#L20
Android,headings,browser/browser-ui,newTabReturnHatchFireTabTitle,,Last used Fire Tab,,,,true,,false,apps/android/browser/browser-ui/src/main/res/values/strings-new-tab-return-hatch.xml,20,https://github.com/duckduckgo/Android/blob/fe3e65263b23930e03b723517b7c011edfafbe0b/browser/browser-ui/src/main/res/values/strings-new-tab-return-hatch.xml#L20
Android,headings,dax-prompts/dax-prompts-impl,dax_prompt_browser_comparison_title,,Browser Comparison,Title for the Browser Comparison section,,,true,,false,apps/android/dax-prompts/dax-prompts-impl/src/main/res/values/strings-daxprompts.xml,19,https://github.com/duckduckgo/Android/blob/fe3e65263b23930e03b723517b7c011edfafbe0b/dax-prompts/dax-prompts-impl/src/main/res/values/strings-daxprompts.xml#L19
Android,headings,dax-prompts/dax-prompts-impl,dax_prompt_browser_comparison_message_title,,DuckDuckGo has protections other browsers don’t.,Title for Dax message,,,true,,false,apps/android/dax-prompts/dax-prompts-impl/src/main/res/values/strings-daxprompts.xml,21,https://github.com/duckduckgo/Android/blob/fe3e65263b23930e03b723517b7c011edfafbe0b/dax-prompts/dax-prompts-impl/src/main/res/values/strings-daxprompts.xml#L21
Android,headings,desktop-app-promotion/desktop-app-promotion-impl,desktopAppPromotionToolbarTitle,,Get Desktop Browser,Toolbar title of the screen promoting the DuckDuckGo desktop browser,,,true,,false,apps/android/desktop-app-promotion/desktop-app-promotion-impl/src/main/res/values/strings-desktop-app-promotion.xml,20,https://github.com/duckduckgo/Android/blob/fe3e65263b23930e03b723517b7c011edfafbe0b/desktop-app-promotion/desktop-app-promotion-impl/src/main/res/values/strings-desktop-app-promotion.xml#L20
Android,headings,desktop-app-promotion/desktop-app-promotion-impl,desktopAppPromotionTitle,,Protect your personal info on Mac and Windows too!,,,,true,,false,apps/android/desktop-app-promotion/desktop-app-promotion-impl/src/main/res/values/strings-desktop-app-promotion.xml,21,https://github.com/duckduckgo/Android/blob/fe3e65263b23930e03b723517b7c011edfafbe0b/desktop-app-promotion/desktop-app-promotion-impl/src/main/res/values/strings-desktop-app-promotion.xml#L21
Android,headings,downloads/downloads-impl,downloadsActivityTitle,,Downloads,,,,true,,false,apps/android/downloads/downloads-impl/src/main/res/values/strings-downloads.xml,39,https://github.com/duckduckgo/Android/blob/fe3e65263b23930e03b723517b7c011edfafbe0b/downloads/downloads-impl/src/main/res/values/strings-downloads.xml#L39
Android,headings,downloads/downloads-impl,downloadsNotifyMeTitle,,Find out when downloads are ready,,,,true,,false,apps/android/downloads/downloads-impl/src/main/res/values/strings-downloads.xml,49,https://github.com/duckduckgo/Android/blob/fe3e65263b23930e03b723517b7c011edfafbe0b/downloads/downloads-impl/src/main/res/values/strings-downloads.xml#L49
Android,headings,downloads/downloads-impl,downloadsShareTitle,,Share with…,,,,true,,false,apps/android/downloads/downloads-impl/src/main/res/values/strings-downloads.xml,50,https://github.com/duckduckgo/Android/blob/fe3e65263b23930e03b723517b7c011edfafbe0b/downloads/downloads-impl/src/main/res/values/strings-downloads.xml#L50
Android,headings,duckchat/duckchat-impl,subscriptionOnboardingDuckAiTitle,,Step 3 of 3,,Subscription onboarding,,false,,false,apps/android/duckchat/duckchat-impl/src/main/res/values/donottranslate.xml,23,https://github.com/duckduckgo/Android/blob/fe3e65263b23930e03b723517b7c011edfafbe0b/duckchat/duckchat-impl/src/main/res/values/donottranslate.xml#L23
Android,headings,duckchat/duckchat-impl,subscriptionOnboardingDuckAiHeaderTitle,,Duck.ai Private Chat,,Subscription onboarding,,false,,false,apps/android/duckchat/duckchat-impl/src/main/res/values/donottranslate.xml,24,https://github.com/duckduckgo/Android/blob/fe3e65263b23930e03b723517b7c011edfafbe0b/duckchat/duckchat-impl/src/main/res/values/donottranslate.xml#L24
Android,headings,duckchat/duckchat-impl,subscriptionOnboardingCompletionDuckAiTitle,,Advanced Models in Duck.ai,,Subscription onboarding,,false,,false,apps/android/duckchat/duckchat-impl/src/main/res/values/donottranslate.xml,30,https://github.com/duckduckgo/Android/blob/fe3e65263b23930e03b723517b7c011edfafbe0b/duckchat/duckchat-impl/src/main/res/values/donottranslate.xml#L30
Android,headings,duckchat/duckchat-impl,duck_chat_title,,Duck.ai,,,,true,,false,apps/android/duckchat/duckchat-impl/src/main/res/values/strings-duckchat.xml,19,https://github.com/duckduckgo/Android/blob/fe3e65263b23930e03b723517b7c011edfafbe0b/duckchat/duckchat-impl/src/main/res/values/strings-duckchat.xml#L19
Android,headings,duckchat/duckchat-impl,imageCaptureCameraGalleryDisambiguationTitle,,Upload an image,,Uploading an image from the camera or choosing to use existing image,,true,,false,apps/android/duckchat/duckchat-impl/src/main/res/values/strings-duckchat.xml,25,https://github.com/duckduckgo/Android/blob/fe3e65263b23930e03b723517b7c011edfafbe0b/duckchat/duckchat-impl/src/main/res/values/strings-duckchat.xml#L25
Android,headings,duckchat/duckchat-impl,imageCaptureCameraPermissionDeniedTitle,,Allow DuckDuckGo to ask for camera access on this device,,Uploading an image from the camera or choosing to use existing image,,true,,false,apps/android/duckchat/duckchat-impl/src/main/res/values/strings-duckchat.xml,28,https://github.com/duckduckgo/Android/blob/fe3e65263b23930e03b723517b7c011edfafbe0b/duckchat/duckchat-impl/src/main/res/values/strings-duckchat.xml#L28
Android,headings,duckchat/duckchat-impl,audioCaptureSoundRecorderPermissionDeniedTitle,,Allow DuckDuckGo to ask for sound recorder access on this device,,Content capture for upload,,true,,false,apps/android/duckchat/duckchat-impl/src/main/res/values/strings-duckchat.xml,35,https://github.com/duckduckgo/Android/blob/fe3e65263b23930e03b723517b7c011edfafbe0b/duckchat/duckchat-impl/src/main/res/values/strings-duckchat.xml#L35
Android,headings,duckchat/duckchat-impl,duck_chat_ai_features_title,,AI Features,,Settings,,true,,false,apps/android/duckchat/duckchat-impl/src/main/res/values/strings-duckchat.xml,39,https://github.com/duckduckgo/Android/blob/fe3e65263b23930e03b723517b7c011edfafbe0b/duckchat/duckchat-impl/src/main/res/values/strings-duckchat.xml#L39
Android,headings,duckchat/duckchat-impl,duck_chat_assist_settings_title,,Search Assist Settings,,Settings,,true,,false,apps/android/duckchat/duckchat-impl/src/main/res/values/strings-duckchat.xml,45,https://github.com/duckduckgo/Android/blob/fe3e65263b23930e03b723517b7c011edfafbe0b/duckchat/duckchat-impl/src/main/res/values/strings-duckchat.xml#L45
Android,headings,duckchat/duckchat-impl,duck_ai_shortcut_settings_title,,Duck.ai Shortcuts,,Settings,,true,,false,apps/android/duckchat/duckchat-impl/src/main/res/values/strings-duckchat.xml,47,https://github.com/duckduckgo/Android/blob/fe3e65263b23930e03b723517b7c011edfafbe0b/duckchat/duckchat-impl/src/main/res/values/strings-duckchat.xml#L47
Android,headings,duckchat/duckchat-impl,duckAiDefaultTogglePositionTitle,,New Tab Toggle Position,"'Toggle' refers to the UI tab switcher component (Search/Duck.ai), not the verb 'to toggle'.",Default Toggle Position,,true,,false,apps/android/duckchat/duckchat-impl/src/main/res/values/strings-duckchat.xml,51,https://github.com/duckduckgo/Android/blob/fe3e65263b23930e03b723517b7c011edfafbe0b/duckchat/duckchat-impl/src/main/res/values/strings-duckchat.xml#L51
Android,headings,duckchat/duckchat-impl,duck_ai_paid_settings_title,,Duck.ai,,Duck.ai Pro settings,,true,,false,apps/android/duckchat/duckchat-impl/src/main/res/values/strings-duckchat.xml,67,https://github.com/duckduckgo/Android/blob/fe3e65263b23930e03b723517b7c011edfafbe0b/duckchat/duckchat-impl/src/main/res/values/strings-duckchat.xml#L67
Android,headings,duckchat/duckchat-impl,duck_ai_paid_settings_page_title,,Duck.ai,,Duck.ai Pro settings,,true,,false,apps/android/duckchat/duckchat-impl/src/main/res/values/strings-duckchat.xml,68,https://github.com/duckduckgo/Android/blob/fe3e65263b23930e03b723517b7c011edfafbe0b/duckchat/duckchat-impl/src/main/res/values/strings-duckchat.xml#L68
Android,headings,duckchat/duckchat-impl,duck_ai_paid_settings_learn_more_title,,Learn more,,Duck.ai Pro settings,,true,,false,apps/android/duckchat/duckchat-impl/src/main/res/values/strings-duckchat.xml,71,https://github.com/duckduckgo/Android/blob/fe3e65263b23930e03b723517b7c011edfafbe0b/duckchat/duckchat-impl/src/main/res/values/strings-duckchat.xml#L71
Android,headings,duckchat/duckchat-impl,newAddressBarOptionBottomSheetDialogTitle,,Want easier access\nto private AI chat?,,New Address Bar Option Bottom Sheet Dialog,,true,,false,apps/android/duckchat/duckchat-impl/src/main/res/values/strings-duckchat.xml,77,https://github.com/duckduckgo/Android/blob/fe3e65263b23930e03b723517b7c011edfafbe0b/duckchat/duckchat-impl/src/main/res/values/strings-duckchat.xml#L77
Android,headings,duckchat/duckchat-impl,newAddressBarOptionBottomSheetDialogHeader,,Address bar option,,New Address Bar Option Bottom Sheet Dialog,,true,,false,apps/android/duckchat/duckchat-impl/src/main/res/values/strings-duckchat.xml,84,https://github.com/duckduckgo/Android/blob/fe3e65263b23930e03b723517b7c011edfafbe0b/duckchat/duckchat-impl/src/main/res/values/strings-duckchat.xml#L84
Android,headings,duckchat/duckchat-impl,duckAiSerpSettingsTitle,,AI Features,,Duck AI SERP Settings Title,,true,,false,apps/android/duckchat/duckchat-impl/src/main/res/values/strings-duckchat.xml,87,https://github.com/duckduckgo/Android/blob/fe3e65263b23930e03b723517b7c011edfafbe0b/duckchat/duckchat-impl/src/main/res/values/strings-duckchat.xml#L87
Android,headings,duckchat/duckchat-impl,duckAiSearchSettingsSectionHeader,,Search,,Duck AI Search Section Header,,true,,false,apps/android/duckchat/duckchat-impl/src/main/res/values/strings-duckchat.xml,90,https://github.com/duckduckgo/Android/blob/fe3e65263b23930e03b723517b7c011edfafbe0b/duckchat/duckchat-impl/src/main/res/values/strings-duckchat.xml#L90
Android,headings,duckchat/duckchat-impl,duckAiHideAiGeneratedImagesTitle,,Hide AI-Generated Images,,Duck AI Hide Generated Images Settings Option,,true,,false,apps/android/duckchat/duckchat-impl/src/main/res/values/strings-duckchat.xml,93,https://github.com/duckduckgo/Android/blob/fe3e65263b23930e03b723517b7c011edfafbe0b/duckchat/duckchat-impl/src/main/res/values/strings-duckchat.xml#L93
Android,headings,duckchat/duckchat-impl,duckAiUseWithoutAiTitle,,Use DuckDuckGo Without AI,,Duck AI Use Without AI Settings Option,,true,,false,apps/android/duckchat/duckchat-impl/src/main/res/values/strings-duckchat.xml,104,https://github.com/duckduckgo/Android/blob/fe3e65263b23930e03b723517b7c011edfafbe0b/duckchat/duckchat-impl/src/main/res/values/strings-duckchat.xml#L104
Android,headings,duckchat/duckchat-impl,duckAiDialogHideAiGeneratedImagesTitle,,Hide AI-Generated Images,,Duck AI Section in AI Feature Screen,,true,,false,apps/android/duckchat/duckchat-impl/src/main/res/values/strings-duckchat.xml,110,https://github.com/duckduckgo/Android/blob/fe3e65263b23930e03b723517b7c011edfafbe0b/duckchat/duckchat-impl/src/main/res/values/strings-duckchat.xml#L110
Android,headings,duckchat/duckchat-impl,duckAIContextualAutomaticContextTitle,,Automatically Send Page Content,,Duck.ai Contextual Bottom Sheet,,true,,false,apps/android/duckchat/duckchat-impl/src/main/res/values/strings-duckchat.xml,120,https://github.com/duckduckgo/Android/blob/fe3e65263b23930e03b723517b7c011edfafbe0b/duckchat/duckchat-impl/src/main/res/values/strings-duckchat.xml#L120
Android,headings,duckchat/duckchat-impl,contextualSheetChatsPopupRecentSection,,Recent Chats,Section header above the list of recent Duck.ai chats in the contextual sheet overflow menu.,Contextual sheet input hint,,true,,false,apps/android/duckchat/duckchat-impl/src/main/res/values/strings-duckchat.xml,208,https://github.com/duckduckgo/Android/blob/fe3e65263b23930e03b723517b7c011edfafbe0b/duckchat/duckchat-impl/src/main/res/values/strings-duckchat.xml#L208
Android,headings,duckchat/duckchat-impl,duck_ai_chat_history_title,,Chats,,Native Duck.ai chat history,,true,,false,apps/android/duckchat/duckchat-impl/src/main/res/values/strings-duckchat.xml,236,https://github.com/duckduckgo/Android/blob/fe3e65263b23930e03b723517b7c011edfafbe0b/duckchat/duckchat-impl/src/main/res/values/strings-duckchat.xml#L236
Android,headings,duckchat/duckchat-impl,duck_ai_chat_history_empty_title,,No chats yet,,Native Duck.ai chat history,,true,,false,apps/android/duckchat/duckchat-impl/src/main/res/values/strings-duckchat.xml,240,https://github.com/duckduckgo/Android/blob/fe3e65263b23930e03b723517b7c011edfafbe0b/duckchat/duckchat-impl/src/main/res/values/strings-duckchat.xml#L240
Android,headings,duckchat/duckchat-impl,duck_ai_chat_history_rename_title,,Rename Chat,,Native Duck.ai chat history,,true,,false,apps/android/duckchat/duckchat-impl/src/main/res/values/strings-duckchat.xml,266,https://github.com/duckduckgo/Android/blob/fe3e65263b23930e03b723517b7c011edfafbe0b/duckchat/duckchat-impl/src/main/res/values/strings-duckchat.xml#L266
Android,headings,duckchat/duckchat-impl,duck_ai_chat_history_rename_confirm_title,,Save,,Native Duck.ai chat history,,true,,false,apps/android/duckchat/duckchat-impl/src/main/res/values/strings-duckchat.xml,268,https://github.com/duckduckgo/Android/blob/fe3e65263b23930e03b723517b7c011edfafbe0b/duckchat/duckchat-impl/src/main/res/values/strings-duckchat.xml#L268
Android,headings,duckchat/duckchat-impl,duckChatReasoningModeFastTitle,,Fast,,Reasoning Mode Picker,,true,,false,apps/android/duckchat/duckchat-impl/src/main/res/values/strings-duckchat.xml,294,https://github.com/duckduckgo/Android/blob/fe3e65263b23930e03b723517b7c011edfafbe0b/duckchat/duckchat-impl/src/main/res/values/strings-duckchat.xml#L294
Android,headings,duckchat/duckchat-impl,duckChatReasoningModeReasoningTitle,,Reasoning,,Reasoning Mode Picker,,true,,false,apps/android/duckchat/duckchat-impl/src/main/res/values/strings-duckchat.xml,296,https://github.com/duckduckgo/Android/blob/fe3e65263b23930e03b723517b7c011edfafbe0b/duckchat/duckchat-impl/src/main/res/values/strings-duckchat.xml#L296
Android,headings,duckchat/duckchat-impl,duckChatReasoningModeExtendedTitle,,Extended Reasoning,,Reasoning Mode Picker,,true,,false,apps/android/duckchat/duckchat-impl/src/main/res/values/strings-duckchat.xml,298,https://github.com/duckduckgo/Android/blob/fe3e65263b23930e03b723517b7c011edfafbe0b/duckchat/duckchat-impl/src/main/res/values/strings-duckchat.xml#L298
Android,headings,duckchat/duckchat-impl,fileCaptureBrowseDisambiguationTitle,,Upload a file,,File attachment,,true,,false,apps/android/duckchat/duckchat-impl/src/main/res/values/strings-duckchat.xml,323,https://github.com/duckduckgo/Android/blob/fe3e65263b23930e03b723517b7c011edfafbe0b/duckchat/duckchat-impl/src/main/res/values/strings-duckchat.xml#L323
Android,headings,duckchat/duckchat-impl,duckAiDuckAiSectionHeader,,Duck.ai,,Duck AI Duck.ai Section Header,,true,,false,apps/android/duckchat/duckchat-impl/src/main/res/values/strings-duckchat.xml,339,https://github.com/duckduckgo/Android/blob/fe3e65263b23930e03b723517b7c011edfafbe0b/duckchat/duckchat-impl/src/main/res/values/strings-duckchat.xml#L339
Android,headings,duckchat/duckchat-impl,duckAiSearchAssistVisibilityTitle,,Search Assist,,Search Assist Visibility,,true,,false,apps/android/duckchat/duckchat-impl/src/main/res/values/strings-duckchat.xml,342,https://github.com/duckduckgo/Android/blob/fe3e65263b23930e03b723517b7c011edfafbe0b/duckchat/duckchat-impl/src/main/res/values/strings-duckchat.xml#L342
Android,headings,duckchat/duckchat-impl,duckAiSearchAssistSettingsTitle,,Search Assist,,Search Assist Visibility,,true,,false,apps/android/duckchat/duckchat-impl/src/main/res/values/strings-duckchat.xml,343,https://github.com/duckduckgo/Android/blob/fe3e65263b23930e03b723517b7c011edfafbe0b/duckchat/duckchat-impl/src/main/res/values/strings-duckchat.xml#L343
Android,headings,duckchat/duckchat-impl,duckAiSettingsTitle,,Duck.ai Settings,,Settings,,true,,false,apps/android/duckchat/duckchat-impl/src/main/res/values/strings-duckchat.xml,346,https://github.com/duckduckgo/Android/blob/fe3e65263b23930e03b723517b7c011edfafbe0b/duckchat/duckchat-impl/src/main/res/values/strings-duckchat.xml#L346
Android,headings,duckchat/duckchat-impl,duck_ai_edit_prompt_title,,Edit message,Screen title: the user is editing a message they already sent to Duck.ai,Editing a message already sent to Duck.ai,,true,,false,apps/android/duckchat/duckchat-impl/src/main/res/values/strings-duckchat.xml,351,https://github.com/duckduckgo/Android/blob/fe3e65263b23930e03b723517b7c011edfafbe0b/duckchat/duckchat-impl/src/main/res/values/strings-duckchat.xml#L351
Android,headings,duckchat/duckchat-impl,duckAiTextSelectionAttachmentTitle,,Text selection,,Name shown for an attached text selection in the Duck.ai,,true,,false,apps/android/duckchat/duckchat-impl/src/main/res/values/strings-duckchat.xml,365,https://github.com/duckduckgo/Android/blob/fe3e65263b23930e03b723517b7c011edfafbe0b/duckchat/duckchat-impl/src/main/res/values/strings-duckchat.xml#L365
Android,headings,feedback/feedback-impl,feedbackActivityTitle,,Share Feedback,,,,true,,false,apps/android/feedback/feedback-impl/src/main/res/values/strings-feedback.xml,5,https://github.com/duckduckgo/Android/blob/fe3e65263b23930e03b723517b7c011edfafbe0b/feedback/feedback-impl/src/main/res/values/strings-feedback.xml#L5
Android,headings,feedback/feedback-impl,missingBrowserFeaturesTitleLong,,Browser features are missing or frustrating,,,,true,,false,apps/android/feedback/feedback-impl/src/main/res/values/strings-feedback.xml,6,https://github.com/duckduckgo/Android/blob/fe3e65263b23930e03b723517b7c011edfafbe0b/feedback/feedback-impl/src/main/res/values/strings-feedback.xml#L6
Android,headings,feedback/feedback-impl,missingBrowserFeaturesTitleShort,,Browser Feature Issues,,,,true,,false,apps/android/feedback/feedback-impl/src/main/res/values/strings-feedback.xml,7,https://github.com/duckduckgo/Android/blob/fe3e65263b23930e03b723517b7c011edfafbe0b/feedback/feedback-impl/src/main/res/values/strings-feedback.xml#L7
Android,headings,feedback/feedback-impl,websiteNotLoadingTitleLong,,Website Loading Issues,,,,true,,false,apps/android/feedback/feedback-impl/src/main/res/values/strings-feedback.xml,16,https://github.com/duckduckgo/Android/blob/fe3e65263b23930e03b723517b7c011edfafbe0b/feedback/feedback-impl/src/main/res/values/strings-feedback.xml#L16
Android,headings,feedback/feedback-impl,websiteNotLoadingTitleShort,,Website loading issues,,,,true,,false,apps/android/feedback/feedback-impl/src/main/res/values/strings-feedback.xml,17,https://github.com/duckduckgo/Android/blob/fe3e65263b23930e03b723517b7c011edfafbe0b/feedback/feedback-impl/src/main/res/values/strings-feedback.xml#L17
Android,headings,feedback/feedback-impl,searchNotGoodEnoughTitleLong,,DuckDuckGo search isn't good enough,,,,true,,false,apps/android/feedback/feedback-impl/src/main/res/values/strings-feedback.xml,19,https://github.com/duckduckgo/Android/blob/fe3e65263b23930e03b723517b7c011edfafbe0b/feedback/feedback-impl/src/main/res/values/strings-feedback.xml#L19
Android,headings,feedback/feedback-impl,searchNotGoodEnoughTitleShort,,DuckDuckGo Search Issues,,,,true,,false,apps/android/feedback/feedback-impl/src/main/res/values/strings-feedback.xml,20,https://github.com/duckduckgo/Android/blob/fe3e65263b23930e03b723517b7c011edfafbe0b/feedback/feedback-impl/src/main/res/values/strings-feedback.xml#L20
Android,headings,feedback/feedback-impl,needMoreCustomizationTitleLong,,There aren't enough ways to customize the app,,,,true,,false,apps/android/feedback/feedback-impl/src/main/res/values/strings-feedback.xml,28,https://github.com/duckduckgo/Android/blob/fe3e65263b23930e03b723517b7c011edfafbe0b/feedback/feedback-impl/src/main/res/values/strings-feedback.xml#L28
Android,headings,feedback/feedback-impl,needMoreCustomizationTitleShort,,Customization Issues,,,,true,,false,apps/android/feedback/feedback-impl/src/main/res/values/strings-feedback.xml,29,https://github.com/duckduckgo/Android/blob/fe3e65263b23930e03b723517b7c011edfafbe0b/feedback/feedback-impl/src/main/res/values/strings-feedback.xml#L29
Android,headings,feedback/feedback-impl,appIsSlowOrBuggyTitleLong,,"The app is slow, buggy, or crashes",,,,true,,false,apps/android/feedback/feedback-impl/src/main/res/values/strings-feedback.xml,38,https://github.com/duckduckgo/Android/blob/fe3e65263b23930e03b723517b7c011edfafbe0b/feedback/feedback-impl/src/main/res/values/strings-feedback.xml#L38
Android,headings,feedback/feedback-impl,appIsSlowOrBuggyTitleShort,,Performance Issues,,,,true,,false,apps/android/feedback/feedback-impl/src/main/res/values/strings-feedback.xml,39,https://github.com/duckduckgo/Android/blob/fe3e65263b23930e03b723517b7c011edfafbe0b/feedback/feedback-impl/src/main/res/values/strings-feedback.xml#L39
Android,headings,feedback/feedback-impl,otherMainReasonTitleLong,,None of these,,,,true,,false,apps/android/feedback/feedback-impl/src/main/res/values/strings-feedback.xml,45,https://github.com/duckduckgo/Android/blob/fe3e65263b23930e03b723517b7c011edfafbe0b/feedback/feedback-impl/src/main/res/values/strings-feedback.xml#L45
Android,headings,feedback/feedback-impl,otherMainReasonTitleShort,,Other Issues,,,,true,,false,apps/android/feedback/feedback-impl/src/main/res/values/strings-feedback.xml,46,https://github.com/duckduckgo/Android/blob/fe3e65263b23930e03b723517b7c011edfafbe0b/feedback/feedback-impl/src/main/res/values/strings-feedback.xml#L46
Android,headings,feedback/feedback-impl,feedbackNegativeMainReasonPageTitle,,We're Sorry to Hear That,,,,true,,false,apps/android/feedback/feedback-impl/src/main/res/values/strings-feedback.xml,51,https://github.com/duckduckgo/Android/blob/fe3e65263b23930e03b723517b7c011edfafbe0b/feedback/feedback-impl/src/main/res/values/strings-feedback.xml#L51
Android,headings,feedback/feedback-impl,feedbackInitialDisambiguationTitle,,Let's Get Started!,,,,true,,false,apps/android/feedback/feedback-impl/src/main/res/values/strings-feedback.xml,62,https://github.com/duckduckgo/Android/blob/fe3e65263b23930e03b723517b7c011edfafbe0b/feedback/feedback-impl/src/main/res/values/strings-feedback.xml#L62
Android,headings,macos/macos-impl,macos_title,,Get DuckDuckGo for Mac!,,,,true,,false,apps/android/macos/macos-impl/src/main/res/values/strings-macos-waitlist.xml,21,https://github.com/duckduckgo/Android/blob/fe3e65263b23930e03b723517b7c011edfafbe0b/macos/macos-impl/src/main/res/values/strings-macos-waitlist.xml#L21
Android,headings,macos/macos-impl,macos_share_title,,Share Link,,,,true,,false,apps/android/macos/macos-impl/src/main/res/values/strings-macos-waitlist.xml,23,https://github.com/duckduckgo/Android/blob/fe3e65263b23930e03b723517b7c011edfafbe0b/macos/macos-impl/src/main/res/values/strings-macos-waitlist.xml#L23
Android,headings,network-protection/network-protection-impl,subscriptionOnboardingVpnTitle,,Step 1 of 3,,Subscription onboarding - VPN step (placeholder copy),,false,,false,apps/android/network-protection/network-protection-impl/src/main/res/values/donottranslate.xml,20,https://github.com/duckduckgo/Android/blob/fe3e65263b23930e03b723517b7c011edfafbe0b/network-protection/network-protection-impl/src/main/res/values/donottranslate.xml#L20
Android,headings,network-protection/network-protection-impl,subscriptionOnboardingVpnHeaderTitle,,DuckDuckGo VPN is Off,,Subscription onboarding - VPN step (placeholder copy),,false,,false,apps/android/network-protection/network-protection-impl/src/main/res/values/donottranslate.xml,21,https://github.com/duckduckgo/Android/blob/fe3e65263b23930e03b723517b7c011edfafbe0b/network-protection/network-protection-impl/src/main/res/values/donottranslate.xml#L21
Android,headings,network-protection/network-protection-impl,subscriptionOnboardingVpnIpAddressTitle,,Your IP Address is Visible,,Subscription onboarding - VPN step (placeholder copy),,false,,false,apps/android/network-protection/network-protection-impl/src/main/res/values/donottranslate.xml,23,https://github.com/duckduckgo/Android/blob/fe3e65263b23930e03b723517b7c011edfafbe0b/network-protection/network-protection-impl/src/main/res/values/donottranslate.xml#L23
Android,headings,network-protection/network-protection-impl,subscriptionOnboardingVpnHeaderTitleOn,,DuckDuckGo VPN is On,,"Subscription onboarding - VPN step, ""On"" state",,false,,false,apps/android/network-protection/network-protection-impl/src/main/res/values/donottranslate.xml,33,https://github.com/duckduckgo/Android/blob/fe3e65263b23930e03b723517b7c011edfafbe0b/network-protection/network-protection-impl/src/main/res/values/donottranslate.xml#L33
Android,headings,network-protection/network-protection-impl,subscriptionOnboardingVpnIpAddressTitleOn,,Your IP Address is Hidden,,"Subscription onboarding - VPN step, ""On"" state",,false,,false,apps/android/network-protection/network-protection-impl/src/main/res/values/donottranslate.xml,35,https://github.com/duckduckgo/Android/blob/fe3e65263b23930e03b723517b7c011edfafbe0b/network-protection/network-protection-impl/src/main/res/values/donottranslate.xml#L35
Android,headings,network-protection/network-protection-impl,subscriptionOnboardingVpnNewIpAddressTitle,,Your New IP Address,,"Subscription onboarding - VPN step, ""On"" state",,false,,false,apps/android/network-protection/network-protection-impl/src/main/res/values/donottranslate.xml,36,https://github.com/duckduckgo/Android/blob/fe3e65263b23930e03b723517b7c011edfafbe0b/network-protection/network-protection-impl/src/main/res/values/donottranslate.xml#L36
Android,headings,network-protection/network-protection-impl,subscriptionOnboardingVpnInfoTitle,,What to know about using your VPN,,"Subscription onboarding - VPN step, ""what to know"" info page",,false,,false,apps/android/network-protection/network-protection-impl/src/main/res/values/donottranslate.xml,45,https://github.com/duckduckgo/Android/blob/fe3e65263b23930e03b723517b7c011edfafbe0b/network-protection/network-protection-impl/src/main/res/values/donottranslate.xml#L45
Android,headings,network-protection/network-protection-impl,subscriptionOnboardingVpnInfoNoCapsTitle,,No data or speed caps,,"Subscription onboarding - VPN step, ""what to know"" info page",,false,,false,apps/android/network-protection/network-protection-impl/src/main/res/values/donottranslate.xml,47,https://github.com/duckduckgo/Android/blob/fe3e65263b23930e03b723517b7c011edfafbe0b/network-protection/network-protection-impl/src/main/res/values/donottranslate.xml#L47
Android,headings,network-protection/network-protection-impl,subscriptionOnboardingVpnInfoSpeedsTitle,,All VPNs affect internet speeds,,"Subscription onboarding - VPN step, ""what to know"" info page",,false,,false,apps/android/network-protection/network-protection-impl/src/main/res/values/donottranslate.xml,49,https://github.com/duckduckgo/Android/blob/fe3e65263b23930e03b723517b7c011edfafbe0b/network-protection/network-protection-impl/src/main/res/values/donottranslate.xml#L49
Android,headings,network-protection/network-protection-impl,subscriptionOnboardingVpnInfoBlockTitle,,Some sites & apps block VPNs outright,,"Subscription onboarding - VPN step, ""what to know"" info page",,false,,false,apps/android/network-protection/network-protection-impl/src/main/res/values/donottranslate.xml,51,https://github.com/duckduckgo/Android/blob/fe3e65263b23930e03b723517b7c011edfafbe0b/network-protection/network-protection-impl/src/main/res/values/donottranslate.xml#L51
Android,headings,network-protection/network-protection-impl,subscriptionOnboardingCompletionVpnTitle,,DuckDuckGo VPN,,"Subscription onboarding - VPN step, ""what to know"" info page",,false,,false,apps/android/network-protection/network-protection-impl/src/main/res/values/donottranslate.xml,53,https://github.com/duckduckgo/Android/blob/fe3e65263b23930e03b723517b7c011edfafbe0b/network-protection/network-protection-impl/src/main/res/values/donottranslate.xml#L53
Android,headings,network-protection/network-protection-impl,netpManagementTitle,,DuckDuckGo VPN,,,,false,,false,apps/android/network-protection/network-protection-impl/src/main/res/values/strings-netp.xml,20,https://github.com/duckduckgo/Android/blob/fe3e65263b23930e03b723517b7c011edfafbe0b/network-protection/network-protection-impl/src/main/res/values/strings-netp.xml#L20
Android,headings,network-protection/network-protection-impl,netpManagementToggleTitle,,VPN,,,,false,,false,apps/android/network-protection/network-protection-impl/src/main/res/values/strings-netp.xml,25,https://github.com/duckduckgo/Android/blob/fe3e65263b23930e03b723517b7c011edfafbe0b/network-protection/network-protection-impl/src/main/res/values/strings-netp.xml#L25
Android,headings,network-protection/network-protection-impl,netpManagementExcludeAppPromptTitle,,Is the VPN causing problems with an app?,,Exclude App Prompt,,true,,false,apps/android/network-protection/network-protection-impl/src/main/res/values/strings-netp.xml,32,https://github.com/duckduckgo/Android/blob/fe3e65263b23930e03b723517b7c011edfafbe0b/network-protection/network-protection-impl/src/main/res/values/strings-netp.xml#L32
Android,headings,network-protection/network-protection-impl,netpManagementLocationHeaderVpnOff,,Selected Location,,Location,,true,,false,apps/android/network-protection/network-protection-impl/src/main/res/values/strings-netp.xml,39,https://github.com/duckduckgo/Android/blob/fe3e65263b23930e03b723517b7c011edfafbe0b/network-protection/network-protection-impl/src/main/res/values/strings-netp.xml#L39
Android,headings,network-protection/network-protection-impl,netpManagementLocationHeaderVpnOn,,Connected Location,,Location,,true,,false,apps/android/network-protection/network-protection-impl/src/main/res/values/strings-netp.xml,40,https://github.com/duckduckgo/Android/blob/fe3e65263b23930e03b723517b7c011edfafbe0b/network-protection/network-protection-impl/src/main/res/values/strings-netp.xml#L40
Android,headings,network-protection/network-protection-impl,netpManagementConnectionDetailsHeader,,Connection Details,,Connection details,,true,,false,apps/android/network-protection/network-protection-impl/src/main/res/values/strings-netp.xml,46,https://github.com/duckduckgo/Android/blob/fe3e65263b23930e03b723517b7c011edfafbe0b/network-protection/network-protection-impl/src/main/res/values/strings-netp.xml#L46
Android,headings,network-protection/network-protection-impl,netpVpnConflictTitle,,Your VPN app may be disconnected,,VPN conflict,,true,,false,apps/android/network-protection/network-protection-impl/src/main/res/values/strings-netp.xml,56,https://github.com/duckduckgo/Android/blob/fe3e65263b23930e03b723517b7c011edfafbe0b/network-protection/network-protection-impl/src/main/res/values/strings-netp.xml#L56
Android,headings,network-protection/network-protection-impl,netpAlwaysOnVpnConflictTitle,,Your VPN app is blocking DuckDuckGo VPN,,Always on,,true,,false,apps/android/network-protection/network-protection-impl/src/main/res/values/strings-netp.xml,61,https://github.com/duckduckgo/Android/blob/fe3e65263b23930e03b723517b7c011edfafbe0b/network-protection/network-protection-impl/src/main/res/values/strings-netp.xml#L61
Android,headings,network-protection/network-protection-impl,netpAlwaysOnPromotionHeading,,Set to Always-on,,Always on,,true,,false,apps/android/network-protection/network-protection-impl/src/main/res/values/strings-netp.xml,67,https://github.com/duckduckgo/Android/blob/fe3e65263b23930e03b723517b7c011edfafbe0b/network-protection/network-protection-impl/src/main/res/values/strings-netp.xml#L67
Android,headings,network-protection/network-protection-impl,netpAlwaysOnLockdownHeading,,Change your VPN settings,,Always on,,true,,false,apps/android/network-protection/network-protection-impl/src/main/res/values/strings-netp.xml,70,https://github.com/duckduckgo/Android/blob/fe3e65263b23930e03b723517b7c011edfafbe0b/network-protection/network-protection-impl/src/main/res/values/strings-netp.xml#L70
Android,headings,network-protection/network-protection-impl,netpManagementManageHeader,,Manage,,Manage,,true,,false,apps/android/network-protection/network-protection-impl/src/main/res/values/strings-netp.xml,87,https://github.com/duckduckgo/Android/blob/fe3e65263b23930e03b723517b7c011edfafbe0b/network-protection/network-protection-impl/src/main/res/values/strings-netp.xml#L87
Android,headings,network-protection/network-protection-impl,netpVpnSettingsGeneralHeader,,General,,VPN settings,,true,,false,apps/android/network-protection/network-protection-impl/src/main/res/values/strings-netp.xml,97,https://github.com/duckduckgo/Android/blob/fe3e65263b23930e03b723517b7c011edfafbe0b/network-protection/network-protection-impl/src/main/res/values/strings-netp.xml#L97
Android,headings,network-protection/network-protection-impl,netpVpnSettingsSystemHeader,,System,,VPN settings,,true,,false,apps/android/network-protection/network-protection-impl/src/main/res/values/strings-netp.xml,98,https://github.com/duckduckgo/Android/blob/fe3e65263b23930e03b723517b7c011edfafbe0b/network-protection/network-protection-impl/src/main/res/values/strings-netp.xml#L98
Android,headings,network-protection/network-protection-impl,netpVpnSettingsTitle,,VPN Settings,,VPN settings,,true,,false,apps/android/network-protection/network-protection-impl/src/main/res/values/strings-netp.xml,100,https://github.com/duckduckgo/Android/blob/fe3e65263b23930e03b723517b7c011edfafbe0b/network-protection/network-protection-impl/src/main/res/values/strings-netp.xml#L100
Android,headings,network-protection/network-protection-impl,netpManageRecentAppsProtectionAllowUnrestrictedBattTitle,,Allow Unrestricted App Battery Usage,,VPN settings,,true,,false,apps/android/network-protection/network-protection-impl/src/main/res/values/strings-netp.xml,103,https://github.com/duckduckgo/Android/blob/fe3e65263b23930e03b723517b7c011edfafbe0b/network-protection/network-protection-impl/src/main/res/values/strings-netp.xml#L103
Android,headings,network-protection/network-protection-impl,netpManageRecentAppsProtectionUnrestrictedBattTitle,,App Battery Usage Is Unrestricted,,VPN settings,,true,,false,apps/android/network-protection/network-protection-impl/src/main/res/values/strings-netp.xml,105,https://github.com/duckduckgo/Android/blob/fe3e65263b23930e03b723517b7c011edfafbe0b/network-protection/network-protection-impl/src/main/res/values/strings-netp.xml#L105
Android,headings,network-protection/network-protection-impl,netpGrantPhonePermissionTitle,,Phone Permission Required,,Pause during calls,,true,,false,apps/android/network-protection/network-protection-impl/src/main/res/values/strings-netp.xml,123,https://github.com/duckduckgo/Android/blob/fe3e65263b23930e03b723517b7c011edfafbe0b/network-protection/network-protection-impl/src/main/res/values/strings-netp.xml#L123
Android,headings,network-protection/network-protection-impl,netpVpnNotifyMeTitle,,Notifications are disabled,,VPN Notification settings,,true,,false,apps/android/network-protection/network-protection-impl/src/main/res/values/strings-netp.xml,129,https://github.com/duckduckgo/Android/blob/fe3e65263b23930e03b723517b7c011edfafbe0b/network-protection/network-protection-impl/src/main/res/values/strings-netp.xml#L129
Android,headings,network-protection/network-protection-impl,netpExclusionListTitle,,Manage Apps,,Exclusion list,,true,,false,apps/android/network-protection/network-protection-impl/src/main/res/values/strings-netp.xml,133,https://github.com/duckduckgo/Android/blob/fe3e65263b23930e03b723517b7c011edfafbe0b/network-protection/network-protection-impl/src/main/res/values/strings-netp.xml#L133
Android,headings,network-protection/network-protection-impl,netpExclusionListHeaderDefault,,"DuckDuckGo VPN works across all apps by default. If you’re experiencing app issues with the VPN enabled, try disabling protection for that app.",,Exclusion list,,true,,false,apps/android/network-protection/network-protection-impl/src/main/res/values/strings-netp.xml,134,https://github.com/duckduckgo/Android/blob/fe3e65263b23930e03b723517b7c011edfafbe0b/network-protection/network-protection-impl/src/main/res/values/strings-netp.xml#L134
Android,headings,network-protection/network-protection-impl,netpExclusionListHeaderDisabled,,DuckDuckGo VPN is disabled.,,Exclusion list,,true,,false,apps/android/network-protection/network-protection-impl/src/main/res/values/strings-netp.xml,135,https://github.com/duckduckgo/Android/blob/fe3e65263b23930e03b723517b7c011edfafbe0b/network-protection/network-protection-impl/src/main/res/values/strings-netp.xml#L135
Android,headings,network-protection/network-protection-impl,netpExclusionListManuallyDisableAppDialogTitle,,Report an issue?,,Exclusion list,,true,,false,apps/android/network-protection/network-protection-impl/src/main/res/values/strings-netp.xml,142,https://github.com/duckduckgo/Android/blob/fe3e65263b23930e03b723517b7c011edfafbe0b/network-protection/network-protection-impl/src/main/res/values/strings-netp.xml#L142
Android,headings,network-protection/network-protection-impl,netpExclusionListRestoreDefaultsTitle,,Restore protection for all apps?,,Exclusion list,,true,,false,apps/android/network-protection/network-protection-impl/src/main/res/values/strings-netp.xml,150,https://github.com/duckduckgo/Android/blob/fe3e65263b23930e03b723517b7c011edfafbe0b/network-protection/network-protection-impl/src/main/res/values/strings-netp.xml#L150
Android,headings,network-protection/network-protection-impl,netpExclusionListSystemAppsHeader,,Android System Apps,,System apps exclusion list,,true,,false,apps/android/network-protection/network-protection-impl/src/main/res/values/strings-netp.xml,156,https://github.com/duckduckgo/Android/blob/fe3e65263b23930e03b723517b7c011edfafbe0b/network-protection/network-protection-impl/src/main/res/values/strings-netp.xml#L156
Android,headings,network-protection/network-protection-impl,netpExclusionListWarningTitle,,About System App Exclusions,,System apps exclusion list,,true,,false,apps/android/network-protection/network-protection-impl/src/main/res/values/strings-netp.xml,157,https://github.com/duckduckgo/Android/blob/fe3e65263b23930e03b723517b7c011edfafbe0b/network-protection/network-protection-impl/src/main/res/values/strings-netp.xml#L157
Android,headings,network-protection/network-protection-impl,netpManagementAboutHeader,,About,,About,,true,,false,apps/android/network-protection/network-protection-impl/src/main/res/values/strings-netp.xml,162,https://github.com/duckduckgo/Android/blob/fe3e65263b23930e03b723517b7c011edfafbe0b/network-protection/network-protection-impl/src/main/res/values/strings-netp.xml#L162
Android,headings,network-protection/network-protection-impl,netpFaqTitle,,FAQs and Support,,FAQS,,true,,false,apps/android/network-protection/network-protection-impl/src/main/res/values/strings-netp.xml,167,https://github.com/duckduckgo/Android/blob/fe3e65263b23930e03b723517b7c011edfafbe0b/network-protection/network-protection-impl/src/main/res/values/strings-netp.xml#L167
Android,headings,network-protection/network-protection-impl,netpGeoswitchingTitle,,VPN Location,,Geoswitching,,true,,false,apps/android/network-protection/network-protection-impl/src/main/res/values/strings-netp.xml,197,https://github.com/duckduckgo/Android/blob/fe3e65263b23930e03b723517b7c011edfafbe0b/network-protection/network-protection-impl/src/main/res/values/strings-netp.xml#L197
Android,headings,network-protection/network-protection-impl,netpGeoswitchingHeaderRecommended,,Recommended,,Geoswitching,,true,,false,apps/android/network-protection/network-protection-impl/src/main/res/values/strings-netp.xml,198,https://github.com/duckduckgo/Android/blob/fe3e65263b23930e03b723517b7c011edfafbe0b/network-protection/network-protection-impl/src/main/res/values/strings-netp.xml#L198
Android,headings,network-protection/network-protection-impl,netpGeoswitchingDefaultTitle,,Nearest Available,,Geoswitching,,true,,false,apps/android/network-protection/network-protection-impl/src/main/res/values/strings-netp.xml,199,https://github.com/duckduckgo/Android/blob/fe3e65263b23930e03b723517b7c011edfafbe0b/network-protection/network-protection-impl/src/main/res/values/strings-netp.xml#L199
Android,headings,network-protection/network-protection-impl,netpGeoswitchingHeaderCustom,,Custom,,Geoswitching,,true,,false,apps/android/network-protection/network-protection-impl/src/main/res/values/strings-netp.xml,201,https://github.com/duckduckgo/Android/blob/fe3e65263b23930e03b723517b7c011edfafbe0b/network-protection/network-protection-impl/src/main/res/values/strings-netp.xml#L201
Android,headings,network-protection/network-protection-impl,netpDialogVpnAccessRevokedTitle,,VPN disconnected due to expired subscription,,Access revoked,,true,,false,apps/android/network-protection/network-protection-impl/src/main/res/values/strings-netp.xml,205,https://github.com/duckduckgo/Android/blob/fe3e65263b23930e03b723517b7c011edfafbe0b/network-protection/network-protection-impl/src/main/res/values/strings-netp.xml#L205
Android,headings,network-protection/network-protection-impl,netpSubscriptionSettingsTitle,,VPN,,NetP Settings,,false,,false,apps/android/network-protection/network-protection-impl/src/main/res/values/strings-netp.xml,217,https://github.com/duckduckgo/Android/blob/fe3e65263b23930e03b723517b7c011edfafbe0b/network-protection/network-protection-impl/src/main/res/values/strings-netp.xml#L217
Android,headings,network-protection/network-protection-impl,netpSetttingDnsHeader,,DNS,,Custom DNS,,false,,false,apps/android/network-protection/network-protection-impl/src/main/res/values/strings-netp.xml,220,https://github.com/duckduckgo/Android/blob/fe3e65263b23930e03b723517b7c011edfafbe0b/network-protection/network-protection-impl/src/main/res/values/strings-netp.xml#L220
Android,headings,network-protection/network-protection-impl,netpCustomDnsCustomHeader,,DNS Server,,Custom DNS,,true,,false,apps/android/network-protection/network-protection-impl/src/main/res/values/strings-netp.xml,229,https://github.com/duckduckgo/Android/blob/fe3e65263b23930e03b723517b7c011edfafbe0b/network-protection/network-protection-impl/src/main/res/values/strings-netp.xml#L229
Android,headings,network-protection/network-protection-impl,netpDnsBlockMalwareHeader,,Malicious Content Blocking,,Block malware DNS,,true,,false,apps/android/network-protection/network-protection-impl/src/main/res/values/strings-netp.xml,235,https://github.com/duckduckgo/Android/blob/fe3e65263b23930e03b723517b7c011edfafbe0b/network-protection/network-protection-impl/src/main/res/values/strings-netp.xml#L235
Android,headings,network-protection/network-protection-impl,netpDnsBlockMalwareFaqsTitle,,DNS Blocklists,,Block malware DNS,,true,,false,apps/android/network-protection/network-protection-impl/src/main/res/values/strings-netp.xml,238,https://github.com/duckduckgo/Android/blob/fe3e65263b23930e03b723517b7c011edfafbe0b/network-protection/network-protection-impl/src/main/res/values/strings-netp.xml#L238
Android,headings,network-protection/network-protection-impl,netpAutoExcludePromptTitle,,Would you like to exclude apps that are not compatible with VPNs?,,Auto-exclude,,true,,false,apps/android/network-protection/network-protection-impl/src/main/res/values/strings-netp.xml,241,https://github.com/duckduckgo/Android/blob/fe3e65263b23930e03b723517b7c011edfafbe0b/network-protection/network-protection-impl/src/main/res/values/strings-netp.xml#L241
Android,headings,network-protection/network-protection-impl,netpAutoExcludePromptExcludeAllTitle,,Would you like to exclude all apps that are not compatible with VPNs?,,Auto-exclude,,true,,false,apps/android/network-protection/network-protection-impl/src/main/res/values/strings-netp.xml,248,https://github.com/duckduckgo/Android/blob/fe3e65263b23930e03b723517b7c011edfafbe0b/network-protection/network-protection-impl/src/main/res/values/strings-netp.xml#L248
Android,headings,new-tab-page/new-tab-page-impl,newTabPageSettingsTitle,,Customize New Tab Page,,,,false,,false,apps/android/new-tab-page/new-tab-page-impl/src/main/res/values/donottranslate.xml,21,https://github.com/duckduckgo/Android/blob/fe3e65263b23930e03b723517b7c011edfafbe0b/new-tab-page/new-tab-page-impl/src/main/res/values/donottranslate.xml#L21
Android,headings,new-tab-page/new-tab-page-impl,newTabPageWelcomeTitle,,Your New Tab Page is… New!,,,,false,,false,apps/android/new-tab-page/new-tab-page-impl/src/main/res/values/donottranslate.xml,26,https://github.com/duckduckgo/Android/blob/fe3e65263b23930e03b723517b7c011edfafbe0b/new-tab-page/new-tab-page-impl/src/main/res/values/donottranslate.xml#L26
Android,headings,pir/pir-impl,pirOnboardingStepTitle,,Personal Information Removal,,PIR subscription onboarding step,,false,,false,apps/android/pir/pir-impl/src/main/res/values/donottranslate.xml,28,https://github.com/duckduckgo/Android/blob/fe3e65263b23930e03b723517b7c011edfafbe0b/pir/pir-impl/src/main/res/values/donottranslate.xml#L28
Android,headings,privacy-dashboard/privacy-dashboard-impl,privacyDashboardActivityTitle,,Privacy Dashboard,,,,true,,false,apps/android/privacy-dashboard/privacy-dashboard-impl/src/main/res/values/strings-dashboard.xml,20,https://github.com/duckduckgo/Android/blob/fe3e65263b23930e03b723517b7c011edfafbe0b/privacy-dashboard/privacy-dashboard-impl/src/main/res/values/strings-dashboard.xml#L20
Android,headings,saved-sites/saved-sites-impl,sync_simplified_enable_option_favorites_title,,Share Favorites Across Devices,,Sync settings screen,,true,,false,apps/android/saved-sites/saved-sites-impl/src/main/res/values/strings-saved-sites.xml,21,https://github.com/duckduckgo/Android/blob/fe3e65263b23930e03b723517b7c011edfafbe0b/saved-sites/saved-sites-impl/src/main/res/values/strings-saved-sites.xml#L21
Android,headings,saved-sites/saved-sites-impl,bookmarksActivityTitle,,Bookmarks,,Bookmarks Activity,,true,,false,apps/android/saved-sites/saved-sites-impl/src/main/res/values/strings-saved-sites.xml,41,https://github.com/duckduckgo/Android/blob/fe3e65263b23930e03b723517b7c011edfafbe0b/saved-sites/saved-sites-impl/src/main/res/values/strings-saved-sites.xml#L41
Android,headings,saved-sites/saved-sites-impl,importBookmarksFileTitle,,Select a bookmark file to import,,Bookmarks Activity,,true,,false,apps/android/saved-sites/saved-sites-impl/src/main/res/values/strings-saved-sites.xml,50,https://github.com/duckduckgo/Android/blob/fe3e65263b23930e03b723517b7c011edfafbe0b/saved-sites/saved-sites-impl/src/main/res/values/strings-saved-sites.xml#L50
Android,headings,saved-sites/saved-sites-impl,savedSiteDialogTitleEdit,,Edit,,Bookmarks Activity,,true,,false,apps/android/saved-sites/saved-sites-impl/src/main/res/values/strings-saved-sites.xml,56,https://github.com/duckduckgo/Android/blob/fe3e65263b23930e03b723517b7c011edfafbe0b/saved-sites/saved-sites-impl/src/main/res/values/strings-saved-sites.xml#L56
Android,headings,saved-sites/saved-sites-impl,bookmarksSectionTitle,,Bookmarks,,Bookmarks Activity,,true,,false,apps/android/saved-sites/saved-sites-impl/src/main/res/values/strings-saved-sites.xml,57,https://github.com/duckduckgo/Android/blob/fe3e65263b23930e03b723517b7c011edfafbe0b/saved-sites/saved-sites-impl/src/main/res/values/strings-saved-sites.xml#L57
Android,headings,saved-sites/saved-sites-impl,favoritesSectionTitle,,Favorites,,Bookmarks Activity,,true,,false,apps/android/saved-sites/saved-sites-impl/src/main/res/values/strings-saved-sites.xml,58,https://github.com/duckduckgo/Android/blob/fe3e65263b23930e03b723517b7c011edfafbe0b/saved-sites/saved-sites-impl/src/main/res/values/strings-saved-sites.xml#L58
Android,headings,saved-sites/saved-sites-impl,bookmarkDialogTitleEdit,,Edit Bookmark,,Bookmark folders,,true,,false,apps/android/saved-sites/saved-sites-impl/src/main/res/values/strings-saved-sites.xml,66,https://github.com/duckduckgo/Android/blob/fe3e65263b23930e03b723517b7c011edfafbe0b/saved-sites/saved-sites-impl/src/main/res/values/strings-saved-sites.xml#L66
Android,headings,saved-sites/saved-sites-impl,favoriteDialogTitleEdit,,Edit Favorite,,Bookmark folders,,true,,false,apps/android/saved-sites/saved-sites-impl/src/main/res/values/strings-saved-sites.xml,67,https://github.com/duckduckgo/Android/blob/fe3e65263b23930e03b723517b7c011edfafbe0b/saved-sites/saved-sites-impl/src/main/res/values/strings-saved-sites.xml#L67
Android,headings,saved-sites/saved-sites-impl,folderLocationTitle,,Select Location,"Refers to the folder where a bookmark is saved, not a geographical location",Bookmark folders,,true,,false,apps/android/saved-sites/saved-sites-impl/src/main/res/values/strings-saved-sites.xml,69,https://github.com/duckduckgo/Android/blob/fe3e65263b23930e03b723517b7c011edfafbe0b/saved-sites/saved-sites-impl/src/main/res/values/strings-saved-sites.xml#L69
Android,headings,saved-sites/saved-sites-impl,bookmarkFolderDeleteDialogTitle,,Delete folder and its contents?,Dialog title for deleting a folder with bookmarks,Bookmark folders,,true,,false,apps/android/saved-sites/saved-sites-impl/src/main/res/values/strings-saved-sites.xml,72,https://github.com/duckduckgo/Android/blob/fe3e65263b23930e03b723517b7c011edfafbe0b/saved-sites/saved-sites-impl/src/main/res/values/strings-saved-sites.xml#L72
Android,headings,saved-sites/saved-sites-impl,sync_simplified_fetch_icons_title,,Load Bookmark Icons,,Sync Favicons,,true,,false,apps/android/saved-sites/saved-sites-impl/src/main/res/values/strings-saved-sites.xml,102,https://github.com/duckduckgo/Android/blob/fe3e65263b23930e03b723517b7c011edfafbe0b/saved-sites/saved-sites-impl/src/main/res/values/strings-saved-sites.xml#L102
Android,headings,saved-sites/saved-sites-impl,faviconsPromptTitle,,Download Missing Icons?,,Sync Favicons,,true,,false,apps/android/saved-sites/saved-sites-impl/src/main/res/values/strings-saved-sites.xml,104,https://github.com/duckduckgo/Android/blob/fe3e65263b23930e03b723517b7c011edfafbe0b/saved-sites/saved-sites-impl/src/main/res/values/strings-saved-sites.xml#L104
Android,headings,saved-sites/saved-sites-impl,deleteBookmarkConfirmationDialogTitle,,Delete this bookmark?,Dialog title for deleting a bookmark,"Edit Saved Site screen, ""Delete Saved Site"" confirmation prompt",,true,,false,apps/android/saved-sites/saved-sites-impl/src/main/res/values/strings-saved-sites.xml,110,https://github.com/duckduckgo/Android/blob/fe3e65263b23930e03b723517b7c011edfafbe0b/saved-sites/saved-sites-impl/src/main/res/values/strings-saved-sites.xml#L110
Android,headings,saved-sites/saved-sites-impl,deleteFavoriteConfirmationDialogTitle,,Delete this favorite?,Dialog title for deleting a favorite site,"Edit Saved Site screen, ""Delete Saved Site"" confirmation prompt",,true,,false,apps/android/saved-sites/saved-sites-impl/src/main/res/values/strings-saved-sites.xml,112,https://github.com/duckduckgo/Android/blob/fe3e65263b23930e03b723517b7c011edfafbe0b/saved-sites/saved-sites-impl/src/main/res/values/strings-saved-sites.xml#L112
Android,headings,saved-sites/saved-sites-impl,deleteBookmarkFolderConfirmationDialogTitle,,Delete this bookmark folder?,Dialog title for deleting a bookmark folder,"Edit Saved Site screen, ""Delete Saved Site"" confirmation prompt",,true,,false,apps/android/saved-sites/saved-sites-impl/src/main/res/values/strings-saved-sites.xml,114,https://github.com/duckduckgo/Android/blob/fe3e65263b23930e03b723517b7c011edfafbe0b/saved-sites/saved-sites-impl/src/main/res/values/strings-saved-sites.xml#L114
Android,headings,saved-sites/saved-sites-impl,importBookmarksFromGooglePreImportDialogTitle,,Import Bookmarks From Google,,Bookmark Import,,true,,false,apps/android/saved-sites/saved-sites-impl/src/main/res/values/strings-saved-sites.xml,120,https://github.com/duckduckgo/Android/blob/fe3e65263b23930e03b723517b7c011edfafbe0b/saved-sites/saved-sites-impl/src/main/res/values/strings-saved-sites.xml#L120
Android,headings,site-permissions/site-permissions-impl,drmSitePermissionDialogTitle,,"""%1$s"" wants to open your Digital Rights Management (DRM) software",Placeholder is the name of a website,DRM Permission,%1$s,true,,false,apps/android/site-permissions/site-permissions-impl/src/main/res/values/strings-site-permissions.xml,21,https://github.com/duckduckgo/Android/blob/fe3e65263b23930e03b723517b7c011edfafbe0b/site-permissions/site-permissions-impl/src/main/res/values/strings-site-permissions.xml#L21
Android,headings,site-permissions/site-permissions-impl,sitePermissionsLocationDialogTitle,,"""%1$s"" wants to access your location",Placeholder is a website,Location Permission,%1$s,true,,false,apps/android/site-permissions/site-permissions-impl/src/main/res/values/strings-site-permissions.xml,29,https://github.com/duckduckgo/Android/blob/fe3e65263b23930e03b723517b7c011edfafbe0b/site-permissions/site-permissions-impl/src/main/res/values/strings-site-permissions.xml#L29
Android,headings,site-permissions/site-permissions-impl,systemPermissionDialogLocationDeniedTitle,,Allow DuckDuckGo to ask for location access on this device,,Location Permission,,true,,false,apps/android/site-permissions/site-permissions-impl/src/main/res/values/strings-site-permissions.xml,33,https://github.com/duckduckgo/Android/blob/fe3e65263b23930e03b723517b7c011edfafbe0b/site-permissions/site-permissions-impl/src/main/res/values/strings-site-permissions.xml#L33
Android,headings,site-permissions/site-permissions-impl,sitePermissionsMicAndCameraDialogTitle,,"""%1$s"" wants to access the camera and microphone",Placeholder is a website,Site Permission,%1$s,true,,false,apps/android/site-permissions/site-permissions-impl/src/main/res/values/strings-site-permissions.xml,42,https://github.com/duckduckgo/Android/blob/fe3e65263b23930e03b723517b7c011edfafbe0b/site-permissions/site-permissions-impl/src/main/res/values/strings-site-permissions.xml#L42
Android,headings,site-permissions/site-permissions-impl,sitePermissionsMicDialogTitle,,"""%1$s"" wants to access the microphone",Placeholder is a website,Site Permission,%1$s,true,,false,apps/android/site-permissions/site-permissions-impl/src/main/res/values/strings-site-permissions.xml,43,https://github.com/duckduckgo/Android/blob/fe3e65263b23930e03b723517b7c011edfafbe0b/site-permissions/site-permissions-impl/src/main/res/values/strings-site-permissions.xml#L43
Android,headings,site-permissions/site-permissions-impl,sitePermissionsCameraDialogTitle,,"""%1$s"" wants to access the camera",Placeholder is a website,Site Permission,%1$s,true,,false,apps/android/site-permissions/site-permissions-impl/src/main/res/values/strings-site-permissions.xml,44,https://github.com/duckduckgo/Android/blob/fe3e65263b23930e03b723517b7c011edfafbe0b/site-permissions/site-permissions-impl/src/main/res/values/strings-site-permissions.xml#L44
Android,headings,site-permissions/site-permissions-impl,systemPermissionDialogCameraDeniedTitle,,Allow DuckDuckGo to ask for camera access on this device,,Site Permission,,true,,false,apps/android/site-permissions/site-permissions-impl/src/main/res/values/strings-site-permissions.xml,52,https://github.com/duckduckgo/Android/blob/fe3e65263b23930e03b723517b7c011edfafbe0b/site-permissions/site-permissions-impl/src/main/res/values/strings-site-permissions.xml#L52
Android,headings,site-permissions/site-permissions-impl,systemPermissionDialogAudioDeniedTitle,,Allow DuckDuckGo to ask for microphone access on this device,,Site Permission,,true,,false,apps/android/site-permissions/site-permissions-impl/src/main/res/values/strings-site-permissions.xml,54,https://github.com/duckduckgo/Android/blob/fe3e65263b23930e03b723517b7c011edfafbe0b/site-permissions/site-permissions-impl/src/main/res/values/strings-site-permissions.xml#L54
Android,headings,site-permissions/site-permissions-impl,systemPermissionDialogCameraAndAudioDeniedTitle,,Allow DuckDuckGo to ask for camera and microphone access on this device,,Site Permission,,true,,false,apps/android/site-permissions/site-permissions-impl/src/main/res/values/strings-site-permissions.xml,56,https://github.com/duckduckgo/Android/blob/fe3e65263b23930e03b723517b7c011edfafbe0b/site-permissions/site-permissions-impl/src/main/res/values/strings-site-permissions.xml#L56
Android,headings,site-permissions/site-permissions-impl,duckAiMicPermissionDeniedDialogTitle,,DuckDuckGo needs to access your microphone,,Site Permission,,true,,false,apps/android/site-permissions/site-permissions-impl/src/main/res/values/strings-site-permissions.xml,61,https://github.com/duckduckgo/Android/blob/fe3e65263b23930e03b723517b7c011edfafbe0b/site-permissions/site-permissions-impl/src/main/res/values/strings-site-permissions.xml#L61
Android,headings,site-permissions/site-permissions-impl,sitePermissionsSettingsEnablePermissionTitle,,Allow all sites to ask for:,,Site Permission,,true,,false,apps/android/site-permissions/site-permissions-impl/src/main/res/values/strings-site-permissions.xml,65,https://github.com/duckduckgo/Android/blob/fe3e65263b23930e03b723517b7c011edfafbe0b/site-permissions/site-permissions-impl/src/main/res/values/strings-site-permissions.xml#L65
Android,headings,site-permissions/site-permissions-impl,sitePermissionsSettingsAllowedSitesTitle,,Manage Sites,,Site Permission,,true,,false,apps/android/site-permissions/site-permissions-impl/src/main/res/values/strings-site-permissions.xml,69,https://github.com/duckduckgo/Android/blob/fe3e65263b23930e03b723517b7c011edfafbe0b/site-permissions/site-permissions-impl/src/main/res/values/strings-site-permissions.xml#L69
Android,headings,site-permissions/site-permissions-impl,permissionsPerWebsiteSelectorDialogTitle,,%1$s permission for %2$s,"%1$s is the name of a permissions and %2$s is the name of a website, i.e. Camera permission for example.com",Site Permission,%1$s %2$s,true,,false,apps/android/site-permissions/site-permissions-impl/src/main/res/values/strings-site-permissions.xml,77,https://github.com/duckduckgo/Android/blob/fe3e65263b23930e03b723517b7c011edfafbe0b/site-permissions/site-permissions-impl/src/main/res/values/strings-site-permissions.xml#L77
Android,headings,site-permissions/site-permissions-impl,sitePermissionsTieredLocationDialogTitle,,"""%1$s"" website wants to access your location",Placeholder is a website,Tiered permission dialog,%1$s,true,,false,apps/android/site-permissions/site-permissions-impl/src/main/res/values/strings-site-permissions.xml,83,https://github.com/duckduckgo/Android/blob/fe3e65263b23930e03b723517b7c011edfafbe0b/site-permissions/site-permissions-impl/src/main/res/values/strings-site-permissions.xml#L83
Android,headings,site-permissions/site-permissions-impl,sitePermissionsTieredDdgLocationDialogTitle,,"""%1$s"" wants to access your location",Placeholder is a website,Tiered permission dialog,%1$s,true,,false,apps/android/site-permissions/site-permissions-impl/src/main/res/values/strings-site-permissions.xml,84,https://github.com/duckduckgo/Android/blob/fe3e65263b23930e03b723517b7c011edfafbe0b/site-permissions/site-permissions-impl/src/main/res/values/strings-site-permissions.xml#L84
Android,headings,site-permissions/site-permissions-impl,sitePermissionsTieredCameraDialogTitle,,"""%1$s"" website wants to access your camera",Placeholder is a website,Tiered permission dialog,%1$s,true,,false,apps/android/site-permissions/site-permissions-impl/src/main/res/values/strings-site-permissions.xml,86,https://github.com/duckduckgo/Android/blob/fe3e65263b23930e03b723517b7c011edfafbe0b/site-permissions/site-permissions-impl/src/main/res/values/strings-site-permissions.xml#L86
Android,headings,site-permissions/site-permissions-impl,sitePermissionsTieredMicDialogTitle,,"""%1$s"" website wants to access your microphone",Placeholder is a website,Tiered permission dialog,%1$s,true,,false,apps/android/site-permissions/site-permissions-impl/src/main/res/values/strings-site-permissions.xml,87,https://github.com/duckduckgo/Android/blob/fe3e65263b23930e03b723517b7c011edfafbe0b/site-permissions/site-permissions-impl/src/main/res/values/strings-site-permissions.xml#L87
Android,headings,site-permissions/site-permissions-impl,sitePermissionsTieredMicAndCameraDialogTitle,,"""%1$s"" website wants to access your camera and microphone",Placeholder is a website,Tiered permission dialog,%1$s,true,,false,apps/android/site-permissions/site-permissions-impl/src/main/res/values/strings-site-permissions.xml,88,https://github.com/duckduckgo/Android/blob/fe3e65263b23930e03b723517b7c011edfafbe0b/site-permissions/site-permissions-impl/src/main/res/values/strings-site-permissions.xml#L88
Android,headings,site-permissions/site-permissions-impl,sitePermissionsTieredSystemDeniedLocationTitle,,DuckDuckGo needs to access your location,,Reminder dialog,,true,,false,apps/android/site-permissions/site-permissions-impl/src/main/res/values/strings-site-permissions.xml,93,https://github.com/duckduckgo/Android/blob/fe3e65263b23930e03b723517b7c011edfafbe0b/site-permissions/site-permissions-impl/src/main/res/values/strings-site-permissions.xml#L93
Android,headings,site-permissions/site-permissions-impl,sitePermissionsTieredSystemDeniedCameraTitle,,DuckDuckGo needs to access your camera,,Reminder dialog,,true,,false,apps/android/site-permissions/site-permissions-impl/src/main/res/values/strings-site-permissions.xml,95,https://github.com/duckduckgo/Android/blob/fe3e65263b23930e03b723517b7c011edfafbe0b/site-permissions/site-permissions-impl/src/main/res/values/strings-site-permissions.xml#L95
Android,headings,site-permissions/site-permissions-impl,sitePermissionsTieredSystemDeniedMicTitle,,DuckDuckGo needs to access your microphone,,Reminder dialog,,true,,false,apps/android/site-permissions/site-permissions-impl/src/main/res/values/strings-site-permissions.xml,97,https://github.com/duckduckgo/Android/blob/fe3e65263b23930e03b723517b7c011edfafbe0b/site-permissions/site-permissions-impl/src/main/res/values/strings-site-permissions.xml#L97
Android,headings,site-permissions/site-permissions-impl,sitePermissionsTieredSystemDeniedCameraAndMicTitle,,DuckDuckGo needs to access your camera and microphone,,Reminder dialog,,true,,false,apps/android/site-permissions/site-permissions-impl/src/main/res/values/strings-site-permissions.xml,99,https://github.com/duckduckgo/Android/blob/fe3e65263b23930e03b723517b7c011edfafbe0b/site-permissions/site-permissions-impl/src/main/res/values/strings-site-permissions.xml#L99
Android,headings,subscriptions/subscriptions-impl,pirStorageUnavailableDialogTitle,,Temporary issue with Personal Information Removal,,Personal Information Removal,,false,,false,apps/android/subscriptions/subscriptions-impl/src/main/res/values/donottranslate.xml,20,https://github.com/duckduckgo/Android/blob/fe3e65263b23930e03b723517b7c011edfafbe0b/subscriptions/subscriptions-impl/src/main/res/values/donottranslate.xml#L20
Android,headings,subscriptions/subscriptions-impl,partnerBenefitSettingTitle,,Subscriber Offers,,Partnerships Hub,,false,,false,apps/android/subscriptions/subscriptions-impl/src/main/res/values/donottranslate.xml,27,https://github.com/duckduckgo/Android/blob/fe3e65263b23930e03b723517b7c011edfafbe0b/subscriptions/subscriptions-impl/src/main/res/values/donottranslate.xml#L27
Android,headings,subscriptions/subscriptions-impl,subscriptionOnboardingWelcomeTitle,,Protections unlocked!,,"Subscription Onboarding (English only, not translated)",,false,,false,apps/android/subscriptions/subscriptions-impl/src/main/res/values/donottranslate.xml,47,https://github.com/duckduckgo/Android/blob/fe3e65263b23930e03b723517b7c011edfafbe0b/subscriptions/subscriptions-impl/src/main/res/values/donottranslate.xml#L47
Android,headings,subscriptions/subscriptions-impl,subscriptionOnboardingWelcomeBannerTitle1,,Day,,"Subscription Onboarding (English only, not translated)",,false,,false,apps/android/subscriptions/subscriptions-impl/src/main/res/values/donottranslate.xml,49,https://github.com/duckduckgo/Android/blob/fe3e65263b23930e03b723517b7c011edfafbe0b/subscriptions/subscriptions-impl/src/main/res/values/donottranslate.xml#L49
Android,headings,subscriptions/subscriptions-impl,subscriptionOnboardingWelcomeBannerTitle2,,1,,"Subscription Onboarding (English only, not translated)",,false,,false,apps/android/subscriptions/subscriptions-impl/src/main/res/values/donottranslate.xml,50,https://github.com/duckduckgo/Android/blob/fe3e65263b23930e03b723517b7c011edfafbe0b/subscriptions/subscriptions-impl/src/main/res/values/donottranslate.xml#L50
Android,headings,subscriptions/subscriptions-impl,subscriptionOnboardingWelcomeBannerTitle3,,of your free trial,,"Subscription Onboarding (English only, not translated)",,false,,false,apps/android/subscriptions/subscriptions-impl/src/main/res/values/donottranslate.xml,51,https://github.com/duckduckgo/Android/blob/fe3e65263b23930e03b723517b7c011edfafbe0b/subscriptions/subscriptions-impl/src/main/res/values/donottranslate.xml#L51
Android,headings,subscriptions/subscriptions-impl,subscriptionOnboardingFeaturesTitle,,Ready to activate your new protections?,,"Subscription Onboarding (English only, not translated)",,false,,false,apps/android/subscriptions/subscriptions-impl/src/main/res/values/donottranslate.xml,54,https://github.com/duckduckgo/Android/blob/fe3e65263b23930e03b723517b7c011edfafbe0b/subscriptions/subscriptions-impl/src/main/res/values/donottranslate.xml#L54
Android,headings,subscriptions/subscriptions-impl,subscriptionOnboardingItrTitle,,Step 2 of 3,,ITR step,,false,,false,apps/android/subscriptions/subscriptions-impl/src/main/res/values/donottranslate.xml,67,https://github.com/duckduckgo/Android/blob/fe3e65263b23930e03b723517b7c011edfafbe0b/subscriptions/subscriptions-impl/src/main/res/values/donottranslate.xml#L67
Android,headings,subscriptions/subscriptions-impl,subscriptionOnboardingFeatureInfoVpnTitle,,DuckDuckGo VPN,,Feature detail: VPN,,false,,false,apps/android/subscriptions/subscriptions-impl/src/main/res/values/donottranslate.xml,78,https://github.com/duckduckgo/Android/blob/fe3e65263b23930e03b723517b7c011edfafbe0b/subscriptions/subscriptions-impl/src/main/res/values/donottranslate.xml#L78
Android,headings,subscriptions/subscriptions-impl,subscriptionOnboardingFeatureInfoItrTitle,,Identity Theft Restoration,,Feature detail: Identity Theft Restoration,,false,,false,apps/android/subscriptions/subscriptions-impl/src/main/res/values/donottranslate.xml,100,https://github.com/duckduckgo/Android/blob/fe3e65263b23930e03b723517b7c011edfafbe0b/subscriptions/subscriptions-impl/src/main/res/values/donottranslate.xml#L100
Android,headings,subscriptions/subscriptions-impl,subscriptionOnboardingFeatureInfoDuckAiTitle,,Chat privately with advanced AI models,,Feature detail: Duck.ai,,false,,false,apps/android/subscriptions/subscriptions-impl/src/main/res/values/donottranslate.xml,121,https://github.com/duckduckgo/Android/blob/fe3e65263b23930e03b723517b7c011edfafbe0b/subscriptions/subscriptions-impl/src/main/res/values/donottranslate.xml#L121
Android,headings,subscriptions/subscriptions-impl,subscriptionOnboardingFeatureInfoPirTitle,,Personal Information Removal,,Feature detail: Personal Information Removal,,false,,false,apps/android/subscriptions/subscriptions-impl/src/main/res/values/donottranslate.xml,133,https://github.com/duckduckgo/Android/blob/fe3e65263b23930e03b723517b7c011edfafbe0b/subscriptions/subscriptions-impl/src/main/res/values/donottranslate.xml#L133
Android,headings,subscriptions/subscriptions-impl,subscriptionOnboardingCompletionTitle,,Nice work!,,Onboarding completion summary,,false,,false,apps/android/subscriptions/subscriptions-impl/src/main/res/values/donottranslate.xml,147,https://github.com/duckduckgo/Android/blob/fe3e65263b23930e03b723517b7c011edfafbe0b/subscriptions/subscriptions-impl/src/main/res/values/donottranslate.xml#L147
Android,headings,subscriptions/subscriptions-impl,subscriptionOnboardingCompletionHandoffTitle,,Duck.ai Private Chat,,Onboarding completion summary,,false,,false,apps/android/subscriptions/subscriptions-impl/src/main/res/values/donottranslate.xml,152,https://github.com/duckduckgo/Android/blob/fe3e65263b23930e03b723517b7c011edfafbe0b/subscriptions/subscriptions-impl/src/main/res/values/donottranslate.xml#L152
Android,headings,subscriptions/subscriptions-impl,subscriptionOnboardingCompletionCompleteTitle,,You are all set up and ready to go!,,Onboarding completion summary,,false,,false,apps/android/subscriptions/subscriptions-impl/src/main/res/values/donottranslate.xml,154,https://github.com/duckduckgo/Android/blob/fe3e65263b23930e03b723517b7c011edfafbe0b/subscriptions/subscriptions-impl/src/main/res/values/donottranslate.xml#L154
Android,headings,subscriptions/subscriptions-impl,subscriptionOnboardingSettingsCardTitle,,Setup %1$d%% complete,"Placeholder is the whole-number percentage of onboarding completed, e.g. 75",Onboarding settings entry-point card,%1$d,false,,false,apps/android/subscriptions/subscriptions-impl/src/main/res/values/donottranslate.xml,158,https://github.com/duckduckgo/Android/blob/fe3e65263b23930e03b723517b7c011edfafbe0b/subscriptions/subscriptions-impl/src/main/res/values/donottranslate.xml#L158
Android,headings,subscriptions/subscriptions-impl,restoreSubscriptionTitle,,Add your subscription to this device,,Restore Subscriptions Activity,,true,,false,apps/android/subscriptions/subscriptions-impl/src/main/res/values/strings-subscriptions.xml,34,https://github.com/duckduckgo/Android/blob/fe3e65263b23930e03b723517b7c011edfafbe0b/subscriptions/subscriptions-impl/src/main/res/values/strings-subscriptions.xml#L34
Android,headings,subscriptions/subscriptions-impl,restoreSubscriptionGooglePlayTitle,,Add via Google Play Account,,Restore Subscriptions Activity,,true,,false,apps/android/subscriptions/subscriptions-impl/src/main/res/values/strings-subscriptions.xml,35,https://github.com/duckduckgo/Android/blob/fe3e65263b23930e03b723517b7c011edfafbe0b/subscriptions/subscriptions-impl/src/main/res/values/strings-subscriptions.xml#L35
Android,headings,subscriptions/subscriptions-impl,restoreSubscriptionEmailTitle,,Add via Email,,Restore Subscriptions Activity,,true,,false,apps/android/subscriptions/subscriptions-impl/src/main/res/values/strings-subscriptions.xml,38,https://github.com/duckduckgo/Android/blob/fe3e65263b23930e03b723517b7c011edfafbe0b/subscriptions/subscriptions-impl/src/main/res/values/strings-subscriptions.xml#L38
Android,headings,subscriptions/subscriptions-impl,purchaseCompletedTitle,,You're all set.,,Purchase Subscriptions,,true,,false,apps/android/subscriptions/subscriptions-impl/src/main/res/values/strings-subscriptions.xml,89,https://github.com/duckduckgo/Android/blob/fe3e65263b23930e03b723517b7c011edfafbe0b/subscriptions/subscriptions-impl/src/main/res/values/strings-subscriptions.xml#L89
Android,headings,subscriptions/subscriptions-impl,pirSettingTitle,,Personal Information Removal,,PIR Settings,,false,,false,apps/android/subscriptions/subscriptions-impl/src/main/res/values/strings-subscriptions.xml,96,https://github.com/duckduckgo/Android/blob/fe3e65263b23930e03b723517b7c011edfafbe0b/subscriptions/subscriptions-impl/src/main/res/values/strings-subscriptions.xml#L96
Android,headings,subscriptions/subscriptions-impl,itrSettingTitle,,Identity Theft Restoration,,ITR Settings,,false,,false,apps/android/subscriptions/subscriptions-impl/src/main/res/values/strings-subscriptions.xml,99,https://github.com/duckduckgo/Android/blob/fe3e65263b23930e03b723517b7c011edfafbe0b/subscriptions/subscriptions-impl/src/main/res/values/strings-subscriptions.xml#L99
Android,headings,subscriptions/subscriptions-impl,changePlanTitle,,Update Plan or Cancel,,Change Plan,,true,,false,apps/android/subscriptions/subscriptions-impl/src/main/res/values/strings-subscriptions.xml,102,https://github.com/duckduckgo/Android/blob/fe3e65263b23930e03b723517b7c011edfafbe0b/subscriptions/subscriptions-impl/src/main/res/values/strings-subscriptions.xml#L102
Android,headings,subscriptions/subscriptions-impl,pirTitle,,Activate the DuckDuckGo subscription on desktop to set up Personal Information Removal,,PIR Activity,,true,,false,apps/android/subscriptions/subscriptions-impl/src/main/res/values/strings-subscriptions.xml,106,https://github.com/duckduckgo/Android/blob/fe3e65263b23930e03b723517b7c011edfafbe0b/subscriptions/subscriptions-impl/src/main/res/values/strings-subscriptions.xml#L106
Android,headings,subscriptions/subscriptions-impl,feedbackTitle,,Send Feedback,,Feedback,,true,,false,apps/android/subscriptions/subscriptions-impl/src/main/res/values/strings-subscriptions.xml,115,https://github.com/duckduckgo/Android/blob/fe3e65263b23930e03b723517b7c011edfafbe0b/subscriptions/subscriptions-impl/src/main/res/values/strings-subscriptions.xml#L115
Android,headings,subscriptions/subscriptions-impl,feedbackActionHeader,,SELECT A CATEGORY,,Feedback,,true,,false,apps/android/subscriptions/subscriptions-impl/src/main/res/values/strings-subscriptions.xml,116,https://github.com/duckduckgo/Android/blob/fe3e65263b23930e03b723517b7c011edfafbe0b/subscriptions/subscriptions-impl/src/main/res/values/strings-subscriptions.xml#L116
Android,headings,subscriptions/subscriptions-impl,feedbackGeneralHeader,,SELECT A CATEGORY,,Feedback,,true,,false,apps/android/subscriptions/subscriptions-impl/src/main/res/values/strings-subscriptions.xml,121,https://github.com/duckduckgo/Android/blob/fe3e65263b23930e03b723517b7c011edfafbe0b/subscriptions/subscriptions-impl/src/main/res/values/strings-subscriptions.xml#L121
Android,headings,subscriptions/subscriptions-impl,feedbackCategoryHeader,,SELECT A CATEGORY,,Feedback,,true,,false,apps/android/subscriptions/subscriptions-impl/src/main/res/values/strings-subscriptions.xml,125,https://github.com/duckduckgo/Android/blob/fe3e65263b23930e03b723517b7c011edfafbe0b/subscriptions/subscriptions-impl/src/main/res/values/strings-subscriptions.xml#L125
Android,headings,subscriptions/subscriptions-impl,feedbackSubCategoryHeader,,SELECT A CATEGORY,,Feedback,,true,,false,apps/android/subscriptions/subscriptions-impl/src/main/res/values/strings-subscriptions.xml,130,https://github.com/duckduckgo/Android/blob/fe3e65263b23930e03b723517b7c011edfafbe0b/subscriptions/subscriptions-impl/src/main/res/values/strings-subscriptions.xml#L130
Android,headings,subscriptions/subscriptions-impl,feedbackSubmitVpnHeader,,"Found an issue not covered in our <annotation type=""faqs_link"">help center</annotation> ? We definitely want to know about it.",,Feedback,,true,,false,apps/android/subscriptions/subscriptions-impl/src/main/res/values/strings-subscriptions.xml,153,https://github.com/duckduckgo/Android/blob/fe3e65263b23930e03b723517b7c011edfafbe0b/subscriptions/subscriptions-impl/src/main/res/values/strings-subscriptions.xml#L153
Android,headings,subscriptions/subscriptions-impl,subscriptionSettingSectionTitle,,DuckDuckGo Subscription,,Activity titles,,true,,false,apps/android/subscriptions/subscriptions-impl/src/main/res/values/strings-subscriptions.xml,177,https://github.com/duckduckgo/Android/blob/fe3e65263b23930e03b723517b7c011edfafbe0b/subscriptions/subscriptions-impl/src/main/res/values/strings-subscriptions.xml#L177
Android,headings,subscriptions/subscriptions-impl,subscriptionsProUpgradeTitle,,Upgrade to Pro,,Pro tier changes,,true,,false,apps/android/subscriptions/subscriptions-impl/src/main/res/values/strings-subscriptions.xml,184,https://github.com/duckduckgo/Android/blob/fe3e65263b23930e03b723517b7c011edfafbe0b/subscriptions/subscriptions-impl/src/main/res/values/strings-subscriptions.xml#L184
Android,headings,sync/sync-impl,sync_screen_title,,Sync & Backup,,Settings screen,,true,,false,apps/android/sync/sync-impl/src/main/res/values/strings-sync.xml,33,https://github.com/duckduckgo/Android/blob/fe3e65263b23930e03b723517b7c011edfafbe0b/sync/sync-impl/src/main/res/values/strings-sync.xml#L33
Android,headings,sync/sync-impl,sync_setup_single_device_title,,Single-Device Setup,,Settings screen,,true,,false,apps/android/sync/sync-impl/src/main/res/values/strings-sync.xml,39,https://github.com/duckduckgo/Android/blob/fe3e65263b23930e03b723517b7c011edfafbe0b/sync/sync-impl/src/main/res/values/strings-sync.xml#L39
Android,headings,sync/sync-impl,sync_setup_other_options_title,,Other Options,,Settings screen,,true,,false,apps/android/sync/sync-impl/src/main/res/values/strings-sync.xml,40,https://github.com/duckduckgo/Android/blob/fe3e65263b23930e03b723517b7c011edfafbe0b/sync/sync-impl/src/main/res/values/strings-sync.xml#L40
Android,headings,sync/sync-impl,sync_enable_sync_title,,Setting Up Sync and Backup!,,Setup screen,,true,,false,apps/android/sync/sync-impl/src/main/res/values/strings-sync.xml,47,https://github.com/duckduckgo/Android/blob/fe3e65263b23930e03b723517b7c011edfafbe0b/sync/sync-impl/src/main/res/values/strings-sync.xml#L47
Android,headings,sync/sync-impl,sync_enable_option_favicons_title,,Fetch Bookmark Icons,,Setup screen,,true,,false,apps/android/sync/sync-impl/src/main/res/values/strings-sync.xml,51,https://github.com/duckduckgo/Android/blob/fe3e65263b23930e03b723517b7c011edfafbe0b/sync/sync-impl/src/main/res/values/strings-sync.xml#L51
Android,headings,sync/sync-impl,sync_intro_enable_title,,Sync and Back Up This Device,,Setup screen,,true,,false,apps/android/sync/sync-impl/src/main/res/values/strings-sync.xml,54,https://github.com/duckduckgo/Android/blob/fe3e65263b23930e03b723517b7c011edfafbe0b/sync/sync-impl/src/main/res/values/strings-sync.xml#L54
Android,headings,sync/sync-impl,sync_recover_synced_data_title,,Recover your synced data,,Recover Synced Data Intro Screen,,true,,false,apps/android/sync/sync-impl/src/main/res/values/strings-sync.xml,60,https://github.com/duckduckgo/Android/blob/fe3e65263b23930e03b723517b7c011edfafbe0b/sync/sync-impl/src/main/res/values/strings-sync.xml#L60
Android,headings,sync/sync-impl,login_screen_title,,Scan QR Code,,Recover data screen,,true,,false,apps/android/sync/sync-impl/src/main/res/values/strings-sync.xml,65,https://github.com/duckduckgo/Android/blob/fe3e65263b23930e03b723517b7c011edfafbe0b/sync/sync-impl/src/main/res/values/strings-sync.xml#L65
Android,headings,sync/sync-impl,connect_screen_title,,Scan QR Code,,Connect screen,,true,,false,apps/android/sync/sync-impl/src/main/res/values/strings-sync.xml,73,https://github.com/duckduckgo/Android/blob/fe3e65263b23930e03b723517b7c011edfafbe0b/sync/sync-impl/src/main/res/values/strings-sync.xml#L73
Android,headings,sync/sync-impl,enter_code_screen_title,,Manually Enter Code,,Enter Code screen,,true,,false,apps/android/sync/sync-impl/src/main/res/values/strings-sync.xml,81,https://github.com/duckduckgo/Android/blob/fe3e65263b23930e03b723517b7c011edfafbe0b/sync/sync-impl/src/main/res/values/strings-sync.xml#L81
Android,headings,sync/sync-impl,sync_recovery_code_title,,Save Recovery Code,,Recovery PDF screen,,true,,false,apps/android/sync/sync-impl/src/main/res/values/strings-sync.xml,88,https://github.com/duckduckgo/Android/blob/fe3e65263b23930e03b723517b7c011edfafbe0b/sync/sync-impl/src/main/res/values/strings-sync.xml#L88
Android,headings,sync/sync-impl,sync_connected_device_title,,Your data is synced!,,Device synced screen,,true,,false,apps/android/sync/sync-impl/src/main/res/values/strings-sync.xml,96,https://github.com/duckduckgo/Android/blob/fe3e65263b23930e03b723517b7c011edfafbe0b/sync/sync-impl/src/main/res/values/strings-sync.xml#L96
Android,headings,sync/sync-impl,show_qr_screen_title,,Show QR Code,,Device synced screen,,true,,false,apps/android/sync/sync-impl/src/main/res/values/strings-sync.xml,99,https://github.com/duckduckgo/Android/blob/fe3e65263b23930e03b723517b7c011edfafbe0b/sync/sync-impl/src/main/res/values/strings-sync.xml#L99
Android,headings,sync/sync-impl,show_code_screen_title,,Code,,Device synced screen,,true,,false,apps/android/sync/sync-impl/src/main/res/values/strings-sync.xml,101,https://github.com/duckduckgo/Android/blob/fe3e65263b23930e03b723517b7c011edfafbe0b/sync/sync-impl/src/main/res/values/strings-sync.xml#L101
Android,headings,sync/sync-impl,synced_devices_section_title,,Synced Devices,,Device synced screen,,true,,false,apps/android/sync/sync-impl/src/main/res/values/strings-sync.xml,105,https://github.com/duckduckgo/Android/blob/fe3e65263b23930e03b723517b7c011edfafbe0b/sync/sync-impl/src/main/res/values/strings-sync.xml#L105
Android,headings,sync/sync-impl,sync_new_device_section_title,,Sync New Device,,Device synced screen,,true,,false,apps/android/sync/sync-impl/src/main/res/values/strings-sync.xml,106,https://github.com/duckduckgo/Android/blob/fe3e65263b23930e03b723517b7c011edfafbe0b/sync/sync-impl/src/main/res/values/strings-sync.xml#L106
Android,headings,sync/sync-impl,turn_off_sync_dialog_title,,Turn off sync?,,Device synced screen,,true,,false,apps/android/sync/sync-impl/src/main/res/values/strings-sync.xml,117,https://github.com/duckduckgo/Android/blob/fe3e65263b23930e03b723517b7c011edfafbe0b/sync/sync-impl/src/main/res/values/strings-sync.xml#L117
Android,headings,sync/sync-impl,sync_share_title,,Share with…,,Device synced screen,,true,,false,apps/android/sync/sync-impl/src/main/res/values/strings-sync.xml,122,https://github.com/duckduckgo/Android/blob/fe3e65263b23930e03b723517b7c011edfafbe0b/sync/sync-impl/src/main/res/values/strings-sync.xml#L122
Android,headings,sync/sync-impl,sync_pdf_title,,Sync Recovery Code,,Device synced screen,,true,,false,apps/android/sync/sync-impl/src/main/res/values/strings-sync.xml,123,https://github.com/duckduckgo/Android/blob/fe3e65263b23930e03b723517b7c011edfafbe0b/sync/sync-impl/src/main/res/values/strings-sync.xml#L123
Android,headings,sync/sync-impl,sync_code_box_title,,Keep this information safe and secure.,,Device synced screen,,true,,false,apps/android/sync/sync-impl/src/main/res/values/strings-sync.xml,125,https://github.com/duckduckgo/Android/blob/fe3e65263b23930e03b723517b7c011edfafbe0b/sync/sync-impl/src/main/res/values/strings-sync.xml#L125
Android,headings,sync/sync-impl,sync_instructions_title,,How does this code work?,,Device synced screen,,true,,false,apps/android/sync/sync-impl/src/main/res/values/strings-sync.xml,126,https://github.com/duckduckgo/Android/blob/fe3e65263b23930e03b723517b7c011edfafbe0b/sync/sync-impl/src/main/res/values/strings-sync.xml#L126
Android,headings,sync/sync-impl,remove_device_dialog_title,,Remove device?,,Device synced screen,,true,,false,apps/android/sync/sync-impl/src/main/res/values/strings-sync.xml,131,https://github.com/duckduckgo/Android/blob/fe3e65263b23930e03b723517b7c011edfafbe0b/sync/sync-impl/src/main/res/values/strings-sync.xml#L131
Android,headings,sync/sync-impl,edit_device_dialog_title,,Edit,,Device synced screen,,true,,false,apps/android/sync/sync-impl/src/main/res/values/strings-sync.xml,135,https://github.com/duckduckgo/Android/blob/fe3e65263b23930e03b723517b7c011edfafbe0b/sync/sync-impl/src/main/res/values/strings-sync.xml#L135
Android,headings,sync/sync-impl,sync_notify_me_title,,Notifications are disabled,,Device synced screen,,true,,false,apps/android/sync/sync-impl/src/main/res/values/strings-sync.xml,151,https://github.com/duckduckgo/Android/blob/fe3e65263b23930e03b723517b7c011edfafbe0b/sync/sync-impl/src/main/res/values/strings-sync.xml#L151
Android,headings,sync/sync-impl,sync_biometric_prompt_title,,Sync & Backup Locked,,Sync Device Authentication,,true,,false,apps/android/sync/sync-impl/src/main/res/values/strings-sync.xml,172,https://github.com/duckduckgo/Android/blob/fe3e65263b23930e03b723517b7c011edfafbe0b/sync/sync-impl/src/main/res/values/strings-sync.xml#L172
Android,headings,sync/sync-impl,sync_require_device_passcode_dialog_title,,Secure your device to use Sync & Backup,,Sync Device Authentication,,true,,false,apps/android/sync/sync-impl/src/main/res/values/strings-sync.xml,173,https://github.com/duckduckgo/Android/blob/fe3e65263b23930e03b723517b7c011edfafbe0b/sync/sync-impl/src/main/res/values/strings-sync.xml#L173
Android,headings,sync/sync-impl,sync_delete_server_data_dialog_title,,Delete server data?,,Sync Settings,,true,,false,apps/android/sync/sync-impl/src/main/res/values/strings-sync.xml,178,https://github.com/duckduckgo/Android/blob/fe3e65263b23930e03b723517b7c011edfafbe0b/sync/sync-impl/src/main/res/values/strings-sync.xml#L178
Android,headings,sync/sync-impl,syncPromoTitlePasswords,,Sync & Back Up Your Passwords,,Sync feature promo,,true,,false,apps/android/sync/sync-impl/src/main/res/values/strings-sync.xml,184,https://github.com/duckduckgo/Android/blob/fe3e65263b23930e03b723517b7c011edfafbe0b/sync/sync-impl/src/main/res/values/strings-sync.xml#L184
Android,headings,sync/sync-impl,syncPromoTitleBookmarks,,Sync & Back Up Your Bookmarks,,Sync feature promo,,true,,false,apps/android/sync/sync-impl/src/main/res/values/strings-sync.xml,187,https://github.com/duckduckgo/Android/blob/fe3e65263b23930e03b723517b7c011edfafbe0b/sync/sync-impl/src/main/res/values/strings-sync.xml#L187
Android,headings,sync/sync-impl,syncGetAppsOnOtherPlatformsTitle,,Get DuckDuckGo on other devices to sync with this one,,Sync get apps on other platforms,,true,,false,apps/android/sync/sync-impl/src/main/res/values/strings-sync.xml,195,https://github.com/duckduckgo/Android/blob/fe3e65263b23930e03b723517b7c011edfafbe0b/sync/sync-impl/src/main/res/values/strings-sync.xml#L195
Android,headings,sync/sync-impl,syncGetAppsOnOtherPlatformsActivityTitle,,Get DuckDuckGo,,Sync get apps on other platforms,,true,,false,apps/android/sync/sync-impl/src/main/res/values/strings-sync.xml,196,https://github.com/duckduckgo/Android/blob/fe3e65263b23930e03b723517b7c011edfafbe0b/sync/sync-impl/src/main/res/values/strings-sync.xml#L196
Android,headings,sync/sync-impl,sync_dialog_switch_account_header,,Switch to a different Sync?,,Sync Switching account prompt,,true,,false,apps/android/sync/sync-impl/src/main/res/values/strings-sync.xml,203,https://github.com/duckduckgo/Android/blob/fe3e65263b23930e03b723517b7c011edfafbe0b/sync/sync-impl/src/main/res/values/strings-sync.xml#L203
Android,headings,sync/sync-impl,sync_setup_deep_link_confirmation_dialog_title,,Sync new device?,,Deep link sync setup,,true,,false,apps/android/sync/sync-impl/src/main/res/values/strings-sync.xml,209,https://github.com/duckduckgo/Android/blob/fe3e65263b23930e03b723517b7c011edfafbe0b/sync/sync-impl/src/main/res/values/strings-sync.xml#L209
Android,headings,sync/sync-impl,deep_link_auth_prompt_title,,Set up Sync & Backup,,Deep link sync setup,,true,,false,apps/android/sync/sync-impl/src/main/res/values/strings-sync.xml,214,https://github.com/duckduckgo/Android/blob/fe3e65263b23930e03b723517b7c011edfafbe0b/sync/sync-impl/src/main/res/values/strings-sync.xml#L214
Android,headings,sync/sync-impl,getDesktopBrowserSettingItemTitle,,Get Desktop Browser,,Get Desktop Browser,,true,,false,apps/android/sync/sync-impl/src/main/res/values/strings-sync.xml,222,https://github.com/duckduckgo/Android/blob/fe3e65263b23930e03b723517b7c011edfafbe0b/sync/sync-impl/src/main/res/values/strings-sync.xml#L222
Android,headings,sync/sync-impl,getDesktopBrowserSettingItemSubtitleTitle,,DuckDuckGo for Mac and Windows,,Get Desktop Browser,,true,,false,apps/android/sync/sync-impl/src/main/res/values/strings-sync.xml,223,https://github.com/duckduckgo/Android/blob/fe3e65263b23930e03b723517b7c011edfafbe0b/sync/sync-impl/src/main/res/values/strings-sync.xml#L223
Android,headings,sync/sync-impl,sync_settings_recovery_section_header,,Recovery,,Sync Settings Recovery Section,,true,,false,apps/android/sync/sync-impl/src/main/res/values/strings-sync.xml,226,https://github.com/duckduckgo/Android/blob/fe3e65263b23930e03b723517b7c011edfafbe0b/sync/sync-impl/src/main/res/values/strings-sync.xml#L226
Android,headings,sync/sync-impl,sync_previous_session_ready_title,,Restore Sync & Backup data from previous install?,,Previous Session Ready Screen,,true,,false,apps/android/sync/sync-impl/src/main/res/values/strings-sync.xml,232,https://github.com/duckduckgo/Android/blob/fe3e65263b23930e03b723517b7c011edfafbe0b/sync/sync-impl/src/main/res/values/strings-sync.xml#L232
Android,headings,sync/sync-impl,sync_recover_data_title,,Recover Your Data Easily,,Recover Data Screen,,true,,false,apps/android/sync/sync-impl/src/main/res/values/strings-sync.xml,238,https://github.com/duckduckgo/Android/blob/fe3e65263b23930e03b723517b7c011edfafbe0b/sync/sync-impl/src/main/res/values/strings-sync.xml#L238
Android,headings,sync/sync-impl,sync_restore_on_reinstall_title,,Restore on App Reinstall,,Recover Data Screen,,true,,false,apps/android/sync/sync-impl/src/main/res/values/strings-sync.xml,242,https://github.com/duckduckgo/Android/blob/fe3e65263b23930e03b723517b7c011edfafbe0b/sync/sync-impl/src/main/res/values/strings-sync.xml#L242
Android,headings,sync/sync-impl,sync_chat_promo_banner_title,,Access your chats across your devices using Sync & Backup.,,Chat sync promo,,true,,false,apps/android/sync/sync-impl/src/main/res/values/strings-sync.xml,246,https://github.com/duckduckgo/Android/blob/fe3e65263b23930e03b723517b7c011edfafbe0b/sync/sync-impl/src/main/res/values/strings-sync.xml#L246
Android,headings,sync/sync-impl,sync_chat_bottom_sheet_title,,Let’s sync your chats across\nyour devices!,,Chat sync promo,,true,,false,apps/android/sync/sync-impl/src/main/res/values/strings-sync.xml,248,https://github.com/duckduckgo/Android/blob/fe3e65263b23930e03b723517b7c011edfafbe0b/sync/sync-impl/src/main/res/values/strings-sync.xml#L248
Android,headings,sync/sync-impl,sync_v2_joiner_confirmation_title,,Sync your data?,,"v2 Exchange confirmation prompts (spec §""Exchange Confirmations"")",,true,,false,apps/android/sync/sync-impl/src/main/res/values/strings-sync.xml,254,https://github.com/duckduckgo/Android/blob/fe3e65263b23930e03b723517b7c011edfafbe0b/sync/sync-impl/src/main/res/values/strings-sync.xml#L254
Android,headings,sync/sync-impl,sync_v2_host_confirmation_title,,Sync your data?,,"v2 Exchange confirmation prompts (spec §""Exchange Confirmations"")",,true,,false,apps/android/sync/sync-impl/src/main/res/values/strings-sync.xml,258,https://github.com/duckduckgo/Android/blob/fe3e65263b23930e03b723517b7c011edfafbe0b/sync/sync-impl/src/main/res/values/strings-sync.xml#L258
Android,headings,sync/sync-impl,sync_v2_already_paired_title,,Already synced.,,"v2 pairing terminal-outcome copy (interim, English-only). Spec 2026-06-17 (title-primary).",,true,,false,apps/android/sync/sync-impl/src/main/res/values/strings-sync.xml,276,https://github.com/duckduckgo/Android/blob/fe3e65263b23930e03b723517b7c011edfafbe0b/sync/sync-impl/src/main/res/values/strings-sync.xml#L276
Android,headings,sync/sync-impl,sync_simplified_settings_header_headline_disabled,,Keep DuckDuckGo in sync!,,Sync settings screen: header,,true,,false,apps/android/sync/sync-impl/src/main/res/values/strings-sync.xml,282,https://github.com/duckduckgo/Android/blob/fe3e65263b23930e03b723517b7c011edfafbe0b/sync/sync-impl/src/main/res/values/strings-sync.xml#L282
Android,headings,sync/sync-impl,sync_simplified_settings_header_headline_enabled,,DuckDuckGo is in sync.,,Sync settings screen: header,,true,,false,apps/android/sync/sync-impl/src/main/res/values/strings-sync.xml,283,https://github.com/duckduckgo/Android/blob/fe3e65263b23930e03b723517b7c011edfafbe0b/sync/sync-impl/src/main/res/values/strings-sync.xml#L283
Android,headings,sync/sync-impl,sync_simplified_settings_recover_section_header,,Recover Synced Data,,Sync settings screen: sync disabled state,,true,,false,apps/android/sync/sync-impl/src/main/res/values/strings-sync.xml,292,https://github.com/duckduckgo/Android/blob/fe3e65263b23930e03b723517b7c011edfafbe0b/sync/sync-impl/src/main/res/values/strings-sync.xml#L292
Android,headings,sync/sync-impl,sync_simplified_settings_devices_section_header,,My Devices,,Sync settings screen: sync enabled state,,true,,false,apps/android/sync/sync-impl/src/main/res/values/strings-sync.xml,296,https://github.com/duckduckgo/Android/blob/fe3e65263b23930e03b723517b7c011edfafbe0b/sync/sync-impl/src/main/res/values/strings-sync.xml#L296
Android,headings,sync/sync-impl,sync_simplified_settings_download_section_header,,Download,,Sync settings screen: sync enabled state,,true,,false,apps/android/sync/sync-impl/src/main/res/values/strings-sync.xml,299,https://github.com/duckduckgo/Android/blob/fe3e65263b23930e03b723517b7c011edfafbe0b/sync/sync-impl/src/main/res/values/strings-sync.xml#L299
Android,headings,sync/sync-impl,sync_simplified_settings_bookmarks_section_header,,Bookmarks,,Sync settings screen: sync enabled state,,true,,false,apps/android/sync/sync-impl/src/main/res/values/strings-sync.xml,300,https://github.com/duckduckgo/Android/blob/fe3e65263b23930e03b723517b7c011edfafbe0b/sync/sync-impl/src/main/res/values/strings-sync.xml#L300
Android,headings,sync/sync-impl,sync_simplified_settings_recovery_section_header,,Recovery,,Sync settings screen: sync enabled state,,true,,false,apps/android/sync/sync-impl/src/main/res/values/strings-sync.xml,301,https://github.com/duckduckgo/Android/blob/fe3e65263b23930e03b723517b7c011edfafbe0b/sync/sync-impl/src/main/res/values/strings-sync.xml#L301
Android,headings,sync/sync-impl,sync_simplified_settings_learn_more_screen_title,,Sync & Backup,,Sync settings screen: sync enabled state,,true,,false,apps/android/sync/sync-impl/src/main/res/values/strings-sync.xml,310,https://github.com/duckduckgo/Android/blob/fe3e65263b23930e03b723517b7c011edfafbe0b/sync/sync-impl/src/main/res/values/strings-sync.xml#L310
Android,headings,sync/sync-impl,sync_simplified_settings_notify_me_title,,Notifications are disabled,,Sync settings screen: both states,,true,,false,apps/android/sync/sync-impl/src/main/res/values/strings-sync.xml,313,https://github.com/duckduckgo/Android/blob/fe3e65263b23930e03b723517b7c011edfafbe0b/sync/sync-impl/src/main/res/values/strings-sync.xml#L313
Android,headings,sync/sync-impl,sync_simplified_settings_delete_server_data_dialog_title,,Turn Off Sync & Backup and Delete Server Data?,,Sync settings screen: delete server data dialog,,true,,false,apps/android/sync/sync-impl/src/main/res/values/strings-sync.xml,319,https://github.com/duckduckgo/Android/blob/fe3e65263b23930e03b723517b7c011edfafbe0b/sync/sync-impl/src/main/res/values/strings-sync.xml#L319
Android,headings,sync/sync-impl,sync_simplified_settings_require_passcode_dialog_title,,Secure your device to use Sync & Backup,,Sync settings screen: require device passcode dialog,,true,,false,apps/android/sync/sync-impl/src/main/res/values/strings-sync.xml,325,https://github.com/duckduckgo/Android/blob/fe3e65263b23930e03b723517b7c011edfafbe0b/sync/sync-impl/src/main/res/values/strings-sync.xml#L325
Android,headings,sync/sync-impl,sync_simplified_setup_header_headline,,Sync this device with a nearby computer.,,Sync This Device screen,,true,,false,apps/android/sync/sync-impl/src/main/res/values/strings-sync.xml,330,https://github.com/duckduckgo/Android/blob/fe3e65263b23930e03b723517b7c011edfafbe0b/sync/sync-impl/src/main/res/values/strings-sync.xml#L330
Android,headings,sync/sync-impl,sync_simplified_recover_data_headline,,Recover your synced data,,Recover Synced Data screen,,true,,false,apps/android/sync/sync-impl/src/main/res/values/strings-sync.xml,337,https://github.com/duckduckgo/Android/blob/fe3e65263b23930e03b723517b7c011edfafbe0b/sync/sync-impl/src/main/res/values/strings-sync.xml#L337
Android,headings,sync/sync-impl,sync_simplified_previous_session_headline,,Your previous Sync & Backup session is ready.,,Previous Session Ready screen,,true,,false,apps/android/sync/sync-impl/src/main/res/values/strings-sync.xml,342,https://github.com/duckduckgo/Android/blob/fe3e65263b23930e03b723517b7c011edfafbe0b/sync/sync-impl/src/main/res/values/strings-sync.xml#L342
Android,headings,sync/sync-impl,sync_simplified_scanner_camera_header_headline,,Scan QR code to sync,,Scanner screen: camera tab,,true,,false,apps/android/sync/sync-impl/src/main/res/values/strings-sync.xml,353,https://github.com/duckduckgo/Android/blob/fe3e65263b23930e03b723517b7c011edfafbe0b/sync/sync-impl/src/main/res/values/strings-sync.xml#L353
Android,headings,sync/sync-impl,sync_simplified_scanner_no_permission_headline,,Camera Permission is Required,,Scanner screen: camera tab,,true,,false,apps/android/sync/sync-impl/src/main/res/values/strings-sync.xml,357,https://github.com/duckduckgo/Android/blob/fe3e65263b23930e03b723517b7c011edfafbe0b/sync/sync-impl/src/main/res/values/strings-sync.xml#L357
Android,headings,sync/sync-impl,sync_simplified_scanner_no_hardware_headline,,Camera Unavailable,,Scanner screen: camera tab,,true,,false,apps/android/sync/sync-impl/src/main/res/values/strings-sync.xml,360,https://github.com/duckduckgo/Android/blob/fe3e65263b23930e03b723517b7c011edfafbe0b/sync/sync-impl/src/main/res/values/strings-sync.xml#L360
Android,headings,sync/sync-impl,sync_simplified_scanner_manual_entry_header_headline,,Enter the Sync code,,Scanner screen: manual entry tab,,true,,false,apps/android/sync/sync-impl/src/main/res/values/strings-sync.xml,363,https://github.com/duckduckgo/Android/blob/fe3e65263b23930e03b723517b7c011edfafbe0b/sync/sync-impl/src/main/res/values/strings-sync.xml#L363
Android,headings,sync/sync-impl,sync_simplified_qr_code_screen_title,,QR Code,,QR Code screen,,true,,false,apps/android/sync/sync-impl/src/main/res/values/strings-sync.xml,370,https://github.com/duckduckgo/Android/blob/fe3e65263b23930e03b723517b7c011edfafbe0b/sync/sync-impl/src/main/res/values/strings-sync.xml#L370
Android,headings,sync/sync-impl,sync_simplified_qr_code_header_headline,,Scan from another device,,QR Code screen,,true,,false,apps/android/sync/sync-impl/src/main/res/values/strings-sync.xml,371,https://github.com/duckduckgo/Android/blob/fe3e65263b23930e03b723517b7c011edfafbe0b/sync/sync-impl/src/main/res/values/strings-sync.xml#L371
Android,headings,sync/sync-impl,sync_simplified_pairing_headline,,Sync & Backup is end-to-end encrypted on all your devices.,,Pairing screen,,true,,false,apps/android/sync/sync-impl/src/main/res/values/strings-sync.xml,378,https://github.com/duckduckgo/Android/blob/fe3e65263b23930e03b723517b7c011edfafbe0b/sync/sync-impl/src/main/res/values/strings-sync.xml#L378
Android,headings,sync/sync-impl,sync_simplified_pairing_headline_check_other_device,,Check your other device.,,Pairing screen,,true,,false,apps/android/sync/sync-impl/src/main/res/values/strings-sync.xml,379,https://github.com/duckduckgo/Android/blob/fe3e65263b23930e03b723517b7c011edfafbe0b/sync/sync-impl/src/main/res/values/strings-sync.xml#L379
Android,headings,sync/sync-impl,sync_simplified_pairing_headline_recovery,,Recovering data,,Pairing screen,,true,,false,apps/android/sync/sync-impl/src/main/res/values/strings-sync.xml,380,https://github.com/duckduckgo/Android/blob/fe3e65263b23930e03b723517b7c011edfafbe0b/sync/sync-impl/src/main/res/values/strings-sync.xml#L380
Android,headings,sync/sync-impl,sync_simplified_pairing_dialog_host_title,,Sync New Device?,,"Pairing dialogs, shown on the QR Code and Pairing screens",,true,,false,apps/android/sync/sync-impl/src/main/res/values/strings-sync.xml,384,https://github.com/duckduckgo/Android/blob/fe3e65263b23930e03b723517b7c011edfafbe0b/sync/sync-impl/src/main/res/values/strings-sync.xml#L384
Android,headings,sync/sync-impl,sync_simplified_pairing_dialog_joiner_title,,Sync New Device?,,"Pairing dialogs, shown on the QR Code and Pairing screens",,true,,false,apps/android/sync/sync-impl/src/main/res/values/strings-sync.xml,387,https://github.com/duckduckgo/Android/blob/fe3e65263b23930e03b723517b7c011edfafbe0b/sync/sync-impl/src/main/res/values/strings-sync.xml#L387
Android,headings,sync/sync-impl,sync_simplified_pairing_dialog_acknowledgment_title,,Confirm on your other device…,,"Pairing dialogs, shown on the QR Code and Pairing screens",,true,,false,apps/android/sync/sync-impl/src/main/res/values/strings-sync.xml,390,https://github.com/duckduckgo/Android/blob/fe3e65263b23930e03b723517b7c011edfafbe0b/sync/sync-impl/src/main/res/values/strings-sync.xml#L390
Android,headings,sync/sync-impl,sync_simplified_pairing_dialog_check_other_device_title,,Check your other device,,"Pairing dialogs, shown on the QR Code and Pairing screens",,true,,false,apps/android/sync/sync-impl/src/main/res/values/strings-sync.xml,392,https://github.com/duckduckgo/Android/blob/fe3e65263b23930e03b723517b7c011edfafbe0b/sync/sync-impl/src/main/res/values/strings-sync.xml#L392
Android,headings,sync/sync-impl,sync_simplified_pairing_dialog_connecting_title,,Sync in progress,,"Pairing dialogs, shown on the QR Code and Pairing screens",,true,,false,apps/android/sync/sync-impl/src/main/res/values/strings-sync.xml,393,https://github.com/duckduckgo/Android/blob/fe3e65263b23930e03b723517b7c011edfafbe0b/sync/sync-impl/src/main/res/values/strings-sync.xml#L393
Android,headings,sync/sync-impl,sync_simplified_recovery_code_headline,,%1$s has been added to Sync & Backup.,"Placeholder is a device name. e.g., Samsung S23",Recovery Code screen,%1$s,true,,false,apps/android/sync/sync-impl/src/main/res/values/strings-sync.xml,397,https://github.com/duckduckgo/Android/blob/fe3e65263b23930e03b723517b7c011edfafbe0b/sync/sync-impl/src/main/res/values/strings-sync.xml#L397
Android,headings,sync/sync-impl,sync_simplified_edit_device_edit_name_dialog_title,,Edit Name,,Edit Device screen: edit name dialog,,true,,false,apps/android/sync/sync-impl/src/main/res/values/strings-sync.xml,416,https://github.com/duckduckgo/Android/blob/fe3e65263b23930e03b723517b7c011edfafbe0b/sync/sync-impl/src/main/res/values/strings-sync.xml#L416
Android,headings,sync/sync-impl,sync_simplified_edit_device_remove_dialog_title,,Remove Device?,,Edit Device screen: remove device dialog,,true,,false,apps/android/sync/sync-impl/src/main/res/values/strings-sync.xml,421,https://github.com/duckduckgo/Android/blob/fe3e65263b23930e03b723517b7c011edfafbe0b/sync/sync-impl/src/main/res/values/strings-sync.xml#L421
Android,headings,sync/sync-impl,sync_simplified_edit_device_turn_off_dialog_title,,Turn Off Sync & Backup?,,Edit Device screen: turn off sync dialog,,true,,false,apps/android/sync/sync-impl/src/main/res/values/strings-sync.xml,427,https://github.com/duckduckgo/Android/blob/fe3e65263b23930e03b723517b7c011edfafbe0b/sync/sync-impl/src/main/res/values/strings-sync.xml#L427
Android,headings,sync/sync-impl,sync_simplified_deep_link_confirmation_dialog_title,,Sync New Device?,,"Deep link setup: confirmation dialog and device-auth prompt, shown on the settings screen when an inbound sync pairing link is opened",,true,,false,apps/android/sync/sync-impl/src/main/res/values/strings-sync.xml,443,https://github.com/duckduckgo/Android/blob/fe3e65263b23930e03b723517b7c011edfafbe0b/sync/sync-impl/src/main/res/values/strings-sync.xml#L443
Android,headings,sync/sync-impl,sync_simplified_deep_link_auth_prompt_title,,Set up Sync & Backup,,"Deep link setup: confirmation dialog and device-auth prompt, shown on the settings screen when an inbound sync pairing link is opened",,true,,false,apps/android/sync/sync-impl/src/main/res/values/strings-sync.xml,447,https://github.com/duckduckgo/Android/blob/fe3e65263b23930e03b723517b7c011edfafbe0b/sync/sync-impl/src/main/res/values/strings-sync.xml#L447
Android,headings,voice-search/voice-search-impl,voiceSearchMicAccessDeniedDialogTitle,,DuckDuckGo needs to access your microphone,,,,true,,false,apps/android/voice-search/voice-search-impl/src/main/res/values/strings-voice-search.xml,25,https://github.com/duckduckgo/Android/blob/fe3e65263b23930e03b723517b7c011edfafbe0b/voice-search/voice-search-impl/src/main/res/values/strings-voice-search.xml#L25
Android,headings,voice-search/voice-search-impl,voiceSearchTitle,,Voice search,,,,true,,false,apps/android/voice-search/voice-search-impl/src/main/res/values/strings-voice-search.xml,32,https://github.com/duckduckgo/Android/blob/fe3e65263b23930e03b723517b7c011edfafbe0b/voice-search/voice-search-impl/src/main/res/values/strings-voice-search.xml#L32
Android,headings,windows/windows-impl,windows_title,,Get DuckDuckGo for Windows!,,,,true,,false,apps/android/windows/windows-impl/src/main/res/values/strings-windows.xml,21,https://github.com/duckduckgo/Android/blob/fe3e65263b23930e03b723517b7c011edfafbe0b/windows/windows-impl/src/main/res/values/strings-windows.xml#L21
Android,headings,windows/windows-impl,windows_share_title,,Share Link,,,,true,,false,apps/android/windows/windows-impl/src/main/res/values/strings-windows.xml,24,https://github.com/duckduckgo/Android/blob/fe3e65263b23930e03b723517b7c011edfafbe0b/windows/windows-impl/src/main/res/values/strings-windows.xml#L24
