platform,content_type,module,key,variant,text,developer_comment,context_comment,placeholders,translatable,state,internal_only,source_file,line,source_url
Android,internal,android-design-system/design-system-internal,dsShowcaseCaptionView,,View,,,,false,,true,apps/android/android-design-system/design-system-internal/src/main/res/values/donottranslate.xml,3,https://github.com/duckduckgo/Android/blob/65f660b66c0e996bdbfcf6a61f6756e89457bc83/android-design-system/design-system-internal/src/main/res/values/donottranslate.xml#L3
Android,internal,android-design-system/design-system-internal,dsShowcaseCaptionCompose,,Compose,,,,false,,true,apps/android/android-design-system/design-system-internal/src/main/res/values/donottranslate.xml,4,https://github.com/duckduckgo/Android/blob/65f660b66c0e996bdbfcf6a61f6756e89457bc83/android-design-system/design-system-internal/src/main/res/values/donottranslate.xml#L4
Android,internal,android-design-system/design-system-internal,dsShowcaseCaptionComposeOnly,,Compose-only,,,,false,,true,apps/android/android-design-system/design-system-internal/src/main/res/values/donottranslate.xml,5,https://github.com/duckduckgo/Android/blob/65f660b66c0e996bdbfcf6a61f6756e89457bc83/android-design-system/design-system-internal/src/main/res/values/donottranslate.xml#L5
Android,internal,android-design-system/design-system-internal,dsShowcaseCaptionNoComposeSmallIcon,,"View only (16dp leading icon is no longer in the design system and nothing in the app uses it, so Compose stops at 24dp)",,,,false,,true,apps/android/android-design-system/design-system-internal/src/main/res/values/donottranslate.xml,6,https://github.com/duckduckgo/Android/blob/65f660b66c0e996bdbfcf6a61f6756e89457bc83/android-design-system/design-system-internal/src/main/res/values/donottranslate.xml#L6
Android,internal,android-design-system/design-system-internal,dsShowcaseCaptionNoComposeExtraLargeIcon,,"View only (40dp leading icon is no longer in the design system and nothing in the app uses it, Compose covers the intent with a full-bleed Image instead)",,,,false,,true,apps/android/android-design-system/design-system-internal/src/main/res/values/donottranslate.xml,7,https://github.com/duckduckgo/Android/blob/65f660b66c0e996bdbfcf6a61f6756e89457bc83/android-design-system/design-system-internal/src/main/res/values/donottranslate.xml#L7
Android,internal,anrs/anrs-internal,crashpad_upload_title,,Crashpad Upload,,,,false,,true,apps/android/anrs/anrs-internal/src/main/res/values/donottranslate.xml,19,https://github.com/duckduckgo/Android/blob/65f660b66c0e996bdbfcf6a61f6756e89457bc83/anrs/anrs-internal/src/main/res/values/donottranslate.xml#L19
Android,internal,anrs/anrs-internal,crashpad_upload_url_hint,,http://192.168.x.x:8080/upload,,,,false,,true,apps/android/anrs/anrs-internal/src/main/res/values/donottranslate.xml,20,https://github.com/duckduckgo/Android/blob/65f660b66c0e996bdbfcf6a61f6756e89457bc83/anrs/anrs-internal/src/main/res/values/donottranslate.xml#L20
Android,internal,anrs/anrs-internal,crashpad_no_rate_limit,,No rate limit,,,,false,,true,apps/android/anrs/anrs-internal/src/main/res/values/donottranslate.xml,21,https://github.com/duckduckgo/Android/blob/65f660b66c0e996bdbfcf6a61f6756e89457bc83/anrs/anrs-internal/src/main/res/values/donottranslate.xml#L21
Android,internal,anrs/anrs-internal,crashpad_save_and_restart,,Save & Restart,,,,false,,true,apps/android/anrs/anrs-internal/src/main/res/values/donottranslate.xml,22,https://github.com/duckduckgo/Android/blob/65f660b66c0e996bdbfcf6a61f6756e89457bc83/anrs/anrs-internal/src/main/res/values/donottranslate.xml#L22
Android,internal,anrs/anrs-internal,crashpad_cancel,,Cancel,,,,false,,true,apps/android/anrs/anrs-internal/src/main/res/values/donottranslate.xml,23,https://github.com/duckduckgo/Android/blob/65f660b66c0e996bdbfcf6a61f6756e89457bc83/anrs/anrs-internal/src/main/res/values/donottranslate.xml#L23
Android,internal,anrs/anrs-internal,crashpad_crashdump_plugin_title,,Dump without crash,,,,false,,true,apps/android/anrs/anrs-internal/src/main/res/values/donottranslate.xml,24,https://github.com/duckduckgo/Android/blob/65f660b66c0e996bdbfcf6a61f6756e89457bc83/anrs/anrs-internal/src/main/res/values/donottranslate.xml#L24
Android,internal,anrs/anrs-internal,crashpad_crashdump_plugin_subtitle,,Capture a Crashpad minidump without terminating,,,,false,,true,apps/android/anrs/anrs-internal/src/main/res/values/donottranslate.xml,25,https://github.com/duckduckgo/Android/blob/65f660b66c0e996bdbfcf6a61f6756e89457bc83/anrs/anrs-internal/src/main/res/values/donottranslate.xml#L25
Android,internal,anrs/anrs-internal,crashpad_trigger_plugin_title,,Trigger native crash,,,,false,,true,apps/android/anrs/anrs-internal/src/main/res/values/donottranslate.xml,26,https://github.com/duckduckgo/Android/blob/65f660b66c0e996bdbfcf6a61f6756e89457bc83/anrs/anrs-internal/src/main/res/values/donottranslate.xml#L26
Android,internal,anrs/anrs-internal,crashpad_trigger_plugin_subtitle,,Force a native crash via Crashpad (app will terminate),,,,false,,true,apps/android/anrs/anrs-internal/src/main/res/values/donottranslate.xml,27,https://github.com/duckduckgo/Android/blob/65f660b66c0e996bdbfcf6a61f6756e89457bc83/anrs/anrs-internal/src/main/res/values/donottranslate.xml#L27
Android,internal,anrs/anrs-internal,crashpad_upload_plugin_title,,Request upload for pending reports,,,,false,,true,apps/android/anrs/anrs-internal/src/main/res/values/donottranslate.xml,28,https://github.com/duckduckgo/Android/blob/65f660b66c0e996bdbfcf6a61f6756e89457bc83/anrs/anrs-internal/src/main/res/values/donottranslate.xml#L28
Android,internal,anrs/anrs-internal,crashpad_upload_plugin_subtitle,,Marks all pending minidumps for immediate upload by the handler,,,,false,,true,apps/android/anrs/anrs-internal/src/main/res/values/donottranslate.xml,29,https://github.com/duckduckgo/Android/blob/65f660b66c0e996bdbfcf6a61f6756e89457bc83/anrs/anrs-internal/src/main/res/values/donottranslate.xml#L29
Android,internal,app,devSettingsTitle,,Developer Settings,,Developer settings,,false,,true,apps/android/app/src/internal/res/values/donottranslate.xml,19,https://github.com/duckduckgo/Android/blob/65f660b66c0e996bdbfcf6a61f6756e89457bc83/app/src/internal/res/values/donottranslate.xml#L19
Android,internal,app,devSettingsSubtitle,,Features useful for devs and debugging,,Developer settings,,false,,true,apps/android/app/src/internal/res/values/donottranslate.xml,20,https://github.com/duckduckgo/Android/blob/65f660b66c0e996bdbfcf6a61f6756e89457bc83/app/src/internal/res/values/donottranslate.xml#L20
Android,internal,app,devSettingsScreenPrivacySection,,Privacy,,Developer settings,,false,,true,apps/android/app/src/internal/res/values/donottranslate.xml,21,https://github.com/duckduckgo/Android/blob/65f660b66c0e996bdbfcf6a61f6756e89457bc83/app/src/internal/res/values/donottranslate.xml#L21
Android,internal,app,devSettingsScreenGeneralSection,,General,,Developer settings,,false,,true,apps/android/app/src/internal/res/values/donottranslate.xml,22,https://github.com/duckduckgo/Android/blob/65f660b66c0e996bdbfcf6a61f6756e89457bc83/app/src/internal/res/values/donottranslate.xml#L22
Android,internal,app,devSettingsScreenResetTds,,Reset tracker data (TDS),,Developer settings,,false,,true,apps/android/app/src/internal/res/values/donottranslate.xml,23,https://github.com/duckduckgo/Android/blob/65f660b66c0e996bdbfcf6a61f6756e89457bc83/app/src/internal/res/values/donottranslate.xml#L23
Android,internal,app,devSettingsScreenResetTdsSubtitle,,Clear the stored TDS and download it again,,Developer settings,,false,,true,apps/android/app/src/internal/res/values/donottranslate.xml,24,https://github.com/duckduckgo/Android/blob/65f660b66c0e996bdbfcf6a61f6756e89457bc83/app/src/internal/res/values/donottranslate.xml#L24
Android,internal,app,devStartupTracing,,Start-up tracing,,Developer settings,,false,,true,apps/android/app/src/internal/res/values/donottranslate.xml,25,https://github.com/duckduckgo/Android/blob/65f660b66c0e996bdbfcf6a61f6756e89457bc83/app/src/internal/res/values/donottranslate.xml#L25
Android,internal,app,devStartupTracingByline,,Enable/disable start-up tracing,,Developer settings,,false,,true,apps/android/app/src/internal/res/values/donottranslate.xml,26,https://github.com/duckduckgo/Android/blob/65f660b66c0e996bdbfcf6a61f6756e89457bc83/app/src/internal/res/values/donottranslate.xml#L26
Android,internal,app,devSettingsTriggerAnr,,Trigger ANR,,Developer settings,,false,,true,apps/android/app/src/internal/res/values/donottranslate.xml,27,https://github.com/duckduckgo/Android/blob/65f660b66c0e996bdbfcf6a61f6756e89457bc83/app/src/internal/res/values/donottranslate.xml#L27
Android,internal,app,devSettingsTriggerAnrSubtitle,,Click here to trigger an ANR in the app,,Developer settings,,false,,true,apps/android/app/src/internal/res/values/donottranslate.xml,28,https://github.com/duckduckgo/Android/blob/65f660b66c0e996bdbfcf6a61f6756e89457bc83/app/src/internal/res/values/donottranslate.xml#L28
Android,internal,app,devSettingsUseSandBoxSurvey,,Use Sandbox Survey,,Developer settings,,false,,true,apps/android/app/src/internal/res/values/donottranslate.xml,29,https://github.com/duckduckgo/Android/blob/65f660b66c0e996bdbfcf6a61f6756e89457bc83/app/src/internal/res/values/donottranslate.xml#L29
Android,internal,app,devEnableWebContentDebuggingTitle,,Web Content Debugging,,Developer settings,,false,,true,apps/android/app/src/internal/res/values/donottranslate.xml,30,https://github.com/duckduckgo/Android/blob/65f660b66c0e996bdbfcf6a61f6756e89457bc83/app/src/internal/res/values/donottranslate.xml#L30
Android,internal,app,devEnableWebContentDebuggingByline,,Enable WebView debugging in Chrome DevTools,,Developer settings,,false,,true,apps/android/app/src/internal/res/values/donottranslate.xml,31,https://github.com/duckduckgo/Android/blob/65f660b66c0e996bdbfcf6a61f6756e89457bc83/app/src/internal/res/values/donottranslate.xml#L31
Android,internal,app,devSettingsScreenUserAgentSection,,User Agent,,Developer settings,,false,,true,apps/android/app/src/internal/res/values/donottranslate.xml,33,https://github.com/duckduckgo/Android/blob/65f660b66c0e996bdbfcf6a61f6756e89457bc83/app/src/internal/res/values/donottranslate.xml#L33
Android,internal,app,devSettingsScreenUserAgentOverride,,Override UserAgent,,Developer settings,,false,,true,apps/android/app/src/internal/res/values/donottranslate.xml,34,https://github.com/duckduckgo/Android/blob/65f660b66c0e996bdbfcf6a61f6756e89457bc83/app/src/internal/res/values/donottranslate.xml#L34
Android,internal,app,devSettingsScreenPrivacyRemoteConfigUrlOverride,,Override Privacy Remote Config URL,,Developer settings,,false,,true,apps/android/app/src/internal/res/values/donottranslate.xml,35,https://github.com/duckduckgo/Android/blob/65f660b66c0e996bdbfcf6a61f6756e89457bc83/app/src/internal/res/values/donottranslate.xml#L35
Android,internal,app,devSettingsScreenCustomTabs,,Custom Tabs,,Developer settings,,false,,true,apps/android/app/src/internal/res/values/donottranslate.xml,36,https://github.com/duckduckgo/Android/blob/65f660b66c0e996bdbfcf6a61f6756e89457bc83/app/src/internal/res/values/donottranslate.xml#L36
Android,internal,app,devSettingsScreenNotificationsTitle,,Notifications,,Developer settings,,false,,true,apps/android/app/src/internal/res/values/donottranslate.xml,37,https://github.com/duckduckgo/Android/blob/65f660b66c0e996bdbfcf6a61f6756e89457bc83/app/src/internal/res/values/donottranslate.xml#L37
Android,internal,app,devSettingsScreenNotificationsSubtitle,,Trigger notifications for testing,,Developer settings,,false,,true,apps/android/app/src/internal/res/values/donottranslate.xml,38,https://github.com/duckduckgo/Android/blob/65f660b66c0e996bdbfcf6a61f6756e89457bc83/app/src/internal/res/values/donottranslate.xml#L38
Android,internal,app,devSettingsScreenPrivacyRemoteConfigUrlOverrideSubtitle,,Click here to customize the Privacy Remote Config URL,,Developer settings,,false,,true,apps/android/app/src/internal/res/values/donottranslate.xml,39,https://github.com/duckduckgo/Android/blob/65f660b66c0e996bdbfcf6a61f6756e89457bc83/app/src/internal/res/values/donottranslate.xml#L39
Android,internal,app,devSettingsScreenCustomTabsSubtitle,,Load a Custom Tab for a specified URL,,Developer settings,,false,,true,apps/android/app/src/internal/res/values/donottranslate.xml,40,https://github.com/duckduckgo/Android/blob/65f660b66c0e996bdbfcf6a61f6756e89457bc83/app/src/internal/res/values/donottranslate.xml#L40
Android,internal,app,devSettingsScreenUserAgentSelectorTitle,,UserAgent,,Developer settings,,false,,true,apps/android/app/src/internal/res/values/donottranslate.xml,41,https://github.com/duckduckgo/Android/blob/65f660b66c0e996bdbfcf6a61f6756e89457bc83/app/src/internal/res/values/donottranslate.xml#L41
Android,internal,app,devSettingsScreenUserAgentFirefox,,Firefox,,Developer settings,,false,,true,apps/android/app/src/internal/res/values/donottranslate.xml,42,https://github.com/duckduckgo/Android/blob/65f660b66c0e996bdbfcf6a61f6756e89457bc83/app/src/internal/res/values/donottranslate.xml#L42
Android,internal,app,devSettingsScreenUserAgentDefault,,Default,,Developer settings,,false,,true,apps/android/app/src/internal/res/values/donottranslate.xml,43,https://github.com/duckduckgo/Android/blob/65f660b66c0e996bdbfcf6a61f6756e89457bc83/app/src/internal/res/values/donottranslate.xml#L43
Android,internal,app,devSettingsScreenUserAgentWebView,,UA WebView,,Developer settings,,false,,true,apps/android/app/src/internal/res/values/donottranslate.xml,44,https://github.com/duckduckgo/Android/blob/65f660b66c0e996bdbfcf6a61f6756e89457bc83/app/src/internal/res/values/donottranslate.xml#L44
Android,internal,app,devSettingsScreenTabs,,Tabs and Saved Sites,,Tabs and Saved Sites,,false,,true,apps/android/app/src/internal/res/values/donottranslate.xml,47,https://github.com/duckduckgo/Android/blob/65f660b66c0e996bdbfcf6a61f6756e89457bc83/app/src/internal/res/values/donottranslate.xml#L47
Android,internal,app,devSettingsScreenTabsSubtitle,,Create tabs or bookmarks for testing,,Tabs and Saved Sites,,false,,true,apps/android/app/src/internal/res/values/donottranslate.xml,48,https://github.com/duckduckgo/Android/blob/65f660b66c0e996bdbfcf6a61f6756e89457bc83/app/src/internal/res/values/donottranslate.xml#L48
Android,internal,app,devSettingsTabsScreenHeader,,Current tab count: %1$d,Not translated,Tabs and Saved Sites,%1$d,false,,true,apps/android/app/src/internal/res/values/donottranslate.xml,49,https://github.com/duckduckgo/Android/blob/65f660b66c0e996bdbfcf6a61f6756e89457bc83/app/src/internal/res/values/donottranslate.xml#L49
Android,internal,app,devSettingsTabsScreenTabsToAdd,,Tabs to add,,Tabs and Saved Sites,,false,,true,apps/android/app/src/internal/res/values/donottranslate.xml,50,https://github.com/duckduckgo/Android/blob/65f660b66c0e996bdbfcf6a61f6756e89457bc83/app/src/internal/res/values/donottranslate.xml#L50
Android,internal,app,devSettingsTabsScreenAddTabsButtonText,,Add Tabs,,Tabs and Saved Sites,,false,,true,apps/android/app/src/internal/res/values/donottranslate.xml,51,https://github.com/duckduckgo/Android/blob/65f660b66c0e996bdbfcf6a61f6756e89457bc83/app/src/internal/res/values/donottranslate.xml#L51
Android,internal,app,devSettingsTabsScreenClearTabsButtonText,,Clear Tabs,,Tabs and Saved Sites,,false,,true,apps/android/app/src/internal/res/values/donottranslate.xml,52,https://github.com/duckduckgo/Android/blob/65f660b66c0e996bdbfcf6a61f6756e89457bc83/app/src/internal/res/values/donottranslate.xml#L52
Android,internal,app,devSettingsFireTabsScreenHeader,,Current fire tab count: %1$d,Not translated,Tabs and Saved Sites,%1$d,false,,true,apps/android/app/src/internal/res/values/donottranslate.xml,53,https://github.com/duckduckgo/Android/blob/65f660b66c0e996bdbfcf6a61f6756e89457bc83/app/src/internal/res/values/donottranslate.xml#L53
Android,internal,app,devSettingsFireTabsScreenTabsToAdd,,Fire tabs to add,,Tabs and Saved Sites,,false,,true,apps/android/app/src/internal/res/values/donottranslate.xml,54,https://github.com/duckduckgo/Android/blob/65f660b66c0e996bdbfcf6a61f6756e89457bc83/app/src/internal/res/values/donottranslate.xml#L54
Android,internal,app,devSettingsFireTabsScreenAddTabsButtonText,,Add Fire Tabs,,Tabs and Saved Sites,,false,,true,apps/android/app/src/internal/res/values/donottranslate.xml,55,https://github.com/duckduckgo/Android/blob/65f660b66c0e996bdbfcf6a61f6756e89457bc83/app/src/internal/res/values/donottranslate.xml#L55
Android,internal,app,devSettingsFireTabsScreenClearTabsButtonText,,Clear Fire Tabs,,Tabs and Saved Sites,,false,,true,apps/android/app/src/internal/res/values/donottranslate.xml,56,https://github.com/duckduckgo/Android/blob/65f660b66c0e996bdbfcf6a61f6756e89457bc83/app/src/internal/res/values/donottranslate.xml#L56
Android,internal,app,devSettingsTabsBookmarksScreenHeader,,Current bookmarks count: %1$d,Not translated,Tabs and Saved Sites,%1$d,false,,true,apps/android/app/src/internal/res/values/donottranslate.xml,57,https://github.com/duckduckgo/Android/blob/65f660b66c0e996bdbfcf6a61f6756e89457bc83/app/src/internal/res/values/donottranslate.xml#L57
Android,internal,app,devSettingsTabsFavoritesScreenHeader,,Current favorites count: %1$d,Not translated,Tabs and Saved Sites,%1$d,false,,true,apps/android/app/src/internal/res/values/donottranslate.xml,58,https://github.com/duckduckgo/Android/blob/65f660b66c0e996bdbfcf6a61f6756e89457bc83/app/src/internal/res/values/donottranslate.xml#L58
Android,internal,app,devSettingsTabsScreenBookmarksToAdd,,Bookmarks to add,,Tabs and Saved Sites,,false,,true,apps/android/app/src/internal/res/values/donottranslate.xml,59,https://github.com/duckduckgo/Android/blob/65f660b66c0e996bdbfcf6a61f6756e89457bc83/app/src/internal/res/values/donottranslate.xml#L59
Android,internal,app,devSettingsTabsScreenFavoritesToAdd,,Favorites to add,,Tabs and Saved Sites,,false,,true,apps/android/app/src/internal/res/values/donottranslate.xml,60,https://github.com/duckduckgo/Android/blob/65f660b66c0e996bdbfcf6a61f6756e89457bc83/app/src/internal/res/values/donottranslate.xml#L60
Android,internal,app,devSettingsTabsScreenAddBookmarksButtonText,,Add Bookmarks,,Tabs and Saved Sites,,false,,true,apps/android/app/src/internal/res/values/donottranslate.xml,61,https://github.com/duckduckgo/Android/blob/65f660b66c0e996bdbfcf6a61f6756e89457bc83/app/src/internal/res/values/donottranslate.xml#L61
Android,internal,app,devSettingsTabsScreenAddFavoritesButtonText,,Add Favorites,,Tabs and Saved Sites,,false,,true,apps/android/app/src/internal/res/values/donottranslate.xml,62,https://github.com/duckduckgo/Android/blob/65f660b66c0e996bdbfcf6a61f6756e89457bc83/app/src/internal/res/values/donottranslate.xml#L62
Android,internal,app,devSettingsTabsScreenClearBookmarksButtonText,,Clear Bookmarks,,Tabs and Saved Sites,,false,,true,apps/android/app/src/internal/res/values/donottranslate.xml,63,https://github.com/duckduckgo/Android/blob/65f660b66c0e996bdbfcf6a61f6756e89457bc83/app/src/internal/res/values/donottranslate.xml#L63
Android,internal,app,devSettingsTabsScreenClearFavoritesButtonText,,Clear Favorites,,Tabs and Saved Sites,,false,,true,apps/android/app/src/internal/res/values/donottranslate.xml,64,https://github.com/duckduckgo/Android/blob/65f660b66c0e996bdbfcf6a61f6756e89457bc83/app/src/internal/res/values/donottranslate.xml#L64
Android,internal,app,auditSettingsTitle,,Audit Settings,,Privacy Audit settings,,false,,true,apps/android/app/src/internal/res/values/donottranslate.xml,67,https://github.com/duckduckgo/Android/blob/65f660b66c0e996bdbfcf6a61f6756e89457bc83/app/src/internal/res/values/donottranslate.xml#L67
Android,internal,app,auditSettingsSubtitle,,Features useful for doing our privacy audit,,Privacy Audit settings,,false,,true,apps/android/app/src/internal/res/values/donottranslate.xml,68,https://github.com/duckduckgo/Android/blob/65f660b66c0e996bdbfcf6a61f6756e89457bc83/app/src/internal/res/values/donottranslate.xml#L68
Android,internal,app,auditSettingsScreenPrivacyAuditSection,,Privacy Audit,,Privacy Audit settings,,false,,true,apps/android/app/src/internal/res/values/donottranslate.xml,69,https://github.com/duckduckgo/Android/blob/65f660b66c0e996bdbfcf6a61f6756e89457bc83/app/src/internal/res/values/donottranslate.xml#L69
Android,internal,app,auditSettingsScreenRefTestsSection,,Reference Tests,,Privacy Audit settings,,false,,true,apps/android/app/src/internal/res/values/donottranslate.xml,70,https://github.com/duckduckgo/Android/blob/65f660b66c0e996bdbfcf6a61f6756e89457bc83/app/src/internal/res/values/donottranslate.xml#L70
Android,internal,app,auditStep1Title,,Step 1: Visit cnn.com,,Privacy Audit settings,,false,,true,apps/android/app/src/internal/res/values/donottranslate.xml,71,https://github.com/duckduckgo/Android/blob/65f660b66c0e996bdbfcf6a61f6756e89457bc83/app/src/internal/res/values/donottranslate.xml#L71
Android,internal,app,auditStep1Subtitle,,Add as bookmark. Visit bookmarks Activity,,Privacy Audit settings,,false,,true,apps/android/app/src/internal/res/values/donottranslate.xml,72,https://github.com/duckduckgo/Android/blob/65f660b66c0e996bdbfcf6a61f6756e89457bc83/app/src/internal/res/values/donottranslate.xml#L72
Android,internal,app,auditStep2Title,,Step 2: Visit gizmodo.com,,Privacy Audit settings,,false,,true,apps/android/app/src/internal/res/values/donottranslate.xml,73,https://github.com/duckduckgo/Android/blob/65f660b66c0e996bdbfcf6a61f6756e89457bc83/app/src/internal/res/values/donottranslate.xml#L73
Android,internal,app,auditStep2Subtitle,,Accept cookies. Fireproof site. Visit fireproofed sites in settings.,,Privacy Audit settings,,false,,true,apps/android/app/src/internal/res/values/donottranslate.xml,74,https://github.com/duckduckgo/Android/blob/65f660b66c0e996bdbfcf6a61f6756e89457bc83/app/src/internal/res/values/donottranslate.xml#L74
Android,internal,app,auditStep3Title,,Step 3: Basic auth database check,,Privacy Audit settings,,false,,true,apps/android/app/src/internal/res/values/donottranslate.xml,75,https://github.com/duckduckgo/Android/blob/65f660b66c0e996bdbfcf6a61f6756e89457bc83/app/src/internal/res/values/donottranslate.xml#L75
Android,internal,app,auditStep3Subtitle,,Enter username=u password=pw,,Privacy Audit settings,,false,,true,apps/android/app/src/internal/res/values/donottranslate.xml,76,https://github.com/duckduckgo/Android/blob/65f660b66c0e996bdbfcf6a61f6756e89457bc83/app/src/internal/res/values/donottranslate.xml#L76
Android,internal,app,requestBlockingTitle,,Request Blocking,,Privacy Audit settings,,false,,true,apps/android/app/src/internal/res/values/donottranslate.xml,77,https://github.com/duckduckgo/Android/blob/65f660b66c0e996bdbfcf6a61f6756e89457bc83/app/src/internal/res/values/donottranslate.xml#L77
Android,internal,app,requestBlockingSubtitle,,Wait for the page to fully load.\nAll boxes should be gray or red.,,Privacy Audit settings,,false,,true,apps/android/app/src/internal/res/values/donottranslate.xml,78,https://github.com/duckduckgo/Android/blob/65f660b66c0e996bdbfcf6a61f6756e89457bc83/app/src/internal/res/values/donottranslate.xml#L78
Android,internal,app,requestBlockingDisabledTitle,,Request Blocking Disabled,,Privacy Audit settings,,false,,true,apps/android/app/src/internal/res/values/donottranslate.xml,79,https://github.com/duckduckgo/Android/blob/65f660b66c0e996bdbfcf6a61f6756e89457bc83/app/src/internal/res/values/donottranslate.xml#L79
Android,internal,app,requestBlockingDisabledSubtitle,,Wait for the page to fully load.\nAll boxes should be green (apart from websocket).,,Privacy Audit settings,,false,,true,apps/android/app/src/internal/res/values/donottranslate.xml,80,https://github.com/duckduckgo/Android/blob/65f660b66c0e996bdbfcf6a61f6756e89457bc83/app/src/internal/res/values/donottranslate.xml#L80
Android,internal,app,httpsUpgradesTitle,,Https Upgrades,,Privacy Audit settings,,false,,true,apps/android/app/src/internal/res/values/donottranslate.xml,81,https://github.com/duckduckgo/Android/blob/65f660b66c0e996bdbfcf6a61f6756e89457bc83/app/src/internal/res/values/donottranslate.xml#L81
Android,internal,app,httpsUpgradesSubtitle,,Click on Start test.\nClick for details.\nUpgrade navigation should be https. We don't support the rest.,,Privacy Audit settings,,false,,true,apps/android/app/src/internal/res/values/donottranslate.xml,82,https://github.com/duckduckgo/Android/blob/65f660b66c0e996bdbfcf6a61f6756e89457bc83/app/src/internal/res/values/donottranslate.xml#L82
Android,internal,app,fireButtonStoreTitle,,Fire Button store,,Privacy Audit settings,,false,,true,apps/android/app/src/internal/res/values/donottranslate.xml,83,https://github.com/duckduckgo/Android/blob/65f660b66c0e996bdbfcf6a61f6756e89457bc83/app/src/internal/res/values/donottranslate.xml#L83
Android,internal,app,fireButtonStoreSubtitle,,This will store the data in browser storage.,,Privacy Audit settings,,false,,true,apps/android/app/src/internal/res/values/donottranslate.xml,84,https://github.com/duckduckgo/Android/blob/65f660b66c0e996bdbfcf6a61f6756e89457bc83/app/src/internal/res/values/donottranslate.xml#L84
Android,internal,app,fireButtonRetrieveTitle,,Fire Button retrieve,,Privacy Audit settings,,false,,true,apps/android/app/src/internal/res/values/donottranslate.xml,85,https://github.com/duckduckgo/Android/blob/65f660b66c0e996bdbfcf6a61f6756e89457bc83/app/src/internal/res/values/donottranslate.xml#L85
Android,internal,app,fireButtonRetrieveSubtitle,,"This will try to read data from the data stores.\nAll storages, except for browser cache, should report empty (undefined, null or error message).",,Privacy Audit settings,,false,,true,apps/android/app/src/internal/res/values/donottranslate.xml,86,https://github.com/duckduckgo/Android/blob/65f660b66c0e996bdbfcf6a61f6756e89457bc83/app/src/internal/res/values/donottranslate.xml#L86
Android,internal,app,cookies3pStoreTitle,,3rd Party Cookies store,,Privacy Audit settings,,false,,true,apps/android/app/src/internal/res/values/donottranslate.xml,87,https://github.com/duckduckgo/Android/blob/65f660b66c0e996bdbfcf6a61f6756e89457bc83/app/src/internal/res/values/donottranslate.xml#L87
Android,internal,app,cookies3pStoreSubtitle,,This will attempt to store third party cookies.,,Privacy Audit settings,,false,,true,apps/android/app/src/internal/res/values/donottranslate.xml,88,https://github.com/duckduckgo/Android/blob/65f660b66c0e996bdbfcf6a61f6756e89457bc83/app/src/internal/res/values/donottranslate.xml#L88
Android,internal,app,cookies3pRetrieveTitle,,3rd Party Cookies retrieve,,Privacy Audit settings,,false,,true,apps/android/app/src/internal/res/values/donottranslate.xml,89,https://github.com/duckduckgo/Android/blob/65f660b66c0e996bdbfcf6a61f6756e89457bc83/app/src/internal/res/values/donottranslate.xml#L89
Android,internal,app,cookies3pRetrieveSubtitle,,"This will try to read third party cookies.\nAll third party cookie tests, both ""safe"" and tracking"", should report no cookie (null or error message).",,Privacy Audit settings,,false,,true,apps/android/app/src/internal/res/values/donottranslate.xml,90,https://github.com/duckduckgo/Android/blob/65f660b66c0e996bdbfcf6a61f6756e89457bc83/app/src/internal/res/values/donottranslate.xml#L90
Android,internal,app,gpcTitle,,GPC,,Privacy Audit settings,,false,,true,apps/android/app/src/internal/res/values/donottranslate.xml,91,https://github.com/duckduckgo/Android/blob/65f660b66c0e996bdbfcf6a61f6756e89457bc83/app/src/internal/res/values/donottranslate.xml#L91
Android,internal,app,gpcSubtitle,,"Top frame JS API should return ""true"".",,Privacy Audit settings,,false,,true,apps/android/app/src/internal/res/values/donottranslate.xml,92,https://github.com/duckduckgo/Android/blob/65f660b66c0e996bdbfcf6a61f6756e89457bc83/app/src/internal/res/values/donottranslate.xml#L92
Android,internal,app,gpcOtherTitle,,GPC Second test,,Privacy Audit settings,,false,,true,apps/android/app/src/internal/res/values/donottranslate.xml,93,https://github.com/duckduckgo/Android/blob/65f660b66c0e996bdbfcf6a61f6756e89457bc83/app/src/internal/res/values/donottranslate.xml#L93
Android,internal,app,gpcOtherSubtitle,,Header and DOM signal should be present.,,Privacy Audit settings,,false,,true,apps/android/app/src/internal/res/values/donottranslate.xml,94,https://github.com/duckduckgo/Android/blob/65f660b66c0e996bdbfcf6a61f6756e89457bc83/app/src/internal/res/values/donottranslate.xml#L94
Android,internal,app,surrogatesTitle,,Surrogates,,Privacy Audit settings,,false,,true,apps/android/app/src/internal/res/values/donottranslate.xml,95,https://github.com/duckduckgo/Android/blob/65f660b66c0e996bdbfcf6a61f6756e89457bc83/app/src/internal/res/values/donottranslate.xml#L95
Android,internal,app,surrogatesSubtitle,,Main frame and iFrame should be green.,,Privacy Audit settings,,false,,true,apps/android/app/src/internal/res/values/donottranslate.xml,96,https://github.com/duckduckgo/Android/blob/65f660b66c0e996bdbfcf6a61f6756e89457bc83/app/src/internal/res/values/donottranslate.xml#L96
Android,internal,app,surrogatesDisabledTitle,,Surrogates Disabled,,Privacy Audit settings,,false,,true,apps/android/app/src/internal/res/values/donottranslate.xml,97,https://github.com/duckduckgo/Android/blob/65f660b66c0e996bdbfcf6a61f6756e89457bc83/app/src/internal/res/values/donottranslate.xml#L97
Android,internal,app,surrogatesDisabledSubtitle,,Main frame and iFrame should be red.,,Privacy Audit settings,,false,,true,apps/android/app/src/internal/res/values/donottranslate.xml,98,https://github.com/duckduckgo/Android/blob/65f660b66c0e996bdbfcf6a61f6756e89457bc83/app/src/internal/res/values/donottranslate.xml#L98
Android,internal,app,customTabsTitle,,Custom Tabs,,Custom tabs,,false,,true,apps/android/app/src/internal/res/values/donottranslate.xml,101,https://github.com/duckduckgo/Android/blob/65f660b66c0e996bdbfcf6a61f6756e89457bc83/app/src/internal/res/values/donottranslate.xml#L101
Android,internal,app,customTabsLoad,,Load Custom Tab,,Custom tabs,,false,,true,apps/android/app/src/internal/res/values/donottranslate.xml,102,https://github.com/duckduckgo/Android/blob/65f660b66c0e996bdbfcf6a61f6756e89457bc83/app/src/internal/res/values/donottranslate.xml#L102
Android,internal,app,customTabsUrlHint,,Add your URL here,,Custom tabs,,false,,true,apps/android/app/src/internal/res/values/donottranslate.xml,103,https://github.com/duckduckgo/Android/blob/65f660b66c0e996bdbfcf6a61f6756e89457bc83/app/src/internal/res/values/donottranslate.xml#L103
Android,internal,app,customTabsToolbarColorHint,,"Toolbar color (e.g., #FF5733 or leave empty for default)",,Custom tabs,,false,,true,apps/android/app/src/internal/res/values/donottranslate.xml,104,https://github.com/duckduckgo/Android/blob/65f660b66c0e996bdbfcf6a61f6756e89457bc83/app/src/internal/res/values/donottranslate.xml#L104
Android,internal,app,customTabsInvalidUrl,,Invalid URL,,Custom tabs,,false,,true,apps/android/app/src/internal/res/values/donottranslate.xml,105,https://github.com/duckduckgo/Android/blob/65f660b66c0e996bdbfcf6a61f6756e89457bc83/app/src/internal/res/values/donottranslate.xml#L105
Android,internal,app,customTabsEmptyUrl,,Enter a URL,,Custom tabs,,false,,true,apps/android/app/src/internal/res/values/donottranslate.xml,106,https://github.com/duckduckgo/Android/blob/65f660b66c0e996bdbfcf6a61f6756e89457bc83/app/src/internal/res/values/donottranslate.xml#L106
Android,internal,app,customTabsInvalidColor,,Invalid color format. Use hex format like #FF5733,,Custom tabs,,false,,true,apps/android/app/src/internal/res/values/donottranslate.xml,107,https://github.com/duckduckgo/Android/blob/65f660b66c0e996bdbfcf6a61f6756e89457bc83/app/src/internal/res/values/donottranslate.xml#L107
Android,internal,app,customTabsClearColor,,Clear Custom Color,,Custom tabs,,false,,true,apps/android/app/src/internal/res/values/donottranslate.xml,108,https://github.com/duckduckgo/Android/blob/65f660b66c0e996bdbfcf6a61f6756e89457bc83/app/src/internal/res/values/donottranslate.xml#L108
Android,internal,app,customTabsColorPicker,,Pick a Color,,Custom tabs,,false,,true,apps/android/app/src/internal/res/values/donottranslate.xml,109,https://github.com/duckduckgo/Android/blob/65f660b66c0e996bdbfcf6a61f6756e89457bc83/app/src/internal/res/values/donottranslate.xml#L109
Android,internal,app,customTabsDefaultBrowserTitle,,Default Browser,,Custom tabs,,false,,true,apps/android/app/src/internal/res/values/donottranslate.xml,110,https://github.com/duckduckgo/Android/blob/65f660b66c0e996bdbfcf6a61f6756e89457bc83/app/src/internal/res/values/donottranslate.xml#L110
Android,internal,app,devSettingsNotificationsScheduledTitle,,Scheduled Notifications,,Notifications,,false,,true,apps/android/app/src/internal/res/values/donottranslate.xml,113,https://github.com/duckduckgo/Android/blob/65f660b66c0e996bdbfcf6a61f6756e89457bc83/app/src/internal/res/values/donottranslate.xml#L113
Android,internal,app,devSettingsNotificationsVPNTitle,,VPN Notifications,,Notifications,,false,,true,apps/android/app/src/internal/res/values/donottranslate.xml,114,https://github.com/duckduckgo/Android/blob/65f660b66c0e996bdbfcf6a61f6756e89457bc83/app/src/internal/res/values/donottranslate.xml#L114
Android,internal,app,webview_about,,About WebView,,WebView Dev Settings,,false,,true,apps/android/app/src/internal/res/values/donottranslate.xml,117,https://github.com/duckduckgo/Android/blob/65f660b66c0e996bdbfcf6a61f6756e89457bc83/app/src/internal/res/values/donottranslate.xml#L117
Android,internal,app,webview_version,,WebView Version (tap to copy),,WebView Dev Settings,,false,,true,apps/android/app/src/internal/res/values/donottranslate.xml,118,https://github.com/duckduckgo/Android/blob/65f660b66c0e996bdbfcf6a61f6756e89457bc83/app/src/internal/res/values/donottranslate.xml#L118
Android,internal,app,webview_package,,WebView Package (tap to copy),,WebView Dev Settings,,false,,true,apps/android/app/src/internal/res/values/donottranslate.xml,119,https://github.com/duckduckgo/Android/blob/65f660b66c0e996bdbfcf6a61f6756e89457bc83/app/src/internal/res/values/donottranslate.xml#L119
Android,internal,app,webview_utilities,,WebView utilities,,WebView Dev Settings,,false,,true,apps/android/app/src/internal/res/values/donottranslate.xml,120,https://github.com/duckduckgo/Android/blob/65f660b66c0e996bdbfcf6a61f6756e89457bc83/app/src/internal/res/values/donottranslate.xml#L120
Android,internal,app,webview_dev_tools,,Launch WebView DevTools,,WebView Dev Settings,,false,,true,apps/android/app/src/internal/res/values/donottranslate.xml,121,https://github.com/duckduckgo/Android/blob/65f660b66c0e996bdbfcf6a61f6756e89457bc83/app/src/internal/res/values/donottranslate.xml#L121
Android,internal,app,webview_update_play_store,,Update WebView through Play store,,WebView Dev Settings,,false,,true,apps/android/app/src/internal/res/values/donottranslate.xml,122,https://github.com/duckduckgo/Android/blob/65f660b66c0e996bdbfcf6a61f6756e89457bc83/app/src/internal/res/values/donottranslate.xml#L122
Android,internal,app,webview_requires_play_store,,Requires Play Store to be installed,,WebView Dev Settings,,false,,true,apps/android/app/src/internal/res/values/donottranslate.xml,123,https://github.com/duckduckgo/Android/blob/65f660b66c0e996bdbfcf6a61f6756e89457bc83/app/src/internal/res/values/donottranslate.xml#L123
Android,internal,app,webview_dev_settings_label,,WebView Dev Settings,,WebView Dev Settings,,false,,true,apps/android/app/src/internal/res/values/donottranslate.xml,124,https://github.com/duckduckgo/Android/blob/65f660b66c0e996bdbfcf6a61f6756e89457bc83/app/src/internal/res/values/donottranslate.xml#L124
Android,internal,app,webview_internal_feature_title,,System WebView,,WebView Dev Settings,,false,,true,apps/android/app/src/internal/res/values/donottranslate.xml,125,https://github.com/duckduckgo/Android/blob/65f660b66c0e996bdbfcf6a61f6756e89457bc83/app/src/internal/res/values/donottranslate.xml#L125
Android,internal,app,webview_internal_feature_subtitle,,WebView dev settings and tools,,WebView Dev Settings,,false,,true,apps/android/app/src/internal/res/values/donottranslate.xml,126,https://github.com/duckduckgo/Android/blob/65f660b66c0e996bdbfcf6a61f6756e89457bc83/app/src/internal/res/values/donottranslate.xml#L126
Android,internal,app,webview_dev_ui_not_available,,WebView Developer UI is not available.,,WebView Dev Settings,,false,,true,apps/android/app/src/internal/res/values/donottranslate.xml,127,https://github.com/duckduckgo/Android/blob/65f660b66c0e996bdbfcf6a61f6756e89457bc83/app/src/internal/res/values/donottranslate.xml#L127
Android,internal,app,webview_play_store_unavailable,,Play Store unavailable on this device,,WebView Dev Settings,,false,,true,apps/android/app/src/internal/res/values/donottranslate.xml,128,https://github.com/duckduckgo/Android/blob/65f660b66c0e996bdbfcf6a61f6756e89457bc83/app/src/internal/res/values/donottranslate.xml#L128
Android,internal,app,onboardingDevSettingsTitle,,Onboarding Dev Settings,,Onboarding Dev Settings,,false,,true,apps/android/app/src/internal/res/values/donottranslate.xml,131,https://github.com/duckduckgo/Android/blob/65f660b66c0e996bdbfcf6a61f6756e89457bc83/app/src/internal/res/values/donottranslate.xml#L131
Android,internal,app,onboardingDevSettingsStateSection,,Onboarding state,,Onboarding Dev Settings,,false,,true,apps/android/app/src/internal/res/values/donottranslate.xml,132,https://github.com/duckduckgo/Android/blob/65f660b66c0e996bdbfcf6a61f6756e89457bc83/app/src/internal/res/values/donottranslate.xml#L132
Android,internal,app,onboardingDevSettingsCompletedTitle,,Onboarding completed,,Onboarding Dev Settings,,false,,true,apps/android/app/src/internal/res/values/donottranslate.xml,133,https://github.com/duckduckgo/Android/blob/65f660b66c0e996bdbfcf6a61f6756e89457bc83/app/src/internal/res/values/donottranslate.xml#L133
Android,internal,app,onboardingDevSettingsSkippedTitle,,Onboarding skipped,,Onboarding Dev Settings,,false,,true,apps/android/app/src/internal/res/values/donottranslate.xml,134,https://github.com/duckduckgo/Android/blob/65f660b66c0e996bdbfcf6a61f6756e89457bc83/app/src/internal/res/values/donottranslate.xml#L134
Android,internal,app,onboardingDevSettingsDialogsSection,,Dialogs shown,,Onboarding Dev Settings,,false,,true,apps/android/app/src/internal/res/values/donottranslate.xml,135,https://github.com/duckduckgo/Android/blob/65f660b66c0e996bdbfcf6a61f6756e89457bc83/app/src/internal/res/values/donottranslate.xml#L135
Android,internal,app,modalCoordinatorDevSettingsTitle,,Modal Coordinator Dev Settings,,Modal Coordinator Dev Settings,,false,,true,apps/android/app/src/internal/res/values/donottranslate.xml,138,https://github.com/duckduckgo/Android/blob/65f660b66c0e996bdbfcf6a61f6756e89457bc83/app/src/internal/res/values/donottranslate.xml#L138
Android,internal,app,modalCoordinatorDevSettingsResetCooldownDescription,,"Once a prompt is shown, further modals are blocked: by the prompts coordinator quiet gap, or by the internal 24-hour window when the coordinator is off. This clears both, so modals are evaluated again on the next app resume.",,Modal Coordinator Dev Settings,,false,,true,apps/android/app/src/internal/res/values/donottranslate.xml,139,https://github.com/duckduckgo/Android/blob/65f660b66c0e996bdbfcf6a61f6756e89457bc83/app/src/internal/res/values/donottranslate.xml#L139
Android,internal,app,modalCoordinatorDevSettingsResetCooldown,,Reset modal cooldown,,Modal Coordinator Dev Settings,,false,,true,apps/android/app/src/internal/res/values/donottranslate.xml,140,https://github.com/duckduckgo/Android/blob/65f660b66c0e996bdbfcf6a61f6756e89457bc83/app/src/internal/res/values/donottranslate.xml#L140
Android,internal,app,modalCoordinatorDevSettingsResetCooldownDone,,Modal cooldown reset,,Modal Coordinator Dev Settings,,false,,true,apps/android/app/src/internal/res/values/donottranslate.xml,141,https://github.com/duckduckgo/Android/blob/65f660b66c0e996bdbfcf6a61f6756e89457bc83/app/src/internal/res/values/donottranslate.xml#L141
Android,internal,app-tracking-protection/vpn-internal,vpnDevSettingsTitle,,AppTp Dev Settings,,,,false,,true,apps/android/app-tracking-protection/vpn-internal/src/main/res/values/donottranslate.xml,18,https://github.com/duckduckgo/Android/blob/65f660b66c0e996bdbfcf6a61f6756e89457bc83/app-tracking-protection/vpn-internal/src/main/res/values/donottranslate.xml#L18
Android,internal,app-tracking-protection/vpn-internal,exceptionRulesPanelTitle,,Exclusion rules defaults will be restored automatically when VPN is turned OFF and back ON,,,,false,,true,apps/android/app-tracking-protection/vpn-internal/src/main/res/values/donottranslate.xml,19,https://github.com/duckduckgo/Android/blob/65f660b66c0e996bdbfcf6a61f6756e89457bc83/app-tracking-protection/vpn-internal/src/main/res/values/donottranslate.xml#L19
Android,internal,autofill/autofill-internal,autofillDevSettingsTitle,,Autofill Dev Settings,,autofill dev settings,,false,,true,apps/android/autofill/autofill-internal/src/main/res/values/donottranslate.xml,20,https://github.com/duckduckgo/Android/blob/65f660b66c0e996bdbfcf6a61f6756e89457bc83/autofill/autofill-internal/src/main/res/values/donottranslate.xml#L20
Android,internal,autofill/autofill-internal,autofillDevSettingsSubtitle,,Autofill and Email Protection dev options,,autofill dev settings,,false,,true,apps/android/autofill/autofill-internal/src/main/res/values/donottranslate.xml,21,https://github.com/duckduckgo/Android/blob/65f660b66c0e996bdbfcf6a61f6756e89457bc83/autofill/autofill-internal/src/main/res/values/donottranslate.xml#L21
Android,internal,autofill/autofill-internal,autofillDevSettingsClearNeverAskAgainSettingButton,,Clear 'never ask again' setting,,autofill dev settings,,false,,true,apps/android/autofill/autofill-internal/src/main/res/values/donottranslate.xml,22,https://github.com/duckduckgo/Android/blob/65f660b66c0e996bdbfcf6a61f6756e89457bc83/autofill/autofill-internal/src/main/res/values/donottranslate.xml#L22
Android,internal,autofill/autofill-internal,autofillDevSettingsEmailProtectionSignOutButton,,Sign out,,autofill dev settings,,false,,true,apps/android/autofill/autofill-internal/src/main/res/values/donottranslate.xml,23,https://github.com/duckduckgo/Android/blob/65f660b66c0e996bdbfcf6a61f6756e89457bc83/autofill/autofill-internal/src/main/res/values/donottranslate.xml#L23
Android,internal,autofill/autofill-internal,autofillDevSettingsReportBreakageTitle,,Autofill Breakage Reporting,,autofill dev settings,,false,,true,apps/android/autofill/autofill-internal/src/main/res/values/donottranslate.xml,24,https://github.com/duckduckgo/Android/blob/65f660b66c0e996bdbfcf6a61f6756e89457bc83/autofill/autofill-internal/src/main/res/values/donottranslate.xml#L24
Android,internal,autofill/autofill-internal,autofillDevSettingsReportBreakageClearHistory,,Clear Reporting History,,autofill dev settings,,false,,true,apps/android/autofill/autofill-internal/src/main/res/values/donottranslate.xml,25,https://github.com/duckduckgo/Android/blob/65f660b66c0e996bdbfcf6a61f6756e89457bc83/autofill/autofill-internal/src/main/res/values/donottranslate.xml#L25
Android,internal,autofill/autofill-internal,autofillDevSettingsReportBreakageHistoryCleared,,Breakage reporting history cleared,,autofill dev settings,,false,,true,apps/android/autofill/autofill-internal/src/main/res/values/donottranslate.xml,26,https://github.com/duckduckgo/Android/blob/65f660b66c0e996bdbfcf6a61f6756e89457bc83/autofill/autofill-internal/src/main/res/values/donottranslate.xml#L26
Android,internal,autofill/autofill-internal,autofillDevSettingsEngagementTitle,,Engagement KPIs,,autofill dev settings,,false,,true,apps/android/autofill/autofill-internal/src/main/res/values/donottranslate.xml,27,https://github.com/duckduckgo/Android/blob/65f660b66c0e996bdbfcf6a61f6756e89457bc83/autofill/autofill-internal/src/main/res/values/donottranslate.xml#L27
Android,internal,autofill/autofill-internal,autofillDevSettingsEngagementClearHistory,,Clear Engagement History,,autofill dev settings,,false,,true,apps/android/autofill/autofill-internal/src/main/res/values/donottranslate.xml,28,https://github.com/duckduckgo/Android/blob/65f660b66c0e996bdbfcf6a61f6756e89457bc83/autofill/autofill-internal/src/main/res/values/donottranslate.xml#L28
Android,internal,autofill/autofill-internal,autofillDevSettingsEngagementHistoryCleared,,Cleared All Engagement History,,autofill dev settings,,false,,true,apps/android/autofill/autofill-internal/src/main/res/values/donottranslate.xml,29,https://github.com/duckduckgo/Android/blob/65f660b66c0e996bdbfcf6a61f6756e89457bc83/autofill/autofill-internal/src/main/res/values/donottranslate.xml#L29
Android,internal,autofill/autofill-internal,autofillDevSettingsEmailProtectionTitle,,Email Protection Settings,,autofill dev settings,,false,,true,apps/android/autofill/autofill-internal/src/main/res/values/donottranslate.xml,30,https://github.com/duckduckgo/Android/blob/65f660b66c0e996bdbfcf6a61f6756e89457bc83/autofill/autofill-internal/src/main/res/values/donottranslate.xml#L30
Android,internal,autofill/autofill-internal,autofillDevSettingsEmailProtectionNeverAskAgainChoiceCleared,,Never ask again choice cleared,,autofill dev settings,,false,,true,apps/android/autofill/autofill-internal/src/main/res/values/donottranslate.xml,31,https://github.com/duckduckgo/Android/blob/65f660b66c0e996bdbfcf6a61f6756e89457bc83/autofill/autofill-internal/src/main/res/values/donottranslate.xml#L31
Android,internal,autofill/autofill-internal,autofillDevSettingsEmailProtectionSignedOut,,Signed out,,autofill dev settings,,false,,true,apps/android/autofill/autofill-internal/src/main/res/values/donottranslate.xml,32,https://github.com/duckduckgo/Android/blob/65f660b66c0e996bdbfcf6a61f6756e89457bc83/autofill/autofill-internal/src/main/res/values/donottranslate.xml#L32
Android,internal,autofill/autofill-internal,autofillDevSettingsEmailProtectionSignedInAs,,Signed in as %1$s,Placeholder is an email address,autofill dev settings,%1$s,false,,true,apps/android/autofill/autofill-internal/src/main/res/values/donottranslate.xml,33,https://github.com/duckduckgo/Android/blob/65f660b66c0e996bdbfcf6a61f6756e89457bc83/autofill/autofill-internal/src/main/res/values/donottranslate.xml#L33
Android,internal,autofill/autofill-internal,autofillDevSettingsEmailProtectionNotSignedIn,,Not signed in,,autofill dev settings,,false,,true,apps/android/autofill/autofill-internal/src/main/res/values/donottranslate.xml,34,https://github.com/duckduckgo/Android/blob/65f660b66c0e996bdbfcf6a61f6756e89457bc83/autofill/autofill-internal/src/main/res/values/donottranslate.xml#L34
Android,internal,autofill/autofill-internal,autofillDevSettingsNeverSavedSitesTitle,,Never Saved Sites,,autofill dev settings,,false,,true,apps/android/autofill/autofill-internal/src/main/res/values/donottranslate.xml,35,https://github.com/duckduckgo/Android/blob/65f660b66c0e996bdbfcf6a61f6756e89457bc83/autofill/autofill-internal/src/main/res/values/donottranslate.xml#L35
Android,internal,autofill/autofill-internal,autofillDevSettingsNeverSavedSitesCountTitle,,Reset Excluded Sites,,autofill dev settings,,false,,true,apps/android/autofill/autofill-internal/src/main/res/values/donottranslate.xml,36,https://github.com/duckduckgo/Android/blob/65f660b66c0e996bdbfcf6a61f6756e89457bc83/autofill/autofill-internal/src/main/res/values/donottranslate.xml#L36
Android,internal,autofill/autofill-internal,autofillDevSettingsNeverSavedSitesCountSubtitle,,Number of sites: %1$d,%1$d is count of how many websites have been added to a list,autofill dev settings,%1$d,false,,true,apps/android/autofill/autofill-internal/src/main/res/values/donottranslate.xml,37,https://github.com/duckduckgo/Android/blob/65f660b66c0e996bdbfcf6a61f6756e89457bc83/autofill/autofill-internal/src/main/res/values/donottranslate.xml#L37
Android,internal,autofill/autofill-internal,autofillDevSettingsNeverSavedSitesAddSampleButton,,Add sample site (fill.dev),,autofill dev settings,,false,,true,apps/android/autofill/autofill-internal/src/main/res/values/donottranslate.xml,38,https://github.com/duckduckgo/Android/blob/65f660b66c0e996bdbfcf6a61f6756e89457bc83/autofill/autofill-internal/src/main/res/values/donottranslate.xml#L38
Android,internal,autofill/autofill-internal,autofillDevSettingsAutofillSystemServiceAccessTitle,,Autofill System Settings,,autofill dev settings,,false,,true,apps/android/autofill/autofill-internal/src/main/res/values/donottranslate.xml,40,https://github.com/duckduckgo/Android/blob/65f660b66c0e996bdbfcf6a61f6756e89457bc83/autofill/autofill-internal/src/main/res/values/donottranslate.xml#L40
Android,internal,autofill/autofill-internal,autofillDevSettingsAutofillSystemServiceAccessSubtitle,,Enable to use autofill in other apps,,autofill dev settings,,false,,true,apps/android/autofill/autofill-internal/src/main/res/values/donottranslate.xml,41,https://github.com/duckduckgo/Android/blob/65f660b66c0e996bdbfcf6a61f6756e89457bc83/autofill/autofill-internal/src/main/res/values/donottranslate.xml#L41
Android,internal,autofill/autofill-internal,autofillDevSettingsImportPasswordsTitle,,Import Passwords,,autofill dev settings,,false,,true,apps/android/autofill/autofill-internal/src/main/res/values/donottranslate.xml,42,https://github.com/duckduckgo/Android/blob/65f660b66c0e996bdbfcf6a61f6756e89457bc83/autofill/autofill-internal/src/main/res/values/donottranslate.xml#L42
Android,internal,autofill/autofill-internal,autofillDevSettingsImportPasswordsExportPasswordsOurAppTitle,,Launch Google Passwords (normal tab),,autofill dev settings,,false,,true,apps/android/autofill/autofill-internal/src/main/res/values/donottranslate.xml,43,https://github.com/duckduckgo/Android/blob/65f660b66c0e996bdbfcf6a61f6756e89457bc83/autofill/autofill-internal/src/main/res/values/donottranslate.xml#L43
Android,internal,autofill/autofill-internal,autofillDevSettingsImportPasswordsExportPasswordsImportFlowTitle,,Launch Google Passwords (import flow),,autofill dev settings,,false,,true,apps/android/autofill/autofill-internal/src/main/res/values/donottranslate.xml,44,https://github.com/duckduckgo/Android/blob/65f660b66c0e996bdbfcf6a61f6756e89457bc83/autofill/autofill-internal/src/main/res/values/donottranslate.xml#L44
Android,internal,autofill/autofill-internal,autofillDevSettingsImportPasswordsImportPasswordsCsvTitle,,Import CSV,,autofill dev settings,,false,,true,apps/android/autofill/autofill-internal/src/main/res/values/donottranslate.xml,45,https://github.com/duckduckgo/Android/blob/65f660b66c0e996bdbfcf6a61f6756e89457bc83/autofill/autofill-internal/src/main/res/values/donottranslate.xml#L45
Android,internal,autofill/autofill-internal,autofillDevSettingsImportPasswordsGoogleLogoutTitle,,Google Account Logout,,autofill dev settings,,false,,true,apps/android/autofill/autofill-internal/src/main/res/values/donottranslate.xml,46,https://github.com/duckduckgo/Android/blob/65f660b66c0e996bdbfcf6a61f6756e89457bc83/autofill/autofill-internal/src/main/res/values/donottranslate.xml#L46
Android,internal,autofill/autofill-internal,autofillDevSettingsImportPasswordsGoogleInstruction,,Tap to clear all Google cookies,,autofill dev settings,,false,,true,apps/android/autofill/autofill-internal/src/main/res/values/donottranslate.xml,47,https://github.com/duckduckgo/Android/blob/65f660b66c0e996bdbfcf6a61f6756e89457bc83/autofill/autofill-internal/src/main/res/values/donottranslate.xml#L47
Android,internal,autofill/autofill-internal,autofillDevSettingsGoogleLogoutSuccess,,Google cookies cleared,,autofill dev settings,,false,,true,apps/android/autofill/autofill-internal/src/main/res/values/donottranslate.xml,48,https://github.com/duckduckgo/Android/blob/65f660b66c0e996bdbfcf6a61f6756e89457bc83/autofill/autofill-internal/src/main/res/values/donottranslate.xml#L48
Android,internal,autofill/autofill-internal,autofillDevSettingsImportGooglePasswordsSuccessMessage,,%1$d passwords imported from Google,Placeholder is the number of passwords we were able to import,autofill dev settings,%1$d,false,,true,apps/android/autofill/autofill-internal/src/main/res/values/donottranslate.xml,49,https://github.com/duckduckgo/Android/blob/65f660b66c0e996bdbfcf6a61f6756e89457bc83/autofill/autofill-internal/src/main/res/values/donottranslate.xml#L49
Android,internal,autofill/autofill-internal,autofillDevSettingsResetGooglePasswordsImportFlagTitle,,Clear Previous Google Imports interactions,,autofill dev settings,,false,,true,apps/android/autofill/autofill-internal/src/main/res/values/donottranslate.xml,51,https://github.com/duckduckgo/Android/blob/65f660b66c0e996bdbfcf6a61f6756e89457bc83/autofill/autofill-internal/src/main/res/values/donottranslate.xml#L51
Android,internal,autofill/autofill-internal,autofillDevSettingsResetGooglePasswordsImportFlagInstruction,,"Tap to forget whether we've previously imported, what we chose when previously prompted etc…",,autofill dev settings,,false,,true,apps/android/autofill/autofill-internal/src/main/res/values/donottranslate.xml,52,https://github.com/duckduckgo/Android/blob/65f660b66c0e996bdbfcf6a61f6756e89457bc83/autofill/autofill-internal/src/main/res/values/donottranslate.xml#L52
Android,internal,autofill/autofill-internal,autofillDevSettingsResetGooglePasswordsImportFlagConfirmation,,Eligible to see Google Import promos again,,autofill dev settings,,false,,true,apps/android/autofill/autofill-internal/src/main/res/values/donottranslate.xml,53,https://github.com/duckduckgo/Android/blob/65f660b66c0e996bdbfcf6a61f6756e89457bc83/autofill/autofill-internal/src/main/res/values/donottranslate.xml#L53
Android,internal,autofill/autofill-internal,autofillDevSettingsSimulatePasswordsImportedTitle,,Simulate Previous Successful Import,,autofill dev settings,,false,,true,apps/android/autofill/autofill-internal/src/main/res/values/donottranslate.xml,54,https://github.com/duckduckgo/Android/blob/65f660b66c0e996bdbfcf6a61f6756e89457bc83/autofill/autofill-internal/src/main/res/values/donottranslate.xml#L54
Android,internal,autofill/autofill-internal,autofillDevSettingsSimulatePasswordsImportedInstruction,,Tap to simulate having previously imported passwords from Google,,autofill dev settings,,false,,true,apps/android/autofill/autofill-internal/src/main/res/values/donottranslate.xml,55,https://github.com/duckduckgo/Android/blob/65f660b66c0e996bdbfcf6a61f6756e89457bc83/autofill/autofill-internal/src/main/res/values/donottranslate.xml#L55
Android,internal,autofill/autofill-internal,autofillDevSettingsSimulatePasswordsImportedConfirmation,,Recorded that passwords were imported before,,autofill dev settings,,false,,true,apps/android/autofill/autofill-internal/src/main/res/values/donottranslate.xml,56,https://github.com/duckduckgo/Android/blob/65f660b66c0e996bdbfcf6a61f6756e89457bc83/autofill/autofill-internal/src/main/res/values/donottranslate.xml#L56
Android,internal,autofill/autofill-internal,autofillDevSettingsCredentialExchangeTitle,,Test OS Credential Exchange Import,,autofill dev settings,,false,,true,apps/android/autofill/autofill-internal/src/main/res/values/donottranslate.xml,57,https://github.com/duckduckgo/Android/blob/65f660b66c0e996bdbfcf6a61f6756e89457bc83/autofill/autofill-internal/src/main/res/values/donottranslate.xml#L57
Android,internal,autofill/autofill-internal,autofillDevSettingsCredentialExchangeInstruction,,Tap to launch the system credential picker (CXF) and save what it returns,,autofill dev settings,,false,,true,apps/android/autofill/autofill-internal/src/main/res/values/donottranslate.xml,58,https://github.com/duckduckgo/Android/blob/65f660b66c0e996bdbfcf6a61f6756e89457bc83/autofill/autofill-internal/src/main/res/values/donottranslate.xml#L58
Android,internal,autofill/autofill-internal,autofillDevSettingsCredentialExchangeNotSupported,,Credential exchange is not supported on this build,,autofill dev settings,,false,,true,apps/android/autofill/autofill-internal/src/main/res/values/donottranslate.xml,59,https://github.com/duckduckgo/Android/blob/65f660b66c0e996bdbfcf6a61f6756e89457bc83/autofill/autofill-internal/src/main/res/values/donottranslate.xml#L59
Android,internal,autofill/autofill-internal,autofillDevSettingsOverrideMaxInstallDialogTitle,,Maximum number of days since install,,autofill dev settings,,false,,true,apps/android/autofill/autofill-internal/src/main/res/values/donottranslate.xml,61,https://github.com/duckduckgo/Android/blob/65f660b66c0e996bdbfcf6a61f6756e89457bc83/autofill/autofill-internal/src/main/res/values/donottranslate.xml#L61
Android,internal,autofill/autofill-internal,autofillDevSettingsOverrideMaxInstallDialogOkButtonText,,OK,,autofill dev settings,,false,,true,apps/android/autofill/autofill-internal/src/main/res/values/donottranslate.xml,62,https://github.com/duckduckgo/Android/blob/65f660b66c0e996bdbfcf6a61f6756e89457bc83/autofill/autofill-internal/src/main/res/values/donottranslate.xml#L62
Android,internal,autofill/autofill-internal,autofillDevSettingsOverrideMaxInstallDialogCancelButtonText,,Cancel,,autofill dev settings,,false,,true,apps/android/autofill/autofill-internal/src/main/res/values/donottranslate.xml,63,https://github.com/duckduckgo/Android/blob/65f660b66c0e996bdbfcf6a61f6756e89457bc83/autofill/autofill-internal/src/main/res/values/donottranslate.xml#L63
Android,internal,autofill/autofill-internal,autofillDevSettingsOverrideMaxInstalledDaysSetting,,Show in-context if installed in previous %1$d days,%1$d is number of days since an event happened,autofill dev settings,%1$d,false,,true,apps/android/autofill/autofill-internal/src/main/res/values/donottranslate.xml,64,https://github.com/duckduckgo/Android/blob/65f660b66c0e996bdbfcf6a61f6756e89457bc83/autofill/autofill-internal/src/main/res/values/donottranslate.xml#L64
Android,internal,autofill/autofill-internal,autofillDevSettingsOverrideMaxInstalledDaysNeverShow,,In-context prompt will never be shown,,autofill dev settings,,false,,true,apps/android/autofill/autofill-internal/src/main/res/values/donottranslate.xml,65,https://github.com/duckduckgo/Android/blob/65f660b66c0e996bdbfcf6a61f6756e89457bc83/autofill/autofill-internal/src/main/res/values/donottranslate.xml#L65
Android,internal,autofill/autofill-internal,autofillDevSettingsOverrideMaxInstalledDaysAlwaysShow,,In-context prompt will always be available,,autofill dev settings,,false,,true,apps/android/autofill/autofill-internal/src/main/res/values/donottranslate.xml,66,https://github.com/duckduckgo/Android/blob/65f660b66c0e996bdbfcf6a61f6756e89457bc83/autofill/autofill-internal/src/main/res/values/donottranslate.xml#L66
Android,internal,autofill/autofill-internal,autofillDevSettingsOverrideMaxInstalledOptionNever,,Never show (ignore install date),,autofill dev settings,,false,,true,apps/android/autofill/autofill-internal/src/main/res/values/donottranslate.xml,68,https://github.com/duckduckgo/Android/blob/65f660b66c0e996bdbfcf6a61f6756e89457bc83/autofill/autofill-internal/src/main/res/values/donottranslate.xml#L68
Android,internal,autofill/autofill-internal,autofillDevSettingsOverrideMaxInstalledOptionAlways,,Always show (ignore install date),,autofill dev settings,,false,,true,apps/android/autofill/autofill-internal/src/main/res/values/donottranslate.xml,69,https://github.com/duckduckgo/Android/blob/65f660b66c0e996bdbfcf6a61f6756e89457bc83/autofill/autofill-internal/src/main/res/values/donottranslate.xml#L69
Android,internal,autofill/autofill-internal,autofillDevSettingsOverrideMaxInstalledOptionNumberDays,,%1$d days,%1$d is a number of days,autofill dev settings,%1$d,false,,true,apps/android/autofill/autofill-internal/src/main/res/values/donottranslate.xml,70,https://github.com/duckduckgo/Android/blob/65f660b66c0e996bdbfcf6a61f6756e89457bc83/autofill/autofill-internal/src/main/res/values/donottranslate.xml#L70
Android,internal,autofill/autofill-internal,autofillDevSettingsDaysSinceInstall,,Days since app was installed: %1$d,%1$d is number of days since app since app was app was installed,autofill dev settings,%1$d,false,,true,apps/android/autofill/autofill-internal/src/main/res/values/donottranslate.xml,72,https://github.com/duckduckgo/Android/blob/65f660b66c0e996bdbfcf6a61f6756e89457bc83/autofill/autofill-internal/src/main/res/values/donottranslate.xml#L72
Android,internal,autofill/autofill-internal,autofillDevSettingsOverrideTapToChange,,Tap to change this rule,,autofill dev settings,,false,,true,apps/android/autofill/autofill-internal/src/main/res/values/donottranslate.xml,73,https://github.com/duckduckgo/Android/blob/65f660b66c0e996bdbfcf6a61f6756e89457bc83/autofill/autofill-internal/src/main/res/values/donottranslate.xml#L73
Android,internal,autofill/autofill-internal,autofillDevSettingsLoginsSectionTitle,,Logins,,autofill dev settings,,false,,true,apps/android/autofill/autofill-internal/src/main/res/values/donottranslate.xml,75,https://github.com/duckduckgo/Android/blob/65f660b66c0e996bdbfcf6a61f6756e89457bc83/autofill/autofill-internal/src/main/res/values/donottranslate.xml#L75
Android,internal,autofill/autofill-internal,autofillDevSettingsClearLogins,,Delete all saved logins,,autofill dev settings,,false,,true,apps/android/autofill/autofill-internal/src/main/res/values/donottranslate.xml,76,https://github.com/duckduckgo/Android/blob/65f660b66c0e996bdbfcf6a61f6756e89457bc83/autofill/autofill-internal/src/main/res/values/donottranslate.xml#L76
Android,internal,autofill/autofill-internal,autofillDevSettingsClearLoginsConfirmationMessage,,Are you sure you want to delete %1$d logins?,%1$d is number of saved logins,autofill dev settings,%1$d,false,,true,apps/android/autofill/autofill-internal/src/main/res/values/donottranslate.xml,77,https://github.com/duckduckgo/Android/blob/65f660b66c0e996bdbfcf6a61f6756e89457bc83/autofill/autofill-internal/src/main/res/values/donottranslate.xml#L77
Android,internal,autofill/autofill-internal,autofillDevSettingsClearLoginsDeleteButton,,Delete,,autofill dev settings,,false,,true,apps/android/autofill/autofill-internal/src/main/res/values/donottranslate.xml,78,https://github.com/duckduckgo/Android/blob/65f660b66c0e996bdbfcf6a61f6756e89457bc83/autofill/autofill-internal/src/main/res/values/donottranslate.xml#L78
Android,internal,autofill/autofill-internal,autofillDevSettingsClearLoginsCancelButton,,Cancel,,autofill dev settings,,false,,true,apps/android/autofill/autofill-internal/src/main/res/values/donottranslate.xml,79,https://github.com/duckduckgo/Android/blob/65f660b66c0e996bdbfcf6a61f6756e89457bc83/autofill/autofill-internal/src/main/res/values/donottranslate.xml#L79
Android,internal,autofill/autofill-internal,autofillDevSettingsClearLoginsSubtitle,,Number of saved logins: %1$d,%1$d is number of saved logins,autofill dev settings,%1$d,false,,true,apps/android/autofill/autofill-internal/src/main/res/values/donottranslate.xml,80,https://github.com/duckduckgo/Android/blob/65f660b66c0e996bdbfcf6a61f6756e89457bc83/autofill/autofill-internal/src/main/res/values/donottranslate.xml#L80
Android,internal,autofill/autofill-internal,autofillDevSettingsViewSavedLogins,,View saved logins,,autofill dev settings,,false,,true,apps/android/autofill/autofill-internal/src/main/res/values/donottranslate.xml,81,https://github.com/duckduckgo/Android/blob/65f660b66c0e996bdbfcf6a61f6756e89457bc83/autofill/autofill-internal/src/main/res/values/donottranslate.xml#L81
Android,internal,autofill/autofill-internal,autofillDevSettingsConfigSectionTitle,,Autofill.js Configuration,,autofill dev settings,,false,,true,apps/android/autofill/autofill-internal/src/main/res/values/donottranslate.xml,83,https://github.com/duckduckgo/Android/blob/65f660b66c0e996bdbfcf6a61f6756e89457bc83/autofill/autofill-internal/src/main/res/values/donottranslate.xml#L83
Android,internal,autofill/autofill-internal,autofillDevSettingsConfigDebugTitle,,Configuration Type: %1$s,Placeholder will specify if using debug or production version,autofill dev settings,%1$s,false,,true,apps/android/autofill/autofill-internal/src/main/res/values/donottranslate.xml,84,https://github.com/duckduckgo/Android/blob/65f660b66c0e996bdbfcf6a61f6756e89457bc83/autofill/autofill-internal/src/main/res/values/donottranslate.xml#L84
Android,internal,autofill/autofill-internal,autofillDevSettingsConfigDebugSubtitle,,Tap to change,,autofill dev settings,,false,,true,apps/android/autofill/autofill-internal/src/main/res/values/donottranslate.xml,85,https://github.com/duckduckgo/Android/blob/65f660b66c0e996bdbfcf6a61f6756e89457bc83/autofill/autofill-internal/src/main/res/values/donottranslate.xml#L85
Android,internal,autofill/autofill-internal,autofillDevSettingsConfigDebugOptionProduction,,Production,,autofill dev settings,,false,,true,apps/android/autofill/autofill-internal/src/main/res/values/donottranslate.xml,86,https://github.com/duckduckgo/Android/blob/65f660b66c0e996bdbfcf6a61f6756e89457bc83/autofill/autofill-internal/src/main/res/values/donottranslate.xml#L86
Android,internal,autofill/autofill-internal,autofillDevSettingsConfigDebugOptionDebug,,Debug,,autofill dev settings,,false,,true,apps/android/autofill/autofill-internal/src/main/res/values/donottranslate.xml,87,https://github.com/duckduckgo/Android/blob/65f660b66c0e996bdbfcf6a61f6756e89457bc83/autofill/autofill-internal/src/main/res/values/donottranslate.xml#L87
Android,internal,autofill/autofill-internal,autofillDevSettingsAddSampleLogins,,Add a few sample logins,,autofill dev settings,,false,,true,apps/android/autofill/autofill-internal/src/main/res/values/donottranslate.xml,89,https://github.com/duckduckgo/Android/blob/65f660b66c0e996bdbfcf6a61f6756e89457bc83/autofill/autofill-internal/src/main/res/values/donottranslate.xml#L89
Android,internal,autofill/autofill-internal,autofillDevSettingsAddSampleLoginsSubtitle,,Adds a few logins for https://fill.dev,,autofill dev settings,,false,,true,apps/android/autofill/autofill-internal/src/main/res/values/donottranslate.xml,90,https://github.com/duckduckgo/Android/blob/65f660b66c0e996bdbfcf6a61f6756e89457bc83/autofill/autofill-internal/src/main/res/values/donottranslate.xml#L90
Android,internal,autofill/autofill-internal,autofillDevSettingsAddManySampleLogins,,Add a lot of sample logins,,autofill dev settings,,false,,true,apps/android/autofill/autofill-internal/src/main/res/values/donottranslate.xml,91,https://github.com/duckduckgo/Android/blob/65f660b66c0e996bdbfcf6a61f6756e89457bc83/autofill/autofill-internal/src/main/res/values/donottranslate.xml#L91
Android,internal,autofill/autofill-internal,autofillDevSettingsAddManyLoginsSubtitle,,Adds 100 sample logins,,autofill dev settings,,false,,true,apps/android/autofill/autofill-internal/src/main/res/values/donottranslate.xml,92,https://github.com/duckduckgo/Android/blob/65f660b66c0e996bdbfcf6a61f6756e89457bc83/autofill/autofill-internal/src/main/res/values/donottranslate.xml#L92
Android,internal,autofill/autofill-internal,autofillDevSettingsAddExtremeSampleLogins,,Add an extreme amount of sample logins,,autofill dev settings,,false,,true,apps/android/autofill/autofill-internal/src/main/res/values/donottranslate.xml,93,https://github.com/duckduckgo/Android/blob/65f660b66c0e996bdbfcf6a61f6756e89457bc83/autofill/autofill-internal/src/main/res/values/donottranslate.xml#L93
Android,internal,autofill/autofill-internal,autofillDevSettingsAddExtremeSampleLoginsSubtitle,,"Adds 1,000 sample logins",,autofill dev settings,,false,,true,apps/android/autofill/autofill-internal/src/main/res/values/donottranslate.xml,94,https://github.com/duckduckgo/Android/blob/65f660b66c0e996bdbfcf6a61f6756e89457bc83/autofill/autofill-internal/src/main/res/values/donottranslate.xml#L94
Android,internal,autofill/autofill-internal,autofillDevSettingsAddSampleLoginsSameSubdomain,,Add duplicate logins (same domain),,autofill dev settings,,false,,true,apps/android/autofill/autofill-internal/src/main/res/values/donottranslate.xml,95,https://github.com/duckduckgo/Android/blob/65f660b66c0e996bdbfcf6a61f6756e89457bc83/autofill/autofill-internal/src/main/res/values/donottranslate.xml#L95
Android,internal,autofill/autofill-internal,autofillDevSettingsAddSampleLoginsSameSubdomainSubtitle,,Adds multiple logins for https://fill.dev with same username and password,,autofill dev settings,,false,,true,apps/android/autofill/autofill-internal/src/main/res/values/donottranslate.xml,96,https://github.com/duckduckgo/Android/blob/65f660b66c0e996bdbfcf6a61f6756e89457bc83/autofill/autofill-internal/src/main/res/values/donottranslate.xml#L96
Android,internal,autofill/autofill-internal,autofillDevSettingsAddSampleLoginsMultipleSubdomains,,Add duplicate logins (across different subdomains),,autofill dev settings,,false,,true,apps/android/autofill/autofill-internal/src/main/res/values/donottranslate.xml,97,https://github.com/duckduckgo/Android/blob/65f660b66c0e996bdbfcf6a61f6756e89457bc83/autofill/autofill-internal/src/main/res/values/donottranslate.xml#L97
Android,internal,autofill/autofill-internal,autofillDevSettingsAddSampleLoginsMultipleSubdomainsSubtitle,,Adds multiple logins for https://fill.dev with same username and password but across different subdomains,,autofill dev settings,,false,,true,apps/android/autofill/autofill-internal/src/main/res/values/donottranslate.xml,98,https://github.com/duckduckgo/Android/blob/65f660b66c0e996bdbfcf6a61f6756e89457bc83/autofill/autofill-internal/src/main/res/values/donottranslate.xml#L98
Android,internal,autofill/autofill-internal,autofillDevSettingsAddMixedUsernameCaseLogins,,Add mixed case username duplicates,,autofill dev settings,,false,,true,apps/android/autofill/autofill-internal/src/main/res/values/donottranslate.xml,99,https://github.com/duckduckgo/Android/blob/65f660b66c0e996bdbfcf6a61f6756e89457bc83/autofill/autofill-internal/src/main/res/values/donottranslate.xml#L99
Android,internal,autofill/autofill-internal,autofillDevSettingsAddMixedUsernameCaseLoginsSubtitle,,"Adds multiple duplicate logins, different only from the case of the username",,autofill dev settings,,false,,true,apps/android/autofill/autofill-internal/src/main/res/values/donottranslate.xml,100,https://github.com/duckduckgo/Android/blob/65f660b66c0e996bdbfcf6a61f6756e89457bc83/autofill/autofill-internal/src/main/res/values/donottranslate.xml#L100
Android,internal,autofill/autofill-internal,autofillDevSettingsSurveySectionTitle,,Autofill Survey,,autofill dev settings,,false,,true,apps/android/autofill/autofill-internal/src/main/res/values/donottranslate.xml,102,https://github.com/duckduckgo/Android/blob/65f660b66c0e996bdbfcf6a61f6756e89457bc83/autofill/autofill-internal/src/main/res/values/donottranslate.xml#L102
Android,internal,autofill/autofill-internal,autofillDevSettingsSurveySectionResetPreviousSurveysTitle,,Previously Seen Surveys,,autofill dev settings,,false,,true,apps/android/autofill/autofill-internal/src/main/res/values/donottranslate.xml,103,https://github.com/duckduckgo/Android/blob/65f660b66c0e996bdbfcf6a61f6756e89457bc83/autofill/autofill-internal/src/main/res/values/donottranslate.xml#L103
Android,internal,autofill/autofill-internal,autofillDevSettingsDeclineCounterResetTitle,,Decline counters,,autofill dev settings,,false,,true,apps/android/autofill/autofill-internal/src/main/res/values/donottranslate.xml,104,https://github.com/duckduckgo/Android/blob/65f660b66c0e996bdbfcf6a61f6756e89457bc83/autofill/autofill-internal/src/main/res/values/donottranslate.xml#L104
Android,internal,autofill/autofill-internal,autofillDevSettingsDeclineCounterResetInstruction,,Tap to reset decline counter,,autofill dev settings,,false,,true,apps/android/autofill/autofill-internal/src/main/res/values/donottranslate.xml,105,https://github.com/duckduckgo/Android/blob/65f660b66c0e996bdbfcf6a61f6756e89457bc83/autofill/autofill-internal/src/main/res/values/donottranslate.xml#L105
Android,internal,autofill/autofill-internal,autofillDevSettingsSurveySectionInstruction,,Tap to reset available surveys,,autofill dev settings,,false,,true,apps/android/autofill/autofill-internal/src/main/res/values/donottranslate.xml,106,https://github.com/duckduckgo/Android/blob/65f660b66c0e996bdbfcf6a61f6756e89457bc83/autofill/autofill-internal/src/main/res/values/donottranslate.xml#L106
Android,internal,autofill/autofill-internal,autofillDevSettingsSurveySectionResetted,,Previously seen surveys available again,,autofill dev settings,,false,,true,apps/android/autofill/autofill-internal/src/main/res/values/donottranslate.xml,107,https://github.com/duckduckgo/Android/blob/65f660b66c0e996bdbfcf6a61f6756e89457bc83/autofill/autofill-internal/src/main/res/values/donottranslate.xml#L107
Android,internal,autofill/autofill-internal,autofillDevSettingsDeclineCounterResetted,,Decline counter is 0 and now active. Restart the app.,,autofill dev settings,,false,,true,apps/android/autofill/autofill-internal/src/main/res/values/donottranslate.xml,108,https://github.com/duckduckgo/Android/blob/65f660b66c0e996bdbfcf6a61f6756e89457bc83/autofill/autofill-internal/src/main/res/values/donottranslate.xml#L108
Android,internal,duckchat/duckchat-internal,devSettingsDuckAiUrlOverrideTitle,,Custom Duck.ai URL,,,,false,,true,apps/android/duckchat/duckchat-internal/src/main/res/values/donottranslate.xml,3,https://github.com/duckduckgo/Android/blob/65f660b66c0e996bdbfcf6a61f6756e89457bc83/duckchat/duckchat-internal/src/main/res/values/donottranslate.xml#L3
Android,internal,duckchat/duckchat-internal,devSettingsDuckAiUrlHint,,Add your custom URL here,,,,false,,true,apps/android/duckchat/duckchat-internal/src/main/res/values/donottranslate.xml,4,https://github.com/duckduckgo/Android/blob/65f660b66c0e996bdbfcf6a61f6756e89457bc83/duckchat/duckchat-internal/src/main/res/values/donottranslate.xml#L4
Android,internal,duckchat/duckchat-internal,devSettingsDuckAiUrlSave,,Save,,,,false,,true,apps/android/duckchat/duckchat-internal/src/main/res/values/donottranslate.xml,5,https://github.com/duckduckgo/Android/blob/65f660b66c0e996bdbfcf6a61f6756e89457bc83/duckchat/duckchat-internal/src/main/res/values/donottranslate.xml#L5
Android,internal,duckchat/duckchat-internal,devSettingsDuckAiUrlReset,,Reset to default,,,,false,,true,apps/android/duckchat/duckchat-internal/src/main/res/values/donottranslate.xml,6,https://github.com/duckduckgo/Android/blob/65f660b66c0e996bdbfcf6a61f6756e89457bc83/duckchat/duckchat-internal/src/main/res/values/donottranslate.xml#L6
Android,internal,duckchat/duckchat-internal,devSettingsDuckAiUrlSet,,Custom Duck.ai URL set,,,,false,,true,apps/android/duckchat/duckchat-internal/src/main/res/values/donottranslate.xml,7,https://github.com/duckduckgo/Android/blob/65f660b66c0e996bdbfcf6a61f6756e89457bc83/duckchat/duckchat-internal/src/main/res/values/donottranslate.xml#L7
Android,internal,duckchat/duckchat-internal,devSettingsDuckAiUrlCleared,,Duck.ai URL reset to default,,,,false,,true,apps/android/duckchat/duckchat-internal/src/main/res/values/donottranslate.xml,8,https://github.com/duckduckgo/Android/blob/65f660b66c0e996bdbfcf6a61f6756e89457bc83/duckchat/duckchat-internal/src/main/res/values/donottranslate.xml#L8
Android,internal,duckchat/duckchat-internal,devSettingsDuckAiUrlEmpty,,Enter a URL,,,,false,,true,apps/android/duckchat/duckchat-internal/src/main/res/values/donottranslate.xml,9,https://github.com/duckduckgo/Android/blob/65f660b66c0e996bdbfcf6a61f6756e89457bc83/duckchat/duckchat-internal/src/main/res/values/donottranslate.xml#L9
Android,internal,duckchat/duckchat-internal,devSettingsDuckAiUsageWarningsCapabilityTitle,,Usage Warnings,,,,false,,true,apps/android/duckchat/duckchat-internal/src/main/res/values/donottranslate.xml,11,https://github.com/duckduckgo/Android/blob/65f660b66c0e996bdbfcf6a61f6756e89457bc83/duckchat/duckchat-internal/src/main/res/values/donottranslate.xml#L11
Android,internal,duckchat/duckchat-internal,devSettingsDuckAiUsageWarningsCapabilitySubtitle,,Inspect and reset native usage warning state,,,,false,,true,apps/android/duckchat/duckchat-internal/src/main/res/values/donottranslate.xml,12,https://github.com/duckduckgo/Android/blob/65f660b66c0e996bdbfcf6a61f6756e89457bc83/duckchat/duckchat-internal/src/main/res/values/donottranslate.xml#L12
Android,internal,duckchat/duckchat-internal,devSettingsDuckAiUsageWarningsTitle,,Duck.ai Usage Warnings,,,,false,,true,apps/android/duckchat/duckchat-internal/src/main/res/values/donottranslate.xml,13,https://github.com/duckduckgo/Android/blob/65f660b66c0e996bdbfcf6a61f6756e89457bc83/duckchat/duckchat-internal/src/main/res/values/donottranslate.xml#L13
Android,internal,duckchat/duckchat-internal,devSettingsDuckAiUsageWarningsHighUsageDismissals,,Dismissed high-usage models,,,,false,,true,apps/android/duckchat/duckchat-internal/src/main/res/values/donottranslate.xml,14,https://github.com/duckduckgo/Android/blob/65f660b66c0e996bdbfcf6a61f6756e89457bc83/duckchat/duckchat-internal/src/main/res/values/donottranslate.xml#L14
Android,internal,duckchat/duckchat-internal,devSettingsDuckAiUsageWarningsNoDismissals,,None,,,,false,,true,apps/android/duckchat/duckchat-internal/src/main/res/values/donottranslate.xml,15,https://github.com/duckduckgo/Android/blob/65f660b66c0e996bdbfcf6a61f6756e89457bc83/duckchat/duckchat-internal/src/main/res/values/donottranslate.xml#L15
Android,internal,duckchat/duckchat-internal,devSettingsDuckAiUsageWarningsResetHighUsageDismissals,,Reset high-usage dismissals,,,,false,,true,apps/android/duckchat/duckchat-internal/src/main/res/values/donottranslate.xml,16,https://github.com/duckduckgo/Android/blob/65f660b66c0e996bdbfcf6a61f6756e89457bc83/duckchat/duckchat-internal/src/main/res/values/donottranslate.xml#L16
Android,internal,duckchat/duckchat-internal,devSettingsDuckAiUsageWarningsDismissalsReset,,High-usage dismissals reset,,,,false,,true,apps/android/duckchat/duckchat-internal/src/main/res/values/donottranslate.xml,17,https://github.com/duckduckgo/Android/blob/65f660b66c0e996bdbfcf6a61f6756e89457bc83/duckchat/duckchat-internal/src/main/res/values/donottranslate.xml#L17
Android,internal,duckchat/duckchat-internal,devSettingsDuckAiUsageWarningsUsageDismissal,,Dismissed usage notice,,,,false,,true,apps/android/duckchat/duckchat-internal/src/main/res/values/donottranslate.xml,18,https://github.com/duckduckgo/Android/blob/65f660b66c0e996bdbfcf6a61f6756e89457bc83/duckchat/duckchat-internal/src/main/res/values/donottranslate.xml#L18
Android,internal,duckchat/duckchat-internal,devSettingsDuckAiUsageWarningsUsageDismissalValue,,"%1$s, %2$s window, dismissed at %3$d%% band","%1$s is the notice id, %2$s the window (daily or weekly), %3$d the percent band it was dismissed at",,%1$s %2$s %3$d,false,,true,apps/android/duckchat/duckchat-internal/src/main/res/values/donottranslate.xml,19,https://github.com/duckduckgo/Android/blob/65f660b66c0e996bdbfcf6a61f6756e89457bc83/duckchat/duckchat-internal/src/main/res/values/donottranslate.xml#L19
Android,internal,duckchat/duckchat-internal,devSettingsDuckAiUsageWarningsUsageActedOn,,Acted-on usage snapshot,,,,false,,true,apps/android/duckchat/duckchat-internal/src/main/res/values/donottranslate.xml,20,https://github.com/duckduckgo/Android/blob/65f660b66c0e996bdbfcf6a61f6756e89457bc83/duckchat/duckchat-internal/src/main/res/values/donottranslate.xml#L20
Android,internal,duckchat/duckchat-internal,devSettingsDuckAiUsageWarningsUsageActedOnRecorded,,Recorded. Card hidden until the snapshot changes,,,,false,,true,apps/android/duckchat/duckchat-internal/src/main/res/values/donottranslate.xml,21,https://github.com/duckduckgo/Android/blob/65f660b66c0e996bdbfcf6a61f6756e89457bc83/duckchat/duckchat-internal/src/main/res/values/donottranslate.xml#L21
Android,internal,duckchat/duckchat-internal,devSettingsDuckAiUsageWarningsResetUsageDismissal,,Reset usage notice state,,,,false,,true,apps/android/duckchat/duckchat-internal/src/main/res/values/donottranslate.xml,22,https://github.com/duckduckgo/Android/blob/65f660b66c0e996bdbfcf6a61f6756e89457bc83/duckchat/duckchat-internal/src/main/res/values/donottranslate.xml#L22
Android,internal,duckchat/duckchat-internal,devSettingsDuckAiUsageWarningsUsageDismissalReset,,Usage notice dismissal and acted-on state reset,,,,false,,true,apps/android/duckchat/duckchat-internal/src/main/res/values/donottranslate.xml,23,https://github.com/duckduckgo/Android/blob/65f660b66c0e996bdbfcf6a61f6756e89457bc83/duckchat/duckchat-internal/src/main/res/values/donottranslate.xml#L23
Android,internal,feature-toggles/feature-toggles-internal,featureFlagInventoryHeading,,Some feature flags may need to re-launch the app or even force close it. You may know better!,,,,false,,true,apps/android/feature-toggles/feature-toggles-internal/src/main/res/values/donottranslate.xml,19,https://github.com/duckduckgo/Android/blob/65f660b66c0e996bdbfcf6a61f6756e89457bc83/feature-toggles/feature-toggles-internal/src/main/res/values/donottranslate.xml#L19
Android,internal,network-protection/network-protection-internal,netpDevSettingsTitle,,NetP Dev Settings,,,,false,,true,apps/android/network-protection/network-protection-internal/src/main/res/values/donottranslate.xml,18,https://github.com/duckduckgo/Android/blob/65f660b66c0e996bdbfcf6a61f6756e89457bc83/network-protection/network-protection-internal/src/main/res/values/donottranslate.xml#L18
Android,internal,network-protection/network-protection-internal,netpDevSettingHeaderConfig,,Config,,,,false,,true,apps/android/network-protection/network-protection-internal/src/main/res/values/donottranslate.xml,19,https://github.com/duckduckgo/Android/blob/65f660b66c0e996bdbfcf6a61f6756e89457bc83/network-protection/network-protection-internal/src/main/res/values/donottranslate.xml#L19
Android,internal,network-protection/network-protection-internal,netpDevSettingHeaderPCAP,,PCAP,,,,false,,true,apps/android/network-protection/network-protection-internal/src/main/res/values/donottranslate.xml,20,https://github.com/duckduckgo/Android/blob/65f660b66c0e996bdbfcf6a61f6756e89457bc83/network-protection/network-protection-internal/src/main/res/values/donottranslate.xml#L20
Android,internal,network-protection/network-protection-internal,netpDevSettingHeaderPCAPDelete,,Delete PCAP file,,,,false,,true,apps/android/network-protection/network-protection-internal/src/main/res/values/donottranslate.xml,21,https://github.com/duckduckgo/Android/blob/65f660b66c0e996bdbfcf6a61f6756e89457bc83/network-protection/network-protection-internal/src/main/res/values/donottranslate.xml#L21
Android,internal,network-protection/network-protection-internal,netpDevSettingHeaderPCAPShare,,Share PCAP file,,,,false,,true,apps/android/network-protection/network-protection-internal/src/main/res/values/donottranslate.xml,22,https://github.com/duckduckgo/Android/blob/65f660b66c0e996bdbfcf6a61f6756e89457bc83/network-protection/network-protection-internal/src/main/res/values/donottranslate.xml#L22
Android,internal,network-protection/network-protection-internal,netpSystemAppsExclusionList,,Manage System Apps Exclusion,,,,false,,true,apps/android/network-protection/network-protection-internal/src/main/res/values/donottranslate.xml,23,https://github.com/duckduckgo/Android/blob/65f660b66c0e996bdbfcf6a61f6756e89457bc83/network-protection/network-protection-internal/src/main/res/values/donottranslate.xml#L23
Android,internal,network-protection/network-protection-internal,netpStagingEnvironment,,VPN staging environment,,,,false,,true,apps/android/network-protection/network-protection-internal/src/main/res/values/donottranslate.xml,24,https://github.com/duckduckgo/Android/blob/65f660b66c0e996bdbfcf6a61f6756e89457bc83/network-protection/network-protection-internal/src/main/res/values/donottranslate.xml#L24
Android,internal,network-protection/network-protection-internal,netpStagingEndpoint,,VPN Staging endpoint,,,,false,,true,apps/android/network-protection/network-protection-internal/src/main/res/values/donottranslate.xml,25,https://github.com/duckduckgo/Android/blob/65f660b66c0e996bdbfcf6a61f6756e89457bc83/network-protection/network-protection-internal/src/main/res/values/donottranslate.xml#L25
Android,internal,network-protection/network-protection-internal,netpExcludeAllSystemApps,,Exclude All System Apps,,,,false,,true,apps/android/network-protection/network-protection-internal/src/main/res/values/donottranslate.xml,26,https://github.com/duckduckgo/Android/blob/65f660b66c0e996bdbfcf6a61f6756e89457bc83/network-protection/network-protection-internal/src/main/res/values/donottranslate.xml#L26
Android,internal,network-protection/network-protection-internal,netpMtuSize,,MTU Size,,,,false,,true,apps/android/network-protection/network-protection-internal/src/main/res/values/donottranslate.xml,27,https://github.com/duckduckgo/Android/blob/65f660b66c0e996bdbfcf6a61f6756e89457bc83/network-protection/network-protection-internal/src/main/res/values/donottranslate.xml#L27
Android,internal,network-protection/network-protection-internal,netpDevSettingInternalIP,,Internal IP,,,,false,,true,apps/android/network-protection/network-protection-internal/src/main/res/values/donottranslate.xml,28,https://github.com/duckduckgo/Android/blob/65f660b66c0e996bdbfcf6a61f6756e89457bc83/network-protection/network-protection-internal/src/main/res/values/donottranslate.xml#L28
Android,internal,network-protection/network-protection-internal,netpDevSettingConnectionQuality,,Connection Quality,,,,false,,true,apps/android/network-protection/network-protection-internal/src/main/res/values/donottranslate.xml,29,https://github.com/duckduckgo/Android/blob/65f660b66c0e996bdbfcf6a61f6756e89457bc83/network-protection/network-protection-internal/src/main/res/values/donottranslate.xml#L29
Android,internal,network-protection/network-protection-internal,netpPcapRecording,,Enable PCAP recording,,,,false,,true,apps/android/network-protection/network-protection-internal/src/main/res/values/donottranslate.xml,30,https://github.com/duckduckgo/Android/blob/65f660b66c0e996bdbfcf6a61f6756e89457bc83/network-protection/network-protection-internal/src/main/res/values/donottranslate.xml#L30
Android,internal,network-protection/network-protection-internal,netpForceRekey,,Force Rekey,,,,false,,true,apps/android/network-protection/network-protection-internal/src/main/res/values/donottranslate.xml,31,https://github.com/duckduckgo/Android/blob/65f660b66c0e996bdbfcf6a61f6756e89457bc83/network-protection/network-protection-internal/src/main/res/values/donottranslate.xml#L31
Android,internal,network-protection/network-protection-internal,netpEgressFailure,,Simulate egress failure,,,,false,,true,apps/android/network-protection/network-protection-internal/src/main/res/values/donottranslate.xml,32,https://github.com/duckduckgo/Android/blob/65f660b66c0e996bdbfcf6a61f6756e89457bc83/network-protection/network-protection-internal/src/main/res/values/donottranslate.xml#L32
Android,internal,network-protection/network-protection-internal,netpUnsafeWifiDetectionPrimary,,Unsafe Wi-Fi detection,,,,false,,true,apps/android/network-protection/network-protection-internal/src/main/res/values/donottranslate.xml,33,https://github.com/duckduckgo/Android/blob/65f660b66c0e996bdbfcf6a61f6756e89457bc83/network-protection/network-protection-internal/src/main/res/values/donottranslate.xml#L33
Android,internal,network-protection/network-protection-internal,netpUnsafeWifiDetectionByline,,Get notified when connected to unsafe Wi-Fi without a VPN.,,,,false,,true,apps/android/network-protection/network-protection-internal/src/main/res/values/donottranslate.xml,34,https://github.com/duckduckgo/Android/blob/65f660b66c0e996bdbfcf6a61f6756e89457bc83/network-protection/network-protection-internal/src/main/res/values/donottranslate.xml#L34
Android,internal,network-protection/network-protection-internal,netpBlockMalwarePrimary,,Block Malware,,,,false,,true,apps/android/network-protection/network-protection-internal/src/main/res/values/donottranslate.xml,35,https://github.com/duckduckgo/Android/blob/65f660b66c0e996bdbfcf6a61f6756e89457bc83/network-protection/network-protection-internal/src/main/res/values/donottranslate.xml#L35
Android,internal,network-protection/network-protection-internal,netpBlockMalwareByline,,The Default DuckDuckGo DNS will block malware when enabled.,,,,false,,true,apps/android/network-protection/network-protection-internal/src/main/res/values/donottranslate.xml,36,https://github.com/duckduckgo/Android/blob/65f660b66c0e996bdbfcf6a61f6756e89457bc83/network-protection/network-protection-internal/src/main/res/values/donottranslate.xml#L36
Android,internal,pir/pir-internal,pirDevSettings,,Pir Dev Settings,,,,false,,true,apps/android/pir/pir-internal/src/main/res/values/donottranslate.xml,18,https://github.com/duckduckgo/Android/blob/65f660b66c0e996bdbfcf6a61f6756e89457bc83/pir/pir-internal/src/main/res/values/donottranslate.xml#L18
Android,internal,pir/pir-internal,pirDevSettingsScan,,PIR Scan,,,,false,,true,apps/android/pir/pir-internal/src/main/res/values/donottranslate.xml,19,https://github.com/duckduckgo/Android/blob/65f660b66c0e996bdbfcf6a61f6756e89457bc83/pir/pir-internal/src/main/res/values/donottranslate.xml#L19
Android,internal,pir/pir-internal,pirDevScanTitle,,PIR Dev Scan,,,,false,,true,apps/android/pir/pir-internal/src/main/res/values/donottranslate.xml,20,https://github.com/duckduckgo/Android/blob/65f660b66c0e996bdbfcf6a61f6756e89457bc83/pir/pir-internal/src/main/res/values/donottranslate.xml#L20
Android,internal,pir/pir-internal,pirDevOptOutTitle,,PIR Dev Opt-out,,,,false,,true,apps/android/pir/pir-internal/src/main/res/values/donottranslate.xml,21,https://github.com/duckduckgo/Android/blob/65f660b66c0e996bdbfcf6a61f6756e89457bc83/pir/pir-internal/src/main/res/values/donottranslate.xml#L21
Android,internal,pir/pir-internal,pirDevDebugOptOutTitle,,PIR Dev Debug Opt-out,,,,false,,true,apps/android/pir/pir-internal/src/main/res/values/donottranslate.xml,22,https://github.com/duckduckgo/Android/blob/65f660b66c0e996bdbfcf6a61f6756e89457bc83/pir/pir-internal/src/main/res/values/donottranslate.xml#L22
Android,internal,pir/pir-internal,pirDevSettingsOptOut,,PIR Opt-out,,,,false,,true,apps/android/pir/pir-internal/src/main/res/values/donottranslate.xml,23,https://github.com/duckduckgo/Android/blob/65f660b66c0e996bdbfcf6a61f6756e89457bc83/pir/pir-internal/src/main/res/values/donottranslate.xml#L23
Android,internal,pir/pir-internal,pirDevRunSimpleScan,,Run all pending jobs,,,,false,,true,apps/android/pir/pir-internal/src/main/res/values/donottranslate.xml,24,https://github.com/duckduckgo/Android/blob/65f660b66c0e996bdbfcf6a61f6756e89457bc83/pir/pir-internal/src/main/res/values/donottranslate.xml#L24
Android,internal,pir/pir-internal,pirDevResetAll,,Reset ALL data,,,,false,,true,apps/android/pir/pir-internal/src/main/res/values/donottranslate.xml,25,https://github.com/duckduckgo/Android/blob/65f660b66c0e996bdbfcf6a61f6756e89457bc83/pir/pir-internal/src/main/res/values/donottranslate.xml#L25
Android,internal,pir/pir-internal,pirDevResetOptOutOnly,,Reset opt out data only,,,,false,,true,apps/android/pir/pir-internal/src/main/res/values/donottranslate.xml,26,https://github.com/duckduckgo/Android/blob/65f660b66c0e996bdbfcf6a61f6756e89457bc83/pir/pir-internal/src/main/res/values/donottranslate.xml#L26
Android,internal,pir/pir-internal,pirDevForceKillScan,,Kill with no reset,,,,false,,true,apps/android/pir/pir-internal/src/main/res/values/donottranslate.xml,27,https://github.com/duckduckgo/Android/blob/65f660b66c0e996bdbfcf6a61f6756e89457bc83/pir/pir-internal/src/main/res/values/donottranslate.xml#L27
Android,internal,pir/pir-internal,pirDevForceKillOptOut,,Reset optout,,,,false,,true,apps/android/pir/pir-internal/src/main/res/values/donottranslate.xml,28,https://github.com/duckduckgo/Android/blob/65f660b66c0e996bdbfcf6a61f6756e89457bc83/pir/pir-internal/src/main/res/values/donottranslate.xml#L28
Android,internal,pir/pir-internal,pirDevViewScanResults,,View All Scan Results,,,,false,,true,apps/android/pir/pir-internal/src/main/res/values/donottranslate.xml,29,https://github.com/duckduckgo/Android/blob/65f660b66c0e996bdbfcf6a61f6756e89457bc83/pir/pir-internal/src/main/res/values/donottranslate.xml#L29
Android,internal,pir/pir-internal,pirDevViewExtractedProfiles,,View Extracted Profiles,,,,false,,true,apps/android/pir/pir-internal/src/main/res/values/donottranslate.xml,30,https://github.com/duckduckgo/Android/blob/65f660b66c0e996bdbfcf6a61f6756e89457bc83/pir/pir-internal/src/main/res/values/donottranslate.xml#L30
Android,internal,pir/pir-internal,pirDevViewOptOutResults,,View All OptOut Results,,,,false,,true,apps/android/pir/pir-internal/src/main/res/values/donottranslate.xml,31,https://github.com/duckduckgo/Android/blob/65f660b66c0e996bdbfcf6a61f6756e89457bc83/pir/pir-internal/src/main/res/values/donottranslate.xml#L31
Android,internal,pir/pir-internal,pirDevViewEmailResults,,View Email Confirmation Results,,,,false,,true,apps/android/pir/pir-internal/src/main/res/values/donottranslate.xml,32,https://github.com/duckduckgo/Android/blob/65f660b66c0e996bdbfcf6a61f6756e89457bc83/pir/pir-internal/src/main/res/values/donottranslate.xml#L32
Android,internal,pir/pir-internal,pirDevViewRunEvents,,View PIR Run events,,,,false,,true,apps/android/pir/pir-internal/src/main/res/values/donottranslate.xml,33,https://github.com/duckduckgo/Android/blob/65f660b66c0e996bdbfcf6a61f6756e89457bc83/pir/pir-internal/src/main/res/values/donottranslate.xml#L33
Android,internal,pir/pir-internal,pirDevExportDb,,Export database,,,,false,,true,apps/android/pir/pir-internal/src/main/res/values/donottranslate.xml,34,https://github.com/duckduckgo/Android/blob/65f660b66c0e996bdbfcf6a61f6756e89457bc83/pir/pir-internal/src/main/res/values/donottranslate.xml#L34
Android,internal,pir/pir-internal,pirDevViewEmailEvents,,PIR Email,,,,false,,true,apps/android/pir/pir-internal/src/main/res/values/donottranslate.xml,35,https://github.com/duckduckgo/Android/blob/65f660b66c0e996bdbfcf6a61f6756e89457bc83/pir/pir-internal/src/main/res/values/donottranslate.xml#L35
Android,internal,pir/pir-internal,pirDevSchedule,,Schedule Scan,,,,false,,true,apps/android/pir/pir-internal/src/main/res/values/donottranslate.xml,36,https://github.com/duckduckgo/Android/blob/65f660b66c0e996bdbfcf6a61f6756e89457bc83/pir/pir-internal/src/main/res/values/donottranslate.xml#L36
Android,internal,pir/pir-internal,pirDevSimpleScanHeader,,Simple Scan Results,,,,false,,true,apps/android/pir/pir-internal/src/main/res/values/donottranslate.xml,37,https://github.com/duckduckgo/Android/blob/65f660b66c0e996bdbfcf6a61f6756e89457bc83/pir/pir-internal/src/main/res/values/donottranslate.xml#L37
Android,internal,pir/pir-internal,pirDevHeader,,Test Actions,,,,false,,true,apps/android/pir/pir-internal/src/main/res/values/donottranslate.xml,38,https://github.com/duckduckgo/Android/blob/65f660b66c0e996bdbfcf6a61f6756e89457bc83/pir/pir-internal/src/main/res/values/donottranslate.xml#L38
Android,internal,pir/pir-internal,pirDevProfileQueryHeader,,Scan (if empty uses default),,,,false,,true,apps/android/pir/pir-internal/src/main/res/values/donottranslate.xml,39,https://github.com/duckduckgo/Android/blob/65f660b66c0e996bdbfcf6a61f6756e89457bc83/pir/pir-internal/src/main/res/values/donottranslate.xml#L39
Android,internal,pir/pir-internal,pirStatsStatusHeader,,Completion summary:,,,,false,,true,apps/android/pir/pir-internal/src/main/res/values/donottranslate.xml,40,https://github.com/duckduckgo/Android/blob/65f660b66c0e996bdbfcf6a61f6756e89457bc83/pir/pir-internal/src/main/res/values/donottranslate.xml#L40
Android,internal,pir/pir-internal,pirStatsOptOutStatusHeader,,Submitted optouts:,,,,false,,true,apps/android/pir/pir-internal/src/main/res/values/donottranslate.xml,41,https://github.com/duckduckgo/Android/blob/65f660b66c0e996bdbfcf6a61f6756e89457bc83/pir/pir-internal/src/main/res/values/donottranslate.xml#L41
Android,internal,pir/pir-internal,pirStatsStatusScanned,,Sites Scanned: %1$d,Placeholder is an integer,,%1$d,false,,true,apps/android/pir/pir-internal/src/main/res/values/donottranslate.xml,42,https://github.com/duckduckgo/Android/blob/65f660b66c0e996bdbfcf6a61f6756e89457bc83/pir/pir-internal/src/main/res/values/donottranslate.xml#L42
Android,internal,pir/pir-internal,pirStatsStatusRecords,,Total extracted profiles: %1$d,Placeholder is an integer,,%1$d,false,,true,apps/android/pir/pir-internal/src/main/res/values/donottranslate.xml,43,https://github.com/duckduckgo/Android/blob/65f660b66c0e996bdbfcf6a61f6756e89457bc83/pir/pir-internal/src/main/res/values/donottranslate.xml#L43
Android,internal,pir/pir-internal,pirStatsStatusBrokerFound,,Brokers with records: %1$d,Placeholder is an integer,,%1$d,false,,true,apps/android/pir/pir-internal/src/main/res/values/donottranslate.xml,44,https://github.com/duckduckgo/Android/blob/65f660b66c0e996bdbfcf6a61f6756e89457bc83/pir/pir-internal/src/main/res/values/donottranslate.xml#L44
Android,internal,pir/pir-internal,pirStatsStatusError,,Errors: %1$d,Placeholder is an integer,,%1$d,false,,true,apps/android/pir/pir-internal/src/main/res/values/donottranslate.xml,45,https://github.com/duckduckgo/Android/blob/65f660b66c0e996bdbfcf6a61f6756e89457bc83/pir/pir-internal/src/main/res/values/donottranslate.xml#L45
Android,internal,pir/pir-internal,pirMessageSchedule,,Successfully schedule background scan!,,,,false,,true,apps/android/pir/pir-internal/src/main/res/values/donottranslate.xml,46,https://github.com/duckduckgo/Android/blob/65f660b66c0e996bdbfcf6a61f6756e89457bc83/pir/pir-internal/src/main/res/values/donottranslate.xml#L46
Android,internal,pir/pir-internal,pirDevScanLogHeader,,Scan events log,,,,false,,true,apps/android/pir/pir-internal/src/main/res/values/donottranslate.xml,47,https://github.com/duckduckgo/Android/blob/65f660b66c0e996bdbfcf6a61f6756e89457bc83/pir/pir-internal/src/main/res/values/donottranslate.xml#L47
Android,internal,pir/pir-internal,pirDevDebugOptOut,,Debug opt out,,,,false,,true,apps/android/pir/pir-internal/src/main/res/values/donottranslate.xml,48,https://github.com/duckduckgo/Android/blob/65f660b66c0e996bdbfcf6a61f6756e89457bc83/pir/pir-internal/src/main/res/values/donottranslate.xml#L48
Android,internal,pir/pir-internal,pirDevOptOut,,Run opt out,,,,false,,true,apps/android/pir/pir-internal/src/main/res/values/donottranslate.xml,49,https://github.com/duckduckgo/Android/blob/65f660b66c0e996bdbfcf6a61f6756e89457bc83/pir/pir-internal/src/main/res/values/donottranslate.xml#L49
Android,internal,pir/pir-internal,pirDevOptOutDisclaimer,,Note: Only brokers with formOptOut are supported and will appear as an option for optout.,,,,false,,true,apps/android/pir/pir-internal/src/main/res/values/donottranslate.xml,50,https://github.com/duckduckgo/Android/blob/65f660b66c0e996bdbfcf6a61f6756e89457bc83/pir/pir-internal/src/main/res/values/donottranslate.xml#L50
Android,internal,pir/pir-internal,pirDevSettingNotAvailableMessage,,PIR database is not available. This may be due to keystore access issues.,,,,false,,true,apps/android/pir/pir-internal/src/main/res/values/donottranslate.xml,51,https://github.com/duckduckgo/Android/blob/65f660b66c0e996bdbfcf6a61f6756e89457bc83/pir/pir-internal/src/main/res/values/donottranslate.xml#L51
Android,internal,pir/pir-internal,pirDevDebugScanHeader,,Debug Scan (select broker),,,,false,,true,apps/android/pir/pir-internal/src/main/res/values/donottranslate.xml,52,https://github.com/duckduckgo/Android/blob/65f660b66c0e996bdbfcf6a61f6756e89457bc83/pir/pir-internal/src/main/res/values/donottranslate.xml#L52
Android,internal,pir/pir-internal,pirDevDebugScan,,Debug Scan,,,,false,,true,apps/android/pir/pir-internal/src/main/res/values/donottranslate.xml,53,https://github.com/duckduckgo/Android/blob/65f660b66c0e996bdbfcf6a61f6756e89457bc83/pir/pir-internal/src/main/res/values/donottranslate.xml#L53
Android,internal,pir/pir-internal,pirDevBrokerConfig,,Broker Config,,,,false,,true,apps/android/pir/pir-internal/src/main/res/values/donottranslate.xml,54,https://github.com/duckduckgo/Android/blob/65f660b66c0e996bdbfcf6a61f6756e89457bc83/pir/pir-internal/src/main/res/values/donottranslate.xml#L54
Android,internal,pir/pir-internal,pirDevBrokerConfigTitle,,Broker Config,,,,false,,true,apps/android/pir/pir-internal/src/main/res/values/donottranslate.xml,55,https://github.com/duckduckgo/Android/blob/65f660b66c0e996bdbfcf6a61f6756e89457bc83/pir/pir-internal/src/main/res/values/donottranslate.xml#L55
Android,internal,pir/pir-internal,pirDevBrokerConfigSelectBroker,,Select Broker,,,,false,,true,apps/android/pir/pir-internal/src/main/res/values/donottranslate.xml,56,https://github.com/duckduckgo/Android/blob/65f660b66c0e996bdbfcf6a61f6756e89457bc83/pir/pir-internal/src/main/res/values/donottranslate.xml#L56
Android,internal,pir/pir-internal,pirDevBrokerConfigJsonInput,,Broker JSON Config,,,,false,,true,apps/android/pir/pir-internal/src/main/res/values/donottranslate.xml,57,https://github.com/duckduckgo/Android/blob/65f660b66c0e996bdbfcf6a61f6756e89457bc83/pir/pir-internal/src/main/res/values/donottranslate.xml#L57
Android,internal,pir/pir-internal,pirDevBrokerConfigJsonHint,,Paste broker config JSON here…,,,,false,,true,apps/android/pir/pir-internal/src/main/res/values/donottranslate.xml,58,https://github.com/duckduckgo/Android/blob/65f660b66c0e996bdbfcf6a61f6756e89457bc83/pir/pir-internal/src/main/res/values/donottranslate.xml#L58
Android,internal,pir/pir-internal,pirDevBrokerConfigUpdate,,Update Config,,,,false,,true,apps/android/pir/pir-internal/src/main/res/values/donottranslate.xml,59,https://github.com/duckduckgo/Android/blob/65f660b66c0e996bdbfcf6a61f6756e89457bc83/pir/pir-internal/src/main/res/values/donottranslate.xml#L59
Android,internal,pir/pir-internal,pirDevBrokerConfigNoBrokerSelected,,Please select a broker first,,,,false,,true,apps/android/pir/pir-internal/src/main/res/values/donottranslate.xml,60,https://github.com/duckduckgo/Android/blob/65f660b66c0e996bdbfcf6a61f6756e89457bc83/pir/pir-internal/src/main/res/values/donottranslate.xml#L60
Android,internal,pir/pir-internal,pirDevBrokerConfigEmptyJson,,Please enter a valid JSON config,,,,false,,true,apps/android/pir/pir-internal/src/main/res/values/donottranslate.xml,61,https://github.com/duckduckgo/Android/blob/65f660b66c0e996bdbfcf6a61f6756e89457bc83/pir/pir-internal/src/main/res/values/donottranslate.xml#L61
Android,internal,pir/pir-internal,pirDevBrokerConfigParseError,,Failed to parse JSON. Please check the format.,,,,false,,true,apps/android/pir/pir-internal/src/main/res/values/donottranslate.xml,62,https://github.com/duckduckgo/Android/blob/65f660b66c0e996bdbfcf6a61f6756e89457bc83/pir/pir-internal/src/main/res/values/donottranslate.xml#L62
Android,internal,pir/pir-internal,pirDevBrokerConfigUpdateSuccess,,Successfully updated config for %1$s,Placeholder is broker name,,%1$s,false,,true,apps/android/pir/pir-internal/src/main/res/values/donottranslate.xml,63,https://github.com/duckduckgo/Android/blob/65f660b66c0e996bdbfcf6a61f6756e89457bc83/pir/pir-internal/src/main/res/values/donottranslate.xml#L63
Android,internal,pir/pir-internal,pirDevBrokerConfigUpdateError,,Update failed: %1$s,Placeholder is error message,,%1$s,false,,true,apps/android/pir/pir-internal/src/main/res/values/donottranslate.xml,64,https://github.com/duckduckgo/Android/blob/65f660b66c0e996bdbfcf6a61f6756e89457bc83/pir/pir-internal/src/main/res/values/donottranslate.xml#L64
Android,internal,pir/pir-internal,pirDevBrokerConfigResetAll,,Reset All Configs (Re-download),,,,false,,true,apps/android/pir/pir-internal/src/main/res/values/donottranslate.xml,65,https://github.com/duckduckgo/Android/blob/65f660b66c0e996bdbfcf6a61f6756e89457bc83/pir/pir-internal/src/main/res/values/donottranslate.xml#L65
Android,internal,pir/pir-internal,pirDevBrokerConfigResetSuccess,,Successfully re-downloaded all broker configs,,,,false,,true,apps/android/pir/pir-internal/src/main/res/values/donottranslate.xml,66,https://github.com/duckduckgo/Android/blob/65f660b66c0e996bdbfcf6a61f6756e89457bc83/pir/pir-internal/src/main/res/values/donottranslate.xml#L66
Android,internal,pir/pir-internal,pirDevBrokerConfigResetError,,Failed to re-download broker configs,,,,false,,true,apps/android/pir/pir-internal/src/main/res/values/donottranslate.xml,67,https://github.com/duckduckgo/Android/blob/65f660b66c0e996bdbfcf6a61f6756e89457bc83/pir/pir-internal/src/main/res/values/donottranslate.xml#L67
Android,internal,pir/pir-internal,pirDevEmailTitle,,PIR Dev Email,,,,false,,true,apps/android/pir/pir-internal/src/main/res/values/donottranslate.xml,68,https://github.com/duckduckgo/Android/blob/65f660b66c0e996bdbfcf6a61f6756e89457bc83/pir/pir-internal/src/main/res/values/donottranslate.xml#L68
Android,internal,pir/pir-internal,pirDevEmailJobHeader,,Email Confirmation Jobs,,,,false,,true,apps/android/pir/pir-internal/src/main/res/values/donottranslate.xml,69,https://github.com/duckduckgo/Android/blob/65f660b66c0e996bdbfcf6a61f6756e89457bc83/pir/pir-internal/src/main/res/values/donottranslate.xml#L69
Android,internal,pir/pir-internal,pirDevEmailNoJobs,,No email confirmation jobs available,,,,false,,true,apps/android/pir/pir-internal/src/main/res/values/donottranslate.xml,70,https://github.com/duckduckgo/Android/blob/65f660b66c0e996bdbfcf6a61f6756e89457bc83/pir/pir-internal/src/main/res/values/donottranslate.xml#L70
Android,internal,pir/pir-internal,pirDevEmailJobDetails,,Selected Job Details,,,,false,,true,apps/android/pir/pir-internal/src/main/res/values/donottranslate.xml,71,https://github.com/duckduckgo/Android/blob/65f660b66c0e996bdbfcf6a61f6756e89457bc83/pir/pir-internal/src/main/res/values/donottranslate.xml#L71
Android,internal,pir/pir-internal,pirDevEmailNoJobSelected,,No job selected,,,,false,,true,apps/android/pir/pir-internal/src/main/res/values/donottranslate.xml,72,https://github.com/duckduckgo/Android/blob/65f660b66c0e996bdbfcf6a61f6756e89457bc83/pir/pir-internal/src/main/res/values/donottranslate.xml#L72
Android,internal,pir/pir-internal,pirDevEmailActions,,Actions,,,,false,,true,apps/android/pir/pir-internal/src/main/res/values/donottranslate.xml,73,https://github.com/duckduckgo/Android/blob/65f660b66c0e996bdbfcf6a61f6756e89457bc83/pir/pir-internal/src/main/res/values/donottranslate.xml#L73
Android,internal,pir/pir-internal,pirDevRunEmailConfirmation,,Run Email Confirmation,,,,false,,true,apps/android/pir/pir-internal/src/main/res/values/donottranslate.xml,74,https://github.com/duckduckgo/Android/blob/65f660b66c0e996bdbfcf6a61f6756e89457bc83/pir/pir-internal/src/main/res/values/donottranslate.xml#L74
Android,internal,pir/pir-internal,pirDevFetchLink,,Fetch Link,,,,false,,true,apps/android/pir/pir-internal/src/main/res/values/donottranslate.xml,75,https://github.com/duckduckgo/Android/blob/65f660b66c0e996bdbfcf6a61f6756e89457bc83/pir/pir-internal/src/main/res/values/donottranslate.xml#L75
Android,internal,pir/pir-internal,pirDevCustomDashboardUrl,,Custom Dashboard URL,,,,false,,true,apps/android/pir/pir-internal/src/main/res/values/donottranslate.xml,76,https://github.com/duckduckgo/Android/blob/65f660b66c0e996bdbfcf6a61f6756e89457bc83/pir/pir-internal/src/main/res/values/donottranslate.xml#L76
Android,internal,pir/pir-internal,pirDevSetCustomUrl,,Set Custom URL,,,,false,,true,apps/android/pir/pir-internal/src/main/res/values/donottranslate.xml,77,https://github.com/duckduckgo/Android/blob/65f660b66c0e996bdbfcf6a61f6756e89457bc83/pir/pir-internal/src/main/res/values/donottranslate.xml#L77
Android,internal,pir/pir-internal,pirDevResetCustomUrl,,Reset to Default,,,,false,,true,apps/android/pir/pir-internal/src/main/res/values/donottranslate.xml,78,https://github.com/duckduckgo/Android/blob/65f660b66c0e996bdbfcf6a61f6756e89457bc83/pir/pir-internal/src/main/res/values/donottranslate.xml#L78
Android,internal,pir/pir-internal,pirDevCustomUrlSet,,Custom dashboard URL set,,,,false,,true,apps/android/pir/pir-internal/src/main/res/values/donottranslate.xml,79,https://github.com/duckduckgo/Android/blob/65f660b66c0e996bdbfcf6a61f6756e89457bc83/pir/pir-internal/src/main/res/values/donottranslate.xml#L79
Android,internal,pir/pir-internal,pirDevCustomUrlReset,,Dashboard URL reset to default,,,,false,,true,apps/android/pir/pir-internal/src/main/res/values/donottranslate.xml,80,https://github.com/duckduckgo/Android/blob/65f660b66c0e996bdbfcf6a61f6756e89457bc83/pir/pir-internal/src/main/res/values/donottranslate.xml#L80
Android,internal,pir/pir-internal,pirDevCustomUrlEmpty,,URL cannot be empty,,,,false,,true,apps/android/pir/pir-internal/src/main/res/values/donottranslate.xml,81,https://github.com/duckduckgo/Android/blob/65f660b66c0e996bdbfcf6a61f6756e89457bc83/pir/pir-internal/src/main/res/values/donottranslate.xml#L81
Android,internal,privacy-config/privacy-config-internal,ok,,OK,,,,false,,true,apps/android/privacy-config/privacy-config-internal/src/main/res/values/donottranslate.xml,19,https://github.com/duckduckgo/Android/blob/65f660b66c0e996bdbfcf6a61f6756e89457bc83/privacy-config/privacy-config-internal/src/main/res/values/donottranslate.xml#L19
Android,internal,saved-sites/saved-sites-internal,savedSitesInternalSettingsImportBookmarksTitle,,Bookmarks Import,,,,false,,true,apps/android/saved-sites/saved-sites-internal/src/main/res/values/donottranslate.xml,17,https://github.com/duckduckgo/Android/blob/65f660b66c0e996bdbfcf6a61f6756e89457bc83/saved-sites/saved-sites-internal/src/main/res/values/donottranslate.xml#L17
Android,internal,saved-sites/saved-sites-internal,savedSitesInternalSettingsImportBookmarksGoogleTakeoutImportFlowTitle,,Launch Google Takeout import flow,,,,false,,true,apps/android/saved-sites/saved-sites-internal/src/main/res/values/donottranslate.xml,18,https://github.com/duckduckgo/Android/blob/65f660b66c0e996bdbfcf6a61f6756e89457bc83/saved-sites/saved-sites-internal/src/main/res/values/donottranslate.xml#L18
Android,internal,saved-sites/saved-sites-internal,savedSitesInternalSettingsImportBookmarksGoogleTakeoutImportFlowWithDialogTitle,,Launch Google Takeout import flow (with pre-import dialog),,,,false,,true,apps/android/saved-sites/saved-sites-internal/src/main/res/values/donottranslate.xml,19,https://github.com/duckduckgo/Android/blob/65f660b66c0e996bdbfcf6a61f6756e89457bc83/saved-sites/saved-sites-internal/src/main/res/values/donottranslate.xml#L19
Android,internal,saved-sites/saved-sites-internal,savedSitesInternalSettingsImportBookmarksGoogleTakeoutOurAppTitle,,Launch Google Takeout web page in our app,,,,false,,true,apps/android/saved-sites/saved-sites-internal/src/main/res/values/donottranslate.xml,20,https://github.com/duckduckgo/Android/blob/65f660b66c0e996bdbfcf6a61f6756e89457bc83/saved-sites/saved-sites-internal/src/main/res/values/donottranslate.xml#L20
Android,internal,saved-sites/saved-sites-internal,savedSitesInternalSettingsViewBookmarks,,View Bookmarks,,,,false,,true,apps/android/saved-sites/saved-sites-internal/src/main/res/values/donottranslate.xml,21,https://github.com/duckduckgo/Android/blob/65f660b66c0e996bdbfcf6a61f6756e89457bc83/saved-sites/saved-sites-internal/src/main/res/values/donottranslate.xml#L21
Android,internal,saved-sites/saved-sites-internal,savedSitesInternalSettingsSelectBookmarksFile,,Select bookmarks file,,,,false,,true,apps/android/saved-sites/saved-sites-internal/src/main/res/values/donottranslate.xml,22,https://github.com/duckduckgo/Android/blob/65f660b66c0e996bdbfcf6a61f6756e89457bc83/saved-sites/saved-sites-internal/src/main/res/values/donottranslate.xml#L22
Android,internal,saved-sites/saved-sites-internal,savedSitesInternalSettingsGoogleLogoutTitle,,Google Account Logout,,,,false,,true,apps/android/saved-sites/saved-sites-internal/src/main/res/values/donottranslate.xml,23,https://github.com/duckduckgo/Android/blob/65f660b66c0e996bdbfcf6a61f6756e89457bc83/saved-sites/saved-sites-internal/src/main/res/values/donottranslate.xml#L23
Android,internal,saved-sites/saved-sites-internal,savedSitesInternalSettingsGoogleLogoutSubtitle,,Tap to clear all Google cookies,,,,false,,true,apps/android/saved-sites/saved-sites-internal/src/main/res/values/donottranslate.xml,24,https://github.com/duckduckgo/Android/blob/65f660b66c0e996bdbfcf6a61f6756e89457bc83/saved-sites/saved-sites-internal/src/main/res/values/donottranslate.xml#L24
Android,internal,saved-sites/saved-sites-internal,savedSitesInternalSettingsGoogleLogoutSuccess,,Google cookies cleared,,,,false,,true,apps/android/saved-sites/saved-sites-internal/src/main/res/values/donottranslate.xml,25,https://github.com/duckduckgo/Android/blob/65f660b66c0e996bdbfcf6a61f6756e89457bc83/saved-sites/saved-sites-internal/src/main/res/values/donottranslate.xml#L25
Android,internal,saved-sites/saved-sites-internal,savedSitesInternalSettingsTitle,,Saved Sites Settings,,,,false,,true,apps/android/saved-sites/saved-sites-internal/src/main/res/values/donottranslate.xml,26,https://github.com/duckduckgo/Android/blob/65f660b66c0e996bdbfcf6a61f6756e89457bc83/saved-sites/saved-sites-internal/src/main/res/values/donottranslate.xml#L26
Android,internal,saved-sites/saved-sites-internal,savedSitesInternalSettingsSubtitle,,Internal settings for bookmarks and favorites testing,,,,false,,true,apps/android/saved-sites/saved-sites-internal/src/main/res/values/donottranslate.xml,27,https://github.com/duckduckgo/Android/blob/65f660b66c0e996bdbfcf6a61f6756e89457bc83/saved-sites/saved-sites-internal/src/main/res/values/donottranslate.xml#L27
Android,internal,sync/sync-internal,syncSettingsTitle,,Sync Dev Settings,,sync dev settings,,false,,true,apps/android/sync/sync-internal/src/main/res/values/donottranslate.xml,19,https://github.com/duckduckgo/Android/blob/65f660b66c0e996bdbfcf6a61f6756e89457bc83/sync/sync-internal/src/main/res/values/donottranslate.xml#L19
Android,internal,sync/sync-internal,syncSettingsSubtitle,,Sync Dev Internal Test,,sync dev settings,,false,,true,apps/android/sync/sync-internal/src/main/res/values/donottranslate.xml,20,https://github.com/duckduckgo/Android/blob/65f660b66c0e996bdbfcf6a61f6756e89457bc83/sync/sync-internal/src/main/res/values/donottranslate.xml#L20
Android,internal,sync/sync-internal,sync_internal_activity_label,,Sync Setup Internal,,Internal Setting,,false,,true,apps/android/sync/sync-internal/src/main/res/values/donottranslate.xml,23,https://github.com/duckduckgo/Android/blob/65f660b66c0e996bdbfcf6a61f6756e89457bc83/sync/sync-internal/src/main/res/values/donottranslate.xml#L23
Android,internal,sync/sync-internal,sync_v2_pairing_debug_activity_label,,V2 Pairing Debug,,Internal Setting,,false,,true,apps/android/sync/sync-internal/src/main/res/values/donottranslate.xml,24,https://github.com/duckduckgo/Android/blob/65f660b66c0e996bdbfcf6a61f6756e89457bc83/sync/sync-internal/src/main/res/values/donottranslate.xml#L24
Android,internal,sync/sync-internal,sync_internal_environment_header,,Environment Settings,,Internal Setting,,false,,true,apps/android/sync/sync-internal/src/main/res/values/donottranslate.xml,25,https://github.com/duckduckgo/Android/blob/65f660b66c0e996bdbfcf6a61f6756e89457bc83/sync/sync-internal/src/main/res/values/donottranslate.xml#L25
Android,internal,sync/sync-internal,sync_internal_environment_title,,Use Dev Environment?,,Internal Setting,,false,,true,apps/android/sync/sync-internal/src/main/res/values/donottranslate.xml,26,https://github.com/duckduckgo/Android/blob/65f660b66c0e996bdbfcf6a61f6756e89457bc83/sync/sync-internal/src/main/res/values/donottranslate.xml#L26
Android,internal,sync/sync-internal,sync_internal_environment_subtitle_prod,,https://sync.duckduckgo.com,,Internal Setting,,false,,true,apps/android/sync/sync-internal/src/main/res/values/donottranslate.xml,27,https://github.com/duckduckgo/Android/blob/65f660b66c0e996bdbfcf6a61f6756e89457bc83/sync/sync-internal/src/main/res/values/donottranslate.xml#L27
Android,internal,sync/sync-internal,sync_internal_environment_subtitle_dev,,https://sync-staging.duckduckgo.com,,Internal Setting,,false,,true,apps/android/sync/sync-internal/src/main/res/values/donottranslate.xml,28,https://github.com/duckduckgo/Android/blob/65f660b66c0e996bdbfcf6a61f6756e89457bc83/sync/sync-internal/src/main/res/values/donottranslate.xml#L28
Android,internal,sync/sync-internal,sync_internal_account_header,,Account Settings,,Internal Setting,,false,,true,apps/android/sync/sync-internal/src/main/res/values/donottranslate.xml,29,https://github.com/duckduckgo/Android/blob/65f660b66c0e996bdbfcf6a61f6756e89457bc83/sync/sync-internal/src/main/res/values/donottranslate.xml#L29
Android,internal,sync/sync-internal,sync_internal_device_header,,Device Settings,,Internal Setting,,false,,true,apps/android/sync/sync-internal/src/main/res/values/donottranslate.xml,30,https://github.com/duckduckgo/Android/blob/65f660b66c0e996bdbfcf6a61f6756e89457bc83/sync/sync-internal/src/main/res/values/donottranslate.xml#L30
Android,internal,sync/sync-internal,sync_internal_recovery_code,,Recovery code,,Internal Setting,,false,,true,apps/android/sync/sync-internal/src/main/res/values/donottranslate.xml,31,https://github.com/duckduckgo/Android/blob/65f660b66c0e996bdbfcf6a61f6756e89457bc83/sync/sync-internal/src/main/res/values/donottranslate.xml#L31
Android,internal,sync/sync-internal,sync_internal_recovery_code_cta,,Copy Recovery code,,Internal Setting,,false,,true,apps/android/sync/sync-internal/src/main/res/values/donottranslate.xml,32,https://github.com/duckduckgo/Android/blob/65f660b66c0e996bdbfcf6a61f6756e89457bc83/sync/sync-internal/src/main/res/values/donottranslate.xml#L32
Android,internal,sync/sync-internal,sync_internal_favicons_prompt_cta,,Reset Favicons Prompt,,Internal Setting,,false,,true,apps/android/sync/sync-internal/src/main/res/values/donottranslate.xml,33,https://github.com/duckduckgo/Android/blob/65f660b66c0e996bdbfcf6a61f6756e89457bc83/sync/sync-internal/src/main/res/values/donottranslate.xml#L33
Android,internal,sync/sync-internal,sync_internal_check_linking_code_cta,,Check linking code,,Internal Setting,,false,,true,apps/android/sync/sync-internal/src/main/res/values/donottranslate.xml,34,https://github.com/duckduckgo/Android/blob/65f660b66c0e996bdbfcf6a61f6756e89457bc83/sync/sync-internal/src/main/res/values/donottranslate.xml#L34
Android,internal,sync/sync-internal,userIdSectionHeader,,User ID,,Internal Setting,,false,,true,apps/android/sync/sync-internal/src/main/res/values/donottranslate.xml,35,https://github.com/duckduckgo/Android/blob/65f660b66c0e996bdbfcf6a61f6756e89457bc83/sync/sync-internal/src/main/res/values/donottranslate.xml#L35
Android,internal,sync/sync-internal,deviceIdSectionHeader,,Device Id,,Internal Setting,,false,,true,apps/android/sync/sync-internal/src/main/res/values/donottranslate.xml,36,https://github.com/duckduckgo/Android/blob/65f660b66c0e996bdbfcf6a61f6756e89457bc83/sync/sync-internal/src/main/res/values/donottranslate.xml#L36
Android,internal,sync/sync-internal,deviceNameSectionHeader,,Device Name,,Internal Setting,,false,,true,apps/android/sync/sync-internal/src/main/res/values/donottranslate.xml,37,https://github.com/duckduckgo/Android/blob/65f660b66c0e996bdbfcf6a61f6756e89457bc83/sync/sync-internal/src/main/res/values/donottranslate.xml#L37
Android,internal,sync/sync-internal,sync_internal_promotions_header,,Sync Promotions,,Internal Setting,,false,,true,apps/android/sync/sync-internal/src/main/res/values/donottranslate.xml,38,https://github.com/duckduckgo/Android/blob/65f660b66c0e996bdbfcf6a61f6756e89457bc83/sync/sync-internal/src/main/res/values/donottranslate.xml#L38
Android,internal,sync/sync-internal,sync_internal_promotions_clear_history_bookmark_added_promo,,Clear history (bookmark added dialog),,Internal Setting,,false,,true,apps/android/sync/sync-internal/src/main/res/values/donottranslate.xml,39,https://github.com/duckduckgo/Android/blob/65f660b66c0e996bdbfcf6a61f6756e89457bc83/sync/sync-internal/src/main/res/values/donottranslate.xml#L39
Android,internal,sync/sync-internal,sync_internal_promotions_clear_history_bookmark_screen_promo,,Clear history (bookmark screen),,Internal Setting,,false,,true,apps/android/sync/sync-internal/src/main/res/values/donottranslate.xml,40,https://github.com/duckduckgo/Android/blob/65f660b66c0e996bdbfcf6a61f6756e89457bc83/sync/sync-internal/src/main/res/values/donottranslate.xml#L40
Android,internal,sync/sync-internal,sync_internal_promotions_clear_history_password_screen_promo,,Clear history (password screen),,Internal Setting,,false,,true,apps/android/sync/sync-internal/src/main/res/values/donottranslate.xml,41,https://github.com/duckduckgo/Android/blob/65f660b66c0e996bdbfcf6a61f6756e89457bc83/sync/sync-internal/src/main/res/values/donottranslate.xml#L41
Android,internal,sync/sync-internal,sync_internal_promotions_clear_history_chat_tab_page_promo,,Clear history (chat tab page),,Internal Setting,,false,,true,apps/android/sync/sync-internal/src/main/res/values/donottranslate.xml,42,https://github.com/duckduckgo/Android/blob/65f660b66c0e996bdbfcf6a61f6756e89457bc83/sync/sync-internal/src/main/res/values/donottranslate.xml#L42
Android,internal,sync/sync-internal,sync_internal_launch_recover_data_screen,,Launch Recover Data Screen,,Internal Setting,,false,,true,apps/android/sync/sync-internal/src/main/res/values/donottranslate.xml,44,https://github.com/duckduckgo/Android/blob/65f660b66c0e996bdbfcf6a61f6756e89457bc83/sync/sync-internal/src/main/res/values/donottranslate.xml#L44
Android,internal,sync/sync-internal,sync_internal_block_store_write_recovery_code,,Save account recovery code & device ID to Block Store,,Internal Setting,,false,,true,apps/android/sync/sync-internal/src/main/res/values/donottranslate.xml,45,https://github.com/duckduckgo/Android/blob/65f660b66c0e996bdbfcf6a61f6756e89457bc83/sync/sync-internal/src/main/res/values/donottranslate.xml#L45
Android,internal,sync/sync-internal,sync_internal_block_store_header,,Persistent Storage / Block Store,,Block Store,,false,,true,apps/android/sync/sync-internal/src/main/res/values/donottranslate.xml,48,https://github.com/duckduckgo/Android/blob/65f660b66c0e996bdbfcf6a61f6756e89457bc83/sync/sync-internal/src/main/res/values/donottranslate.xml#L48
Android,internal,sync/sync-internal,sync_internal_block_store_current_value_label,,Current stored value (SyncRecovery key),,Block Store,,false,,true,apps/android/sync/sync-internal/src/main/res/values/donottranslate.xml,49,https://github.com/duckduckgo/Android/blob/65f660b66c0e996bdbfcf6a61f6756e89457bc83/sync/sync-internal/src/main/res/values/donottranslate.xml#L49
Android,internal,sync/sync-internal,sync_internal_block_store_recovery_code_hint,,Recovery code,,Block Store,,false,,true,apps/android/sync/sync-internal/src/main/res/values/donottranslate.xml,50,https://github.com/duckduckgo/Android/blob/65f660b66c0e996bdbfcf6a61f6756e89457bc83/sync/sync-internal/src/main/res/values/donottranslate.xml#L50
Android,internal,sync/sync-internal,sync_internal_block_store_device_id_hint,,"Device ID (optional, 8–64 chars)",,Block Store,,false,,true,apps/android/sync/sync-internal/src/main/res/values/donottranslate.xml,51,https://github.com/duckduckgo/Android/blob/65f660b66c0e996bdbfcf6a61f6756e89457bc83/sync/sync-internal/src/main/res/values/donottranslate.xml#L51
Android,internal,sync/sync-internal,sync_internal_block_store_write,,Write,,Block Store,,false,,true,apps/android/sync/sync-internal/src/main/res/values/donottranslate.xml,52,https://github.com/duckduckgo/Android/blob/65f660b66c0e996bdbfcf6a61f6756e89457bc83/sync/sync-internal/src/main/res/values/donottranslate.xml#L52
Android,internal,sync/sync-internal,sync_internal_block_store_clear,,Clear,,Block Store,,false,,true,apps/android/sync/sync-internal/src/main/res/values/donottranslate.xml,53,https://github.com/duckduckgo/Android/blob/65f660b66c0e996bdbfcf6a61f6756e89457bc83/sync/sync-internal/src/main/res/values/donottranslate.xml#L53
