platform,content_type,module,key,variant,text,developer_comment,context_comment,placeholders,translatable,state,internal_only,source_file,line,source_url
Android,labels,ad-blocking/ad-blocking-impl,ad_blocking_onboarding_preference_primary,,Block video ads on YouTube,,,,false,,false,apps/android/ad-blocking/ad-blocking-impl/src/main/res/values/donottranslate.xml,17,https://github.com/duckduckgo/Android/blob/fe3e65263b23930e03b723517b7c011edfafbe0b/ad-blocking/ad-blocking-impl/src/main/res/values/donottranslate.xml#L17
Android,labels,ad-blocking/ad-blocking-impl,ad_blocking_settings_disabled_until_relaunch,,Disabled until relaunch,,,,true,,false,apps/android/ad-blocking/ad-blocking-impl/src/main/res/values/strings-ad-blocking.xml,42,https://github.com/duckduckgo/Android/blob/fe3e65263b23930e03b723517b7c011edfafbe0b/ad-blocking/ad-blocking-impl/src/main/res/values/strings-ad-blocking.xml#L42
Android,labels,ad-blocking/ad-blocking-impl,duck_player_mode_always,,Always,,,,true,,false,apps/android/ad-blocking/ad-blocking-impl/src/main/res/values/strings-duckplayer.xml,26,https://github.com/duckduckgo/Android/blob/fe3e65263b23930e03b723517b7c011edfafbe0b/ad-blocking/ad-blocking-impl/src/main/res/values/strings-duckplayer.xml#L26
Android,labels,ad-blocking/ad-blocking-impl,duck_player_mode_never,,Never,,,,true,,false,apps/android/ad-blocking/ad-blocking-impl/src/main/res/values/strings-duckplayer.xml,27,https://github.com/duckduckgo/Android/blob/fe3e65263b23930e03b723517b7c011edfafbe0b/ad-blocking/ad-blocking-impl/src/main/res/values/strings-duckplayer.xml#L27
Android,labels,ad-blocking/ad-blocking-impl,duck_player_mode_always_ask,,Ask Every Time,,,,true,,false,apps/android/ad-blocking/ad-blocking-impl/src/main/res/values/strings-duckplayer.xml,28,https://github.com/duckduckgo/Android/blob/fe3e65263b23930e03b723517b7c011edfafbe0b/ad-blocking/ad-blocking-impl/src/main/res/values/strings-duckplayer.xml#L28
Android,labels,ad-blocking/ad-blocking-impl,duck_player_unavailable,,Duck Player Unavailable,,,,true,,false,apps/android/ad-blocking/ad-blocking-impl/src/main/res/values/strings-duckplayer.xml,35,https://github.com/duckduckgo/Android/blob/fe3e65263b23930e03b723517b7c011edfafbe0b/ad-blocking/ad-blocking-impl/src/main/res/values/strings-duckplayer.xml#L35
Android,labels,ad-blocking/ad-blocking-impl,duck_player_unavailable_learn_more,,Learn More,,,,true,,false,apps/android/ad-blocking/ad-blocking-impl/src/main/res/values/strings-duckplayer.xml,36,https://github.com/duckduckgo/Android/blob/fe3e65263b23930e03b723517b7c011edfafbe0b/ad-blocking/ad-blocking-impl/src/main/res/values/strings-duckplayer.xml#L36
Android,labels,ad-blocking/ad-blocking-impl,duck_player_open_videos_setting,,Open YouTube Videos in Duck Player,,,,true,,false,apps/android/ad-blocking/ad-blocking-impl/src/main/res/values/strings-duckplayer.xml,37,https://github.com/duckduckgo/Android/blob/fe3e65263b23930e03b723517b7c011edfafbe0b/ad-blocking/ad-blocking-impl/src/main/res/values/strings-duckplayer.xml#L37
Android,labels,ad-blocking/ad-blocking-impl,duck_player_open_in_a_new_tab_setting,,Open Duck Player in a new tab,,,,true,,false,apps/android/ad-blocking/ad-blocking-impl/src/main/res/values/strings-duckplayer.xml,38,https://github.com/duckduckgo/Android/blob/fe3e65263b23930e03b723517b7c011edfafbe0b/ad-blocking/ad-blocking-impl/src/main/res/values/strings-duckplayer.xml#L38
Android,labels,android-design-system/design-system,text_dialog_option,,Option,,Components,,false,,false,apps/android/android-design-system/design-system/src/main/res/values/donottranslate.xml,56,https://github.com/duckduckgo/Android/blob/fe3e65263b23930e03b723517b7c011edfafbe0b/android-design-system/design-system/src/main/res/values/donottranslate.xml#L56
Android,labels,android-design-system/design-system,text_dialog_checkbox,,Remember my choice,,Components,,false,,false,apps/android/android-design-system/design-system/src/main/res/values/donottranslate.xml,57,https://github.com/duckduckgo/Android/blob/fe3e65263b23930e03b723517b7c011edfafbe0b/android-design-system/design-system/src/main/res/values/donottranslate.xml#L57
Android,labels,android-design-system/design-system,searchbar_searchhint_default,,Search,,Defaults Searchbar,,false,,false,apps/android/android-design-system/design-system/src/main/res/values/donottranslate.xml,64,https://github.com/duckduckgo/Android/blob/fe3e65263b23930e03b723517b7c011edfafbe0b/android-design-system/design-system/src/main/res/values/donottranslate.xml#L64
Android,labels,android-design-system/design-system,delete,,Delete,,Dialogs,,true,,false,apps/android/android-design-system/design-system/src/main/res/values/strings-common-ui.xml,29,https://github.com/duckduckgo/Android/blob/fe3e65263b23930e03b723517b7c011edfafbe0b/android-design-system/design-system/src/main/res/values/strings-common-ui.xml#L29
Android,labels,android-design-system/design-system,edit,,Edit,,Dialogs,,true,,false,apps/android/android-design-system/design-system/src/main/res/values/strings-common-ui.xml,30,https://github.com/duckduckgo/Android/blob/fe3e65263b23930e03b723517b7c011edfafbe0b/android-design-system/design-system/src/main/res/values/strings-common-ui.xml#L30
Android,labels,android-design-system/design-system,remove,,Remove,,Dialogs,,true,,false,apps/android/android-design-system/design-system/src/main/res/values/strings-common-ui.xml,31,https://github.com/duckduckgo/Android/blob/fe3e65263b23930e03b723517b7c011edfafbe0b/android-design-system/design-system/src/main/res/values/strings-common-ui.xml#L31
Android,labels,android-design-system/design-system,removeAll,,Remove All,,Dialogs,,true,,false,apps/android/android-design-system/design-system/src/main/res/values/strings-common-ui.xml,32,https://github.com/duckduckgo/Android/blob/fe3e65263b23930e03b723517b7c011edfafbe0b/android-design-system/design-system/src/main/res/values/strings-common-ui.xml#L32
Android,labels,android-design-system/design-system,undo,,Undo,,Dialogs,,true,,false,apps/android/android-design-system/design-system/src/main/res/values/strings-common-ui.xml,33,https://github.com/duckduckgo/Android/blob/fe3e65263b23930e03b723517b7c011edfafbe0b/android-design-system/design-system/src/main/res/values/strings-common-ui.xml#L33
Android,labels,android-design-system/design-system,alwaysOn,,Always On,,Status Indicator,,true,,false,apps/android/android-design-system/design-system/src/main/res/values/strings-common-ui.xml,37,https://github.com/duckduckgo/Android/blob/fe3e65263b23930e03b723517b7c011edfafbe0b/android-design-system/design-system/src/main/res/values/strings-common-ui.xml#L37
Android,labels,android-design-system/design-system,on,,On,,Status Indicator,,true,,false,apps/android/android-design-system/design-system/src/main/res/values/strings-common-ui.xml,38,https://github.com/duckduckgo/Android/blob/fe3e65263b23930e03b723517b7c011edfafbe0b/android-design-system/design-system/src/main/res/values/strings-common-ui.xml#L38
Android,labels,android-design-system/design-system,off,,Off,,Status Indicator,,true,,false,apps/android/android-design-system/design-system/src/main/res/values/strings-common-ui.xml,39,https://github.com/duckduckgo/Android/blob/fe3e65263b23930e03b723517b7c011edfafbe0b/android-design-system/design-system/src/main/res/values/strings-common-ui.xml#L39
Android,labels,app,fireProcessName,,:fire,,,,false,,false,apps/android/app/src/main/res/values/data-clearing-process.xml,19,https://github.com/duckduckgo/Android/blob/fe3e65263b23930e03b723517b7c011edfafbe0b/app/src/main/res/values/data-clearing-process.xml#L19
Android,labels,app,audioCaptureSoundRecorderUnavailable,,Could not access sound recorder,,Content capture for upload,,false,,false,apps/android/app/src/main/res/values/donottranslate.xml,27,https://github.com/duckduckgo/Android/blob/fe3e65263b23930e03b723517b7c011edfafbe0b/app/src/main/res/values/donottranslate.xml#L27
Android,labels,app,newTabPageShortcutSettings,,Settings,,New Tab,,false,,false,apps/android/app/src/main/res/values/donottranslate.xml,40,https://github.com/duckduckgo/Android/blob/fe3e65263b23930e03b723517b7c011edfafbe0b/app/src/main/res/values/donottranslate.xml#L40
Android,labels,app,downloadReasonOptionSearch,,Search and\nbrowse privately,,Segmented onboarding,,false,,false,apps/android/app/src/main/res/values/donottranslate.xml,55,https://github.com/duckduckgo/Android/blob/fe3e65263b23930e03b723517b7c011edfafbe0b/app/src/main/res/values/donottranslate.xml#L55
Android,labels,app,downloadReasonOptionAiChat,,Chat with AI\nprivately,,Segmented onboarding,,false,,false,apps/android/app/src/main/res/values/donottranslate.xml,56,https://github.com/duckduckgo/Android/blob/fe3e65263b23930e03b723517b7c011edfafbe0b/app/src/main/res/values/donottranslate.xml#L56
Android,labels,app,downloadReasonOptionNoAi,,Disable AI\nfeatures,,Segmented onboarding,,false,,false,apps/android/app/src/main/res/values/donottranslate.xml,57,https://github.com/duckduckgo/Android/blob/fe3e65263b23930e03b723517b7c011edfafbe0b/app/src/main/res/values/donottranslate.xml#L57
Android,labels,app,downloadReasonOptionBlockAds,,Block ads\nand pop-ups,,Segmented onboarding,,false,,false,apps/android/app/src/main/res/values/donottranslate.xml,58,https://github.com/duckduckgo/Android/blob/fe3e65263b23930e03b723517b7c011edfafbe0b/app/src/main/res/values/donottranslate.xml#L58
Android,labels,app,searchPathPreferenceHistoryPrimary,,Search History,,Segmented onboarding,,false,,false,apps/android/app/src/main/res/values/donottranslate.xml,64,https://github.com/duckduckgo/Android/blob/fe3e65263b23930e03b723517b7c011edfafbe0b/app/src/main/res/values/donottranslate.xml#L64
Android,labels,app,searchPathPreferenceSafePrimary,,Safe Search,,Segmented onboarding,,false,,false,apps/android/app/src/main/res/values/donottranslate.xml,66,https://github.com/duckduckgo/Android/blob/fe3e65263b23930e03b723517b7c011edfafbe0b/app/src/main/res/values/donottranslate.xml#L66
Android,labels,app,aiPathComparisonChartItem5,,Search the web privately with trackers blocked,,Segmented onboarding,,false,,false,apps/android/app/src/main/res/values/donottranslate.xml,77,https://github.com/duckduckgo/Android/blob/fe3e65263b23930e03b723517b7c011edfafbe0b/app/src/main/res/values/donottranslate.xml#L77
Android,labels,app,noAiPathComparisonChartNoSearchAssist,,No AI-assisted answers in search,,Segmented onboarding,,false,,false,apps/android/app/src/main/res/values/donottranslate.xml,85,https://github.com/duckduckgo/Android/blob/fe3e65263b23930e03b723517b7c011edfafbe0b/app/src/main/res/values/donottranslate.xml#L85
Android,labels,app,noAiPathComparisonChartNoAiImages,,Hide AI-generated images in search,,Segmented onboarding,,false,,false,apps/android/app/src/main/res/values/donottranslate.xml,86,https://github.com/duckduckgo/Android/blob/fe3e65263b23930e03b723517b7c011edfafbe0b/app/src/main/res/values/donottranslate.xml#L86
Android,labels,app,noAiPathPreferenceSearchAssistPrimary,,Search Assist,,Segmented onboarding,,false,,false,apps/android/app/src/main/res/values/donottranslate.xml,88,https://github.com/duckduckgo/Android/blob/fe3e65263b23930e03b723517b7c011edfafbe0b/app/src/main/res/values/donottranslate.xml#L88
Android,labels,app,noAiPathPreferenceHideAiGeneratedImagesPrimary,,Hide AI-generated images,,Segmented onboarding,,false,,false,apps/android/app/src/main/res/values/donottranslate.xml,90,https://github.com/duckduckgo/Android/blob/fe3e65263b23930e03b723517b7c011edfafbe0b/app/src/main/res/values/donottranslate.xml#L90
Android,labels,app,addBookmarkDialogBookmarkAddedInFolder,,Bookmark added in %1$s,%1$s is the folder name,,%1$s,true,,false,apps/android/app/src/main/res/values/strings-saved-sites.xml,19,https://github.com/duckduckgo/Android/blob/fe3e65263b23930e03b723517b7c011edfafbe0b/app/src/main/res/values/strings-saved-sites.xml#L19
Android,labels,app,addBookmarkDialogAddToFavorites,,Add to Favorites,,,,true,,false,apps/android/app/src/main/res/values/strings-saved-sites.xml,20,https://github.com/duckduckgo/Android/blob/fe3e65263b23930e03b723517b7c011edfafbe0b/app/src/main/res/values/strings-saved-sites.xml#L20
Android,labels,app,addBookmarkDialogEditBookmark,,Edit Bookmark,,,,true,,false,apps/android/app/src/main/res/values/strings-saved-sites.xml,21,https://github.com/duckduckgo/Android/blob/fe3e65263b23930e03b723517b7c011edfafbe0b/app/src/main/res/values/strings-saved-sites.xml#L21
Android,labels,app,afterInactivityTimeoutAlways,,Always,,Inactivity timeout,,true,,false,apps/android/app/src/main/res/values/strings-settings.xml,27,https://github.com/duckduckgo/Android/blob/fe3e65263b23930e03b723517b7c011edfafbe0b/app/src/main/res/values/strings-settings.xml#L27
Android,labels,app,afterInactivityTimeout1Minute,,1 minute,,Inactivity timeout,,true,,false,apps/android/app/src/main/res/values/strings-settings.xml,28,https://github.com/duckduckgo/Android/blob/fe3e65263b23930e03b723517b7c011edfafbe0b/app/src/main/res/values/strings-settings.xml#L28
Android,labels,app,afterInactivityTimeout1Hour,,1 hour,,Inactivity timeout,,true,,false,apps/android/app/src/main/res/values/strings-settings.xml,30,https://github.com/duckduckgo/Android/blob/fe3e65263b23930e03b723517b7c011edfafbe0b/app/src/main/res/values/strings-settings.xml#L30
Android,labels,app,appName,,DuckDuckGo,,,,false,,false,apps/android/app/src/main/res/values/strings.xml,19,https://github.com/duckduckgo/Android/blob/fe3e65263b23930e03b723517b7c011edfafbe0b/app/src/main/res/values/strings.xml#L19
Android,labels,app,yes,,Yes,,,,true,,false,apps/android/app/src/main/res/values/strings.xml,23,https://github.com/duckduckgo/Android/blob/fe3e65263b23930e03b723517b7c011edfafbe0b/app/src/main/res/values/strings.xml#L23
Android,labels,app,no,,No,,,,true,,false,apps/android/app/src/main/res/values/strings.xml,24,https://github.com/duckduckgo/Android/blob/fe3e65263b23930e03b723517b7c011edfafbe0b/app/src/main/res/values/strings.xml#L24
Android,labels,app,open,,Open,,,,true,,false,apps/android/app/src/main/res/values/strings.xml,25,https://github.com/duckduckgo/Android/blob/fe3e65263b23930e03b723517b7c011edfafbe0b/app/src/main/res/values/strings.xml#L25
Android,labels,app,search,,Search,,,,true,,false,apps/android/app/src/main/res/values/strings.xml,27,https://github.com/duckduckgo/Android/blob/fe3e65263b23930e03b723517b7c011edfafbe0b/app/src/main/res/values/strings.xml#L27
Android,labels,app,cannotLaunchDefaultAppSettings,,Can't launch default app settings screen,,Default Browser,,true,,false,apps/android/app/src/main/res/values/strings.xml,37,https://github.com/duckduckgo/Android/blob/fe3e65263b23930e03b723517b7c011edfafbe0b/app/src/main/res/values/strings.xml#L37
Android,labels,app,setAsDefaultBrowser,,Set As Default Browser,,Default Browser,,true,,false,apps/android/app/src/main/res/values/strings.xml,38,https://github.com/duckduckgo/Android/blob/fe3e65263b23930e03b723517b7c011edfafbe0b/app/src/main/res/values/strings.xml#L38
Android,labels,app,defaultBrowserMaybeLater,,Maybe Later,,Default Browser,,true,,false,apps/android/app/src/main/res/values/strings.xml,39,https://github.com/duckduckgo/Android/blob/fe3e65263b23930e03b723517b7c011edfafbe0b/app/src/main/res/values/strings.xml#L39
Android,labels,app,refresh,,Refresh,,Browser Activity,,true,,false,apps/android/app/src/main/res/values/strings.xml,45,https://github.com/duckduckgo/Android/blob/fe3e65263b23930e03b723517b7c011edfafbe0b/app/src/main/res/values/strings.xml#L45
Android,labels,app,back,,Back,,Browser Activity,,true,,false,apps/android/app/src/main/res/values/strings.xml,46,https://github.com/duckduckgo/Android/blob/fe3e65263b23930e03b723517b7c011edfafbe0b/app/src/main/res/values/strings.xml#L46
Android,labels,app,forward,,Forward,,Browser Activity,,true,,false,apps/android/app/src/main/res/values/strings.xml,47,https://github.com/duckduckgo/Android/blob/fe3e65263b23930e03b723517b7c011edfafbe0b/app/src/main/res/values/strings.xml#L47
Android,labels,app,no_compatible_third_party_app_installed,,No compatible app installed,,Browser Activity,,true,,false,apps/android/app/src/main/res/values/strings.xml,51,https://github.com/duckduckgo/Android/blob/fe3e65263b23930e03b723517b7c011edfafbe0b/app/src/main/res/values/strings.xml#L51
Android,labels,app,downloadImage,,Download Image,,Downloading files,,true,,false,apps/android/app/src/main/res/values/strings.xml,70,https://github.com/duckduckgo/Android/blob/fe3e65263b23930e03b723517b7c011edfafbe0b/app/src/main/res/values/strings.xml#L70
Android,labels,app,permissionRequiredToDownload,,Downloading requires storage permission,,Downloading files,,true,,false,apps/android/app/src/main/res/values/strings.xml,71,https://github.com/duckduckgo/Android/blob/fe3e65263b23930e03b723517b7c011edfafbe0b/app/src/main/res/values/strings.xml#L71
Android,labels,app,options,,Options,,Sharing options,,true,,false,apps/android/app/src/main/res/values/strings.xml,74,https://github.com/duckduckgo/Android/blob/fe3e65263b23930e03b723517b7c011edfafbe0b/app/src/main/res/values/strings.xml#L74
Android,labels,app,findInPageMatches,,%1$d/%2$d,,Find in page,%1$d %2$d,false,,false,apps/android/app/src/main/res/values/strings.xml,84,https://github.com/duckduckgo/Android/blob/fe3e65263b23930e03b723517b7c011edfafbe0b/app/src/main/res/values/strings.xml#L84
Android,labels,app,editQueryBeforeSubmitting,,Edit query before searching,,AutoComplete Suggestions,,true,,false,apps/android/app/src/main/res/values/strings.xml,87,https://github.com/duckduckgo/Android/blob/fe3e65263b23930e03b723517b7c011edfafbe0b/app/src/main/res/values/strings.xml#L87
Android,labels,app,autocompleteRemoveItemRemove,,Remove,,AutoComplete Suggestions,,true,,false,apps/android/app/src/main/res/values/strings.xml,90,https://github.com/duckduckgo/Android/blob/fe3e65263b23930e03b723517b7c011edfafbe0b/app/src/main/res/values/strings.xml#L90
Android,labels,app,autocompleteSwitchToTab,,Switch to Tab · %1$s,Placeholder is a website,AutoComplete Suggestions,%1$s,true,,false,apps/android/app/src/main/res/values/strings.xml,91,https://github.com/duckduckgo/Android/blob/fe3e65263b23930e03b723517b7c011edfafbe0b/app/src/main/res/values/strings.xml#L91
Android,labels,app,openExternalApp,,Open External App,,Opening external apps,,true,,false,apps/android/app/src/main/res/values/strings.xml,94,https://github.com/duckduckgo/Android/blob/fe3e65263b23930e03b723517b7c011edfafbe0b/app/src/main/res/values/strings.xml#L94
Android,labels,app,launchingExternalApp,,Open in another app,,Opening external apps,,true,,false,apps/android/app/src/main/res/values/strings.xml,95,https://github.com/duckduckgo/Android/blob/fe3e65263b23930e03b723517b7c011edfafbe0b/app/src/main/res/values/strings.xml#L95
Android,labels,app,homeTab,,DuckDuckGo,,Tabs,,false,,false,apps/android/app/src/main/res/values/strings.xml,100,https://github.com/duckduckgo/Android/blob/fe3e65263b23930e03b723517b7c011edfafbe0b/app/src/main/res/values/strings.xml#L100
Android,labels,app,openInNewTab,,Open in New Tab,,Tabs,,true,,false,apps/android/app/src/main/res/values/strings.xml,104,https://github.com/duckduckgo/Android/blob/fe3e65263b23930e03b723517b7c011edfafbe0b/app/src/main/res/values/strings.xml#L104
Android,labels,app,openInNewBackgroundTab,,Open in Background Tab,,Tabs,,true,,false,apps/android/app/src/main/res/values/strings.xml,105,https://github.com/duckduckgo/Android/blob/fe3e65263b23930e03b723517b7c011edfafbe0b/app/src/main/res/values/strings.xml#L105
Android,labels,app,openImageInNewTab,,Open Image in Background Tab,,Tabs,,true,,false,apps/android/app/src/main/res/values/strings.xml,106,https://github.com/duckduckgo/Android/blob/fe3e65263b23930e03b723517b7c011edfafbe0b/app/src/main/res/values/strings.xml#L106
Android,labels,app,closeTab,,Close Tab,,Tabs,,true,,false,apps/android/app/src/main/res/values/strings.xml,110,https://github.com/duckduckgo/Android/blob/fe3e65263b23930e03b723517b7c011edfafbe0b/app/src/main/res/values/strings.xml#L110
Android,labels,app,tabClosed,,Tab closed,,Tabs,,true,,false,apps/android/app/src/main/res/values/strings.xml,111,https://github.com/duckduckgo/Android/blob/fe3e65263b23930e03b723517b7c011edfafbe0b/app/src/main/res/values/strings.xml#L111
Android,labels,app,tabClosedUndo,,Undo,,Tabs,,true,,false,apps/android/app/src/main/res/values/strings.xml,112,https://github.com/duckduckgo/Android/blob/fe3e65263b23930e03b723517b7c011edfafbe0b/app/src/main/res/values/strings.xml#L112
Android,labels,app,inTheLast7Days,,in the last 7 days,,Tab Switcher Animation,,true,,false,apps/android/app/src/main/res/values/strings.xml,120,https://github.com/duckduckgo/Android/blob/fe3e65263b23930e03b723517b7c011edfafbe0b/app/src/main/res/values/strings.xml#L120
Android,labels,app,fireClearAll,,Delete Tabs and Data,,Fire,,true,,false,apps/android/app/src/main/res/values/strings.xml,124,https://github.com/duckduckgo/Android/blob/fe3e65263b23930e03b723517b7c011edfafbe0b/app/src/main/res/values/strings.xml#L124
Android,labels,app,fireDataCleared,,Data cleared,,Fire,,true,,false,apps/android/app/src/main/res/values/strings.xml,126,https://github.com/duckduckgo/Android/blob/fe3e65263b23930e03b723517b7c011edfafbe0b/app/src/main/res/values/strings.xml#L126
Android,labels,app,settingsWhatsNew,,What's New,,Settings Activity,,true,,false,apps/android/app/src/main/res/values/strings.xml,133,https://github.com/duckduckgo/Android/blob/fe3e65263b23930e03b723517b7c011edfafbe0b/app/src/main/res/values/strings.xml#L133
Android,labels,app,settingsAboutDuckduckgo,,About DuckDuckGo,,Settings Activity,,true,,false,apps/android/app/src/main/res/values/strings.xml,135,https://github.com/duckduckgo/Android/blob/fe3e65263b23930e03b723517b7c011edfafbe0b/app/src/main/res/values/strings.xml#L135
Android,labels,app,settingsVersion,,Version,,Settings Activity,,true,,false,apps/android/app/src/main/res/values/strings.xml,136,https://github.com/duckduckgo/Android/blob/fe3e65263b23930e03b723517b7c011edfafbe0b/app/src/main/res/values/strings.xml#L136
Android,labels,app,leaveFeedback,,Share Feedback,,Settings Activity,,true,,false,apps/android/app/src/main/res/values/strings.xml,137,https://github.com/duckduckgo/Android/blob/fe3e65263b23930e03b723517b7c011edfafbe0b/app/src/main/res/values/strings.xml#L137
Android,labels,app,leaveFeedbackNew,,Send Feedback,,Settings Activity,,true,,false,apps/android/app/src/main/res/values/strings.xml,138,https://github.com/duckduckgo/Android/blob/fe3e65263b23930e03b723517b7c011edfafbe0b/app/src/main/res/values/strings.xml#L138
Android,labels,app,settingsNextStepsHideItem,,Hide,,Settings Activity,,true,,false,apps/android/app/src/main/res/values/strings.xml,141,https://github.com/duckduckgo/Android/blob/fe3e65263b23930e03b723517b7c011edfafbe0b/app/src/main/res/values/strings.xml#L141
Android,labels,app,settingsLightTheme,,Light,,Settings Activity,,true,,false,apps/android/app/src/main/res/values/strings.xml,142,https://github.com/duckduckgo/Android/blob/fe3e65263b23930e03b723517b7c011edfafbe0b/app/src/main/res/values/strings.xml#L142
Android,labels,app,settingsTheme,,Theme,,Settings Activity,,true,,false,apps/android/app/src/main/res/values/strings.xml,143,https://github.com/duckduckgo/Android/blob/fe3e65263b23930e03b723517b7c011edfafbe0b/app/src/main/res/values/strings.xml#L143
Android,labels,app,settingsDarkTheme,,Dark,,Settings Activity,,true,,false,apps/android/app/src/main/res/values/strings.xml,144,https://github.com/duckduckgo/Android/blob/fe3e65263b23930e03b723517b7c011edfafbe0b/app/src/main/res/values/strings.xml#L144
Android,labels,app,settingsSystemTheme,,System default,,Settings Activity,,true,,false,apps/android/app/src/main/res/values/strings.xml,145,https://github.com/duckduckgo/Android/blob/fe3e65263b23930e03b723517b7c011edfafbe0b/app/src/main/res/values/strings.xml#L145
Android,labels,app,settingsAppLinksAskEveryTime,,Ask every time,,Settings Activity,,true,,false,apps/android/app/src/main/res/values/strings.xml,149,https://github.com/duckduckgo/Android/blob/fe3e65263b23930e03b723517b7c011edfafbe0b/app/src/main/res/values/strings.xml#L149
Android,labels,app,settingsAppLinksAlways,,Always,,Settings Activity,,true,,false,apps/android/app/src/main/res/values/strings.xml,150,https://github.com/duckduckgo/Android/blob/fe3e65263b23930e03b723517b7c011edfafbe0b/app/src/main/res/values/strings.xml#L150
Android,labels,app,settingsAppLinksNever,,Never,,Settings Activity,,true,,false,apps/android/app/src/main/res/values/strings.xml,151,https://github.com/duckduckgo/Android/blob/fe3e65263b23930e03b723517b7c011edfafbe0b/app/src/main/res/values/strings.xml#L151
Android,labels,app,settingsGeneral,,General,List item for general settings,Settings Activity,,true,,false,apps/android/app/src/main/res/values/strings.xml,157,https://github.com/duckduckgo/Android/blob/fe3e65263b23930e03b723517b7c011edfafbe0b/app/src/main/res/values/strings.xml#L157
Android,labels,app,settingsPermissionsSetting,,Permissions,,Settings Activity,,true,,false,apps/android/app/src/main/res/values/strings.xml,160,https://github.com/duckduckgo/Android/blob/fe3e65263b23930e03b723517b7c011edfafbe0b/app/src/main/res/values/strings.xml#L160
Android,labels,app,settingsSyncSetting,,Sync & Backup,,Settings Activity,,true,,false,apps/android/app/src/main/res/values/strings.xml,161,https://github.com/duckduckgo/Android/blob/fe3e65263b23930e03b723517b7c011edfafbe0b/app/src/main/res/values/strings.xml#L161
Android,labels,app,settingsDataClearing,,Data Clearing,,Settings Activity,,true,,false,apps/android/app/src/main/res/values/strings.xml,162,https://github.com/duckduckgo/Android/blob/fe3e65263b23930e03b723517b7c011edfafbe0b/app/src/main/res/values/strings.xml#L162
Android,labels,app,settingsAddWidget,,Add Widget to Home Screen,,Settings Activity,,true,,false,apps/android/app/src/main/res/values/strings.xml,163,https://github.com/duckduckgo/Android/blob/fe3e65263b23930e03b723517b7c011edfafbe0b/app/src/main/res/values/strings.xml#L163
Android,labels,app,settingsAddressBarPosition,,Set Your Address Bar Position,,Settings Activity,,true,,false,apps/android/app/src/main/res/values/strings.xml,164,https://github.com/duckduckgo/Android/blob/fe3e65263b23930e03b723517b7c011edfafbe0b/app/src/main/res/values/strings.xml#L164
Android,labels,app,settingsEnableVoiceSearch,,Enable Private Voice Search,,Settings Activity,,true,,false,apps/android/app/src/main/res/values/strings.xml,165,https://github.com/duckduckgo/Android/blob/fe3e65263b23930e03b723517b7c011edfafbe0b/app/src/main/res/values/strings.xml#L165
Android,labels,app,settingsDDGOnOtherPlatforms,,DuckDuckGo on Other Platforms,,Settings Activity,,true,,false,apps/android/app/src/main/res/values/strings.xml,166,https://github.com/duckduckgo/Android/blob/fe3e65263b23930e03b723517b7c011edfafbe0b/app/src/main/res/values/strings.xml#L166
Android,labels,app,settingsDuckAi,,AI Features,,Settings Activity,,true,,false,apps/android/app/src/main/res/values/strings.xml,167,https://github.com/duckduckgo/Android/blob/fe3e65263b23930e03b723517b7c011edfafbe0b/app/src/main/res/values/strings.xml#L167
Android,labels,app,privateSearchAutocompleteToggle,,Search Suggestions,,Private Search,,true,,false,apps/android/app/src/main/res/values/strings.xml,175,https://github.com/duckduckgo/Android/blob/fe3e65263b23930e03b723517b7c011edfafbe0b/app/src/main/res/values/strings.xml#L175
Android,labels,app,privateSearchAutocompleteRecentlyVisitedSitesToggle,,Recently Visited Sites,,Private Search,,true,,false,apps/android/app/src/main/res/values/strings.xml,177,https://github.com/duckduckgo/Android/blob/fe3e65263b23930e03b723517b7c011edfafbe0b/app/src/main/res/values/strings.xml#L177
Android,labels,app,privateSearchChatSuggestionsToggle,,Chat Suggestions,,Private Search,,true,,false,apps/android/app/src/main/res/values/strings.xml,179,https://github.com/duckduckgo/Android/blob/fe3e65263b23930e03b723517b7c011edfafbe0b/app/src/main/res/values/strings.xml#L179
Android,labels,app,getDesktopBrowserHideItem,,Hide,,Get Desktop Browser,,true,,false,apps/android/app/src/main/res/values/strings.xml,215,https://github.com/duckduckgo/Android/blob/fe3e65263b23930e03b723517b7c011edfafbe0b/app/src/main/res/values/strings.xml#L215
Android,labels,app,dataClearingExcludedSites,plural:one,1 site excluded from clearing,,Fire Button,,true,,false,apps/android/app/src/main/res/values/strings.xml,223,https://github.com/duckduckgo/Android/blob/fe3e65263b23930e03b723517b7c011edfafbe0b/app/src/main/res/values/strings.xml#L223
Android,labels,app,dataClearingExcludedSites,plural:other,%1$d sites excluded from clearing,,Fire Button,%1$d,true,,false,apps/android/app/src/main/res/values/strings.xml,223,https://github.com/duckduckgo/Android/blob/fe3e65263b23930e03b723517b7c011edfafbe0b/app/src/main/res/values/strings.xml#L223
Android,labels,app,dataClearingAutomaticClearingOn,,On,,Fire Button,,true,,false,apps/android/app/src/main/res/values/strings.xml,227,https://github.com/duckduckgo/Android/blob/fe3e65263b23930e03b723517b7c011edfafbe0b/app/src/main/res/values/strings.xml#L227
Android,labels,app,dataClearingAutomaticClearingOff,,Off,,Fire Button,,true,,false,apps/android/app/src/main/res/values/strings.xml,228,https://github.com/duckduckgo/Android/blob/fe3e65263b23930e03b723517b7c011edfafbe0b/app/src/main/res/values/strings.xml#L228
Android,labels,app,dataClearingClearBrowsingData,,Clear Browsing Data,,Fire Button,,true,,false,apps/android/app/src/main/res/values/strings.xml,229,https://github.com/duckduckgo/Android/blob/fe3e65263b23930e03b723517b7c011edfafbe0b/app/src/main/res/values/strings.xml#L229
Android,labels,app,dataClearingAutomaticDataClearing,,Automatically Delete Data,,Fire Button,,true,,false,apps/android/app/src/main/res/values/strings.xml,230,https://github.com/duckduckgo/Android/blob/fe3e65263b23930e03b723517b7c011edfafbe0b/app/src/main/res/values/strings.xml#L230
Android,labels,app,dataClearingAutomaticallyClearDataToggle,,Automatically Delete Data,,Fire Button,,true,,false,apps/android/app/src/main/res/values/strings.xml,231,https://github.com/duckduckgo/Android/blob/fe3e65263b23930e03b723517b7c011edfafbe0b/app/src/main/res/values/strings.xml#L231
Android,labels,app,dataClearingOptionTabs,,Tabs,,Fire Dialog Granular Options,,true,,false,apps/android/app/src/main/res/values/strings.xml,237,https://github.com/duckduckgo/Android/blob/fe3e65263b23930e03b723517b7c011edfafbe0b/app/src/main/res/values/strings.xml#L237
Android,labels,app,dataClearingOptionData,,Cookies and Site Data,,Fire Dialog Granular Options,,true,,false,apps/android/app/src/main/res/values/strings.xml,238,https://github.com/duckduckgo/Android/blob/fe3e65263b23930e03b723517b7c011edfafbe0b/app/src/main/res/values/strings.xml#L238
Android,labels,app,dataClearingDuckAiChats,,Duck.ai Chats,,Fire Dialog Granular Options,,true,,false,apps/android/app/src/main/res/values/strings.xml,239,https://github.com/duckduckgo/Android/blob/fe3e65263b23930e03b723517b7c011edfafbe0b/app/src/main/res/values/strings.xml#L239
Android,labels,app,singleTabFireDialogDeleteAll,,Delete All,,Single tab burning,,true,,false,apps/android/app/src/main/res/values/strings.xml,244,https://github.com/duckduckgo/Android/blob/fe3e65263b23930e03b723517b7c011edfafbe0b/app/src/main/res/values/strings.xml#L244
Android,labels,app,singleTabFireDialogDeleteThisTab,,Delete This Tab,,Single tab burning,,true,,false,apps/android/app/src/main/res/values/strings.xml,245,https://github.com/duckduckgo/Android/blob/fe3e65263b23930e03b723517b7c011edfafbe0b/app/src/main/res/values/strings.xml#L245
Android,labels,app,singleTabFireDialogDeleteChat,,Delete Chat,,Single tab burning,,true,,false,apps/android/app/src/main/res/values/strings.xml,246,https://github.com/duckduckgo/Android/blob/fe3e65263b23930e03b723517b7c011edfafbe0b/app/src/main/res/values/strings.xml#L246
Android,labels,app,singleTabFireDialogDeleteChats,,Delete Chats,,Single tab burning,,true,,false,apps/android/app/src/main/res/values/strings.xml,247,https://github.com/duckduckgo/Android/blob/fe3e65263b23930e03b723517b7c011edfafbe0b/app/src/main/res/values/strings.xml#L247
Android,labels,app,settingsAutomaticallyClearWhatOptionNone,,None,,Settings - Automatically clearing data,,true,,false,apps/android/app/src/main/res/values/strings.xml,268,https://github.com/duckduckgo/Android/blob/fe3e65263b23930e03b723517b7c011edfafbe0b/app/src/main/res/values/strings.xml#L268
Android,labels,app,settingsAutomaticallyClearWhatOptionTabs,,Tabs,,Settings - Automatically clearing data,,true,,false,apps/android/app/src/main/res/values/strings.xml,269,https://github.com/duckduckgo/Android/blob/fe3e65263b23930e03b723517b7c011edfafbe0b/app/src/main/res/values/strings.xml#L269
Android,labels,app,settingsAutomaticallyClearWhatOptionTabsAndData,,Tabs and data,,Settings - Automatically clearing data,,true,,false,apps/android/app/src/main/res/values/strings.xml,270,https://github.com/duckduckgo/Android/blob/fe3e65263b23930e03b723517b7c011edfafbe0b/app/src/main/res/values/strings.xml#L270
Android,labels,app,settingsAutomaticallyClearWhatOptionTabsAndDataAndChats,,"Tabs, data, and Duck.ai chats",,Settings - Automatically clearing data,,true,,false,apps/android/app/src/main/res/values/strings.xml,271,https://github.com/duckduckgo/Android/blob/fe3e65263b23930e03b723517b7c011edfafbe0b/app/src/main/res/values/strings.xml#L271
Android,labels,app,settingsAutomaticallyClearWhen,,Delete On…,,Settings - Automatically clearing data,,true,,false,apps/android/app/src/main/res/values/strings.xml,273,https://github.com/duckduckgo/Android/blob/fe3e65263b23930e03b723517b7c011edfafbe0b/app/src/main/res/values/strings.xml#L273
Android,labels,app,settingsAutomaticallyClearWhenAppExitOnly,,App exit only,,Settings - Automatically clearing data,,true,,false,apps/android/app/src/main/res/values/strings.xml,275,https://github.com/duckduckgo/Android/blob/fe3e65263b23930e03b723517b7c011edfafbe0b/app/src/main/res/values/strings.xml#L275
Android,labels,app,settingsAutomaticallyClearWhenAppExit5Seconds,,"App exit, inactive for 5 seconds",,Settings - Automatically clearing data,,true,,false,apps/android/app/src/main/res/values/strings.xml,276,https://github.com/duckduckgo/Android/blob/fe3e65263b23930e03b723517b7c011edfafbe0b/app/src/main/res/values/strings.xml#L276
Android,labels,app,settingsAutomaticallyClearWhenAppExit5Minutes,,"App exit, inactive for 5 minutes",,Settings - Automatically clearing data,,true,,false,apps/android/app/src/main/res/values/strings.xml,277,https://github.com/duckduckgo/Android/blob/fe3e65263b23930e03b723517b7c011edfafbe0b/app/src/main/res/values/strings.xml#L277
Android,labels,app,settingsAutomaticallyClearWhenAppExit15Minutes,,"App exit, inactive for 15 minutes",,Settings - Automatically clearing data,,true,,false,apps/android/app/src/main/res/values/strings.xml,278,https://github.com/duckduckgo/Android/blob/fe3e65263b23930e03b723517b7c011edfafbe0b/app/src/main/res/values/strings.xml#L278
Android,labels,app,settingsAutomaticallyClearWhenAppExit30Minutes,,"App exit, inactive for 30 minutes",,Settings - Automatically clearing data,,true,,false,apps/android/app/src/main/res/values/strings.xml,279,https://github.com/duckduckgo/Android/blob/fe3e65263b23930e03b723517b7c011edfafbe0b/app/src/main/res/values/strings.xml#L279
Android,labels,app,settingsAutomaticallyClearWhenAppExit60Minutes,,"App exit, inactive for 1 hour",,Settings - Automatically clearing data,,true,,false,apps/android/app/src/main/res/values/strings.xml,280,https://github.com/duckduckgo/Android/blob/fe3e65263b23930e03b723517b7c011edfafbe0b/app/src/main/res/values/strings.xml#L280
Android,labels,app,no_suggestions,,No Suggestions,,About Activity,,true,,false,apps/android/app/src/main/res/values/strings.xml,288,https://github.com/duckduckgo/Android/blob/fe3e65263b23930e03b723517b7c011edfafbe0b/app/src/main/res/values/strings.xml#L288
Android,labels,app,brokenSiteProtectionsOn,,Protections are <b>ON</b> for this site,,Broken Site Activity,,true,,false,apps/android/app/src/main/res/values/strings.xml,293,https://github.com/duckduckgo/Android/blob/fe3e65263b23930e03b723517b7c011edfafbe0b/app/src/main/res/values/strings.xml#L293
Android,labels,app,brokenSiteProtectionsOff,,Protections are <b>OFF</b> for this site,,Broken Site Activity,,true,,false,apps/android/app/src/main/res/values/strings.xml,294,https://github.com/duckduckgo/Android/blob/fe3e65263b23930e03b723517b7c011edfafbe0b/app/src/main/res/values/strings.xml#L294
Android,labels,app,widgetConfigurationSystemThemeOption,,System default,,Favorites widget,,true,,false,apps/android/app/src/main/res/values/strings.xml,303,https://github.com/duckduckgo/Android/blob/fe3e65263b23930e03b723517b7c011edfafbe0b/app/src/main/res/values/strings.xml#L303
Android,labels,app,widgetConfigurationLightThemeOption,,Light,,Favorites widget,,true,,false,apps/android/app/src/main/res/values/strings.xml,304,https://github.com/duckduckgo/Android/blob/fe3e65263b23930e03b723517b7c011edfafbe0b/app/src/main/res/values/strings.xml#L304
Android,labels,app,widgetConfigurationDarkThemeOption,,Dark,,Favorites widget,,true,,false,apps/android/app/src/main/res/values/strings.xml,305,https://github.com/duckduckgo/Android/blob/fe3e65263b23930e03b723517b7c011edfafbe0b/app/src/main/res/values/strings.xml#L305
Android,labels,app,widgetConfigurationAddWidgetOption,,Add Widget,,Favorites widget,,true,,false,apps/android/app/src/main/res/values/strings.xml,306,https://github.com/duckduckgo/Android/blob/fe3e65263b23930e03b723517b7c011edfafbe0b/app/src/main/res/values/strings.xml#L306
Android,labels,app,favoritesWidgetLabel,,Search and Favorites,,Favorites widget,,true,,false,apps/android/app/src/main/res/values/strings.xml,310,https://github.com/duckduckgo/Android/blob/fe3e65263b23930e03b723517b7c011edfafbe0b/app/src/main/res/values/strings.xml#L310
Android,labels,app,searchWidgetLabel,,Search and Duck.ai,,Favorites widget,,true,,false,apps/android/app/src/main/res/values/strings.xml,311,https://github.com/duckduckgo/Android/blob/fe3e65263b23930e03b723517b7c011edfafbe0b/app/src/main/res/values/strings.xml#L311
Android,labels,app,addWidgetInstruction1Label,,1,,Add widget,,true,,false,apps/android/app/src/main/res/values/strings.xml,335,https://github.com/duckduckgo/Android/blob/fe3e65263b23930e03b723517b7c011edfafbe0b/app/src/main/res/values/strings.xml#L335
Android,labels,app,addWidgetInstruction2Label,,2,,Add widget,,true,,false,apps/android/app/src/main/res/values/strings.xml,337,https://github.com/duckduckgo/Android/blob/fe3e65263b23930e03b723517b7c011edfafbe0b/app/src/main/res/values/strings.xml#L337
Android,labels,app,addWidgetInstruction3Label,,3,,Add widget,,true,,false,apps/android/app/src/main/res/values/strings.xml,339,https://github.com/duckduckgo/Android/blob/fe3e65263b23930e03b723517b7c011edfafbe0b/app/src/main/res/values/strings.xml#L339
Android,labels,app,noThanks,,No Thanks,,App Enjoyment / Rating / Feedback,,true,,false,apps/android/app/src/main/res/values/strings.xml,360,https://github.com/duckduckgo/Android/blob/fe3e65263b23930e03b723517b7c011edfafbe0b/app/src/main/res/values/strings.xml#L360
Android,labels,app,systemSearchAppNotFound,,Application could not be found,,System Search,,true,,false,apps/android/app/src/main/res/values/strings.xml,394,https://github.com/duckduckgo/Android/blob/fe3e65263b23930e03b723517b7c011edfafbe0b/app/src/main/res/values/strings.xml#L394
Android,labels,app,daxDialogGotIt,,Got It,,Dax Dialog,,true,,false,apps/android/app/src/main/res/values/strings.xml,406,https://github.com/duckduckgo/Android/blob/fe3e65263b23930e03b723517b7c011edfafbe0b/app/src/main/res/values/strings.xml#L406
Android,labels,app,manageAllowlist,,Unprotected Sites,,New dashboard / menu buttons,,true,,false,apps/android/app/src/main/res/values/strings.xml,438,https://github.com/duckduckgo/Android/blob/fe3e65263b23930e03b723517b7c011edfafbe0b/app/src/main/res/values/strings.xml#L438
Android,labels,app,reportBrokenSite,,Report Broken Site,,New dashboard / menu buttons,,true,,false,apps/android/app/src/main/res/values/strings.xml,439,https://github.com/duckduckgo/Android/blob/fe3e65263b23930e03b723517b7c011edfafbe0b/app/src/main/res/values/strings.xml#L439
Android,labels,app,allowlistNoEntries,,Privacy Protection enabled for all sites,,Allowlist,,true,,false,apps/android/app/src/main/res/values/strings.xml,451,https://github.com/duckduckgo/Android/blob/fe3e65263b23930e03b723517b7c011edfafbe0b/app/src/main/res/values/strings.xml#L451
Android,labels,app,settingsPrivacyProtectionAllowlist,,Unprotected Sites,,Settings,,true,,false,apps/android/app/src/main/res/values/strings.xml,456,https://github.com/duckduckgo/Android/blob/fe3e65263b23930e03b723517b7c011edfafbe0b/app/src/main/res/values/strings.xml#L456
Android,labels,app,settingsFireproofWebsites,,Fireproof Sites,,Fireproof websites,,true,,false,apps/android/app/src/main/res/values/strings.xml,460,https://github.com/duckduckgo/Android/blob/fe3e65263b23930e03b723517b7c011edfafbe0b/app/src/main/res/values/strings.xml#L460
Android,labels,app,fireproofWebsiteRemoveAllConfirmation,,Fireproofing removed for all sites,,Fireproof websites,,true,,false,apps/android/app/src/main/res/values/strings.xml,474,https://github.com/duckduckgo/Android/blob/fe3e65263b23930e03b723517b7c011edfafbe0b/app/src/main/res/values/strings.xml#L474
Android,labels,app,fireproofWebsiteSettingsSelectionDialogAskEveryTime,,Ask every time,,Fireproof websites,,true,,false,apps/android/app/src/main/res/values/strings.xml,476,https://github.com/duckduckgo/Android/blob/fe3e65263b23930e03b723517b7c011edfafbe0b/app/src/main/res/values/strings.xml#L476
Android,labels,app,fireproofWebsiteSettingsSelectionDialogAlways,,Always,,Fireproof websites,,true,,false,apps/android/app/src/main/res/values/strings.xml,477,https://github.com/duckduckgo/Android/blob/fe3e65263b23930e03b723517b7c011edfafbe0b/app/src/main/res/values/strings.xml#L477
Android,labels,app,fireproofWebsiteSettingsSelectionDialogNever,,Never,,Fireproof websites,,true,,false,apps/android/app/src/main/res/values/strings.xml,478,https://github.com/duckduckgo/Android/blob/fe3e65263b23930e03b723517b7c011edfafbe0b/app/src/main/res/values/strings.xml#L478
Android,labels,app,automaticFireproofWebsiteLoginDialogFirstOption,,Always Fireproof,,Fireproof websites,,true,,false,apps/android/app/src/main/res/values/strings.xml,485,https://github.com/duckduckgo/Android/blob/fe3e65263b23930e03b723517b7c011edfafbe0b/app/src/main/res/values/strings.xml#L485
Android,labels,app,automaticFireproofWebsiteLoginDialogSecondOption,,Fireproof this site,,Fireproof websites,,true,,false,apps/android/app/src/main/res/values/strings.xml,486,https://github.com/duckduckgo/Android/blob/fe3e65263b23930e03b723517b7c011edfafbe0b/app/src/main/res/values/strings.xml#L486
Android,labels,app,automaticFireproofWebsiteLoginDialogThirdOption,,Not now,,Fireproof websites,,true,,false,apps/android/app/src/main/res/values/strings.xml,487,https://github.com/duckduckgo/Android/blob/fe3e65263b23930e03b723517b7c011edfafbe0b/app/src/main/res/values/strings.xml#L487
Android,labels,app,settingsFireAnimation,,Fire Button Animation,,Fire Animation settings,,true,,false,apps/android/app/src/main/res/values/strings.xml,491,https://github.com/duckduckgo/Android/blob/fe3e65263b23930e03b723517b7c011edfafbe0b/app/src/main/res/values/strings.xml#L491
Android,labels,app,settingsHeroFireAnimation,,Inferno,,Fire Animation settings,,true,,false,apps/android/app/src/main/res/values/strings.xml,492,https://github.com/duckduckgo/Android/blob/fe3e65263b23930e03b723517b7c011edfafbe0b/app/src/main/res/values/strings.xml#L492
Android,labels,app,settingsHeroFireAnimationClassic,,Inferno Classic,,Fire Animation settings,,true,,false,apps/android/app/src/main/res/values/strings.xml,493,https://github.com/duckduckgo/Android/blob/fe3e65263b23930e03b723517b7c011edfafbe0b/app/src/main/res/values/strings.xml#L493
Android,labels,app,settingsHeroWaterAnimation,,Whirlpool,,Fire Animation settings,,true,,false,apps/android/app/src/main/res/values/strings.xml,494,https://github.com/duckduckgo/Android/blob/fe3e65263b23930e03b723517b7c011edfafbe0b/app/src/main/res/values/strings.xml#L494
Android,labels,app,settingsHeroAbstractAnimation,,Airstream,,Fire Animation settings,,true,,false,apps/android/app/src/main/res/values/strings.xml,495,https://github.com/duckduckgo/Android/blob/fe3e65263b23930e03b723517b7c011edfafbe0b/app/src/main/res/values/strings.xml#L495
Android,labels,app,settingsNoneAnimation,,None,,Fire Animation settings,,true,,false,apps/android/app/src/main/res/values/strings.xml,496,https://github.com/duckduckgo/Android/blob/fe3e65263b23930e03b723517b7c011edfafbe0b/app/src/main/res/values/strings.xml#L496
Android,labels,app,settingsSelectFireAnimationDialog,,Fire Button animation,,Fire Animation settings,,true,,false,apps/android/app/src/main/res/values/strings.xml,497,https://github.com/duckduckgo/Android/blob/fe3e65263b23930e03b723517b7c011edfafbe0b/app/src/main/res/values/strings.xml#L497
Android,labels,app,preciseLocationSystemDialogAllow,,Enable,,Precise Location,,true,,false,apps/android/app/src/main/res/values/strings.xml,506,https://github.com/duckduckgo/Android/blob/fe3e65263b23930e03b723517b7c011edfafbe0b/app/src/main/res/values/strings.xml#L506
Android,labels,app,preciseLocationSystemDialogDeny,,Maybe Later,,Precise Location,,true,,false,apps/android/app/src/main/res/values/strings.xml,507,https://github.com/duckduckgo/Android/blob/fe3e65263b23930e03b723517b7c011edfafbe0b/app/src/main/res/values/strings.xml#L507
Android,labels,app,preciseLocationSystemDialogNeverAllow,,Don't Ask Again for This Site,,Precise Location,,true,,false,apps/android/app/src/main/res/values/strings.xml,508,https://github.com/duckduckgo/Android/blob/fe3e65263b23930e03b723517b7c011edfafbe0b/app/src/main/res/values/strings.xml#L508
Android,labels,app,preciseLocationSiteDialogAllowAlways,,Always,,Precise Location,,true,,false,apps/android/app/src/main/res/values/strings.xml,512,https://github.com/duckduckgo/Android/blob/fe3e65263b23930e03b723517b7c011edfafbe0b/app/src/main/res/values/strings.xml#L512
Android,labels,app,preciseLocationSiteDialogAllowOnce,,Only for This Session,,Precise Location,,true,,false,apps/android/app/src/main/res/values/strings.xml,513,https://github.com/duckduckgo/Android/blob/fe3e65263b23930e03b723517b7c011edfafbe0b/app/src/main/res/values/strings.xml#L513
Android,labels,app,preciseLocationSiteDialogDenyAlways,,Deny Always,,Precise Location,,true,,false,apps/android/app/src/main/res/values/strings.xml,514,https://github.com/duckduckgo/Android/blob/fe3e65263b23930e03b723517b7c011edfafbe0b/app/src/main/res/values/strings.xml#L514
Android,labels,app,preciseLocationSiteDialogDenyOnce,,Deny for This Session,,Precise Location,,true,,false,apps/android/app/src/main/res/values/strings.xml,515,https://github.com/duckduckgo/Android/blob/fe3e65263b23930e03b723517b7c011edfafbe0b/app/src/main/res/values/strings.xml#L515
Android,labels,app,globalPrivacyControlSetting,,Global Privacy Control (GPC),,Global Privacy Control,,true,,false,apps/android/app/src/main/res/values/strings.xml,533,https://github.com/duckduckgo/Android/blob/fe3e65263b23930e03b723517b7c011edfafbe0b/app/src/main/res/values/strings.xml#L533
Android,labels,app,globalPrivacyControlToggle,,Global Privacy Control (GPC),,Global Privacy Control,,true,,false,apps/android/app/src/main/res/values/strings.xml,534,https://github.com/duckduckgo/Android/blob/fe3e65263b23930e03b723517b7c011edfafbe0b/app/src/main/res/values/strings.xml#L534
Android,labels,app,disabled,,Disabled,,Global Privacy Control,,true,,false,apps/android/app/src/main/res/values/strings.xml,535,https://github.com/duckduckgo/Android/blob/fe3e65263b23930e03b723517b7c011edfafbe0b/app/src/main/res/values/strings.xml#L535
Android,labels,app,enabled,,Enabled,,Global Privacy Control,,true,,false,apps/android/app/src/main/res/values/strings.xml,536,https://github.com/duckduckgo/Android/blob/fe3e65263b23930e03b723517b7c011edfafbe0b/app/src/main/res/values/strings.xml#L536
Android,labels,app,emailNotSupported,,Device not supported,,Email Protection,,true,,false,apps/android/app/src/main/res/values/strings.xml,561,https://github.com/duckduckgo/Android/blob/fe3e65263b23930e03b723517b7c011edfafbe0b/app/src/main/res/values/strings.xml#L561
Android,labels,app,settingsPrivacyPolicyDuckduckgo,,Privacy Policy,,Privacy Policy,,true,,false,apps/android/app/src/main/res/values/strings.xml,575,https://github.com/duckduckgo/Android/blob/fe3e65263b23930e03b723517b7c011edfafbe0b/app/src/main/res/values/strings.xml#L575
Android,labels,app,downloadsDownloadFinishedActionName,,Open,,Downloads,,true,,false,apps/android/app/src/main/res/values/strings.xml,584,https://github.com/duckduckgo/Android/blob/fe3e65263b23930e03b723517b7c011edfafbe0b/app/src/main/res/values/strings.xml#L584
Android,labels,app,atp_SettingsDeviceShieldNeverEnabled,,Block app trackers on your device,,App Tracking Protection,,true,,false,apps/android/app/src/main/res/values/strings.xml,588,https://github.com/duckduckgo/Android/blob/fe3e65263b23930e03b723517b7c011edfafbe0b/app/src/main/res/values/strings.xml#L588
Android,labels,app,atp_SettingsDeviceShieldEnabled,,Enabled,,App Tracking Protection,,true,,false,apps/android/app/src/main/res/values/strings.xml,589,https://github.com/duckduckgo/Android/blob/fe3e65263b23930e03b723517b7c011edfafbe0b/app/src/main/res/values/strings.xml#L589
Android,labels,app,atp_SettingsDeviceShieldDisabled,,Disabled,,App Tracking Protection,,true,,false,apps/android/app/src/main/res/values/strings.xml,590,https://github.com/duckduckgo/Android/blob/fe3e65263b23930e03b723517b7c011edfafbe0b/app/src/main/res/values/strings.xml#L590
Android,labels,app,tabSelectedIndicator,,Tab selected indicator,,Tab Switcher,,true,,false,apps/android/app/src/main/res/values/strings.xml,622,https://github.com/duckduckgo/Android/blob/fe3e65263b23930e03b723517b7c011edfafbe0b/app/src/main/res/values/strings.xml#L622
Android,labels,app,tabNotSelectedIndicator,,Tab not selected indicator,,Tab Switcher,,true,,false,apps/android/app/src/main/res/values/strings.xml,623,https://github.com/duckduckgo/Android/blob/fe3e65263b23930e03b723517b7c011edfafbe0b/app/src/main/res/values/strings.xml#L623
Android,labels,app,imageCaptureCameraUnavailable,,Could not access camera,,Uploading an image from the camera or choosing to use existing image,,true,,false,apps/android/app/src/main/res/values/strings.xml,690,https://github.com/duckduckgo/Android/blob/fe3e65263b23930e03b723517b7c011edfafbe0b/app/src/main/res/values/strings.xml#L690
Android,labels,app,imageCaptureCameraGalleryDisambiguationGalleryOption,,Choose File,,Uploading an image from the camera or choosing to use existing image,,true,,false,apps/android/app/src/main/res/values/strings.xml,692,https://github.com/duckduckgo/Android/blob/fe3e65263b23930e03b723517b7c011edfafbe0b/app/src/main/res/values/strings.xml#L692
Android,labels,app,imageCaptureCameraGalleryDisambiguationCameraOption,,Take Photo,,Uploading an image from the camera or choosing to use existing image,,true,,false,apps/android/app/src/main/res/values/strings.xml,693,https://github.com/duckduckgo/Android/blob/fe3e65263b23930e03b723517b7c011edfafbe0b/app/src/main/res/values/strings.xml#L693
Android,labels,app,settingsPasswordsAndAutofillLoginsSetting,,Passwords & Autofill,,Autofill,,true,,false,apps/android/app/src/main/res/values/strings.xml,700,https://github.com/duckduckgo/Android/blob/fe3e65263b23930e03b723517b7c011edfafbe0b/app/src/main/res/values/strings.xml#L700
Android,labels,app,preOnboardingDaxDialog2Button,,Choose Your Browser,,Extended Onboarding,,true,,false,apps/android/app/src/main/res/values/strings.xml,723,https://github.com/duckduckgo/Android/blob/fe3e65263b23930e03b723517b7c011edfafbe0b/app/src/main/res/values/strings.xml#L723
Android,labels,app,preOnboardingComparisonChartItem1,,Search privately by default,,Extended Onboarding,,true,,false,apps/android/app/src/main/res/values/strings.xml,727,https://github.com/duckduckgo/Android/blob/fe3e65263b23930e03b723517b7c011edfafbe0b/app/src/main/res/values/strings.xml#L727
Android,labels,app,preOnboardingComparisonChartItem2,,Block 3rd-party trackers,,Extended Onboarding,,true,,false,apps/android/app/src/main/res/values/strings.xml,728,https://github.com/duckduckgo/Android/blob/fe3e65263b23930e03b723517b7c011edfafbe0b/app/src/main/res/values/strings.xml#L728
Android,labels,app,preOnboardingComparisonChartItem3,,Block cookie pop-ups,,Extended Onboarding,,true,,false,apps/android/app/src/main/res/values/strings.xml,729,https://github.com/duckduckgo/Android/blob/fe3e65263b23930e03b723517b7c011edfafbe0b/app/src/main/res/values/strings.xml#L729
Android,labels,app,preOnboardingComparisonChartItem4,,Block targeted ads,,Extended Onboarding,,true,,false,apps/android/app/src/main/res/values/strings.xml,730,https://github.com/duckduckgo/Android/blob/fe3e65263b23930e03b723517b7c011edfafbe0b/app/src/main/res/values/strings.xml#L730
Android,labels,app,preOnboardingComparisonChartItem5,,Delete browsing data with one button,,Extended Onboarding,,true,,false,apps/android/app/src/main/res/values/strings.xml,731,https://github.com/duckduckgo/Android/blob/fe3e65263b23930e03b723517b7c011edfafbe0b/app/src/main/res/values/strings.xml#L731
Android,labels,app,preOnboardingComparisonChartDuckAi,,Use ChatGPT privately with Duck.ai built in,,Extended Onboarding,,true,,false,apps/android/app/src/main/res/values/strings.xml,732,https://github.com/duckduckgo/Android/blob/fe3e65263b23930e03b723517b7c011edfafbe0b/app/src/main/res/values/strings.xml#L732
Android,labels,app,preOnboardingComparisonChartAdAndCookiePopupBlocker,,Block targeted ads & cookie pop-ups,,Extended Onboarding,,true,,false,apps/android/app/src/main/res/values/strings.xml,733,https://github.com/duckduckgo/Android/blob/fe3e65263b23930e03b723517b7c011edfafbe0b/app/src/main/res/values/strings.xml#L733
Android,labels,app,preOnboardingComparisonChartYoutubeAdBlocker,,Play YouTube videos without ads,,Extended Onboarding,,true,,false,apps/android/app/src/main/res/values/strings.xml,734,https://github.com/duckduckgo/Android/blob/fe3e65263b23930e03b723517b7c011edfafbe0b/app/src/main/res/values/strings.xml#L734
Android,labels,app,preOnboardingDaxDialog3Button,,Start Browsing,,Extended Onboarding,,true,,false,apps/android/app/src/main/res/values/strings.xml,735,https://github.com/duckduckgo/Android/blob/fe3e65263b23930e03b723517b7c011edfafbe0b/app/src/main/res/values/strings.xml#L735
Android,labels,app,preOnboardingAddressBarPositionTop,,Top,,Extended Onboarding,,true,,false,apps/android/app/src/main/res/values/strings.xml,738,https://github.com/duckduckgo/Android/blob/fe3e65263b23930e03b723517b7c011edfafbe0b/app/src/main/res/values/strings.xml#L738
Android,labels,app,preOnboardingAddressBarPositionBottom,,Bottom,,Extended Onboarding,,true,,false,apps/android/app/src/main/res/values/strings.xml,739,https://github.com/duckduckgo/Android/blob/fe3e65263b23930e03b723517b7c011edfafbe0b/app/src/main/res/values/strings.xml#L739
Android,labels,app,preOnboardingAddressBarPositionSplit,,Split,,Extended Onboarding,,true,,false,apps/android/app/src/main/res/values/strings.xml,740,https://github.com/duckduckgo/Android/blob/fe3e65263b23930e03b723517b7c011edfafbe0b/app/src/main/res/values/strings.xml#L740
Android,labels,app,highlightsPreOnboardingAddressBarOption1Title,,Top (default),,Extended Onboarding,,true,,false,apps/android/app/src/main/res/values/strings.xml,741,https://github.com/duckduckgo/Android/blob/fe3e65263b23930e03b723517b7c011edfafbe0b/app/src/main/res/values/strings.xml#L741
Android,labels,app,highlightsPreOnboardingAddressBarOption1Description,,Easy to see,,Extended Onboarding,,true,,false,apps/android/app/src/main/res/values/strings.xml,742,https://github.com/duckduckgo/Android/blob/fe3e65263b23930e03b723517b7c011edfafbe0b/app/src/main/res/values/strings.xml#L742
Android,labels,app,highlightsPreOnboardingAddressBarOption2Title,,Bottom,,Extended Onboarding,,true,,false,apps/android/app/src/main/res/values/strings.xml,743,https://github.com/duckduckgo/Android/blob/fe3e65263b23930e03b723517b7c011edfafbe0b/app/src/main/res/values/strings.xml#L743
Android,labels,app,highlightsPreOnboardingAddressBarOption2Description,,Easy to reach,,Extended Onboarding,,true,,false,apps/android/app/src/main/res/values/strings.xml,744,https://github.com/duckduckgo/Android/blob/fe3e65263b23930e03b723517b7c011edfafbe0b/app/src/main/res/values/strings.xml#L744
Android,labels,app,onboardingSearchDaxDialogOption1,,"how to say ""duck"" in english",translate 'duck' too.,Extended Onboarding,,true,,false,apps/android/app/src/main/res/values/strings.xml,747,https://github.com/duckduckgo/Android/blob/fe3e65263b23930e03b723517b7c011edfafbe0b/app/src/main/res/values/strings.xml#L747
Android,labels,app,onboardingSearchDaxDialogOption1English,,"how to say ""duck"" in spanish",translate 'duck' too. Don't add question mark,Extended Onboarding,,true,,false,apps/android/app/src/main/res/values/strings.xml,748,https://github.com/duckduckgo/Android/blob/fe3e65263b23930e03b723517b7c011edfafbe0b/app/src/main/res/values/strings.xml#L748
Android,labels,app,onboardingSearchQueryOption1,,how to say duck in english,,Extended Onboarding,,true,,false,apps/android/app/src/main/res/values/strings.xml,749,https://github.com/duckduckgo/Android/blob/fe3e65263b23930e03b723517b7c011edfafbe0b/app/src/main/res/values/strings.xml#L749
Android,labels,app,onboardingSearchQueryOption1English,,how to say duck in spanish,,Extended Onboarding,,true,,false,apps/android/app/src/main/res/values/strings.xml,750,https://github.com/duckduckgo/Android/blob/fe3e65263b23930e03b723517b7c011edfafbe0b/app/src/main/res/values/strings.xml#L750
Android,labels,app,onboardingSearchDaxDialogOption2,,cast of avatar,,Extended Onboarding,,true,,false,apps/android/app/src/main/res/values/strings.xml,751,https://github.com/duckduckgo/Android/blob/fe3e65263b23930e03b723517b7c011edfafbe0b/app/src/main/res/values/strings.xml#L751
Android,labels,app,onboardingSearchDaxDialogOption2US,,mighty ducks cast,,Extended Onboarding,,true,,false,apps/android/app/src/main/res/values/strings.xml,752,https://github.com/duckduckgo/Android/blob/fe3e65263b23930e03b723517b7c011edfafbe0b/app/src/main/res/values/strings.xml#L752
Android,labels,app,onboardingSearchDaxDialogOption3,,local weather,,Extended Onboarding,,true,,false,apps/android/app/src/main/res/values/strings.xml,753,https://github.com/duckduckgo/Android/blob/fe3e65263b23930e03b723517b7c011edfafbe0b/app/src/main/res/values/strings.xml#L753
Android,labels,app,onboardingSearchDaxDialogOption4,,Surprise me!,,Extended Onboarding,,true,,false,apps/android/app/src/main/res/values/strings.xml,754,https://github.com/duckduckgo/Android/blob/fe3e65263b23930e03b723517b7c011edfafbe0b/app/src/main/res/values/strings.xml#L754
Android,labels,app,onboardingSearchQueryOption4,,baby ducklings,,Extended Onboarding,,true,,false,apps/android/app/src/main/res/values/strings.xml,755,https://github.com/duckduckgo/Android/blob/fe3e65263b23930e03b723517b7c011edfafbe0b/app/src/main/res/values/strings.xml#L755
Android,labels,app,onboardingSitesDaxDialogOption1,,espn.com,,Extended Onboarding,,true,,false,apps/android/app/src/main/res/values/strings.xml,758,https://github.com/duckduckgo/Android/blob/fe3e65263b23930e03b723517b7c011edfafbe0b/app/src/main/res/values/strings.xml#L758
Android,labels,app,onboardingSitesDaxDialogOption2,,yahoo.com,,Extended Onboarding,,true,,false,apps/android/app/src/main/res/values/strings.xml,759,https://github.com/duckduckgo/Android/blob/fe3e65263b23930e03b723517b7c011edfafbe0b/app/src/main/res/values/strings.xml#L759
Android,labels,app,onboardingSitesDaxDialogOption3,,ebay.com,,Extended Onboarding,,true,,false,apps/android/app/src/main/res/values/strings.xml,760,https://github.com/duckduckgo/Android/blob/fe3e65263b23930e03b723517b7c011edfafbe0b/app/src/main/res/values/strings.xml#L760
Android,labels,app,onboardingSitesDaxDialogOption4,,Surprise me!,,Extended Onboarding,,true,,false,apps/android/app/src/main/res/values/strings.xml,761,https://github.com/duckduckgo/Android/blob/fe3e65263b23930e03b723517b7c011edfafbe0b/app/src/main/res/values/strings.xml#L761
Android,labels,app,preOnboardingReinstallSetDefaultLabel,,Set DuckDuckGo as default,,Onboarding Reinstall Quick Setup,,true,,false,apps/android/app/src/main/res/values/strings.xml,799,https://github.com/duckduckgo/Android/blob/fe3e65263b23930e03b723517b7c011edfafbe0b/app/src/main/res/values/strings.xml#L799
Android,labels,app,preOnboardingReinstallAddHomeScreenWidgetLabel,,Add Home screen widget,,Onboarding Reinstall Quick Setup,,true,,false,apps/android/app/src/main/res/values/strings.xml,800,https://github.com/duckduckgo/Android/blob/fe3e65263b23930e03b723517b7c011edfafbe0b/app/src/main/res/values/strings.xml#L800
Android,labels,app,preOnboardingReinstallAddressBarLabel,,Address bar position,,Onboarding Reinstall Quick Setup,,true,,false,apps/android/app/src/main/res/values/strings.xml,801,https://github.com/duckduckgo/Android/blob/fe3e65263b23930e03b723517b7c011edfafbe0b/app/src/main/res/values/strings.xml#L801
Android,labels,app,preOnboardingReinstallAddressBarSearchOptionsLabel,,Address bar search options,,Onboarding Reinstall Quick Setup,,true,,false,apps/android/app/src/main/res/values/strings.xml,802,https://github.com/duckduckgo/Android/blob/fe3e65263b23930e03b723517b7c011edfafbe0b/app/src/main/res/values/strings.xml#L802
Android,labels,app,preOnboardingReinstallStartBrowsing,,Start Browsing,,Onboarding Reinstall Quick Setup,,true,,false,apps/android/app/src/main/res/values/strings.xml,803,https://github.com/duckduckgo/Android/blob/fe3e65263b23930e03b723517b7c011edfafbe0b/app/src/main/res/values/strings.xml#L803
Android,labels,app,quickSetupInputScreenSearchOnly,,Search Only,,Quick setup bottom sheets,,true,,false,apps/android/app/src/main/res/values/strings.xml,810,https://github.com/duckduckgo/Android/blob/fe3e65263b23930e03b723517b7c011edfafbe0b/app/src/main/res/values/strings.xml#L810
Android,labels,app,quickSetupInputScreenSearchAndDuckAi,,Search and Duck.ai,,Quick setup bottom sheets,,true,,false,apps/android/app/src/main/res/values/strings.xml,811,https://github.com/duckduckgo/Android/blob/fe3e65263b23930e03b723517b7c011edfafbe0b/app/src/main/res/values/strings.xml#L811
Android,labels,app,settingsAddressBarPositionTop,,Top,,Appearance settings,,true,,false,apps/android/app/src/main/res/values/strings.xml,820,https://github.com/duckduckgo/Android/blob/fe3e65263b23930e03b723517b7c011edfafbe0b/app/src/main/res/values/strings.xml#L820
Android,labels,app,settingsAddressBarPositionBottom,,Bottom,,Appearance settings,,true,,false,apps/android/app/src/main/res/values/strings.xml,821,https://github.com/duckduckgo/Android/blob/fe3e65263b23930e03b723517b7c011edfafbe0b/app/src/main/res/values/strings.xml#L821
Android,labels,app,settingsAddressBarPositionSplit,,Split,,Appearance settings,,true,,false,apps/android/app/src/main/res/values/strings.xml,822,https://github.com/duckduckgo/Android/blob/fe3e65263b23930e03b723517b7c011edfafbe0b/app/src/main/res/values/strings.xml#L822
Android,labels,app,showOnAppLaunchOptionLastOpenedTab,,Last Opened Tab,,Show on App Launch Option,,true,,false,apps/android/app/src/main/res/values/strings.xml,826,https://github.com/duckduckgo/Android/blob/fe3e65263b23930e03b723517b7c011edfafbe0b/app/src/main/res/values/strings.xml#L826
Android,labels,app,showOnAppLaunchOptionNewTabPage,,New Tab Page,,Show on App Launch Option,,true,,false,apps/android/app/src/main/res/values/strings.xml,827,https://github.com/duckduckgo/Android/blob/fe3e65263b23930e03b723517b7c011edfafbe0b/app/src/main/res/values/strings.xml#L827
Android,labels,app,showOnAppLaunchOptionSpecificPage,,Specific Page,,Show on App Launch Option,,true,,false,apps/android/app/src/main/res/values/strings.xml,828,https://github.com/duckduckgo/Android/blob/fe3e65263b23930e03b723517b7c011edfafbe0b/app/src/main/res/values/strings.xml#L828
Android,labels,app,maliciousSiteSettingLearnMore,,"<annotation type=""learn_more_link"">Learn More</annotation>",,Threat protection,,true,,false,apps/android/app/src/main/res/values/strings.xml,856,https://github.com/duckduckgo/Android/blob/fe3e65263b23930e03b723517b7c011edfafbe0b/app/src/main/res/values/strings.xml#L856
Android,labels,app,maliciousSiteSettingDisabled,,Disabling this feature can put your information at risk.,,Threat protection,,true,,false,apps/android/app/src/main/res/values/strings.xml,857,https://github.com/duckduckgo/Android/blob/fe3e65263b23930e03b723517b7c011edfafbe0b/app/src/main/res/values/strings.xml#L857
Android,labels,app,showTrackerCountInAddressBar,,Show in Address Bar,,Trackers blocked animation,,true,,false,apps/android/app/src/main/res/values/strings.xml,888,https://github.com/duckduckgo/Android/blob/fe3e65263b23930e03b723517b7c011edfafbe0b/app/src/main/res/values/strings.xml#L888
Android,labels,app,showWeeklyTrackerCountInTabSwitcher,,Show in Tabs Manager,,Trackers blocked animation,,true,,false,apps/android/app/src/main/res/values/strings.xml,889,https://github.com/duckduckgo/Android/blob/fe3e65263b23930e03b723517b7c011edfafbe0b/app/src/main/res/values/strings.xml#L889
Android,labels,app,searchOnlyWidgetLabel,,Search Only,Label for the search-only widget,Widgets,,true,,false,apps/android/app/src/main/res/values/strings.xml,892,https://github.com/duckduckgo/Android/blob/fe3e65263b23930e03b723517b7c011edfafbe0b/app/src/main/res/values/strings.xml#L892
Android,labels,app,duckAiOnlyPinShortcutLabel,,Duck.ai,Label for the Duck.ai pinned shortcut. Should be Duck.ai in all languages,Widgets,,true,,false,apps/android/app/src/main/res/values/strings.xml,896,https://github.com/duckduckgo/Android/blob/fe3e65263b23930e03b723517b7c011edfafbe0b/app/src/main/res/values/strings.xml#L896
Android,labels,app,onboardingSearchDaxDialogOption1Quoted,,"how to say ""duck"" in english",translate 'duck' too.,Sharing options,,true,,false,apps/android/app/src/main/res/values/strings.xml,921,https://github.com/duckduckgo/Android/blob/fe3e65263b23930e03b723517b7c011edfafbe0b/app/src/main/res/values/strings.xml#L921
Android,labels,app,onboardingSearchDaxDialogOption1EnglishQuoted,,"how to say ""duck"" in spanish",translate 'duck' too. Don't add question mark,Sharing options,,true,,false,apps/android/app/src/main/res/values/strings.xml,922,https://github.com/duckduckgo/Android/blob/fe3e65263b23930e03b723517b7c011edfafbe0b/app/src/main/res/values/strings.xml#L922
Android,labels,app,preOnboardingInputModeDemoChatSuggestion1,,Explain the stock market like I'm 10,,Input Mode Demo Onboarding step,,true,,false,apps/android/app/src/main/res/values/strings.xml,934,https://github.com/duckduckgo/Android/blob/fe3e65263b23930e03b723517b7c011edfafbe0b/app/src/main/res/values/strings.xml#L934
Android,labels,app,preOnboardingInputModeDemoChatSuggestion2,,Plan a perfect day in London,,Input Mode Demo Onboarding step,,true,,false,apps/android/app/src/main/res/values/strings.xml,935,https://github.com/duckduckgo/Android/blob/fe3e65263b23930e03b723517b7c011edfafbe0b/app/src/main/res/values/strings.xml#L935
Android,labels,app,preOnboardingDaxDialog3ButtonCustomAi,,Start AI Chat,,Pre-onboarding: initial screens,,true,,false,apps/android/app/src/main/res/values/strings.xml,942,https://github.com/duckduckgo/Android/blob/fe3e65263b23930e03b723517b7c011edfafbe0b/app/src/main/res/values/strings.xml#L942
Android,labels,app,preOnboardingAiComparisonChartPopularAis,,Popular AIs,,Pre-onboarding: AI comparison chart screen.,,true,,false,apps/android/app/src/main/res/values/strings.xml,945,https://github.com/duckduckgo/Android/blob/fe3e65263b23930e03b723517b7c011edfafbe0b/app/src/main/res/values/strings.xml#L945
Android,labels,app,preOnboardingAiComparisonChartItem1,,All chats are anonymized,,Pre-onboarding: AI comparison chart screen.,,true,,false,apps/android/app/src/main/res/values/strings.xml,946,https://github.com/duckduckgo/Android/blob/fe3e65263b23930e03b723517b7c011edfafbe0b/app/src/main/res/values/strings.xml#L946
Android,labels,app,preOnboardingAiComparisonChartItem2,,No account needed to access all AI features,,Pre-onboarding: AI comparison chart screen.,,true,,false,apps/android/app/src/main/res/values/strings.xml,947,https://github.com/duckduckgo/Android/blob/fe3e65263b23930e03b723517b7c011edfafbe0b/app/src/main/res/values/strings.xml#L947
Android,labels,app,preOnboardingAiComparisonChartItem3,,Never uses your chats to train AI,,Pre-onboarding: AI comparison chart screen.,,true,,false,apps/android/app/src/main/res/values/strings.xml,948,https://github.com/duckduckgo/Android/blob/fe3e65263b23930e03b723517b7c011edfafbe0b/app/src/main/res/values/strings.xml#L948
Android,labels,app,preOnboardingAiComparisonChartItem4,,"Access ChatGPT, Claude, and more, all in one place",,Pre-onboarding: AI comparison chart screen.,,true,,false,apps/android/app/src/main/res/values/strings.xml,949,https://github.com/duckduckgo/Android/blob/fe3e65263b23930e03b723517b7c011edfafbe0b/app/src/main/res/values/strings.xml#L949
Android,labels,app,input_screen_user_pref_without_ai_updated,,Search only,,In-context onboarding.,,true,,false,apps/android/app/src/main/res/values/strings.xml,987,https://github.com/duckduckgo/Android/blob/fe3e65263b23930e03b723517b7c011edfafbe0b/app/src/main/res/values/strings.xml#L987
Android,labels,app,input_screen_user_pref_with_ai_updated,,Toggle between\nSearch and Duck.ai,,In-context onboarding.,,true,,false,apps/android/app/src/main/res/values/strings.xml,988,https://github.com/duckduckgo/Android/blob/fe3e65263b23930e03b723517b7c011edfafbe0b/app/src/main/res/values/strings.xml#L988
Android,labels,app,newAddressBarPickerDuckDuckGo,,DuckDuckGo,,New Address Bar Picker,,false,,false,apps/android/app/src/main/res/values/strings.xml,991,https://github.com/duckduckgo/Android/blob/fe3e65263b23930e03b723517b7c011edfafbe0b/app/src/main/res/values/strings.xml#L991
Android,labels,app,openInFireTab,,Open in Fire Tab,,Fire mode,,true,,false,apps/android/app/src/main/res/values/strings.xml,998,https://github.com/duckduckgo/Android/blob/fe3e65263b23930e03b723517b7c011edfafbe0b/app/src/main/res/values/strings.xml#L998
Android,labels,app,openInBackgroundTab,,Open in Background,,Fire mode,,true,,false,apps/android/app/src/main/res/values/strings.xml,999,https://github.com/duckduckgo/Android/blob/fe3e65263b23930e03b723517b7c011edfafbe0b/app/src/main/res/values/strings.xml#L999
Android,labels,app,browserModeToggleTabCountInfinite,,∞,,Fire mode,,true,,false,apps/android/app/src/main/res/values/strings.xml,1002,https://github.com/duckduckgo/Android/blob/fe3e65263b23930e03b723517b7c011edfafbe0b/app/src/main/res/values/strings.xml#L1002
Android,labels,app,fireTabsFeatureNoHistory,,Browse without saving local history,,Fire mode,,true,,false,apps/android/app/src/main/res/values/strings.xml,1006,https://github.com/duckduckgo/Android/blob/fe3e65263b23930e03b723517b7c011edfafbe0b/app/src/main/res/values/strings.xml#L1006
Android,labels,app,fireTabsFeatureTroubleshoot,,Troubleshoot websites,,Fire mode,,true,,false,apps/android/app/src/main/res/values/strings.xml,1008,https://github.com/duckduckgo/Android/blob/fe3e65263b23930e03b723517b7c011edfafbe0b/app/src/main/res/values/strings.xml#L1008
Android,labels,app-tracking-protection/vpn-impl,atp_ExcludedReasonExcludedThroughNetP,,Manually disabled in DuckDuckGo VPN,,,,false,,false,apps/android/app-tracking-protection/vpn-impl/src/main/res/values/donottranslate.xml,19,https://github.com/duckduckgo/Android/blob/fe3e65263b23930e03b723517b7c011edfafbe0b/app-tracking-protection/vpn-impl/src/main/res/values/donottranslate.xml#L19
Android,labels,app-tracking-protection/vpn-impl,atp_name,,App Tracking Protection,,,,true,,false,apps/android/app-tracking-protection/vpn-impl/src/main/res/values/strings-vpn.xml,19,https://github.com/duckduckgo/Android/blob/fe3e65263b23930e03b723517b7c011edfafbe0b/app-tracking-protection/vpn-impl/src/main/res/values/strings-vpn.xml#L19
Android,labels,app-tracking-protection/vpn-impl,refresh,,Refresh,,,,true,,false,apps/android/app-tracking-protection/vpn-impl/src/main/res/values/strings-vpn.xml,20,https://github.com/duckduckgo/Android/blob/fe3e65263b23930e03b723517b7c011edfafbe0b/app-tracking-protection/vpn-impl/src/main/res/values/strings-vpn.xml#L20
Android,labels,app-tracking-protection/vpn-impl,atp_ConnectionStatus,,VPN connected: %1$s,Placeholder is true or false,Debug Screens,%1$s,true,,false,apps/android/app-tracking-protection/vpn-impl/src/main/res/values/strings-vpn.xml,26,https://github.com/duckduckgo/Android/blob/fe3e65263b23930e03b723517b7c011edfafbe0b/app-tracking-protection/vpn-impl/src/main/res/values/strings-vpn.xml#L26
Android,labels,app-tracking-protection/vpn-impl,vpnTrackerCompaniesNone,,No tracker companies blocked yet,,Diagnostics,,true,,false,apps/android/app-tracking-protection/vpn-impl/src/main/res/values/strings-vpn.xml,36,https://github.com/duckduckgo/Android/blob/fe3e65263b23930e03b723517b7c011edfafbe0b/app-tracking-protection/vpn-impl/src/main/res/values/strings-vpn.xml#L36
Android,labels,app-tracking-protection/vpn-impl,vpnTrackersNone,,No trackers blocked yet,,Diagnostics,,true,,false,apps/android/app-tracking-protection/vpn-impl/src/main/res/values/strings-vpn.xml,39,https://github.com/duckduckgo/Android/blob/fe3e65263b23930e03b723517b7c011edfafbe0b/app-tracking-protection/vpn-impl/src/main/res/values/strings-vpn.xml#L39
Android,labels,app-tracking-protection/vpn-impl,vpnNotRunYet,,VPN hasn't been run yet,,Diagnostics,,true,,false,apps/android/app-tracking-protection/vpn-impl/src/main/res/values/strings-vpn.xml,40,https://github.com/duckduckgo/Android/blob/fe3e65263b23930e03b723517b7c011edfafbe0b/app-tracking-protection/vpn-impl/src/main/res/values/strings-vpn.xml#L40
Android,labels,app-tracking-protection/vpn-impl,vpnDataTransferred,,%1$s\n%2$s packets,"%1$s is the size of data transferred, i.e. 340MB. %2$s is the amount of packets, i.e. 123 packets ",Diagnostics,%1$s %2$s,true,,false,apps/android/app-tracking-protection/vpn-impl/src/main/res/values/strings-vpn.xml,41,https://github.com/duckduckgo/Android/blob/fe3e65263b23930e03b723517b7c011edfafbe0b/app-tracking-protection/vpn-impl/src/main/res/values/strings-vpn.xml#L41
Android,labels,app-tracking-protection/vpn-impl,atp_DailyLastCompanyBlockedHomeTabOneTimeZeroOtherApps,,App Tracking Protection blocked <b>%1$d tracking attempt in %2$s</b> (past hour).,"%1$d is the number of tracking attempts, %2$s is the name of the app where it happened",App Tracking Protection Weekly Notification,%1$d %2$s,true,,false,apps/android/app-tracking-protection/vpn-impl/src/main/res/values/strings-vpn.xml,93,https://github.com/duckduckgo/Android/blob/fe3e65263b23930e03b723517b7c011edfafbe0b/app-tracking-protection/vpn-impl/src/main/res/values/strings-vpn.xml#L93
Android,labels,app-tracking-protection/vpn-impl,atp_DailyLastCompanyBlockedHomeTabOneTimeOneOtherApp,,App Tracking Protection blocked <b>%1$d tracking attempt in %2$s and 1 other app</b> (past hour).,"%1$d is the number of tracking attempts, %2$s is the name of an app where it happened",App Tracking Protection Weekly Notification,%1$d %2$s,true,,false,apps/android/app-tracking-protection/vpn-impl/src/main/res/values/strings-vpn.xml,94,https://github.com/duckduckgo/Android/blob/fe3e65263b23930e03b723517b7c011edfafbe0b/app-tracking-protection/vpn-impl/src/main/res/values/strings-vpn.xml#L94
Android,labels,app-tracking-protection/vpn-impl,atp_DailyLastCompanyBlockedHomeTabOneTimeMoreOtherApps,,App Tracking Protection blocked <b>%1$d tracking attempt in %2$s and %3$d other apps</b> (past hour).,"%1$d is the number of tracking attempts, %2$s is the name of an app where it happened, %3$d is the number of other apps where it happened",App Tracking Protection Weekly Notification,%1$d %2$s %3$d,true,,false,apps/android/app-tracking-protection/vpn-impl/src/main/res/values/strings-vpn.xml,95,https://github.com/duckduckgo/Android/blob/fe3e65263b23930e03b723517b7c011edfafbe0b/app-tracking-protection/vpn-impl/src/main/res/values/strings-vpn.xml#L95
Android,labels,app-tracking-protection/vpn-impl,atp_DailyLastCompanyBlockedHomeTabOtherTimesZeroOtherApps,,App Tracking Protection blocked <b>%1$d tracking attempts in %2$s</b> (past hour).,"%1$d is the number of tracking attempts, %2$s is the name of the app where it happened",App Tracking Protection Weekly Notification,%1$d %2$s,true,,false,apps/android/app-tracking-protection/vpn-impl/src/main/res/values/strings-vpn.xml,96,https://github.com/duckduckgo/Android/blob/fe3e65263b23930e03b723517b7c011edfafbe0b/app-tracking-protection/vpn-impl/src/main/res/values/strings-vpn.xml#L96
Android,labels,app-tracking-protection/vpn-impl,atp_DailyLastCompanyBlockedHomeTabOtherTimesOneOtherApp,,App Tracking Protection blocked <b>%1$d tracking attempts in %2$s and 1 other app</b> (past hour).,"%1$d is the number of tracking attempts, %2$s is the name of an app where it happened",App Tracking Protection Weekly Notification,%1$d %2$s,true,,false,apps/android/app-tracking-protection/vpn-impl/src/main/res/values/strings-vpn.xml,97,https://github.com/duckduckgo/Android/blob/fe3e65263b23930e03b723517b7c011edfafbe0b/app-tracking-protection/vpn-impl/src/main/res/values/strings-vpn.xml#L97
Android,labels,app-tracking-protection/vpn-impl,atp_DailyLastCompanyBlockedHomeTabOtherTimesMoreOtherApps,,App Tracking Protection blocked <b>%1$d tracking attempts in %2$s and %3$d other apps</b> (past hour).,"%1$d is the number of tracking attempts, %2$s is the name of an app where it happened, %3$d is the number of other apps where it happened",App Tracking Protection Weekly Notification,%1$d %2$s %3$d,true,,false,apps/android/app-tracking-protection/vpn-impl/src/main/res/values/strings-vpn.xml,98,https://github.com/duckduckgo/Android/blob/fe3e65263b23930e03b723517b7c011edfafbe0b/app-tracking-protection/vpn-impl/src/main/res/values/strings-vpn.xml#L98
Android,labels,app-tracking-protection/vpn-impl,atp_OnboardingMaybeLater,,Maybe Later,,App Tracking Protection Onboarding,,true,,false,apps/android/app-tracking-protection/vpn-impl/src/main/res/values/strings-vpn.xml,113,https://github.com/duckduckgo/Android/blob/fe3e65263b23930e03b723517b7c011edfafbe0b/app-tracking-protection/vpn-impl/src/main/res/values/strings-vpn.xml#L113
Android,labels,app-tracking-protection/vpn-impl,atp_NewTabDisabled,,<b>App Tracking Protection disabled.</b>\nTap to continue blocking tracking attempts across your apps.,,New Tab Integration,,true,,false,apps/android/app-tracking-protection/vpn-impl/src/main/res/values/strings-vpn.xml,128,https://github.com/duckduckgo/Android/blob/fe3e65263b23930e03b723517b7c011edfafbe0b/app-tracking-protection/vpn-impl/src/main/res/values/strings-vpn.xml#L128
Android,labels,app-tracking-protection/vpn-impl,atp_NewTabRevoked,,<b>A VPN app on your device disabled App Tracking Protection.</b>\nTap to re-enable.,,New Tab Integration,,true,,false,apps/android/app-tracking-protection/vpn-impl/src/main/res/values/strings-vpn.xml,129,https://github.com/duckduckgo/Android/blob/fe3e65263b23930e03b723517b7c011edfafbe0b/app-tracking-protection/vpn-impl/src/main/res/values/strings-vpn.xml#L129
Android,labels,app-tracking-protection/vpn-impl,atp_NewTabEnabled,,<b>App Tracking Protection is enabled</b> and blocking tracking attempts across your apps.,,New Tab Integration,,true,,false,apps/android/app-tracking-protection/vpn-impl/src/main/res/values/strings-vpn.xml,130,https://github.com/duckduckgo/Android/blob/fe3e65263b23930e03b723517b7c011edfafbe0b/app-tracking-protection/vpn-impl/src/main/res/values/strings-vpn.xml#L130
Android,labels,app-tracking-protection/vpn-impl,atp_ExcludedAppsEnabledLabel,,DuckDuckGo may disable protection for some apps to resolve known content loading issues. Your custom settings won’t change unless you restore to default settings.,,Exclusion List,,true,,false,apps/android/app-tracking-protection/vpn-impl/src/main/res/values/strings-vpn.xml,135,https://github.com/duckduckgo/Android/blob/fe3e65263b23930e03b723517b7c011edfafbe0b/app-tracking-protection/vpn-impl/src/main/res/values/strings-vpn.xml#L135
Android,labels,app-tracking-protection/vpn-impl,atp_ExcludedAppsDisabledLabel,,"<b>App Tracking Protection is disabled</b> Did App Tracking Protection cause a problem with your apps <annotation type=""report_issues_link"">Report Issues</annotation>",,Exclusion List,,true,,false,apps/android/app-tracking-protection/vpn-impl/src/main/res/values/strings-vpn.xml,136,https://github.com/duckduckgo/Android/blob/fe3e65263b23930e03b723517b7c011edfafbe0b/app-tracking-protection/vpn-impl/src/main/res/values/strings-vpn.xml#L136
Android,labels,app-tracking-protection/vpn-impl,atp_ExcludedAppsReport,,Report Problem With Another App,,Exclusion List,,true,,false,apps/android/app-tracking-protection/vpn-impl/src/main/res/values/strings-vpn.xml,137,https://github.com/duckduckgo/Android/blob/fe3e65263b23930e03b723517b7c011edfafbe0b/app-tracking-protection/vpn-impl/src/main/res/values/strings-vpn.xml#L137
Android,labels,app-tracking-protection/vpn-impl,atp_ExcludedReasonManuallyDisabled,,Manually disabled,,Exclusion List,,true,,false,apps/android/app-tracking-protection/vpn-impl/src/main/res/values/strings-vpn.xml,138,https://github.com/duckduckgo/Android/blob/fe3e65263b23930e03b723517b7c011edfafbe0b/app-tracking-protection/vpn-impl/src/main/res/values/strings-vpn.xml#L138
Android,labels,app-tracking-protection/vpn-impl,atp_ExcludedReasonManuallyEnabled,,Manually enabled,,Exclusion List,,true,,false,apps/android/app-tracking-protection/vpn-impl/src/main/res/values/strings-vpn.xml,139,https://github.com/duckduckgo/Android/blob/fe3e65263b23930e03b723517b7c011edfafbe0b/app-tracking-protection/vpn-impl/src/main/res/values/strings-vpn.xml#L139
Android,labels,app-tracking-protection/vpn-impl,atp_ReportBreakageCategoryCrashes,,App freezes or crashes,,Breakage report app list,,true,,false,apps/android/app-tracking-protection/vpn-impl/src/main/res/values/strings-vpn.xml,170,https://github.com/duckduckgo/Android/blob/fe3e65263b23930e03b723517b7c011edfafbe0b/app-tracking-protection/vpn-impl/src/main/res/values/strings-vpn.xml#L170
Android,labels,app-tracking-protection/vpn-impl,atp_ReportBreakageCategoryMessages,,Message delivery fails,,Breakage report app list,,true,,false,apps/android/app-tracking-protection/vpn-impl/src/main/res/values/strings-vpn.xml,171,https://github.com/duckduckgo/Android/blob/fe3e65263b23930e03b723517b7c011edfafbe0b/app-tracking-protection/vpn-impl/src/main/res/values/strings-vpn.xml#L171
Android,labels,app-tracking-protection/vpn-impl,atp_ReportBreakageCategoryCalls,,Voice calls don't work,,Breakage report app list,,true,,false,apps/android/app-tracking-protection/vpn-impl/src/main/res/values/strings-vpn.xml,172,https://github.com/duckduckgo/Android/blob/fe3e65263b23930e03b723517b7c011edfafbe0b/app-tracking-protection/vpn-impl/src/main/res/values/strings-vpn.xml#L172
Android,labels,app-tracking-protection/vpn-impl,atp_ReportBreakageCategoryUploads,,Can't upload or share files,,Breakage report app list,,true,,false,apps/android/app-tracking-protection/vpn-impl/src/main/res/values/strings-vpn.xml,173,https://github.com/duckduckgo/Android/blob/fe3e65263b23930e03b723517b7c011edfafbe0b/app-tracking-protection/vpn-impl/src/main/res/values/strings-vpn.xml#L173
Android,labels,app-tracking-protection/vpn-impl,atp_ReportBreakageCategoryDownloads,,Can't download files,,Breakage report app list,,true,,false,apps/android/app-tracking-protection/vpn-impl/src/main/res/values/strings-vpn.xml,174,https://github.com/duckduckgo/Android/blob/fe3e65263b23930e03b723517b7c011edfafbe0b/app-tracking-protection/vpn-impl/src/main/res/values/strings-vpn.xml#L174
Android,labels,app-tracking-protection/vpn-impl,atp_ReportBreakageCategoryConnection,,App has no connection,,Breakage report app list,,true,,false,apps/android/app-tracking-protection/vpn-impl/src/main/res/values/strings-vpn.xml,176,https://github.com/duckduckgo/Android/blob/fe3e65263b23930e03b723517b7c011edfafbe0b/app-tracking-protection/vpn-impl/src/main/res/values/strings-vpn.xml#L176
Android,labels,app-tracking-protection/vpn-impl,atp_ReportBreakageCategoryIot,,Can't connect local device,,Breakage report app list,,true,,false,apps/android/app-tracking-protection/vpn-impl/src/main/res/values/strings-vpn.xml,177,https://github.com/duckduckgo/Android/blob/fe3e65263b23930e03b723517b7c011edfafbe0b/app-tracking-protection/vpn-impl/src/main/res/values/strings-vpn.xml#L177
Android,labels,app-tracking-protection/vpn-impl,atp_ReportBreakageCategoryOther,,Something else,,Breakage report app list,,true,,false,apps/android/app-tracking-protection/vpn-impl/src/main/res/values/strings-vpn.xml,178,https://github.com/duckduckgo/Android/blob/fe3e65263b23930e03b723517b7c011edfafbe0b/app-tracking-protection/vpn-impl/src/main/res/values/strings-vpn.xml#L178
Android,labels,app-tracking-protection/vpn-impl,atp_ActivityPastWeek,,Past 7 Days,,App Tracking Protection Activity,,true,,false,apps/android/app-tracking-protection/vpn-impl/src/main/res/values/strings-vpn.xml,186,https://github.com/duckduckgo/Android/blob/fe3e65263b23930e03b723517b7c011edfafbe0b/app-tracking-protection/vpn-impl/src/main/res/values/strings-vpn.xml#L186
Android,labels,app-tracking-protection/vpn-impl,atp_ActivityRecentActivity,,Activity,,App Tracking Protection Activity,,true,,false,apps/android/app-tracking-protection/vpn-impl/src/main/res/values/strings-vpn.xml,189,https://github.com/duckduckgo/Android/blob/fe3e65263b23930e03b723517b7c011edfafbe0b/app-tracking-protection/vpn-impl/src/main/res/values/strings-vpn.xml#L189
Android,labels,app-tracking-protection/vpn-impl,atp_ActivityReportProblem,,Report a problem With an App,,App Tracking Protection Activity,,true,,false,apps/android/app-tracking-protection/vpn-impl/src/main/res/values/strings-vpn.xml,192,https://github.com/duckduckgo/Android/blob/fe3e65263b23930e03b723517b7c011edfafbe0b/app-tracking-protection/vpn-impl/src/main/res/values/strings-vpn.xml#L192
Android,labels,app-tracking-protection/vpn-impl,atp_RecentAppActivity,,Recent App Activity,,App Tracking Protection Activity,,true,,false,apps/android/app-tracking-protection/vpn-impl/src/main/res/values/strings-vpn.xml,195,https://github.com/duckduckgo/Android/blob/fe3e65263b23930e03b723517b7c011edfafbe0b/app-tracking-protection/vpn-impl/src/main/res/values/strings-vpn.xml#L195
Android,labels,app-tracking-protection/vpn-impl,atp_ActivityPastWeekBlocked,,Blocked,,App Tracking Protection Activity,,true,,false,apps/android/app-tracking-protection/vpn-impl/src/main/res/values/strings-vpn.xml,214,https://github.com/duckduckgo/Android/blob/fe3e65263b23930e03b723517b7c011edfafbe0b/app-tracking-protection/vpn-impl/src/main/res/values/strings-vpn.xml#L214
Android,labels,app-tracking-protection/vpn-impl,atp_ActivityPastWeekAcross,,Across,,App Tracking Protection Activity,,true,,false,apps/android/app-tracking-protection/vpn-impl/src/main/res/values/strings-vpn.xml,215,https://github.com/duckduckgo/Android/blob/fe3e65263b23930e03b723517b7c011edfafbe0b/app-tracking-protection/vpn-impl/src/main/res/values/strings-vpn.xml#L215
Android,labels,app-tracking-protection/vpn-impl,atp_ActivityPastWeekTrackerCount,plural:one,Tracking Attempt,,App Tracking Protection Activity,,true,,false,apps/android/app-tracking-protection/vpn-impl/src/main/res/values/strings-vpn.xml,217,https://github.com/duckduckgo/Android/blob/fe3e65263b23930e03b723517b7c011edfafbe0b/app-tracking-protection/vpn-impl/src/main/res/values/strings-vpn.xml#L217
Android,labels,app-tracking-protection/vpn-impl,atp_ActivityPastWeekTrackerCount,plural:other,Tracking Attempts,,App Tracking Protection Activity,,true,,false,apps/android/app-tracking-protection/vpn-impl/src/main/res/values/strings-vpn.xml,217,https://github.com/duckduckgo/Android/blob/fe3e65263b23930e03b723517b7c011edfafbe0b/app-tracking-protection/vpn-impl/src/main/res/values/strings-vpn.xml#L217
Android,labels,app-tracking-protection/vpn-impl,atp_ActivityPastWeekAppCount,plural:one,App,,App Tracking Protection Activity,,true,,false,apps/android/app-tracking-protection/vpn-impl/src/main/res/values/strings-vpn.xml,221,https://github.com/duckduckgo/Android/blob/fe3e65263b23930e03b723517b7c011edfafbe0b/app-tracking-protection/vpn-impl/src/main/res/values/strings-vpn.xml#L221
Android,labels,app-tracking-protection/vpn-impl,atp_ActivityPastWeekAppCount,plural:other,Apps,,App Tracking Protection Activity,,true,,false,apps/android/app-tracking-protection/vpn-impl/src/main/res/values/strings-vpn.xml,221,https://github.com/duckduckgo/Android/blob/fe3e65263b23930e03b723517b7c011edfafbe0b/app-tracking-protection/vpn-impl/src/main/res/values/strings-vpn.xml#L221
Android,labels,app-tracking-protection/vpn-impl,atp_ActivityDisabledLabel,,"<b>App Tracking Protection is disabled</b>\nDid App Tracking Protection cause a problem with your apps? <annotation type=""report_issues_link"">Report Issues</annotation>",,App Tracking Protection Activity,,true,,false,apps/android/app-tracking-protection/vpn-impl/src/main/res/values/strings-vpn.xml,225,https://github.com/duckduckgo/Android/blob/fe3e65263b23930e03b723517b7c011edfafbe0b/app-tracking-protection/vpn-impl/src/main/res/values/strings-vpn.xml#L225
Android,labels,app-tracking-protection/vpn-impl,atp_ActivityDisabledBySystemLabel,,"<b>Android disabled App Tracking Protection</b>. Want to prevent this happening again? <annotation type=""re_enable_link"">Re-enable</annotation>",,App Tracking Protection Activity,,true,,false,apps/android/app-tracking-protection/vpn-impl/src/main/res/values/strings-vpn.xml,226,https://github.com/duckduckgo/Android/blob/fe3e65263b23930e03b723517b7c011edfafbe0b/app-tracking-protection/vpn-impl/src/main/res/values/strings-vpn.xml#L226
Android,labels,app-tracking-protection/vpn-impl,atp_ActivityRevokedLabel,,<b>App Tracking Protection is disabled.</b>\nA VPN app on your device may have disabled it. Use the toggle above to re-enable.,,App Tracking Protection Activity,,true,,false,apps/android/app-tracking-protection/vpn-impl/src/main/res/values/strings-vpn.xml,227,https://github.com/duckduckgo/Android/blob/fe3e65263b23930e03b723517b7c011edfafbe0b/app-tracking-protection/vpn-impl/src/main/res/values/strings-vpn.xml#L227
Android,labels,app-tracking-protection/vpn-impl,atp_ActivityAbout,,About,,App Tracking Protection Activity,,true,,false,apps/android/app-tracking-protection/vpn-impl/src/main/res/values/strings-vpn.xml,228,https://github.com/duckduckgo/Android/blob/fe3e65263b23930e03b723517b7c011edfafbe0b/app-tracking-protection/vpn-impl/src/main/res/values/strings-vpn.xml#L228
Android,labels,app-tracking-protection/vpn-impl,atp_ActivityManage,,Manage,,App Tracking Protection Activity,,true,,false,apps/android/app-tracking-protection/vpn-impl/src/main/res/values/strings-vpn.xml,229,https://github.com/duckduckgo/Android/blob/fe3e65263b23930e03b723517b7c011edfafbe0b/app-tracking-protection/vpn-impl/src/main/res/values/strings-vpn.xml#L229
Android,labels,app-tracking-protection/vpn-impl,atp_ActivityRemoveFeature,,Disable and Delete Data,,App Tracking Protection Activity,,true,,false,apps/android/app-tracking-protection/vpn-impl/src/main/res/values/strings-vpn.xml,230,https://github.com/duckduckgo/Android/blob/fe3e65263b23930e03b723517b7c011edfafbe0b/app-tracking-protection/vpn-impl/src/main/res/values/strings-vpn.xml#L230
Android,labels,app-tracking-protection/vpn-impl,atp_WaitlistStatusNotJoined,,One easy step for better app privacy!,,App Tracking Protection Waitlist,,true,,false,apps/android/app-tracking-protection/vpn-impl/src/main/res/values/strings-vpn.xml,254,https://github.com/duckduckgo/Android/blob/fe3e65263b23930e03b723517b7c011edfafbe0b/app-tracking-protection/vpn-impl/src/main/res/values/strings-vpn.xml#L254
Android,labels,app-tracking-protection/vpn-impl,atp_WaitlistStatusJoined,,You're on the list!,,App Tracking Protection Waitlist,,true,,false,apps/android/app-tracking-protection/vpn-impl/src/main/res/values/strings-vpn.xml,255,https://github.com/duckduckgo/Android/blob/fe3e65263b23930e03b723517b7c011edfafbe0b/app-tracking-protection/vpn-impl/src/main/res/values/strings-vpn.xml#L255
Android,labels,app-tracking-protection/vpn-impl,atp_WaitlistStatusInBeta,,You're invited!,,App Tracking Protection Waitlist,,true,,false,apps/android/app-tracking-protection/vpn-impl/src/main/res/values/strings-vpn.xml,256,https://github.com/duckduckgo/Android/blob/fe3e65263b23930e03b723517b7c011edfafbe0b/app-tracking-protection/vpn-impl/src/main/res/values/strings-vpn.xml#L256
Android,labels,app-tracking-protection/vpn-impl,atp_WaitlistJoin,,Join the Private Waitlist,,App Tracking Protection Waitlist,,true,,false,apps/android/app-tracking-protection/vpn-impl/src/main/res/values/strings-vpn.xml,259,https://github.com/duckduckgo/Android/blob/fe3e65263b23930e03b723517b7c011edfafbe0b/app-tracking-protection/vpn-impl/src/main/res/values/strings-vpn.xml#L259
Android,labels,app-tracking-protection/vpn-impl,atp_WaitlistRedeemCodeLabel,,Invite Code,,App Tracking Protection Waitlist,,true,,false,apps/android/app-tracking-protection/vpn-impl/src/main/res/values/strings-vpn.xml,263,https://github.com/duckduckgo/Android/blob/fe3e65263b23930e03b723517b7c011edfafbe0b/app-tracking-protection/vpn-impl/src/main/res/values/strings-vpn.xml#L263
Android,labels,app-tracking-protection/vpn-impl,atp_WaitlistRedeemedCodeStatus,,Success! You're in.,,App Tracking Protection Waitlist,,true,,false,apps/android/app-tracking-protection/vpn-impl/src/main/res/values/strings-vpn.xml,270,https://github.com/duckduckgo/Android/blob/fe3e65263b23930e03b723517b7c011edfafbe0b/app-tracking-protection/vpn-impl/src/main/res/values/strings-vpn.xml#L270
Android,labels,app-tracking-protection/vpn-impl,atp_WaitlistBetaBlogPost,,https://spreadprivacy.com/introducing-app-tracking-protection,,App Tracking Protection Waitlist,,true,,false,apps/android/app-tracking-protection/vpn-impl/src/main/res/values/strings-vpn.xml,271,https://github.com/duckduckgo/Android/blob/fe3e65263b23930e03b723517b7c011edfafbe0b/app-tracking-protection/vpn-impl/src/main/res/values/strings-vpn.xml#L271
Android,labels,app-tracking-protection/vpn-impl,atp_TrackingSignalAAID,,Android Advertising ID,,App Tracking Company Signals,,true,,false,apps/android/app-tracking-protection/vpn-impl/src/main/res/values/strings-vpn.xml,290,https://github.com/duckduckgo/Android/blob/fe3e65263b23930e03b723517b7c011edfafbe0b/app-tracking-protection/vpn-impl/src/main/res/values/strings-vpn.xml#L290
Android,labels,app-tracking-protection/vpn-impl,atp_TrackingSignalUniqueIdentifier,,Unique Identifier,,App Tracking Company Signals,,true,,false,apps/android/app-tracking-protection/vpn-impl/src/main/res/values/strings-vpn.xml,291,https://github.com/duckduckgo/Android/blob/fe3e65263b23930e03b723517b7c011edfafbe0b/app-tracking-protection/vpn-impl/src/main/res/values/strings-vpn.xml#L291
Android,labels,app-tracking-protection/vpn-impl,atp_TrackingSignalCookies,,Cookies,,App Tracking Company Signals,,true,,false,apps/android/app-tracking-protection/vpn-impl/src/main/res/values/strings-vpn.xml,292,https://github.com/duckduckgo/Android/blob/fe3e65263b23930e03b723517b7c011edfafbe0b/app-tracking-protection/vpn-impl/src/main/res/values/strings-vpn.xml#L292
Android,labels,app-tracking-protection/vpn-impl,atp_TrackingSignalOsVersion,,OS Version,,App Tracking Company Signals,,true,,false,apps/android/app-tracking-protection/vpn-impl/src/main/res/values/strings-vpn.xml,293,https://github.com/duckduckgo/Android/blob/fe3e65263b23930e03b723517b7c011edfafbe0b/app-tracking-protection/vpn-impl/src/main/res/values/strings-vpn.xml#L293
Android,labels,app-tracking-protection/vpn-impl,atp_TrackingSignalOsBuildNumber,,OS Build Number,,App Tracking Company Signals,,true,,false,apps/android/app-tracking-protection/vpn-impl/src/main/res/values/strings-vpn.xml,294,https://github.com/duckduckgo/Android/blob/fe3e65263b23930e03b723517b7c011edfafbe0b/app-tracking-protection/vpn-impl/src/main/res/values/strings-vpn.xml#L294
Android,labels,app-tracking-protection/vpn-impl,atp_TrackingSignalPlatform,,Device Platform,,App Tracking Company Signals,,true,,false,apps/android/app-tracking-protection/vpn-impl/src/main/res/values/strings-vpn.xml,295,https://github.com/duckduckgo/Android/blob/fe3e65263b23930e03b723517b7c011edfafbe0b/app-tracking-protection/vpn-impl/src/main/res/values/strings-vpn.xml#L295
Android,labels,app-tracking-protection/vpn-impl,atp_TrackingSignalDeviceBrand,,Device Brand,,App Tracking Company Signals,,true,,false,apps/android/app-tracking-protection/vpn-impl/src/main/res/values/strings-vpn.xml,296,https://github.com/duckduckgo/Android/blob/fe3e65263b23930e03b723517b7c011edfafbe0b/app-tracking-protection/vpn-impl/src/main/res/values/strings-vpn.xml#L296
Android,labels,app-tracking-protection/vpn-impl,atp_TrackingSignalDeviceLanguage,,Device Language,,App Tracking Company Signals,,true,,false,apps/android/app-tracking-protection/vpn-impl/src/main/res/values/strings-vpn.xml,297,https://github.com/duckduckgo/Android/blob/fe3e65263b23930e03b723517b7c011edfafbe0b/app-tracking-protection/vpn-impl/src/main/res/values/strings-vpn.xml#L297
Android,labels,app-tracking-protection/vpn-impl,atp_TrackingSignalDeviceModel,,Device Model,,App Tracking Company Signals,,true,,false,apps/android/app-tracking-protection/vpn-impl/src/main/res/values/strings-vpn.xml,298,https://github.com/duckduckgo/Android/blob/fe3e65263b23930e03b723517b7c011edfafbe0b/app-tracking-protection/vpn-impl/src/main/res/values/strings-vpn.xml#L298
Android,labels,app-tracking-protection/vpn-impl,atp_TrackingSignalCPUData,,CPU Data,,App Tracking Company Signals,,true,,false,apps/android/app-tracking-protection/vpn-impl/src/main/res/values/strings-vpn.xml,299,https://github.com/duckduckgo/Android/blob/fe3e65263b23930e03b723517b7c011edfafbe0b/app-tracking-protection/vpn-impl/src/main/res/values/strings-vpn.xml#L299
Android,labels,app-tracking-protection/vpn-impl,atp_TrackingSignalScreenResolution,,Screen Resolution,,App Tracking Company Signals,,true,,false,apps/android/app-tracking-protection/vpn-impl/src/main/res/values/strings-vpn.xml,300,https://github.com/duckduckgo/Android/blob/fe3e65263b23930e03b723517b7c011edfafbe0b/app-tracking-protection/vpn-impl/src/main/res/values/strings-vpn.xml#L300
Android,labels,app-tracking-protection/vpn-impl,atp_TrackingSignalInternalStorage,,Internal Storage,,App Tracking Company Signals,,true,,false,apps/android/app-tracking-protection/vpn-impl/src/main/res/values/strings-vpn.xml,301,https://github.com/duckduckgo/Android/blob/fe3e65263b23930e03b723517b7c011edfafbe0b/app-tracking-protection/vpn-impl/src/main/res/values/strings-vpn.xml#L301
Android,labels,app-tracking-protection/vpn-impl,atp_TrackingSignalExternalStorage,,External Storage,,App Tracking Company Signals,,true,,false,apps/android/app-tracking-protection/vpn-impl/src/main/res/values/strings-vpn.xml,302,https://github.com/duckduckgo/Android/blob/fe3e65263b23930e03b723517b7c011edfafbe0b/app-tracking-protection/vpn-impl/src/main/res/values/strings-vpn.xml#L302
Android,labels,app-tracking-protection/vpn-impl,atp_TrackingSignalDeviceMemory,,Device Memory,,App Tracking Company Signals,,true,,false,apps/android/app-tracking-protection/vpn-impl/src/main/res/values/strings-vpn.xml,303,https://github.com/duckduckgo/Android/blob/fe3e65263b23930e03b723517b7c011edfafbe0b/app-tracking-protection/vpn-impl/src/main/res/values/strings-vpn.xml#L303
Android,labels,app-tracking-protection/vpn-impl,atp_TrackingSignalDeviceName,,Device Name,,App Tracking Company Signals,,true,,false,apps/android/app-tracking-protection/vpn-impl/src/main/res/values/strings-vpn.xml,304,https://github.com/duckduckgo/Android/blob/fe3e65263b23930e03b723517b7c011edfafbe0b/app-tracking-protection/vpn-impl/src/main/res/values/strings-vpn.xml#L304
Android,labels,app-tracking-protection/vpn-impl,atp_TrackingSignalWifiNetworkName,,Wifi Network Name,,App Tracking Company Signals,,true,,false,apps/android/app-tracking-protection/vpn-impl/src/main/res/values/strings-vpn.xml,305,https://github.com/duckduckgo/Android/blob/fe3e65263b23930e03b723517b7c011edfafbe0b/app-tracking-protection/vpn-impl/src/main/res/values/strings-vpn.xml#L305
Android,labels,app-tracking-protection/vpn-impl,atp_TrackingSignalAppName,,App Name,,App Tracking Company Signals,,true,,false,apps/android/app-tracking-protection/vpn-impl/src/main/res/values/strings-vpn.xml,306,https://github.com/duckduckgo/Android/blob/fe3e65263b23930e03b723517b7c011edfafbe0b/app-tracking-protection/vpn-impl/src/main/res/values/strings-vpn.xml#L306
Android,labels,app-tracking-protection/vpn-impl,atp_TrackingSignalAppVersion,,App Version,,App Tracking Company Signals,,true,,false,apps/android/app-tracking-protection/vpn-impl/src/main/res/values/strings-vpn.xml,307,https://github.com/duckduckgo/Android/blob/fe3e65263b23930e03b723517b7c011edfafbe0b/app-tracking-protection/vpn-impl/src/main/res/values/strings-vpn.xml#L307
Android,labels,app-tracking-protection/vpn-impl,atp_TrackingSignalLocalIPAddress,,Local IP Address,,App Tracking Company Signals,,true,,false,apps/android/app-tracking-protection/vpn-impl/src/main/res/values/strings-vpn.xml,308,https://github.com/duckduckgo/Android/blob/fe3e65263b23930e03b723517b7c011edfafbe0b/app-tracking-protection/vpn-impl/src/main/res/values/strings-vpn.xml#L308
Android,labels,app-tracking-protection/vpn-impl,atp_TrackingSignalISP,,Internet Service Provider,,App Tracking Company Signals,,true,,false,apps/android/app-tracking-protection/vpn-impl/src/main/res/values/strings-vpn.xml,309,https://github.com/duckduckgo/Android/blob/fe3e65263b23930e03b723517b7c011edfafbe0b/app-tracking-protection/vpn-impl/src/main/res/values/strings-vpn.xml#L309
Android,labels,app-tracking-protection/vpn-impl,atp_TrackingSignalDeviceBootTime,,Device Boot Time,,App Tracking Company Signals,,true,,false,apps/android/app-tracking-protection/vpn-impl/src/main/res/values/strings-vpn.xml,310,https://github.com/duckduckgo/Android/blob/fe3e65263b23930e03b723517b7c011edfafbe0b/app-tracking-protection/vpn-impl/src/main/res/values/strings-vpn.xml#L310
Android,labels,app-tracking-protection/vpn-impl,atp_TrackingSignalNetworkConnectionType,,Network Connection Type,,App Tracking Company Signals,,true,,false,apps/android/app-tracking-protection/vpn-impl/src/main/res/values/strings-vpn.xml,311,https://github.com/duckduckgo/Android/blob/fe3e65263b23930e03b723517b7c011edfafbe0b/app-tracking-protection/vpn-impl/src/main/res/values/strings-vpn.xml#L311
Android,labels,app-tracking-protection/vpn-impl,atp_TrackingSignalSystemVolume,,System Volume,,App Tracking Company Signals,,true,,false,apps/android/app-tracking-protection/vpn-impl/src/main/res/values/strings-vpn.xml,312,https://github.com/duckduckgo/Android/blob/fe3e65263b23930e03b723517b7c011edfafbe0b/app-tracking-protection/vpn-impl/src/main/res/values/strings-vpn.xml#L312
Android,labels,app-tracking-protection/vpn-impl,atp_TrackingSignalBatteryLevel,,Battery Level,,App Tracking Company Signals,,true,,false,apps/android/app-tracking-protection/vpn-impl/src/main/res/values/strings-vpn.xml,313,https://github.com/duckduckgo/Android/blob/fe3e65263b23930e03b723517b7c011edfafbe0b/app-tracking-protection/vpn-impl/src/main/res/values/strings-vpn.xml#L313
Android,labels,app-tracking-protection/vpn-impl,atp_TrackingSignalChargingStatus,,Charging Status,,App Tracking Company Signals,,true,,false,apps/android/app-tracking-protection/vpn-impl/src/main/res/values/strings-vpn.xml,314,https://github.com/duckduckgo/Android/blob/fe3e65263b23930e03b723517b7c011edfafbe0b/app-tracking-protection/vpn-impl/src/main/res/values/strings-vpn.xml#L314
Android,labels,app-tracking-protection/vpn-impl,atp_TrackingSignalBrightness,,Brightness,,App Tracking Company Signals,,true,,false,apps/android/app-tracking-protection/vpn-impl/src/main/res/values/strings-vpn.xml,315,https://github.com/duckduckgo/Android/blob/fe3e65263b23930e03b723517b7c011edfafbe0b/app-tracking-protection/vpn-impl/src/main/res/values/strings-vpn.xml#L315
Android,labels,app-tracking-protection/vpn-impl,atp_TrackingSignalHeadphoneStatus,,Headphone Status,,App Tracking Company Signals,,true,,false,apps/android/app-tracking-protection/vpn-impl/src/main/res/values/strings-vpn.xml,316,https://github.com/duckduckgo/Android/blob/fe3e65263b23930e03b723517b7c011edfafbe0b/app-tracking-protection/vpn-impl/src/main/res/values/strings-vpn.xml#L316
Android,labels,app-tracking-protection/vpn-impl,atp_TrackingSignalAccelerometerData,,Accelerometer Data,,App Tracking Company Signals,,true,,false,apps/android/app-tracking-protection/vpn-impl/src/main/res/values/strings-vpn.xml,317,https://github.com/duckduckgo/Android/blob/fe3e65263b23930e03b723517b7c011edfafbe0b/app-tracking-protection/vpn-impl/src/main/res/values/strings-vpn.xml#L317
Android,labels,app-tracking-protection/vpn-impl,atp_TrackingSignalRotationData,,Rotation Data,,App Tracking Company Signals,,true,,false,apps/android/app-tracking-protection/vpn-impl/src/main/res/values/strings-vpn.xml,318,https://github.com/duckduckgo/Android/blob/fe3e65263b23930e03b723517b7c011edfafbe0b/app-tracking-protection/vpn-impl/src/main/res/values/strings-vpn.xml#L318
Android,labels,app-tracking-protection/vpn-impl,atp_TrackingSignalDeviceOrientation,,Device Orientation,,App Tracking Company Signals,,true,,false,apps/android/app-tracking-protection/vpn-impl/src/main/res/values/strings-vpn.xml,319,https://github.com/duckduckgo/Android/blob/fe3e65263b23930e03b723517b7c011edfafbe0b/app-tracking-protection/vpn-impl/src/main/res/values/strings-vpn.xml#L319
Android,labels,app-tracking-protection/vpn-impl,atp_TrackingSignalMagnetometerData,,Magnetometer Data,,App Tracking Company Signals,,true,,false,apps/android/app-tracking-protection/vpn-impl/src/main/res/values/strings-vpn.xml,320,https://github.com/duckduckgo/Android/blob/fe3e65263b23930e03b723517b7c011edfafbe0b/app-tracking-protection/vpn-impl/src/main/res/values/strings-vpn.xml#L320
Android,labels,app-tracking-protection/vpn-impl,atp_TrackingSignalAvailableInternalStorage,,Available Internal Storage,,App Tracking Company Signals,,true,,false,apps/android/app-tracking-protection/vpn-impl/src/main/res/values/strings-vpn.xml,321,https://github.com/duckduckgo/Android/blob/fe3e65263b23930e03b723517b7c011edfafbe0b/app-tracking-protection/vpn-impl/src/main/res/values/strings-vpn.xml#L321
Android,labels,app-tracking-protection/vpn-impl,atp_TrackingSignalAvailableExternalStorage,,Available External Storage,,App Tracking Company Signals,,true,,false,apps/android/app-tracking-protection/vpn-impl/src/main/res/values/strings-vpn.xml,322,https://github.com/duckduckgo/Android/blob/fe3e65263b23930e03b723517b7c011edfafbe0b/app-tracking-protection/vpn-impl/src/main/res/values/strings-vpn.xml#L322
Android,labels,app-tracking-protection/vpn-impl,atp_TrackingSignalDeviceTotalMemory,,Device Total Memory,,App Tracking Company Signals,,true,,false,apps/android/app-tracking-protection/vpn-impl/src/main/res/values/strings-vpn.xml,323,https://github.com/duckduckgo/Android/blob/fe3e65263b23930e03b723517b7c011edfafbe0b/app-tracking-protection/vpn-impl/src/main/res/values/strings-vpn.xml#L323
Android,labels,app-tracking-protection/vpn-impl,atp_TrackingSignalAvailableDeviceMemory,,Available Device Memory,,App Tracking Company Signals,,true,,false,apps/android/app-tracking-protection/vpn-impl/src/main/res/values/strings-vpn.xml,324,https://github.com/duckduckgo/Android/blob/fe3e65263b23930e03b723517b7c011edfafbe0b/app-tracking-protection/vpn-impl/src/main/res/values/strings-vpn.xml#L324
Android,labels,app-tracking-protection/vpn-impl,atp_TrackingSignalScreenMargins,,Screen Margins,,App Tracking Company Signals,,true,,false,apps/android/app-tracking-protection/vpn-impl/src/main/res/values/strings-vpn.xml,325,https://github.com/duckduckgo/Android/blob/fe3e65263b23930e03b723517b7c011edfafbe0b/app-tracking-protection/vpn-impl/src/main/res/values/strings-vpn.xml#L325
Android,labels,app-tracking-protection/vpn-impl,atp_TrackingSignalScreenDensity,,Screen Density,,App Tracking Company Signals,,true,,false,apps/android/app-tracking-protection/vpn-impl/src/main/res/values/strings-vpn.xml,326,https://github.com/duckduckgo/Android/blob/fe3e65263b23930e03b723517b7c011edfafbe0b/app-tracking-protection/vpn-impl/src/main/res/values/strings-vpn.xml#L326
Android,labels,app-tracking-protection/vpn-impl,atp_TrackingSignalFontSize,,Font Size,,App Tracking Company Signals,,true,,false,apps/android/app-tracking-protection/vpn-impl/src/main/res/values/strings-vpn.xml,327,https://github.com/duckduckgo/Android/blob/fe3e65263b23930e03b723517b7c011edfafbe0b/app-tracking-protection/vpn-impl/src/main/res/values/strings-vpn.xml#L327
Android,labels,app-tracking-protection/vpn-impl,atp_TrackingSignalNetworkCarrier,,Network Carrier,,App Tracking Company Signals,,true,,false,apps/android/app-tracking-protection/vpn-impl/src/main/res/values/strings-vpn.xml,328,https://github.com/duckduckgo/Android/blob/fe3e65263b23930e03b723517b7c011edfafbe0b/app-tracking-protection/vpn-impl/src/main/res/values/strings-vpn.xml#L328
Android,labels,app-tracking-protection/vpn-impl,atp_TrackingSignalAppInstallDate,,App Install Date,,App Tracking Company Signals,,true,,false,apps/android/app-tracking-protection/vpn-impl/src/main/res/values/strings-vpn.xml,329,https://github.com/duckduckgo/Android/blob/fe3e65263b23930e03b723517b7c011edfafbe0b/app-tracking-protection/vpn-impl/src/main/res/values/strings-vpn.xml#L329
Android,labels,app-tracking-protection/vpn-impl,atp_TrackingSignalFirstAppLaunchDate,,First App Launch Date,,App Tracking Company Signals,,true,,false,apps/android/app-tracking-protection/vpn-impl/src/main/res/values/strings-vpn.xml,330,https://github.com/duckduckgo/Android/blob/fe3e65263b23930e03b723517b7c011edfafbe0b/app-tracking-protection/vpn-impl/src/main/res/values/strings-vpn.xml#L330
Android,labels,app-tracking-protection/vpn-impl,atp_TrackingSignalGPSCoordinates,,GPS Coordinates,,App Tracking Company Signals,,true,,false,apps/android/app-tracking-protection/vpn-impl/src/main/res/values/strings-vpn.xml,331,https://github.com/duckduckgo/Android/blob/fe3e65263b23930e03b723517b7c011edfafbe0b/app-tracking-protection/vpn-impl/src/main/res/values/strings-vpn.xml#L331
Android,labels,app-tracking-protection/vpn-impl,atp_TrackingSignalPostalCode,,Postal Code,,App Tracking Company Signals,,true,,false,apps/android/app-tracking-protection/vpn-impl/src/main/res/values/strings-vpn.xml,332,https://github.com/duckduckgo/Android/blob/fe3e65263b23930e03b723517b7c011edfafbe0b/app-tracking-protection/vpn-impl/src/main/res/values/strings-vpn.xml#L332
Android,labels,app-tracking-protection/vpn-impl,atp_TrackingSignalNeighbourhood,,Neighbourhood,,App Tracking Company Signals,,true,,false,apps/android/app-tracking-protection/vpn-impl/src/main/res/values/strings-vpn.xml,333,https://github.com/duckduckgo/Android/blob/fe3e65263b23930e03b723517b7c011edfafbe0b/app-tracking-protection/vpn-impl/src/main/res/values/strings-vpn.xml#L333
Android,labels,app-tracking-protection/vpn-impl,atp_TrackingSignalCity,,City,,App Tracking Company Signals,,true,,false,apps/android/app-tracking-protection/vpn-impl/src/main/res/values/strings-vpn.xml,334,https://github.com/duckduckgo/Android/blob/fe3e65263b23930e03b723517b7c011edfafbe0b/app-tracking-protection/vpn-impl/src/main/res/values/strings-vpn.xml#L334
Android,labels,app-tracking-protection/vpn-impl,atp_TrackingSignalState,,State,,App Tracking Company Signals,,true,,false,apps/android/app-tracking-protection/vpn-impl/src/main/res/values/strings-vpn.xml,335,https://github.com/duckduckgo/Android/blob/fe3e65263b23930e03b723517b7c011edfafbe0b/app-tracking-protection/vpn-impl/src/main/res/values/strings-vpn.xml#L335
Android,labels,app-tracking-protection/vpn-impl,atp_TrackingSignalCountry,,Country,,App Tracking Company Signals,,true,,false,apps/android/app-tracking-protection/vpn-impl/src/main/res/values/strings-vpn.xml,336,https://github.com/duckduckgo/Android/blob/fe3e65263b23930e03b723517b7c011edfafbe0b/app-tracking-protection/vpn-impl/src/main/res/values/strings-vpn.xml#L336
Android,labels,app-tracking-protection/vpn-impl,atp_TrackingSignalTimezone,,Timezone,,App Tracking Company Signals,,true,,false,apps/android/app-tracking-protection/vpn-impl/src/main/res/values/strings-vpn.xml,337,https://github.com/duckduckgo/Android/blob/fe3e65263b23930e03b723517b7c011edfafbe0b/app-tracking-protection/vpn-impl/src/main/res/values/strings-vpn.xml#L337
Android,labels,app-tracking-protection/vpn-impl,atp_TrackingSignalEmailAddress,,Email Address,,App Tracking Company Signals,,true,,false,apps/android/app-tracking-protection/vpn-impl/src/main/res/values/strings-vpn.xml,338,https://github.com/duckduckgo/Android/blob/fe3e65263b23930e03b723517b7c011edfafbe0b/app-tracking-protection/vpn-impl/src/main/res/values/strings-vpn.xml#L338
Android,labels,app-tracking-protection/vpn-impl,atp_TrackingSignalBirthday,,Birthday,,App Tracking Company Signals,,true,,false,apps/android/app-tracking-protection/vpn-impl/src/main/res/values/strings-vpn.xml,339,https://github.com/duckduckgo/Android/blob/fe3e65263b23930e03b723517b7c011edfafbe0b/app-tracking-protection/vpn-impl/src/main/res/values/strings-vpn.xml#L339
Android,labels,app-tracking-protection/vpn-impl,atp_TrackingSignalGender,,Gender,,App Tracking Company Signals,,true,,false,apps/android/app-tracking-protection/vpn-impl/src/main/res/values/strings-vpn.xml,340,https://github.com/duckduckgo/Android/blob/fe3e65263b23930e03b723517b7c011edfafbe0b/app-tracking-protection/vpn-impl/src/main/res/values/strings-vpn.xml#L340
Android,labels,app-tracking-protection/vpn-impl,atp_TrackingSignalFirstName,,First Name,,App Tracking Company Signals,,true,,false,apps/android/app-tracking-protection/vpn-impl/src/main/res/values/strings-vpn.xml,341,https://github.com/duckduckgo/Android/blob/fe3e65263b23930e03b723517b7c011edfafbe0b/app-tracking-protection/vpn-impl/src/main/res/values/strings-vpn.xml#L341
Android,labels,app-tracking-protection/vpn-impl,atp_TrackingSignalLastName,,Last Name,,App Tracking Company Signals,,true,,false,apps/android/app-tracking-protection/vpn-impl/src/main/res/values/strings-vpn.xml,342,https://github.com/duckduckgo/Android/blob/fe3e65263b23930e03b723517b7c011edfafbe0b/app-tracking-protection/vpn-impl/src/main/res/values/strings-vpn.xml#L342
Android,labels,app-tracking-protection/vpn-impl,atp_DisableConfirmationDisableApp,,Disable for One App,,App Tracking Protection Disable VPN Dialog,,true,,false,apps/android/app-tracking-protection/vpn-impl/src/main/res/values/strings-vpn.xml,347,https://github.com/duckduckgo/Android/blob/fe3e65263b23930e03b723517b7c011edfafbe0b/app-tracking-protection/vpn-impl/src/main/res/values/strings-vpn.xml#L347
Android,labels,app-tracking-protection/vpn-impl,atp_DisableConfirmationDisableAllApps,,Disable for All Apps,,App Tracking Protection Disable VPN Dialog,,true,,false,apps/android/app-tracking-protection/vpn-impl/src/main/res/values/strings-vpn.xml,348,https://github.com/duckduckgo/Android/blob/fe3e65263b23930e03b723517b7c011edfafbe0b/app-tracking-protection/vpn-impl/src/main/res/values/strings-vpn.xml#L348
Android,labels,app-tracking-protection/vpn-impl,atp_VpnConflictDialogOpenSettings,,Open Settings,,App Tracking Protection VPN Conflict Dialog,,true,,false,apps/android/app-tracking-protection/vpn-impl/src/main/res/values/strings-vpn.xml,357,https://github.com/duckduckgo/Android/blob/fe3e65263b23930e03b723517b7c011edfafbe0b/app-tracking-protection/vpn-impl/src/main/res/values/strings-vpn.xml#L357
Android,labels,app-tracking-protection/vpn-impl,atp_VpnConflictDialogGotIt,,Got it,,App Tracking Protection VPN Conflict Dialog,,true,,false,apps/android/app-tracking-protection/vpn-impl/src/main/res/values/strings-vpn.xml,358,https://github.com/duckduckgo/Android/blob/fe3e65263b23930e03b723517b7c011edfafbe0b/app-tracking-protection/vpn-impl/src/main/res/values/strings-vpn.xml#L358
Android,labels,app-tracking-protection/vpn-impl,atp_ManageRecentAppsProtectionShowAll,,Show All Apps,,Manage Recent Apps Protection,,true,,false,apps/android/app-tracking-protection/vpn-impl/src/main/res/values/strings-vpn.xml,363,https://github.com/duckduckgo/Android/blob/fe3e65263b23930e03b723517b7c011edfafbe0b/app-tracking-protection/vpn-impl/src/main/res/values/strings-vpn.xml#L363
Android,labels,app-tracking-protection/vpn-impl,atp_RemoveFeatureDialogRemove,,Disable,,App Tracking Protection Remove Feature Dialog,,true,,false,apps/android/app-tracking-protection/vpn-impl/src/main/res/values/strings-vpn.xml,377,https://github.com/duckduckgo/Android/blob/fe3e65263b23930e03b723517b7c011edfafbe0b/app-tracking-protection/vpn-impl/src/main/res/values/strings-vpn.xml#L377
Android,labels,app-tracking-protection/vpn-impl,atp_PromoteAlwaysOnDialogSettings,,Go to Settings,,App Tracking Protection Promote Always On,,true,,false,apps/android/app-tracking-protection/vpn-impl/src/main/res/values/strings-vpn.xml,380,https://github.com/duckduckgo/Android/blob/fe3e65263b23930e03b723517b7c011edfafbe0b/app-tracking-protection/vpn-impl/src/main/res/values/strings-vpn.xml#L380
Android,labels,app-tracking-protection/vpn-impl,atp_PromoteAlwaysOnDialogNotNow,,Not Now,,App Tracking Protection Promote Always On,,true,,false,apps/android/app-tracking-protection/vpn-impl/src/main/res/values/strings-vpn.xml,381,https://github.com/duckduckgo/Android/blob/fe3e65263b23930e03b723517b7c011edfafbe0b/app-tracking-protection/vpn-impl/src/main/res/values/strings-vpn.xml#L381
Android,labels,app-tracking-protection/vpn-impl,atp_ExcludedReasonIssuesMayOccur,,App issues may occur if enabled,,App Tracking Protection Exclusion list,,true,,false,apps/android/app-tracking-protection/vpn-impl/src/main/res/values/strings-vpn.xml,391,https://github.com/duckduckgo/Android/blob/fe3e65263b23930e03b723517b7c011edfafbe0b/app-tracking-protection/vpn-impl/src/main/res/values/strings-vpn.xml#L391
Android,labels,app-tracking-protection/vpn-impl,atp_ExcludeAppsManuallyEnableAnywayLabel,,%1$s may experience issues if App Tracking Protection is enabled,Placeholder is the name of an app,App Tracking Protection Exclusion list,%1$s,true,,false,apps/android/app-tracking-protection/vpn-impl/src/main/res/values/strings-vpn.xml,393,https://github.com/duckduckgo/Android/blob/fe3e65263b23930e03b723517b7c011edfafbe0b/app-tracking-protection/vpn-impl/src/main/res/values/strings-vpn.xml#L393
Android,labels,app-tracking-protection/vpn-impl,atp_ExcludeAppsManuallyDisableAppDialogLabel,,Please let us know if you disabled App Tracking Protection for %1$s because you experienced app issues.,Placeholder is the name of an app,App Tracking Protection Exclusion list,%1$s,true,,false,apps/android/app-tracking-protection/vpn-impl/src/main/res/values/strings-vpn.xml,395,https://github.com/duckduckgo/Android/blob/fe3e65263b23930e03b723517b7c011edfafbe0b/app-tracking-protection/vpn-impl/src/main/res/values/strings-vpn.xml#L395
Android,labels,app-tracking-protection/vpn-impl,atp_ActivityManageProtectionLabel,,Having Issues?,,App Tracking Protection Exclusion list,,true,,false,apps/android/app-tracking-protection/vpn-impl/src/main/res/values/strings-vpn.xml,399,https://github.com/duckduckgo/Android/blob/fe3e65263b23930e03b723517b7c011edfafbe0b/app-tracking-protection/vpn-impl/src/main/res/values/strings-vpn.xml#L399
Android,labels,app-tracking-protection/vpn-impl,atp_ActivityEnabledBannerLabel,,"Protection for some apps is automatically disabled. <annotation type=""app_settings_link"">View apps</annotation>",,App Tracking Protection Exclusion list,,true,,false,apps/android/app-tracking-protection/vpn-impl/src/main/res/values/strings-vpn.xml,400,https://github.com/duckduckgo/Android/blob/fe3e65263b23930e03b723517b7c011edfafbe0b/app-tracking-protection/vpn-impl/src/main/res/values/strings-vpn.xml#L400
Android,labels,app-tracking-protection/vpn-impl,atp_ExcludedAppsFilterProtectedLabel,,Protection Enabled (%1$s),Placeholder is the number of apps where protection is enabled,App Tracking Protection Exclusion list,%1$s,true,,false,apps/android/app-tracking-protection/vpn-impl/src/main/res/values/strings-vpn.xml,412,https://github.com/duckduckgo/Android/blob/fe3e65263b23930e03b723517b7c011edfafbe0b/app-tracking-protection/vpn-impl/src/main/res/values/strings-vpn.xml#L412
Android,labels,app-tracking-protection/vpn-impl,atp_ExcludedAppsFilterUnprotectedLabel,,Protection Disabled (%1$s),Placeholder is the number of apps where protection is disabled,App Tracking Protection Exclusion list,%1$s,true,,false,apps/android/app-tracking-protection/vpn-impl/src/main/res/values/strings-vpn.xml,413,https://github.com/duckduckgo/Android/blob/fe3e65263b23930e03b723517b7c011edfafbe0b/app-tracking-protection/vpn-impl/src/main/res/values/strings-vpn.xml#L413
Android,labels,app-tracking-protection/vpn-impl,atp_ExcludedAppsFilterAllLabel,,All,,App Tracking Protection Exclusion list,,true,,false,apps/android/app-tracking-protection/vpn-impl/src/main/res/values/strings-vpn.xml,414,https://github.com/duckduckgo/Android/blob/fe3e65263b23930e03b723517b7c011edfafbe0b/app-tracking-protection/vpn-impl/src/main/res/values/strings-vpn.xml#L414
Android,labels,app-tracking-protection/vpn-impl,atp_ActivityViewAppsLabel,,View Apps,,App Tracking Protection Exclusion list,,true,,false,apps/android/app-tracking-protection/vpn-impl/src/main/res/values/strings-vpn.xml,418,https://github.com/duckduckgo/Android/blob/fe3e65263b23930e03b723517b7c011edfafbe0b/app-tracking-protection/vpn-impl/src/main/res/values/strings-vpn.xml#L418
Android,labels,app-tracking-protection/vpn-impl,atp_ActivityEnabledMoreThanADayLabel,,"Having issues with an app? <annotation type=""app_settings_link"">Help us improve</annotation>",,App Tracking Protection Exclusion list,,true,,false,apps/android/app-tracking-protection/vpn-impl/src/main/res/values/strings-vpn.xml,419,https://github.com/duckduckgo/Android/blob/fe3e65263b23930e03b723517b7c011edfafbe0b/app-tracking-protection/vpn-impl/src/main/res/values/strings-vpn.xml#L419
Android,labels,app-tracking-protection/vpn-impl,atp_ExcludedAppsEnabledLearnWhyLabel,,"Some apps may experience issues when App Tracking Protection is enabled. <annotation type=""learn_why_link"">Learn why</annotation>",,App Tracking Protection Exclusion list,,true,,false,apps/android/app-tracking-protection/vpn-impl/src/main/res/values/strings-vpn.xml,420,https://github.com/duckduckgo/Android/blob/fe3e65263b23930e03b723517b7c011edfafbe0b/app-tracking-protection/vpn-impl/src/main/res/values/strings-vpn.xml#L420
Android,labels,app-tracking-protection/vpn-impl,atp_ExcludedAppsDisabledLearnWhyLabel,,"Protection is disabled for apps with known issues. You can enable these apps, but they may not work as expected. <annotation type=""learn_why_link"">Learn why</annotation>",,App Tracking Protection Exclusion list,,true,,false,apps/android/app-tracking-protection/vpn-impl/src/main/res/values/strings-vpn.xml,421,https://github.com/duckduckgo/Android/blob/fe3e65263b23930e03b723517b7c011edfafbe0b/app-tracking-protection/vpn-impl/src/main/res/values/strings-vpn.xml#L421
Android,labels,autoconsent/autoconsent-impl,autoconsentPopupBrand,,DuckDuckGo,,,,false,,false,apps/android/autoconsent/autoconsent-impl/src/main/res/values/donottranslate.xml,18,https://github.com/duckduckgo/Android/blob/fe3e65263b23930e03b723517b7c011edfafbe0b/autoconsent/autoconsent-impl/src/main/res/values/donottranslate.xml#L18
Android,labels,autoconsent/autoconsent-impl,autoconsent_onboarding_reject_optional_cookies_primary,,Reject optional cookies,,,,false,,false,apps/android/autoconsent/autoconsent-impl/src/main/res/values/donottranslate.xml,19,https://github.com/duckduckgo/Android/blob/fe3e65263b23930e03b723517b7c011edfafbe0b/autoconsent/autoconsent-impl/src/main/res/values/donottranslate.xml#L19
Android,labels,autoconsent/autoconsent-impl,autoconsent_onboarding_accept_non_opt_out_cookies_primary,,Accept some cookies,,,,false,,false,apps/android/autoconsent/autoconsent-impl/src/main/res/values/donottranslate.xml,21,https://github.com/duckduckgo/Android/blob/fe3e65263b23930e03b723517b7c011edfafbe0b/autoconsent/autoconsent-impl/src/main/res/values/donottranslate.xml#L21
Android,labels,autoconsent/autoconsent-impl,autoconsentToggle,,Let DuckDuckGo handle cookie pop-ups,,,,true,,false,apps/android/autoconsent/autoconsent-impl/src/main/res/values/strings-autoconsent.xml,22,https://github.com/duckduckgo/Android/blob/fe3e65263b23930e03b723517b7c011edfafbe0b/autoconsent/autoconsent-impl/src/main/res/values/strings-autoconsent.xml#L22
Android,labels,autoconsent/autoconsent-impl,autoconsentAutoManageToggle,,Reject optional cookies,,,,true,,false,apps/android/autoconsent/autoconsent-impl/src/main/res/values/strings-autoconsent.xml,23,https://github.com/duckduckgo/Android/blob/fe3e65263b23930e03b723517b7c011edfafbe0b/autoconsent/autoconsent-impl/src/main/res/values/strings-autoconsent.xml#L23
Android,labels,autoconsent/autoconsent-impl,autoconsentPopUpsWithoutOptOutsToggle,,Accept cookies that can’t be rejected,,,,true,,false,apps/android/autoconsent/autoconsent-impl/src/main/res/values/strings-autoconsent.xml,26,https://github.com/duckduckgo/Android/blob/fe3e65263b23930e03b723517b7c011edfafbe0b/autoconsent/autoconsent-impl/src/main/res/values/strings-autoconsent.xml#L26
Android,labels,autofill/autofill-impl,useSavedLoginDialogGroupThisWebsite,,From This Website,,,,true,,false,apps/android/autofill/autofill-impl/src/main/res/values/strings-autofill-impl.xml,31,https://github.com/duckduckgo/Android/blob/fe3e65263b23930e03b723517b7c011edfafbe0b/autofill/autofill-impl/src/main/res/values/strings-autofill-impl.xml#L31
Android,labels,autofill/autofill-impl,useSavedLoginDialogFromDomainLabel,,From %1$s,Placeholder is the URL of a website,,%1$s,true,,false,apps/android/autofill/autofill-impl/src/main/res/values/strings-autofill-impl.xml,32,https://github.com/duckduckgo/Android/blob/fe3e65263b23930e03b723517b7c011edfafbe0b/autofill/autofill-impl/src/main/res/values/strings-autofill-impl.xml#L32
Android,labels,autofill/autofill-impl,credentialManagementSuggestionsLabel,,Suggested,,,,true,,false,apps/android/autofill/autofill-impl/src/main/res/values/strings-autofill-impl.xml,57,https://github.com/duckduckgo/Android/blob/fe3e65263b23930e03b723517b7c011edfafbe0b/autofill/autofill-impl/src/main/res/values/strings-autofill-impl.xml#L57
Android,labels,autofill/autofill-impl,autofillDeleteLoginDialogDelete,,Delete,,,,true,,false,apps/android/autofill/autofill-impl/src/main/res/values/strings-autofill-impl.xml,65,https://github.com/duckduckgo/Android/blob/fe3e65263b23930e03b723517b7c011edfafbe0b/autofill/autofill-impl/src/main/res/values/strings-autofill-impl.xml#L65
Android,labels,autofill/autofill-impl,autofillManagementUsernameCopied,,Username copied,,"Autofill Management Survey Prompt, shown only to English locale so marked as not translatable",,true,,false,apps/android/autofill/autofill-impl/src/main/res/values/strings-autofill-impl.xml,72,https://github.com/duckduckgo/Android/blob/fe3e65263b23930e03b723517b7c011edfafbe0b/autofill/autofill-impl/src/main/res/values/strings-autofill-impl.xml#L72
Android,labels,autofill/autofill-impl,autofillManagementPasswordCopied,,Password copied,,"Autofill Management Survey Prompt, shown only to English locale so marked as not translatable",,true,,false,apps/android/autofill/autofill-impl/src/main/res/values/strings-autofill-impl.xml,73,https://github.com/duckduckgo/Android/blob/fe3e65263b23930e03b723517b7c011edfafbe0b/autofill/autofill-impl/src/main/res/values/strings-autofill-impl.xml#L73
Android,labels,autofill/autofill-impl,autofillManagementUndoDeletion,,Undo,,"Autofill Management Survey Prompt, shown only to English locale so marked as not translatable",,true,,false,apps/android/autofill/autofill-impl/src/main/res/values/strings-autofill-impl.xml,81,https://github.com/duckduckgo/Android/blob/fe3e65263b23930e03b723517b7c011edfafbe0b/autofill/autofill-impl/src/main/res/values/strings-autofill-impl.xml#L81
Android,labels,autofill/autofill-impl,credentialManagementDuckAddressLabel,,Duck Address,,"Autofill Management Survey Prompt, shown only to English locale so marked as not translatable",,false,,false,apps/android/autofill/autofill-impl/src/main/res/values/strings-autofill-impl.xml,85,https://github.com/duckduckgo/Android/blob/fe3e65263b23930e03b723517b7c011edfafbe0b/autofill/autofill-impl/src/main/res/values/strings-autofill-impl.xml#L85
Android,labels,autofill/autofill-impl,credentialManagementDuckAddressActivatedLabel,,Active,This indicates that the 'status' of their private 'Duck Address' is active,"Autofill Management Survey Prompt, shown only to English locale so marked as not translatable",,true,,false,apps/android/autofill/autofill-impl/src/main/res/values/strings-autofill-impl.xml,94,https://github.com/duckduckgo/Android/blob/fe3e65263b23930e03b723517b7c011edfafbe0b/autofill/autofill-impl/src/main/res/values/strings-autofill-impl.xml#L94
Android,labels,autofill/autofill-impl,credentialManagementDuckAddressActivatingLabel,,Activating…,"This is text shown briefly while changing the status of their 'Duck Address', going from deactivated to active","Autofill Management Survey Prompt, shown only to English locale so marked as not translatable",,true,,false,apps/android/autofill/autofill-impl/src/main/res/values/strings-autofill-impl.xml,95,https://github.com/duckduckgo/Android/blob/fe3e65263b23930e03b723517b7c011edfafbe0b/autofill/autofill-impl/src/main/res/values/strings-autofill-impl.xml#L95
Android,labels,autofill/autofill-impl,credentialManagementDuckAddressDeactivatedLabel,,Deactivated,This indicates that the 'status' of their private 'Duck Address' is deactivated,"Autofill Management Survey Prompt, shown only to English locale so marked as not translatable",,true,,false,apps/android/autofill/autofill-impl/src/main/res/values/strings-autofill-impl.xml,97,https://github.com/duckduckgo/Android/blob/fe3e65263b23930e03b723517b7c011edfafbe0b/autofill/autofill-impl/src/main/res/values/strings-autofill-impl.xml#L97
Android,labels,autofill/autofill-impl,credentialManagementDuckAddressDeactivatingLabel,,Deactivating…,"This is text shown briefly while changing the status of their 'Duck Address', going from active to deactivated","Autofill Management Survey Prompt, shown only to English locale so marked as not translatable",,true,,false,apps/android/autofill/autofill-impl/src/main/res/values/strings-autofill-impl.xml,98,https://github.com/duckduckgo/Android/blob/fe3e65263b23930e03b723517b7c011edfafbe0b/autofill/autofill-impl/src/main/res/values/strings-autofill-impl.xml#L98
Android,labels,autofill/autofill-impl,autofillEmailProtectionInContextSignUpDialogFeatureName,,Email Protection,,"Autofill Management Survey Prompt, shown only to English locale so marked as not translatable",,true,,false,apps/android/autofill/autofill-impl/src/main/res/values/strings-autofill-impl.xml,114,https://github.com/duckduckgo/Android/blob/fe3e65263b23930e03b723517b7c011edfafbe0b/autofill/autofill-impl/src/main/res/values/strings-autofill-impl.xml#L114
Android,labels,autofill/autofill-impl,credentialManagementAutofillToggleLabel,,Save and Autofill Passwords,,"Autofill Management Survey Prompt, shown only to English locale so marked as not translatable",,true,,false,apps/android/autofill/autofill-impl/src/main/res/values/strings-autofill-impl.xml,125,https://github.com/duckduckgo/Android/blob/fe3e65263b23930e03b723517b7c011edfafbe0b/autofill/autofill-impl/src/main/res/values/strings-autofill-impl.xml#L125
Android,labels,autofill/autofill-impl,autofillManagementAddLogin,,Add Password,,"Autofill Management Survey Prompt, shown only to English locale so marked as not translatable",,true,,false,apps/android/autofill/autofill-impl/src/main/res/values/strings-autofill-impl.xml,129,https://github.com/duckduckgo/Android/blob/fe3e65263b23930e03b723517b7c011edfafbe0b/autofill/autofill-impl/src/main/res/values/strings-autofill-impl.xml#L129
Android,labels,autofill/autofill-impl,autofillManagementDeletedConfirmation,,Password deleted,,"Autofill Management Survey Prompt, shown only to English locale so marked as not translatable",,true,,false,apps/android/autofill/autofill-impl/src/main/res/values/strings-autofill-impl.xml,131,https://github.com/duckduckgo/Android/blob/fe3e65263b23930e03b723517b7c011edfafbe0b/autofill/autofill-impl/src/main/res/values/strings-autofill-impl.xml#L131
Android,labels,autofill/autofill-impl,autofillManagementSearchLogins,,Search passwords,,"Autofill Management Survey Prompt, shown only to English locale so marked as not translatable",,true,,false,apps/android/autofill/autofill-impl/src/main/res/values/strings-autofill-impl.xml,136,https://github.com/duckduckgo/Android/blob/fe3e65263b23930e03b723517b7c011edfafbe0b/autofill/autofill-impl/src/main/res/values/strings-autofill-impl.xml#L136
Android,labels,autofill/autofill-impl,credentialManagementClearNeverForThisSiteList,,Reset Excluded Sites,,"Autofill Management Survey Prompt, shown only to English locale so marked as not translatable",,true,,false,apps/android/autofill/autofill-impl/src/main/res/values/strings-autofill-impl.xml,151,https://github.com/duckduckgo/Android/blob/fe3e65263b23930e03b723517b7c011edfafbe0b/autofill/autofill-impl/src/main/res/values/strings-autofill-impl.xml#L151
Android,labels,autofill/autofill-impl,autofillManagementImportPasswords,,Import Passwords,,Sync settings screen,,true,,false,apps/android/autofill/autofill-impl/src/main/res/values/strings-autofill-impl.xml,195,https://github.com/duckduckgo/Android/blob/fe3e65263b23930e03b723517b7c011edfafbe0b/autofill/autofill-impl/src/main/res/values/strings-autofill-impl.xml#L195
Android,labels,autofill/autofill-impl,autofillManagementHowToSyncDesktopPasswords,,Sync Desktop Passwords,,Sync settings screen,,true,,false,apps/android/autofill/autofill-impl/src/main/res/values/strings-autofill-impl.xml,196,https://github.com/duckduckgo/Android/blob/fe3e65263b23930e03b723517b7c011edfafbe0b/autofill/autofill-impl/src/main/res/values/strings-autofill-impl.xml#L196
Android,labels,autofill/autofill-impl,autofillManagementImportPasswordsImportFromDesktopInstructionOne,,Open DuckDuckGo on Mac or Windows,,Sync settings screen,,true,,false,apps/android/autofill/autofill-impl/src/main/res/values/strings-autofill-impl.xml,205,https://github.com/duckduckgo/Android/blob/fe3e65263b23930e03b723517b7c011edfafbe0b/autofill/autofill-impl/src/main/res/values/strings-autofill-impl.xml#L205
Android,labels,autofill/autofill-impl,autofillManagementImportPasswordsImportFromDesktopInstructionTwo,,Go to <b>Settings</b> > <b>Passwords</b>,,Sync settings screen,,true,,false,apps/android/autofill/autofill-impl/src/main/res/values/strings-autofill-impl.xml,206,https://github.com/duckduckgo/Android/blob/fe3e65263b23930e03b723517b7c011edfafbe0b/autofill/autofill-impl/src/main/res/values/strings-autofill-impl.xml#L206
Android,labels,autofill/autofill-impl,newTabPageShortcutPasswords,,Passwords,,Save Dialog,,true,,false,apps/android/autofill/autofill-impl/src/main/res/values/strings-autofill-impl.xml,234,https://github.com/duckduckgo/Android/blob/fe3e65263b23930e03b723517b7c011edfafbe0b/autofill/autofill-impl/src/main/res/values/strings-autofill-impl.xml#L234
Android,labels,autofill/autofill-impl,importPasswordsProcessingResultDialogResultDuplicatesSkipped,,Skipped (duplicate or invalid): <b>%d</b>,,Save Dialog,%d,true,,false,apps/android/autofill/autofill-impl/src/main/res/values/strings-autofill-impl.xml,256,https://github.com/duckduckgo/Android/blob/fe3e65263b23930e03b723517b7c011edfafbe0b/autofill/autofill-impl/src/main/res/values/strings-autofill-impl.xml#L256
Android,labels,autofill/autofill-impl,importPasswordsProcessingResultDialogResultPasswordsImported,,Passwords imported: <b>%d</b>,,Save Dialog,%d,true,,false,apps/android/autofill/autofill-impl/src/main/res/values/strings-autofill-impl.xml,257,https://github.com/duckduckgo/Android/blob/fe3e65263b23930e03b723517b7c011edfafbe0b/autofill/autofill-impl/src/main/res/values/strings-autofill-impl.xml#L257
Android,labels,autofill/autofill-impl,serviceName,,DuckDuckGo,,Save Dialog,,false,,false,apps/android/autofill/autofill-impl/src/main/res/values/strings-autofill-impl.xml,259,https://github.com/duckduckgo/Android/blob/fe3e65263b23930e03b723517b7c011edfafbe0b/autofill/autofill-impl/src/main/res/values/strings-autofill-impl.xml#L259
Android,labels,autofill/autofill-impl,autofill_service_suggestion_open_passwords,,Open Passwords,,Save Dialog,,true,,false,apps/android/autofill/autofill-impl/src/main/res/values/strings-autofill-impl.xml,260,https://github.com/duckduckgo/Android/blob/fe3e65263b23930e03b723517b7c011edfafbe0b/autofill/autofill-impl/src/main/res/values/strings-autofill-impl.xml#L260
Android,labels,autofill/autofill-impl,autofill_service_select_password_activity,,Select a Saved Password,,Save Dialog,,true,,false,apps/android/autofill/autofill-impl/src/main/res/values/strings-autofill-impl.xml,261,https://github.com/duckduckgo/Android/blob/fe3e65263b23930e03b723517b7c011edfafbe0b/autofill/autofill-impl/src/main/res/values/strings-autofill-impl.xml#L261
Android,labels,autofill/autofill-impl,autofillSettingsPasswordsEntry,,Passwords,,New autofill Settings screen,,true,,false,apps/android/autofill/autofill-impl/src/main/res/values/strings-autofill-impl.xml,269,https://github.com/duckduckgo/Android/blob/fe3e65263b23930e03b723517b7c011edfafbe0b/autofill/autofill-impl/src/main/res/values/strings-autofill-impl.xml#L269
Android,labels,autofill/autofill-impl,autofillSettingsAutofillToggleLabel,,Ask to Save and Autofill,,New autofill Settings screen,,true,,false,apps/android/autofill/autofill-impl/src/main/res/values/strings-autofill-impl.xml,270,https://github.com/duckduckgo/Android/blob/fe3e65263b23930e03b723517b7c011edfafbe0b/autofill/autofill-impl/src/main/res/values/strings-autofill-impl.xml#L270
Android,labels,autofill/autofill-impl,autofillSettingsImportSectionLabel,,Import Passwords,,New autofill Settings screen,,true,,false,apps/android/autofill/autofill-impl/src/main/res/values/strings-autofill-impl.xml,272,https://github.com/duckduckgo/Android/blob/fe3e65263b23930e03b723517b7c011edfafbe0b/autofill/autofill-impl/src/main/res/values/strings-autofill-impl.xml#L272
Android,labels,autofill/autofill-impl,autofillSettingsImportFromGoogleLabel,,Import Passwords from Google,,New autofill Settings screen,,true,,false,apps/android/autofill/autofill-impl/src/main/res/values/strings-autofill-impl.xml,273,https://github.com/duckduckgo/Android/blob/fe3e65263b23930e03b723517b7c011edfafbe0b/autofill/autofill-impl/src/main/res/values/strings-autofill-impl.xml#L273
Android,labels,autofill/autofill-impl,autofillSettingsImportFromDesktopSync,,Sync Desktop Passwords,,New autofill Settings screen,,true,,false,apps/android/autofill/autofill-impl/src/main/res/values/strings-autofill-impl.xml,274,https://github.com/duckduckgo/Android/blob/fe3e65263b23930e03b723517b7c011edfafbe0b/autofill/autofill-impl/src/main/res/values/strings-autofill-impl.xml#L274
Android,labels,autofill/autofill-impl,importToDuckDuckGo,,Import to DuckDuckGo,,Import Bookmarks Strings,,true,,false,apps/android/autofill/autofill-impl/src/main/res/values/strings-autofill-impl.xml,286,https://github.com/duckduckgo/Android/blob/fe3e65263b23930e03b723517b7c011edfafbe0b/autofill/autofill-impl/src/main/res/values/strings-autofill-impl.xml#L286
Android,labels,autofill/autofill-impl,importBookmarksFromGoogleChromeFolderName,,Imported from Chrome,,Import Bookmarks Strings,,true,,false,apps/android/autofill/autofill-impl/src/main/res/values/strings-autofill-impl.xml,287,https://github.com/duckduckgo/Android/blob/fe3e65263b23930e03b723517b7c011edfafbe0b/autofill/autofill-impl/src/main/res/values/strings-autofill-impl.xml#L287
Android,labels,browser/browser-ui,duck_ai_tab_label,,Duck.ai,,,,false,,false,apps/android/browser/browser-ui/src/main/res/values/donottranslate.xml,23,https://github.com/duckduckgo/Android/blob/fe3e65263b23930e03b723517b7c011edfafbe0b/browser/browser-ui/src/main/res/values/donottranslate.xml#L23
Android,labels,browser/browser-ui,editQueryBeforeSubmitting,,Edit query before searching,,,,true,,false,apps/android/browser/browser-ui/src/main/res/values/strings-auto-complete.xml,19,https://github.com/duckduckgo/Android/blob/fe3e65263b23930e03b723517b7c011edfafbe0b/browser/browser-ui/src/main/res/values/strings-auto-complete.xml#L19
Android,labels,browser/browser-ui,autocompleteRemoveItemRemove,,Remove,,,,true,,false,apps/android/browser/browser-ui/src/main/res/values/strings-auto-complete.xml,22,https://github.com/duckduckgo/Android/blob/fe3e65263b23930e03b723517b7c011edfafbe0b/browser/browser-ui/src/main/res/values/strings-auto-complete.xml#L22
Android,labels,browser/browser-ui,autocompleteSwitchToTab,,Switch to Tab · %1$s,Placeholder is a website,,%1$s,true,,false,apps/android/browser/browser-ui/src/main/res/values/strings-auto-complete.xml,23,https://github.com/duckduckgo/Android/blob/fe3e65263b23930e03b723517b7c011edfafbe0b/browser/browser-ui/src/main/res/values/strings-auto-complete.xml#L23
Android,labels,browser/browser-ui,input_mode_search_tab,,Search,,Input Mode Tab Layout,,true,,false,apps/android/browser/browser-ui/src/main/res/values/strings-input-mode.xml,20,https://github.com/duckduckgo/Android/blob/fe3e65263b23930e03b723517b7c011edfafbe0b/browser/browser-ui/src/main/res/values/strings-input-mode.xml#L20
Android,labels,browser/browser-ui,input_mode_chat_tab,,Duck.ai,,Input Mode Tab Layout,,true,,false,apps/android/browser/browser-ui/src/main/res/values/strings-input-mode.xml,21,https://github.com/duckduckgo/Android/blob/fe3e65263b23930e03b723517b7c011edfafbe0b/browser/browser-ui/src/main/res/values/strings-input-mode.xml#L21
Android,labels,browser/browser-ui,newTabReturnHatchTabClosed,,Tab closed,,,,true,,false,apps/android/browser/browser-ui/src/main/res/values/strings-new-tab-return-hatch.xml,21,https://github.com/duckduckgo/Android/blob/fe3e65263b23930e03b723517b7c011edfafbe0b/browser/browser-ui/src/main/res/values/strings-new-tab-return-hatch.xml#L21
Android,labels,browser/browser-ui,newTabReturnHatchUndo,,Undo,,,,true,,false,apps/android/browser/browser-ui/src/main/res/values/strings-new-tab-return-hatch.xml,22,https://github.com/duckduckgo/Android/blob/fe3e65263b23930e03b723517b7c011edfafbe0b/browser/browser-ui/src/main/res/values/strings-new-tab-return-hatch.xml#L22
Android,labels,common/common-utils,common_Today,,Today,,,,true,,false,apps/android/common/common-utils/src/main/res/values/strings-common.xml,20,https://github.com/duckduckgo/Android/blob/fe3e65263b23930e03b723517b7c011edfafbe0b/common/common-utils/src/main/res/values/strings-common.xml#L20
Android,labels,common/common-utils,common_Yesterday,,Yesterday,,,,true,,false,apps/android/common/common-utils/src/main/res/values/strings-common.xml,21,https://github.com/duckduckgo/Android/blob/fe3e65263b23930e03b723517b7c011edfafbe0b/common/common-utils/src/main/res/values/strings-common.xml#L21
Android,labels,common/common-utils,common_PastWeek,,Past Week,,,,true,,false,apps/android/common/common-utils/src/main/res/values/strings-common.xml,23,https://github.com/duckduckgo/Android/blob/fe3e65263b23930e03b723517b7c011edfafbe0b/common/common-utils/src/main/res/values/strings-common.xml#L23
Android,labels,common/common-utils,common_PastMonth,,Past Month,,,,true,,false,apps/android/common/common-utils/src/main/res/values/strings-common.xml,24,https://github.com/duckduckgo/Android/blob/fe3e65263b23930e03b723517b7c011edfafbe0b/common/common-utils/src/main/res/values/strings-common.xml#L24
Android,labels,common/common-utils,common_JustNow,,Just Now,,,,true,,false,apps/android/common/common-utils/src/main/res/values/strings-common.xml,27,https://github.com/duckduckgo/Android/blob/fe3e65263b23930e03b723517b7c011edfafbe0b/common/common-utils/src/main/res/values/strings-common.xml#L27
Android,labels,common/common-utils,common_hour_abbreviation,,hr,,,,true,,false,apps/android/common/common-utils/src/main/res/values/strings-common.xml,28,https://github.com/duckduckgo/Android/blob/fe3e65263b23930e03b723517b7c011edfafbe0b/common/common-utils/src/main/res/values/strings-common.xml#L28
Android,labels,common/common-utils,common_min_abbreviation,,min,,,,true,,false,apps/android/common/common-utils/src/main/res/values/strings-common.xml,29,https://github.com/duckduckgo/Android/blob/fe3e65263b23930e03b723517b7c011edfafbe0b/common/common-utils/src/main/res/values/strings-common.xml#L29
Android,labels,common/common-utils,common_seconds_abbreviation,,sec,,,,true,,false,apps/android/common/common-utils/src/main/res/values/strings-common.xml,30,https://github.com/duckduckgo/Android/blob/fe3e65263b23930e03b723517b7c011edfafbe0b/common/common-utils/src/main/res/values/strings-common.xml#L30
Android,labels,dax-prompts/dax-prompts-impl,cannotLaunchDefaultAppSettings,,Can't launch default app settings screen,,,,false,,false,apps/android/dax-prompts/dax-prompts-impl/src/main/res/values/donottranslate.xml,18,https://github.com/duckduckgo/Android/blob/fe3e65263b23930e03b723517b7c011edfafbe0b/dax-prompts/dax-prompts-impl/src/main/res/values/donottranslate.xml#L18
Android,labels,dax-prompts/dax-prompts-impl,dax_prompt_browser_comparison_item1,,Search privately by default,This text is placed in a table,,,true,,false,apps/android/dax-prompts/dax-prompts-impl/src/main/res/values/strings-daxprompts.xml,25,https://github.com/duckduckgo/Android/blob/fe3e65263b23930e03b723517b7c011edfafbe0b/dax-prompts/dax-prompts-impl/src/main/res/values/strings-daxprompts.xml#L25
Android,labels,dax-prompts/dax-prompts-impl,dax_prompt_browser_comparison_item2,,Block 3rd-party trackers,This text is placed in a table,,,true,,false,apps/android/dax-prompts/dax-prompts-impl/src/main/res/values/strings-daxprompts.xml,26,https://github.com/duckduckgo/Android/blob/fe3e65263b23930e03b723517b7c011edfafbe0b/dax-prompts/dax-prompts-impl/src/main/res/values/strings-daxprompts.xml#L26
Android,labels,dax-prompts/dax-prompts-impl,dax_prompt_browser_comparison_item3,,Block cookie pop-ups,This text is placed in a table,,,true,,false,apps/android/dax-prompts/dax-prompts-impl/src/main/res/values/strings-daxprompts.xml,27,https://github.com/duckduckgo/Android/blob/fe3e65263b23930e03b723517b7c011edfafbe0b/dax-prompts/dax-prompts-impl/src/main/res/values/strings-daxprompts.xml#L27
Android,labels,dax-prompts/dax-prompts-impl,dax_prompt_browser_comparison_item4,,Block targeted ads,This text is placed in a table,,,true,,false,apps/android/dax-prompts/dax-prompts-impl/src/main/res/values/strings-daxprompts.xml,28,https://github.com/duckduckgo/Android/blob/fe3e65263b23930e03b723517b7c011edfafbe0b/dax-prompts/dax-prompts-impl/src/main/res/values/strings-daxprompts.xml#L28
Android,labels,desktop-app-promotion/desktop-app-promotion-impl,desktopAppPromotionNoThanks,,No Thanks,,,,true,,false,apps/android/desktop-app-promotion/desktop-app-promotion-impl/src/main/res/values/strings-desktop-app-promotion.xml,25,https://github.com/duckduckgo/Android/blob/fe3e65263b23930e03b723517b7c011edfafbe0b/desktop-app-promotion/desktop-app-promotion-impl/src/main/res/values/strings-desktop-app-promotion.xml#L25
Android,labels,downloads/downloads-impl,newTabPageShortcutDownloads,,Downloads,,New Tab shortcut label,,false,,false,apps/android/downloads/downloads-impl/src/main/res/values/donottranslate.xml,20,https://github.com/duckduckgo/Android/blob/fe3e65263b23930e03b723517b7c011edfafbe0b/downloads/downloads-impl/src/main/res/values/donottranslate.xml#L20
Android,labels,downloads/downloads-impl,downloadInProgress,,Downloading,,,,true,,false,apps/android/downloads/downloads-impl/src/main/res/values/strings-downloads.xml,25,https://github.com/duckduckgo/Android/blob/fe3e65263b23930e03b723517b7c011edfafbe0b/downloads/downloads-impl/src/main/res/values/strings-downloads.xml#L25
Android,labels,downloads/downloads-impl,downloadsStateInProgress,,In progress…,,,,true,,false,apps/android/downloads/downloads-impl/src/main/res/values/strings-downloads.xml,51,https://github.com/duckduckgo/Android/blob/fe3e65263b23930e03b723517b7c011edfafbe0b/downloads/downloads-impl/src/main/res/values/strings-downloads.xml#L51
Android,labels,downloads/downloads-impl,downloadsUndoActionName,,Undo,,,,true,,false,apps/android/downloads/downloads-impl/src/main/res/values/strings-downloads.xml,52,https://github.com/duckduckgo/Android/blob/fe3e65263b23930e03b723517b7c011edfafbe0b/downloads/downloads-impl/src/main/res/values/strings-downloads.xml#L52
Android,labels,duckchat/duckchat-impl,subscriptionOnboardingDuckAiStart,,Start Duck.ai Chat,,Subscription onboarding,,false,,false,apps/android/duckchat/duckchat-impl/src/main/res/values/donottranslate.xml,26,https://github.com/duckduckgo/Android/blob/fe3e65263b23930e03b723517b7c011edfafbe0b/duckchat/duckchat-impl/src/main/res/values/donottranslate.xml#L26
Android,labels,duckchat/duckchat-impl,subscriptionOnboardingDuckAiNotNow,,Not Now,,Subscription onboarding,,false,,false,apps/android/duckchat/duckchat-impl/src/main/res/values/donottranslate.xml,27,https://github.com/duckduckgo/Android/blob/fe3e65263b23930e03b723517b7c011edfafbe0b/duckchat/duckchat-impl/src/main/res/values/donottranslate.xml#L27
Android,labels,duckchat/duckchat-impl,subscriptionOnboardingDuckAiTierPlus,,PLUS,,Subscription onboarding,,false,,false,apps/android/duckchat/duckchat-impl/src/main/res/values/donottranslate.xml,28,https://github.com/duckduckgo/Android/blob/fe3e65263b23930e03b723517b7c011edfafbe0b/duckchat/duckchat-impl/src/main/res/values/donottranslate.xml#L28
Android,labels,duckchat/duckchat-impl,subscriptionOnboardingDuckAiTierPro,,PRO,,Subscription onboarding,,false,,false,apps/android/duckchat/duckchat-impl/src/main/res/values/donottranslate.xml,29,https://github.com/duckduckgo/Android/blob/fe3e65263b23930e03b723517b7c011edfafbe0b/duckchat/duckchat-impl/src/main/res/values/donottranslate.xml#L29
Android,labels,duckchat/duckchat-impl,duckChatModelProviderOpenAi,,ChatGPT,,"Model provider names, shown in the onboarding provider choice",,false,,false,apps/android/duckchat/duckchat-impl/src/main/res/values/donottranslate.xml,36,https://github.com/duckduckgo/Android/blob/fe3e65263b23930e03b723517b7c011edfafbe0b/duckchat/duckchat-impl/src/main/res/values/donottranslate.xml#L36
Android,labels,duckchat/duckchat-impl,duckChatModelProviderAnthropic,,Claude,,"Model provider names, shown in the onboarding provider choice",,false,,false,apps/android/duckchat/duckchat-impl/src/main/res/values/donottranslate.xml,37,https://github.com/duckduckgo/Android/blob/fe3e65263b23930e03b723517b7c011edfafbe0b/duckchat/duckchat-impl/src/main/res/values/donottranslate.xml#L37
Android,labels,duckchat/duckchat-impl,duckChatModelProviderMistral,,Mistral,,"Model provider names, shown in the onboarding provider choice",,false,,false,apps/android/duckchat/duckchat-impl/src/main/res/values/donottranslate.xml,38,https://github.com/duckduckgo/Android/blob/fe3e65263b23930e03b723517b7c011edfafbe0b/duckchat/duckchat-impl/src/main/res/values/donottranslate.xml#L38
Android,labels,duckchat/duckchat-impl,duckChatOnboardingNewTabTogglePositionDuckAi,,Open tabs with AI chat,,"New tab toggle positions, shown in the onboarding toggle position choice",,false,,false,apps/android/duckchat/duckchat-impl/src/main/res/values/donottranslate.xml,41,https://github.com/duckduckgo/Android/blob/fe3e65263b23930e03b723517b7c011edfafbe0b/duckchat/duckchat-impl/src/main/res/values/donottranslate.xml#L41
Android,labels,duckchat/duckchat-impl,duckChatOnboardingNewTabTogglePositionLastUsed,,Not Now,,"New tab toggle positions, shown in the onboarding toggle position choice",,false,,false,apps/android/duckchat/duckchat-impl/src/main/res/values/donottranslate.xml,42,https://github.com/duckduckgo/Android/blob/fe3e65263b23930e03b723517b7c011edfafbe0b/duckchat/duckchat-impl/src/main/res/values/donottranslate.xml#L42
Android,labels,duckchat/duckchat-impl,duckChatOnboardingDuckAiStateOn,,Turn Duck.ai On,,"Duck.ai on/off, shown in the onboarding Duck.ai state choice",,false,,false,apps/android/duckchat/duckchat-impl/src/main/res/values/donottranslate.xml,45,https://github.com/duckduckgo/Android/blob/fe3e65263b23930e03b723517b7c011edfafbe0b/duckchat/duckchat-impl/src/main/res/values/donottranslate.xml#L45
Android,labels,duckchat/duckchat-impl,duckChatOnboardingDuckAiStateOff,,Keep Duck.ai Off,,"Duck.ai on/off, shown in the onboarding Duck.ai state choice",,false,,false,apps/android/duckchat/duckchat-impl/src/main/res/values/donottranslate.xml,46,https://github.com/duckduckgo/Android/blob/fe3e65263b23930e03b723517b7c011edfafbe0b/duckchat/duckchat-impl/src/main/res/values/donottranslate.xml#L46
Android,labels,duckchat/duckchat-impl,duck_chat_download_finished_action_name,,Open,,,,true,,false,apps/android/duckchat/duckchat-impl/src/main/res/values/strings-duckchat.xml,20,https://github.com/duckduckgo/Android/blob/fe3e65263b23930e03b723517b7c011edfafbe0b/duckchat/duckchat-impl/src/main/res/values/strings-duckchat.xml#L20
Android,labels,duckchat/duckchat-impl,imageCaptureCameraUnavailable,,Could not access camera,,Uploading an image from the camera or choosing to use existing image,,true,,false,apps/android/duckchat/duckchat-impl/src/main/res/values/strings-duckchat.xml,24,https://github.com/duckduckgo/Android/blob/fe3e65263b23930e03b723517b7c011edfafbe0b/duckchat/duckchat-impl/src/main/res/values/strings-duckchat.xml#L24
Android,labels,duckchat/duckchat-impl,imageCaptureCameraGalleryDisambiguationGalleryOption,,Choose File,,Uploading an image from the camera or choosing to use existing image,,true,,false,apps/android/duckchat/duckchat-impl/src/main/res/values/strings-duckchat.xml,26,https://github.com/duckduckgo/Android/blob/fe3e65263b23930e03b723517b7c011edfafbe0b/duckchat/duckchat-impl/src/main/res/values/strings-duckchat.xml#L26
Android,labels,duckchat/duckchat-impl,imageCaptureCameraGalleryDisambiguationCameraOption,,Take Photo,,Uploading an image from the camera or choosing to use existing image,,true,,false,apps/android/duckchat/duckchat-impl/src/main/res/values/strings-duckchat.xml,27,https://github.com/duckduckgo/Android/blob/fe3e65263b23930e03b723517b7c011edfafbe0b/duckchat/duckchat-impl/src/main/res/values/strings-duckchat.xml#L27
Android,labels,duckchat/duckchat-impl,audioCaptureSoundRecorderUnavailable,,Could not access sound recorder,,Content capture for upload,,true,,false,apps/android/duckchat/duckchat-impl/src/main/res/values/strings-duckchat.xml,34,https://github.com/duckduckgo/Android/blob/fe3e65263b23930e03b723517b7c011edfafbe0b/duckchat/duckchat-impl/src/main/res/values/strings-duckchat.xml#L34
Android,labels,duckchat/duckchat-impl,duck_chat_enable_duck_ai_setting,,Duck.ai,,Settings,,true,,false,apps/android/duckchat/duckchat-impl/src/main/res/values/strings-duckchat.xml,41,https://github.com/duckduckgo/Android/blob/fe3e65263b23930e03b723517b7c011edfafbe0b/duckchat/duckchat-impl/src/main/res/values/strings-duckchat.xml#L41
Android,labels,duckchat/duckchat-impl,duck_chat_visibility_setting,,Browser Menu,,Settings,,true,,false,apps/android/duckchat/duckchat-impl/src/main/res/values/strings-duckchat.xml,43,https://github.com/duckduckgo/Android/blob/fe3e65263b23930e03b723517b7c011edfafbe0b/duckchat/duckchat-impl/src/main/res/values/strings-duckchat.xml#L43
Android,labels,duckchat/duckchat-impl,duck_chat_address_bar_visibility_setting,,Address Bar,,Settings,,true,,false,apps/android/duckchat/duckchat-impl/src/main/res/values/strings-duckchat.xml,44,https://github.com/duckduckgo/Android/blob/fe3e65263b23930e03b723517b7c011edfafbe0b/duckchat/duckchat-impl/src/main/res/values/strings-duckchat.xml#L44
Android,labels,duckchat/duckchat-impl,duckAiDefaultTogglePositionSearch,,Search,,Default Toggle Position,,true,,false,apps/android/duckchat/duckchat-impl/src/main/res/values/strings-duckchat.xml,52,https://github.com/duckduckgo/Android/blob/fe3e65263b23930e03b723517b7c011edfafbe0b/duckchat/duckchat-impl/src/main/res/values/strings-duckchat.xml#L52
Android,labels,duckchat/duckchat-impl,duckAiDefaultTogglePositionDuckAi,,Duck.ai,,Default Toggle Position,,true,,false,apps/android/duckchat/duckchat-impl/src/main/res/values/strings-duckchat.xml,53,https://github.com/duckduckgo/Android/blob/fe3e65263b23930e03b723517b7c011edfafbe0b/duckchat/duckchat-impl/src/main/res/values/strings-duckchat.xml#L53
Android,labels,duckchat/duckchat-impl,duckAiDefaultTogglePositionLastUsed,,Last Used,,Default Toggle Position,,true,,false,apps/android/duckchat/duckchat-impl/src/main/res/values/strings-duckchat.xml,54,https://github.com/duckduckgo/Android/blob/fe3e65263b23930e03b723517b7c011edfafbe0b/duckchat/duckchat-impl/src/main/res/values/strings-duckchat.xml#L54
Android,labels,duckchat/duckchat-impl,duckAiVoiceSearchVisibilitySetting,,Voice Search,,Duck AI Voice Search Shortcut Setting,,true,,false,apps/android/duckchat/duckchat-impl/src/main/res/values/strings-duckchat.xml,57,https://github.com/duckduckgo/Android/blob/fe3e65263b23930e03b723517b7c011edfafbe0b/duckchat/duckchat-impl/src/main/res/values/strings-duckchat.xml#L57
Android,labels,duckchat/duckchat-impl,input_screen_user_pref_without_ai,,Search Only,,Input Screen,,true,,false,apps/android/duckchat/duckchat-impl/src/main/res/values/strings-duckchat.xml,62,https://github.com/duckduckgo/Android/blob/fe3e65263b23930e03b723517b7c011edfafbe0b/duckchat/duckchat-impl/src/main/res/values/strings-duckchat.xml#L62
Android,labels,duckchat/duckchat-impl,input_screen_user_pref_with_ai,,Search & Duck.ai,,Input Screen,,true,,false,apps/android/duckchat/duckchat-impl/src/main/res/values/strings-duckchat.xml,63,https://github.com/duckduckgo/Android/blob/fe3e65263b23930e03b723517b7c011edfafbe0b/duckchat/duckchat-impl/src/main/res/values/strings-duckchat.xml#L63
Android,labels,duckchat/duckchat-impl,duck_ai_paid_settings_open_duck_ai,,Open Duck.ai,,Duck.ai Pro settings,,true,,false,apps/android/duckchat/duckchat-impl/src/main/res/values/strings-duckchat.xml,70,https://github.com/duckduckgo/Android/blob/fe3e65263b23930e03b723517b7c011edfafbe0b/duckchat/duckchat-impl/src/main/res/values/strings-duckchat.xml#L70
Android,labels,duckchat/duckchat-impl,newAddressBarOptionBottomSheetDialogSearchOnly,,Search Only,,New Address Bar Option Bottom Sheet Dialog,,true,,false,apps/android/duckchat/duckchat-impl/src/main/res/values/strings-duckchat.xml,82,https://github.com/duckduckgo/Android/blob/fe3e65263b23930e03b723517b7c011edfafbe0b/duckchat/duckchat-impl/src/main/res/values/strings-duckchat.xml#L82
Android,labels,duckchat/duckchat-impl,newAddressBarOptionBottomSheetDialogSearchAndDuckAi,,Search & Duck.ai,,New Address Bar Option Bottom Sheet Dialog,,true,,false,apps/android/duckchat/duckchat-impl/src/main/res/values/strings-duckchat.xml,83,https://github.com/duckduckgo/Android/blob/fe3e65263b23930e03b723517b7c011edfafbe0b/duckchat/duckchat-impl/src/main/res/values/strings-duckchat.xml#L83
Android,labels,duckchat/duckchat-impl,duckAiSearchAssistVisibilityNever,,Never,,Search Assist Visibility,,true,,false,apps/android/duckchat/duckchat-impl/src/main/res/values/strings-duckchat.xml,98,https://github.com/duckduckgo/Android/blob/fe3e65263b23930e03b723517b7c011edfafbe0b/duckchat/duckchat-impl/src/main/res/values/strings-duckchat.xml#L98
Android,labels,duckchat/duckchat-impl,duckAiSearchAssistVisibilityOnDemand,,On demand,,Search Assist Visibility,,true,,false,apps/android/duckchat/duckchat-impl/src/main/res/values/strings-duckchat.xml,99,https://github.com/duckduckgo/Android/blob/fe3e65263b23930e03b723517b7c011edfafbe0b/duckchat/duckchat-impl/src/main/res/values/strings-duckchat.xml#L99
Android,labels,duckchat/duckchat-impl,duckAiSearchAssistVisibilitySometimes,,Sometimes,,Search Assist Visibility,,true,,false,apps/android/duckchat/duckchat-impl/src/main/res/values/strings-duckchat.xml,100,https://github.com/duckduckgo/Android/blob/fe3e65263b23930e03b723517b7c011edfafbe0b/duckchat/duckchat-impl/src/main/res/values/strings-duckchat.xml#L100
Android,labels,duckchat/duckchat-impl,duckAiSearchAssistVisibilityOften,,Often,,Search Assist Visibility,,true,,false,apps/android/duckchat/duckchat-impl/src/main/res/values/strings-duckchat.xml,101,https://github.com/duckduckgo/Android/blob/fe3e65263b23930e03b723517b7c011edfafbe0b/duckchat/duckchat-impl/src/main/res/values/strings-duckchat.xml#L101
Android,labels,duckchat/duckchat-impl,input_screen_user_pref_toggle_between_search_and_ai,,Toggle between Search and Duck.ai,,Duck AI Section in AI Feature Screen,,true,,false,apps/android/duckchat/duckchat-impl/src/main/res/values/strings-duckchat.xml,109,https://github.com/duckduckgo/Android/blob/fe3e65263b23930e03b723517b7c011edfafbe0b/duckchat/duckchat-impl/src/main/res/values/strings-duckchat.xml#L109
Android,labels,duckchat/duckchat-impl,duck_ai_paid_settings_enable_in_settings,,Enable in AI Features Settings,,Duck AI Paid Settings,,true,,false,apps/android/duckchat/duckchat-impl/src/main/res/values/strings-duckchat.xml,114,https://github.com/duckduckgo/Android/blob/fe3e65263b23930e03b723517b7c011edfafbe0b/duckchat/duckchat-impl/src/main/res/values/strings-duckchat.xml#L114
Android,labels,duckchat/duckchat-impl,duck_ai_paid_settings_manage_in_settings,,Manage in AI Features Settings,,Duck AI Paid Settings,,true,,false,apps/android/duckchat/duckchat-impl/src/main/res/values/strings-duckchat.xml,115,https://github.com/duckduckgo/Android/blob/fe3e65263b23930e03b723517b7c011edfafbe0b/duckchat/duckchat-impl/src/main/res/values/strings-duckchat.xml#L115
Android,labels,duckchat/duckchat-impl,duckAiSuggestionTranslatePageLabel,,Translate this page,Suggested prompt chip: translate the current page,"Contextual sheet suggested prompts; native copy for PageSuggestionsCatalog.json entries, keyed by catalog id",,true,,false,apps/android/duckchat/duckchat-impl/src/main/res/values/strings-duckchat.xml,127,https://github.com/duckduckgo/Android/blob/fe3e65263b23930e03b723517b7c011edfafbe0b/duckchat/duckchat-impl/src/main/res/values/strings-duckchat.xml#L127
Android,labels,duckchat/duckchat-impl,duckAiSuggestionKeyTakeawaysLabel,,What are the key takeaways?,Suggested prompt chip: key takeaways of an article,"Contextual sheet suggested prompts; native copy for PageSuggestionsCatalog.json entries, keyed by catalog id",,true,,false,apps/android/duckchat/duckchat-impl/src/main/res/values/strings-duckchat.xml,129,https://github.com/duckduckgo/Android/blob/fe3e65263b23930e03b723517b7c011edfafbe0b/duckchat/duckchat-impl/src/main/res/values/strings-duckchat.xml#L129
Android,labels,duckchat/duckchat-impl,duckAiSuggestionExplainSimplyLabel,,Explain this simply,Suggested prompt chip: explain the content simply,"Contextual sheet suggested prompts; native copy for PageSuggestionsCatalog.json entries, keyed by catalog id",,true,,false,apps/android/duckchat/duckchat-impl/src/main/res/values/strings-duckchat.xml,131,https://github.com/duckduckgo/Android/blob/fe3e65263b23930e03b723517b7c011edfafbe0b/duckchat/duckchat-impl/src/main/res/values/strings-duckchat.xml#L131
Android,labels,duckchat/duckchat-impl,duckAiSuggestionCounterargumentsLabel,,What are the counterarguments?,Suggested prompt chip: counterarguments,"Contextual sheet suggested prompts; native copy for PageSuggestionsCatalog.json entries, keyed by catalog id",,true,,false,apps/android/duckchat/duckchat-impl/src/main/res/values/strings-duckchat.xml,133,https://github.com/duckduckgo/Android/blob/fe3e65263b23930e03b723517b7c011edfafbe0b/duckchat/duckchat-impl/src/main/res/values/strings-duckchat.xml#L133
Android,labels,duckchat/duckchat-impl,duckAiSuggestionRelatedArticlesLabel,,Suggest related articles to explore,Suggested prompt chip: related articles,"Contextual sheet suggested prompts; native copy for PageSuggestionsCatalog.json entries, keyed by catalog id",,true,,false,apps/android/duckchat/duckchat-impl/src/main/res/values/strings-duckchat.xml,135,https://github.com/duckduckgo/Android/blob/fe3e65263b23930e03b723517b7c011edfafbe0b/duckchat/duckchat-impl/src/main/res/values/strings-duckchat.xml#L135
Android,labels,duckchat/duckchat-impl,duckAiSuggestionShoppingListLabel,,Generate a shopping list,Suggested prompt chip: shopping list from a recipe,"Contextual sheet suggested prompts; native copy for PageSuggestionsCatalog.json entries, keyed by catalog id",,true,,false,apps/android/duckchat/duckchat-impl/src/main/res/values/strings-duckchat.xml,137,https://github.com/duckduckgo/Android/blob/fe3e65263b23930e03b723517b7c011edfafbe0b/duckchat/duckchat-impl/src/main/res/values/strings-duckchat.xml#L137
Android,labels,duckchat/duckchat-impl,duckAiSuggestionRecipeNutritionLabel,,Estimate the nutrition,Suggested prompt chip: recipe nutrition,"Contextual sheet suggested prompts; native copy for PageSuggestionsCatalog.json entries, keyed by catalog id",,true,,false,apps/android/duckchat/duckchat-impl/src/main/res/values/strings-duckchat.xml,139,https://github.com/duckduckgo/Android/blob/fe3e65263b23930e03b723517b7c011edfafbe0b/duckchat/duckchat-impl/src/main/res/values/strings-duckchat.xml#L139
Android,labels,duckchat/duckchat-impl,duckAiSuggestionScaleRecipeLabel,,Adjust the servings,Suggested prompt chip: scale a recipe,"Contextual sheet suggested prompts; native copy for PageSuggestionsCatalog.json entries, keyed by catalog id",,true,,false,apps/android/duckchat/duckchat-impl/src/main/res/values/strings-duckchat.xml,141,https://github.com/duckduckgo/Android/blob/fe3e65263b23930e03b723517b7c011edfafbe0b/duckchat/duckchat-impl/src/main/res/values/strings-duckchat.xml#L141
Android,labels,duckchat/duckchat-impl,duckAiSuggestionProductProsConsLabel,,What are the pros and cons?,Suggested prompt chip: product pros and cons,"Contextual sheet suggested prompts; native copy for PageSuggestionsCatalog.json entries, keyed by catalog id",,true,,false,apps/android/duckchat/duckchat-impl/src/main/res/values/strings-duckchat.xml,143,https://github.com/duckduckgo/Android/blob/fe3e65263b23930e03b723517b7c011edfafbe0b/duckchat/duckchat-impl/src/main/res/values/strings-duckchat.xml#L143
Android,labels,duckchat/duckchat-impl,duckAiSuggestionFindAlternativesLabel,,Find me alternatives,Suggested prompt chip: product alternatives,"Contextual sheet suggested prompts; native copy for PageSuggestionsCatalog.json entries, keyed by catalog id",,true,,false,apps/android/duckchat/duckchat-impl/src/main/res/values/strings-duckchat.xml,145,https://github.com/duckduckgo/Android/blob/fe3e65263b23930e03b723517b7c011edfafbe0b/duckchat/duckchat-impl/src/main/res/values/strings-duckchat.xml#L145
Android,labels,duckchat/duckchat-impl,duckAiSuggestionSummarizeVideoLabel,,Summarize this video,Suggested prompt chip: summarize a video,"Contextual sheet suggested prompts; native copy for PageSuggestionsCatalog.json entries, keyed by catalog id",,true,,false,apps/android/duckchat/duckchat-impl/src/main/res/values/strings-duckchat.xml,147,https://github.com/duckduckgo/Android/blob/fe3e65263b23930e03b723517b7c011edfafbe0b/duckchat/duckchat-impl/src/main/res/values/strings-duckchat.xml#L147
Android,labels,duckchat/duckchat-impl,duckAiSuggestionVideoKeyPointsLabel,,What are the key points?,Suggested prompt chip: video key points,"Contextual sheet suggested prompts; native copy for PageSuggestionsCatalog.json entries, keyed by catalog id",,true,,false,apps/android/duckchat/duckchat-impl/src/main/res/values/strings-duckchat.xml,149,https://github.com/duckduckgo/Android/blob/fe3e65263b23930e03b723517b7c011edfafbe0b/duckchat/duckchat-impl/src/main/res/values/strings-duckchat.xml#L149
Android,labels,duckchat/duckchat-impl,duckAiSuggestionTailorResumeLabel,,Tailor my resume,Suggested prompt chip: tailor a resume to a job,"Contextual sheet suggested prompts; native copy for PageSuggestionsCatalog.json entries, keyed by catalog id",,true,,false,apps/android/duckchat/duckchat-impl/src/main/res/values/strings-duckchat.xml,151,https://github.com/duckduckgo/Android/blob/fe3e65263b23930e03b723517b7c011edfafbe0b/duckchat/duckchat-impl/src/main/res/values/strings-duckchat.xml#L151
Android,labels,duckchat/duckchat-impl,duckAiSuggestionInterviewPrepLabel,,Help me prep for the interview,Suggested prompt chip: interview prep,"Contextual sheet suggested prompts; native copy for PageSuggestionsCatalog.json entries, keyed by catalog id",,true,,false,apps/android/duckchat/duckchat-impl/src/main/res/values/strings-duckchat.xml,153,https://github.com/duckduckgo/Android/blob/fe3e65263b23930e03b723517b7c011edfafbe0b/duckchat/duckchat-impl/src/main/res/values/strings-duckchat.xml#L153
Android,labels,duckchat/duckchat-impl,duckAiSuggestionCoverLetterLabel,,Draft a cover letter,Suggested prompt chip: draft a cover letter,"Contextual sheet suggested prompts; native copy for PageSuggestionsCatalog.json entries, keyed by catalog id",,true,,false,apps/android/duckchat/duckchat-impl/src/main/res/values/strings-duckchat.xml,155,https://github.com/duckduckgo/Android/blob/fe3e65263b23930e03b723517b7c011edfafbe0b/duckchat/duckchat-impl/src/main/res/values/strings-duckchat.xml#L155
Android,labels,duckchat/duckchat-impl,duckAiSuggestionEventDetailsLabel,,What are the key details?,Suggested prompt chip: event details,"Contextual sheet suggested prompts; native copy for PageSuggestionsCatalog.json entries, keyed by catalog id",,true,,false,apps/android/duckchat/duckchat-impl/src/main/res/values/strings-duckchat.xml,157,https://github.com/duckduckgo/Android/blob/fe3e65263b23930e03b723517b7c011edfafbe0b/duckchat/duckchat-impl/src/main/res/values/strings-duckchat.xml#L157
Android,labels,duckchat/duckchat-impl,duckAiSuggestionWorthWatchingLabel,,Is this worth watching?,Suggested prompt chip: is a movie/show worth watching,"Contextual sheet suggested prompts; native copy for PageSuggestionsCatalog.json entries, keyed by catalog id",,true,,false,apps/android/duckchat/duckchat-impl/src/main/res/values/strings-duckchat.xml,159,https://github.com/duckduckgo/Android/blob/fe3e65263b23930e03b723517b7c011edfafbe0b/duckchat/duckchat-impl/src/main/res/values/strings-duckchat.xml#L159
Android,labels,duckchat/duckchat-impl,duckAiSuggestionSimilarTitlesLabel,,Recommend similar titles,Suggested prompt chip: similar movies or shows,"Contextual sheet suggested prompts; native copy for PageSuggestionsCatalog.json entries, keyed by catalog id",,true,,false,apps/android/duckchat/duckchat-impl/src/main/res/values/strings-duckchat.xml,161,https://github.com/duckduckgo/Android/blob/fe3e65263b23930e03b723517b7c011edfafbe0b/duckchat/duckchat-impl/src/main/res/values/strings-duckchat.xml#L161
Android,labels,duckchat/duckchat-impl,duckAiSuggestionCastCrewLabel,,Cast & Crew,Suggested prompt chip: cast and crew,"Contextual sheet suggested prompts; native copy for PageSuggestionsCatalog.json entries, keyed by catalog id",,true,,false,apps/android/duckchat/duckchat-impl/src/main/res/values/strings-duckchat.xml,163,https://github.com/duckduckgo/Android/blob/fe3e65263b23930e03b723517b7c011edfafbe0b/duckchat/duckchat-impl/src/main/res/values/strings-duckchat.xml#L163
Android,labels,duckchat/duckchat-impl,duckAiSuggestionSummarizeBookLabel,,Summarize this book,Suggested prompt chip: summarize a book,"Contextual sheet suggested prompts; native copy for PageSuggestionsCatalog.json entries, keyed by catalog id",,true,,false,apps/android/duckchat/duckchat-impl/src/main/res/values/strings-duckchat.xml,165,https://github.com/duckduckgo/Android/blob/fe3e65263b23930e03b723517b7c011edfafbe0b/duckchat/duckchat-impl/src/main/res/values/strings-duckchat.xml#L165
Android,labels,duckchat/duckchat-impl,duckAiSuggestionSimilarBooksLabel,,Recommend similar books,Suggested prompt chip: similar books,"Contextual sheet suggested prompts; native copy for PageSuggestionsCatalog.json entries, keyed by catalog id",,true,,false,apps/android/duckchat/duckchat-impl/src/main/res/values/strings-duckchat.xml,167,https://github.com/duckduckgo/Android/blob/fe3e65263b23930e03b723517b7c011edfafbe0b/duckchat/duckchat-impl/src/main/res/values/strings-duckchat.xml#L167
Android,labels,duckchat/duckchat-impl,duckAiSuggestionExplainPaperLabel,,Explain this paper,Suggested prompt chip: explain a research paper,"Contextual sheet suggested prompts; native copy for PageSuggestionsCatalog.json entries, keyed by catalog id",,true,,false,apps/android/duckchat/duckchat-impl/src/main/res/values/strings-duckchat.xml,169,https://github.com/duckduckgo/Android/blob/fe3e65263b23930e03b723517b7c011edfafbe0b/duckchat/duckchat-impl/src/main/res/values/strings-duckchat.xml#L169
Android,labels,duckchat/duckchat-impl,duckAiSuggestionPaperContributionsLabel,,What are the key contributions?,Suggested prompt chip: paper contributions,"Contextual sheet suggested prompts; native copy for PageSuggestionsCatalog.json entries, keyed by catalog id",,true,,false,apps/android/duckchat/duckchat-impl/src/main/res/values/strings-duckchat.xml,171,https://github.com/duckduckgo/Android/blob/fe3e65263b23930e03b723517b7c011edfafbe0b/duckchat/duckchat-impl/src/main/res/values/strings-duckchat.xml#L171
Android,labels,duckchat/duckchat-impl,duckAiSuggestionPlaceHoursLabel,,What are the hours & location?,Suggested prompt chip: place hours and location,"Contextual sheet suggested prompts; native copy for PageSuggestionsCatalog.json entries, keyed by catalog id",,true,,false,apps/android/duckchat/duckchat-impl/src/main/res/values/strings-duckchat.xml,175,https://github.com/duckduckgo/Android/blob/fe3e65263b23930e03b723517b7c011edfafbe0b/duckchat/duckchat-impl/src/main/res/values/strings-duckchat.xml#L175
Android,labels,duckchat/duckchat-impl,duckAiSuggestionPlaceReviewsLabel,,Is this place any good?,Suggested prompt chip: place reputation,"Contextual sheet suggested prompts; native copy for PageSuggestionsCatalog.json entries, keyed by catalog id",,true,,false,apps/android/duckchat/duckchat-impl/src/main/res/values/strings-duckchat.xml,177,https://github.com/duckduckgo/Android/blob/fe3e65263b23930e03b723517b7c011edfafbe0b/duckchat/duckchat-impl/src/main/res/values/strings-duckchat.xml#L177
Android,labels,duckchat/duckchat-impl,duckAiSuggestionSummarizeThreadLabel,,Summarize this discussion,Suggested prompt chip: summarize a discussion thread,"Contextual sheet suggested prompts; native copy for PageSuggestionsCatalog.json entries, keyed by catalog id",,true,,false,apps/android/duckchat/duckchat-impl/src/main/res/values/strings-duckchat.xml,179,https://github.com/duckduckgo/Android/blob/fe3e65263b23930e03b723517b7c011edfafbe0b/duckchat/duckchat-impl/src/main/res/values/strings-duckchat.xml#L179
Android,labels,duckchat/duckchat-impl,duckAiSuggestionExplainRepoLabel,,Explain this repo,Suggested prompt chip: explain a code repository,"Contextual sheet suggested prompts; native copy for PageSuggestionsCatalog.json entries, keyed by catalog id",,true,,false,apps/android/duckchat/duckchat-impl/src/main/res/values/strings-duckchat.xml,181,https://github.com/duckduckgo/Android/blob/fe3e65263b23930e03b723517b7c011edfafbe0b/duckchat/duckchat-impl/src/main/res/values/strings-duckchat.xml#L181
Android,labels,duckchat/duckchat-impl,duckAiSuggestionExplainAnswerLabel,,Explain the top answer,Suggested prompt chip: explain the top answer,"Contextual sheet suggested prompts; native copy for PageSuggestionsCatalog.json entries, keyed by catalog id",,true,,false,apps/android/duckchat/duckchat-impl/src/main/res/values/strings-duckchat.xml,183,https://github.com/duckduckgo/Android/blob/fe3e65263b23930e03b723517b7c011edfafbe0b/duckchat/duckchat-impl/src/main/res/values/strings-duckchat.xml#L183
Android,labels,duckchat/duckchat-impl,duckAiSuggestionHowtoStepsLabel,,Walk me through the steps,Suggested prompt chip: how-to steps,"Contextual sheet suggested prompts; native copy for PageSuggestionsCatalog.json entries, keyed by catalog id",,true,,false,apps/android/duckchat/duckchat-impl/src/main/res/values/strings-duckchat.xml,185,https://github.com/duckduckgo/Android/blob/fe3e65263b23930e03b723517b7c011edfafbe0b/duckchat/duckchat-impl/src/main/res/values/strings-duckchat.xml#L185
Android,labels,duckchat/duckchat-impl,duckAiSuggestionHowtoMaterialsLabel,,What will I need?,Suggested prompt chip: how-to materials,"Contextual sheet suggested prompts; native copy for PageSuggestionsCatalog.json entries, keyed by catalog id",,true,,false,apps/android/duckchat/duckchat-impl/src/main/res/values/strings-duckchat.xml,187,https://github.com/duckduckgo/Android/blob/fe3e65263b23930e03b723517b7c011edfafbe0b/duckchat/duckchat-impl/src/main/res/values/strings-duckchat.xml#L187
Android,labels,duckchat/duckchat-impl,duckAiSuggestionCourseLearnLabel,,What will I learn?,Suggested prompt chip: course learning outcomes,"Contextual sheet suggested prompts; native copy for PageSuggestionsCatalog.json entries, keyed by catalog id",,true,,false,apps/android/duckchat/duckchat-impl/src/main/res/values/strings-duckchat.xml,189,https://github.com/duckduckgo/Android/blob/fe3e65263b23930e03b723517b7c011edfafbe0b/duckchat/duckchat-impl/src/main/res/values/strings-duckchat.xml#L189
Android,labels,duckchat/duckchat-impl,duckAiSuggestionCourseWorthLabel,,Is it worth taking?,Suggested prompt chip: is a course worth taking,"Contextual sheet suggested prompts; native copy for PageSuggestionsCatalog.json entries, keyed by catalog id",,true,,false,apps/android/duckchat/duckchat-impl/src/main/res/values/strings-duckchat.xml,191,https://github.com/duckduckgo/Android/blob/fe3e65263b23930e03b723517b7c011edfafbe0b/duckchat/duckchat-impl/src/main/res/values/strings-duckchat.xml#L191
Android,labels,duckchat/duckchat-impl,duckAiSuggestionFaqAnswerLabel,,What does this answer?,Suggested prompt chip: what an FAQ page answers,"Contextual sheet suggested prompts; native copy for PageSuggestionsCatalog.json entries, keyed by catalog id",,true,,false,apps/android/duckchat/duckchat-impl/src/main/res/values/strings-duckchat.xml,193,https://github.com/duckduckgo/Android/blob/fe3e65263b23930e03b723517b7c011edfafbe0b/duckchat/duckchat-impl/src/main/res/values/strings-duckchat.xml#L193
Android,labels,duckchat/duckchat-impl,duckAiSuggestionFaqSummaryLabel,,Summarize the Q&As,Suggested prompt chip: summarize FAQ Q&As,"Contextual sheet suggested prompts; native copy for PageSuggestionsCatalog.json entries, keyed by catalog id",,true,,false,apps/android/duckchat/duckchat-impl/src/main/res/values/strings-duckchat.xml,195,https://github.com/duckduckgo/Android/blob/fe3e65263b23930e03b723517b7c011edfafbe0b/duckchat/duckchat-impl/src/main/res/values/strings-duckchat.xml#L195
Android,labels,duckchat/duckchat-impl,duckAiSuggestionReviewVerdictLabel,,What's the verdict?,Suggested prompt chip: review verdict,"Contextual sheet suggested prompts; native copy for PageSuggestionsCatalog.json entries, keyed by catalog id",,true,,false,apps/android/duckchat/duckchat-impl/src/main/res/values/strings-duckchat.xml,197,https://github.com/duckduckgo/Android/blob/fe3e65263b23930e03b723517b7c011edfafbe0b/duckchat/duckchat-impl/src/main/res/values/strings-duckchat.xml#L197
Android,labels,duckchat/duckchat-impl,duckAiSuggestionReviewSummaryLabel,,Sum up the reviews,Suggested prompt chip: summarize reviews,"Contextual sheet suggested prompts; native copy for PageSuggestionsCatalog.json entries, keyed by catalog id",,true,,false,apps/android/duckchat/duckchat-impl/src/main/res/values/strings-duckchat.xml,199,https://github.com/duckduckgo/Android/blob/fe3e65263b23930e03b723517b7c011edfafbe0b/duckchat/duckchat-impl/src/main/res/values/strings-duckchat.xml#L199
Android,labels,duckchat/duckchat-impl,duckAiSuggestionWhoIsThisLabel,,Who is this person?,Suggested prompt chip: person background,"Contextual sheet suggested prompts; native copy for PageSuggestionsCatalog.json entries, keyed by catalog id",,true,,false,apps/android/duckchat/duckchat-impl/src/main/res/values/strings-duckchat.xml,201,https://github.com/duckduckgo/Android/blob/fe3e65263b23930e03b723517b7c011edfafbe0b/duckchat/duckchat-impl/src/main/res/values/strings-duckchat.xml#L201
Android,labels,duckchat/duckchat-impl,duckAiSuggestionPersonBackgroundLabel,,Summarize their background,Suggested prompt chip: summarize a person's background,"Contextual sheet suggested prompts; native copy for PageSuggestionsCatalog.json entries, keyed by catalog id",,true,,false,apps/android/duckchat/duckchat-impl/src/main/res/values/strings-duckchat.xml,203,https://github.com/duckduckgo/Android/blob/fe3e65263b23930e03b723517b7c011edfafbe0b/duckchat/duckchat-impl/src/main/res/values/strings-duckchat.xml#L203
Android,labels,duckchat/duckchat-impl,duckAiVoiceChatVisibilitySetting,,Voice Chat,Voice Chat is a feature that lets users talk to Duck.ai using their voice instead of typing.,Duck AI Voice Chat Shortcut Setting,,true,,false,apps/android/duckchat/duckchat-impl/src/main/res/values/strings-duckchat.xml,218,https://github.com/duckduckgo/Android/blob/fe3e65263b23930e03b723517b7c011edfafbe0b/duckchat/duckchat-impl/src/main/res/values/strings-duckchat.xml#L218
Android,labels,duckchat/duckchat-impl,duckAiChatHistoryViewAllChats,,View All Chats,,Duck AI Chat Suggestions,,true,,false,apps/android/duckchat/duckchat-impl/src/main/res/values/strings-duckchat.xml,228,https://github.com/duckduckgo/Android/blob/fe3e65263b23930e03b723517b7c011edfafbe0b/duckchat/duckchat-impl/src/main/res/values/strings-duckchat.xml#L228
Android,labels,duckchat/duckchat-impl,duck_ai_chat_history_section_pinned,,Pinned,,Native Duck.ai chat history,,true,,false,apps/android/duckchat/duckchat-impl/src/main/res/values/strings-duckchat.xml,237,https://github.com/duckduckgo/Android/blob/fe3e65263b23930e03b723517b7c011edfafbe0b/duckchat/duckchat-impl/src/main/res/values/strings-duckchat.xml#L237
Android,labels,duckchat/duckchat-impl,duck_ai_chat_history_section_recent,,Recent,,Native Duck.ai chat history,,true,,false,apps/android/duckchat/duckchat-impl/src/main/res/values/strings-duckchat.xml,238,https://github.com/duckduckgo/Android/blob/fe3e65263b23930e03b723517b7c011edfafbe0b/duckchat/duckchat-impl/src/main/res/values/strings-duckchat.xml#L238
Android,labels,duckchat/duckchat-impl,duck_ai_chat_history_untitled,,Untitled chat,,Native Duck.ai chat history,,true,,false,apps/android/duckchat/duckchat-impl/src/main/res/values/strings-duckchat.xml,239,https://github.com/duckduckgo/Android/blob/fe3e65263b23930e03b723517b7c011edfafbe0b/duckchat/duckchat-impl/src/main/res/values/strings-duckchat.xml#L239
Android,labels,duckchat/duckchat-impl,duck_ai_chat_history_more_options,,More options,,Native Duck.ai chat history,,true,,false,apps/android/duckchat/duckchat-impl/src/main/res/values/strings-duckchat.xml,242,https://github.com/duckduckgo/Android/blob/fe3e65263b23930e03b723517b7c011edfafbe0b/duckchat/duckchat-impl/src/main/res/values/strings-duckchat.xml#L242
Android,labels,duckchat/duckchat-impl,duck_ai_chat_history_bulk_download_complete,plural:one,Download complete for %1$d chat,,Native Duck.ai chat history,%1$d,true,,false,apps/android/duckchat/duckchat-impl/src/main/res/values/strings-duckchat.xml,256,https://github.com/duckduckgo/Android/blob/fe3e65263b23930e03b723517b7c011edfafbe0b/duckchat/duckchat-impl/src/main/res/values/strings-duckchat.xml#L256
Android,labels,duckchat/duckchat-impl,duck_ai_chat_history_bulk_download_complete,plural:other,Download complete for %1$d chats,,Native Duck.ai chat history,%1$d,true,,false,apps/android/duckchat/duckchat-impl/src/main/res/values/strings-duckchat.xml,256,https://github.com/duckduckgo/Android/blob/fe3e65263b23930e03b723517b7c011edfafbe0b/duckchat/duckchat-impl/src/main/res/values/strings-duckchat.xml#L256
Android,labels,duckchat/duckchat-impl,duck_ai_chat_history_select_all,,Select all,,Native Duck.ai chat history,,true,,false,apps/android/duckchat/duckchat-impl/src/main/res/values/strings-duckchat.xml,261,https://github.com/duckduckgo/Android/blob/fe3e65263b23930e03b723517b7c011edfafbe0b/duckchat/duckchat-impl/src/main/res/values/strings-duckchat.xml#L261
Android,labels,duckchat/duckchat-impl,duck_ai_chat_history_unselect_all,,Unselect all,,Native Duck.ai chat history,,true,,false,apps/android/duckchat/duckchat-impl/src/main/res/values/strings-duckchat.xml,262,https://github.com/duckduckgo/Android/blob/fe3e65263b23930e03b723517b7c011edfafbe0b/duckchat/duckchat-impl/src/main/res/values/strings-duckchat.xml#L262
Android,labels,duckchat/duckchat-impl,duck_ai_chat_history_undo,,Undo,,Native Duck.ai chat history,,true,,false,apps/android/duckchat/duckchat-impl/src/main/res/values/strings-duckchat.xml,273,https://github.com/duckduckgo/Android/blob/fe3e65263b23930e03b723517b7c011edfafbe0b/duckchat/duckchat-impl/src/main/res/values/strings-duckchat.xml#L273
Android,labels,duckchat/duckchat-impl,duck_ai_chat_history_download_complete,,Download complete for %1$s,%1$s is the saved chat filename (e.g. \'My Chat.txt\').,Native Duck.ai chat history,%1$s,true,,false,apps/android/duckchat/duckchat-impl/src/main/res/values/strings-duckchat.xml,274,https://github.com/duckduckgo/Android/blob/fe3e65263b23930e03b723517b7c011edfafbe0b/duckchat/duckchat-impl/src/main/res/values/strings-duckchat.xml#L274
Android,labels,duckchat/duckchat-impl,duck_ai_chat_history_download_view,,Show,,Native Duck.ai chat history,,true,,false,apps/android/duckchat/duckchat-impl/src/main/res/values/strings-duckchat.xml,275,https://github.com/duckduckgo/Android/blob/fe3e65263b23930e03b723517b7c011edfafbe0b/duckchat/duckchat-impl/src/main/res/values/strings-duckchat.xml#L275
Android,labels,duckchat/duckchat-impl,duckAiChatSearchDuckDuckGo,,Search DuckDuckGo,,Native Duck.ai chat history,,true,,false,apps/android/duckchat/duckchat-impl/src/main/res/values/strings-duckchat.xml,279,https://github.com/duckduckgo/Android/blob/fe3e65263b23930e03b723517b7c011edfafbe0b/duckchat/duckchat-impl/src/main/res/values/strings-duckchat.xml#L279
Android,labels,duckchat/duckchat-impl,duckAiModelPickerLabelEverydayUse,,Best for everyday use,"Subline under a model in the Duck.ai model picker, describing what that model suits.",Model Picker,,true,,false,apps/android/duckchat/duckchat-impl/src/main/res/values/strings-duckchat.xml,284,https://github.com/duckduckgo/Android/blob/fe3e65263b23930e03b723517b7c011edfafbe0b/duckchat/duckchat-impl/src/main/res/values/strings-duckchat.xml#L284
Android,labels,duckchat/duckchat-impl,duckAiModelPickerLabelUsesLimitsFaster,,Solid but hits limits sooner,"Subline under a model in the Duck.ai model picker. 'Limits' means the user's usage allowance, which this model consumes more quickly.",Model Picker,,true,,false,apps/android/duckchat/duckchat-impl/src/main/res/values/strings-duckchat.xml,285,https://github.com/duckduckgo/Android/blob/fe3e65263b23930e03b723517b7c011edfafbe0b/duckchat/duckchat-impl/src/main/res/values/strings-duckchat.xml#L285
Android,labels,duckchat/duckchat-impl,duckAiModelPickerTryFreeTrial,,Try for Free,"Header above the locked models in the Duck.ai model picker, shown when the user can still start a free trial.",Model Picker,,true,,false,apps/android/duckchat/duckchat-impl/src/main/res/values/strings-duckchat.xml,286,https://github.com/duckduckgo/Android/blob/fe3e65263b23930e03b723517b7c011edfafbe0b/duckchat/duckchat-impl/src/main/res/values/strings-duckchat.xml#L286
Android,labels,duckchat/duckchat-impl,duckAiModelPickerSubscriberExclusive,,Subscriber Exclusive,"Header above the locked models in the Duck.ai model picker, shown when unlocking them requires a paid subscription.",Model Picker,,true,,false,apps/android/duckchat/duckchat-impl/src/main/res/values/strings-duckchat.xml,287,https://github.com/duckduckgo/Android/blob/fe3e65263b23930e03b723517b7c011edfafbe0b/duckchat/duckchat-impl/src/main/res/values/strings-duckchat.xml#L287
Android,labels,duckchat/duckchat-impl,duckAiModelPickerProExclusive,,Pro Plan Exclusive,"Header above the locked models in the Duck.ai model picker, shown when they require the Pro plan specifically. 'Pro' is the plan name and stays untranslated.",Model Picker,,true,,false,apps/android/duckchat/duckchat-impl/src/main/res/values/strings-duckchat.xml,288,https://github.com/duckduckgo/Android/blob/fe3e65263b23930e03b723517b7c011edfafbe0b/duckchat/duckchat-impl/src/main/res/values/strings-duckchat.xml#L288
Android,labels,duckchat/duckchat-impl,duckAiModelPickerPlusModels,,Plus,,Model Picker,,true,,false,apps/android/duckchat/duckchat-impl/src/main/res/values/strings-duckchat.xml,289,https://github.com/duckduckgo/Android/blob/fe3e65263b23930e03b723517b7c011edfafbe0b/duckchat/duckchat-impl/src/main/res/values/strings-duckchat.xml#L289
Android,labels,duckchat/duckchat-impl,duckAiModelPickerProModels,,Pro,,Model Picker,,true,,false,apps/android/duckchat/duckchat-impl/src/main/res/values/strings-duckchat.xml,290,https://github.com/duckduckgo/Android/blob/fe3e65263b23930e03b723517b7c011edfafbe0b/duckchat/duckchat-impl/src/main/res/values/strings-duckchat.xml#L290
Android,labels,duckchat/duckchat-impl,attachmentTakePhoto,,Take Photo,,File/image attachment menu options,,true,,false,apps/android/duckchat/duckchat-impl/src/main/res/values/strings-duckchat.xml,313,https://github.com/duckduckgo/Android/blob/fe3e65263b23930e03b723517b7c011edfafbe0b/duckchat/duckchat-impl/src/main/res/values/strings-duckchat.xml#L313
Android,labels,duckchat/duckchat-impl,attachmentAttachPhoto,,Add Image,,File/image attachment menu options,,true,,false,apps/android/duckchat/duckchat-impl/src/main/res/values/strings-duckchat.xml,314,https://github.com/duckduckgo/Android/blob/fe3e65263b23930e03b723517b7c011edfafbe0b/duckchat/duckchat-impl/src/main/res/values/strings-duckchat.xml#L314
Android,labels,duckchat/duckchat-impl,attachmentAttachFile,,Add File,,File/image attachment menu options,,true,,false,apps/android/duckchat/duckchat-impl/src/main/res/values/strings-duckchat.xml,315,https://github.com/duckduckgo/Android/blob/fe3e65263b23930e03b723517b7c011edfafbe0b/duckchat/duckchat-impl/src/main/res/values/strings-duckchat.xml#L315
Android,labels,duckchat/duckchat-impl,duckChatContextualAskAboutPage,,Ask About Page,,Editing a message already sent to Duck.ai,,true,,false,apps/android/duckchat/duckchat-impl/src/main/res/values/strings-duckchat.xml,354,https://github.com/duckduckgo/Android/blob/fe3e65263b23930e03b723517b7c011edfafbe0b/duckchat/duckchat-impl/src/main/res/values/strings-duckchat.xml#L354
Android,labels,duckchat/duckchat-impl,duckChatContextualAskAboutSearch,,Continue in Duck.ai,,Editing a message already sent to Duck.ai,,true,,false,apps/android/duckchat/duckchat-impl/src/main/res/values/strings-duckchat.xml,355,https://github.com/duckduckgo/Android/blob/fe3e65263b23930e03b723517b7c011edfafbe0b/duckchat/duckchat-impl/src/main/res/values/strings-duckchat.xml#L355
Android,labels,duckchat/duckchat-impl,duckChatContextualOpenDuckAi,,Open Duck.ai,,Editing a message already sent to Duck.ai,,true,,false,apps/android/duckchat/duckchat-impl/src/main/res/values/strings-duckchat.xml,356,https://github.com/duckduckgo/Android/blob/fe3e65263b23930e03b723517b7c011edfafbe0b/duckchat/duckchat-impl/src/main/res/values/strings-duckchat.xml#L356
Android,labels,duckchat/duckchat-impl,duckAiSuggestionSummarizeSelectionLabel,,Summarize this selection,,Suggested prompts for text selection,,true,,false,apps/android/duckchat/duckchat-impl/src/main/res/values/strings-duckchat.xml,359,https://github.com/duckduckgo/Android/blob/fe3e65263b23930e03b723517b7c011edfafbe0b/duckchat/duckchat-impl/src/main/res/values/strings-duckchat.xml#L359
Android,labels,duckchat/duckchat-impl,duckAiSuggestionTranslateSelectionLabel,,Translate this selection,,Suggested prompts for text selection,,true,,false,apps/android/duckchat/duckchat-impl/src/main/res/values/strings-duckchat.xml,361,https://github.com/duckduckgo/Android/blob/fe3e65263b23930e03b723517b7c011edfafbe0b/duckchat/duckchat-impl/src/main/res/values/strings-duckchat.xml#L361
Android,labels,feedback/feedback-impl,missingBrowserFeatureSubReasonNavigation,,"Navigating forward, backward, and/or refreshing",,,,true,,false,apps/android/feedback/feedback-impl/src/main/res/values/strings-feedback.xml,9,https://github.com/duckduckgo/Android/blob/fe3e65263b23930e03b723517b7c011edfafbe0b/feedback/feedback-impl/src/main/res/values/strings-feedback.xml#L9
Android,labels,feedback/feedback-impl,missingBrowserFeatureSubReasonTabManagement,,Creating and managing tabs,,,,true,,false,apps/android/feedback/feedback-impl/src/main/res/values/strings-feedback.xml,10,https://github.com/duckduckgo/Android/blob/fe3e65263b23930e03b723517b7c011edfafbe0b/feedback/feedback-impl/src/main/res/values/strings-feedback.xml#L10
Android,labels,feedback/feedback-impl,missingBrowserFeatureSubReasonAdPopups,,Ad and pop-up blocking,,,,true,,false,apps/android/feedback/feedback-impl/src/main/res/values/strings-feedback.xml,11,https://github.com/duckduckgo/Android/blob/fe3e65263b23930e03b723517b7c011edfafbe0b/feedback/feedback-impl/src/main/res/values/strings-feedback.xml#L11
Android,labels,feedback/feedback-impl,missingBrowserFeatureSubReasonVideos,,Watching videos,,,,true,,false,apps/android/feedback/feedback-impl/src/main/res/values/strings-feedback.xml,12,https://github.com/duckduckgo/Android/blob/fe3e65263b23930e03b723517b7c011edfafbe0b/feedback/feedback-impl/src/main/res/values/strings-feedback.xml#L12
Android,labels,feedback/feedback-impl,missingBrowserFeatureSubReasonImages,,Interacting with images,,,,true,,false,apps/android/feedback/feedback-impl/src/main/res/values/strings-feedback.xml,13,https://github.com/duckduckgo/Android/blob/fe3e65263b23930e03b723517b7c011edfafbe0b/feedback/feedback-impl/src/main/res/values/strings-feedback.xml#L13
Android,labels,feedback/feedback-impl,missingBrowserFeatureSubReasonBookmarks,,Creating and managing bookmarks,,,,true,,false,apps/android/feedback/feedback-impl/src/main/res/values/strings-feedback.xml,14,https://github.com/duckduckgo/Android/blob/fe3e65263b23930e03b723517b7c011edfafbe0b/feedback/feedback-impl/src/main/res/values/strings-feedback.xml#L14
Android,labels,feedback/feedback-impl,missingBrowserFeatureSubReasonOther,,None of these,,,,true,,false,apps/android/feedback/feedback-impl/src/main/res/values/strings-feedback.xml,15,https://github.com/duckduckgo/Android/blob/fe3e65263b23930e03b723517b7c011edfafbe0b/feedback/feedback-impl/src/main/res/values/strings-feedback.xml#L15
Android,labels,feedback/feedback-impl,searchNotGoodEnoughSubReasonTechnicalSearches,,Programming/technical search,,,,true,,false,apps/android/feedback/feedback-impl/src/main/res/values/strings-feedback.xml,22,https://github.com/duckduckgo/Android/blob/fe3e65263b23930e03b723517b7c011edfafbe0b/feedback/feedback-impl/src/main/res/values/strings-feedback.xml#L22
Android,labels,feedback/feedback-impl,searchNotGoodEnoughSubReasonGoogleLayout,,The layout should be more like Google,,,,true,,false,apps/android/feedback/feedback-impl/src/main/res/values/strings-feedback.xml,23,https://github.com/duckduckgo/Android/blob/fe3e65263b23930e03b723517b7c011edfafbe0b/feedback/feedback-impl/src/main/res/values/strings-feedback.xml#L23
Android,labels,feedback/feedback-impl,searchNotGoodEnoughSubReasonFasterLoadTimes,,Faster load time,,,,true,,false,apps/android/feedback/feedback-impl/src/main/res/values/strings-feedback.xml,24,https://github.com/duckduckgo/Android/blob/fe3e65263b23930e03b723517b7c011edfafbe0b/feedback/feedback-impl/src/main/res/values/strings-feedback.xml#L24
Android,labels,feedback/feedback-impl,searchNotGoodEnoughSubReasonSpecificLanguage,,Searching in a specific language or region,,,,true,,false,apps/android/feedback/feedback-impl/src/main/res/values/strings-feedback.xml,25,https://github.com/duckduckgo/Android/blob/fe3e65263b23930e03b723517b7c011edfafbe0b/feedback/feedback-impl/src/main/res/values/strings-feedback.xml#L25
Android,labels,feedback/feedback-impl,searchNotGoodEnoughSubReasonBetterAutocomplete,,Better autocomplete,,,,true,,false,apps/android/feedback/feedback-impl/src/main/res/values/strings-feedback.xml,26,https://github.com/duckduckgo/Android/blob/fe3e65263b23930e03b723517b7c011edfafbe0b/feedback/feedback-impl/src/main/res/values/strings-feedback.xml#L26
Android,labels,feedback/feedback-impl,searchNotGoodEnoughSubReasonOther,,None of these,,,,true,,false,apps/android/feedback/feedback-impl/src/main/res/values/strings-feedback.xml,27,https://github.com/duckduckgo/Android/blob/fe3e65263b23930e03b723517b7c011edfafbe0b/feedback/feedback-impl/src/main/res/values/strings-feedback.xml#L27
Android,labels,feedback/feedback-impl,needMoreCustomizationSubReasonHomeScreenConfiguration,,The home screen configuration,,,,true,,false,apps/android/feedback/feedback-impl/src/main/res/values/strings-feedback.xml,31,https://github.com/duckduckgo/Android/blob/fe3e65263b23930e03b723517b7c011edfafbe0b/feedback/feedback-impl/src/main/res/values/strings-feedback.xml#L31
Android,labels,feedback/feedback-impl,needMoreCustomizationSubReasonTabDisplay,,How tabs are displayed,,,,true,,false,apps/android/feedback/feedback-impl/src/main/res/values/strings-feedback.xml,32,https://github.com/duckduckgo/Android/blob/fe3e65263b23930e03b723517b7c011edfafbe0b/feedback/feedback-impl/src/main/res/values/strings-feedback.xml#L32
Android,labels,feedback/feedback-impl,needMoreCustomizationSubReasonAppLooks,,How the app looks,,,,true,,false,apps/android/feedback/feedback-impl/src/main/res/values/strings-feedback.xml,33,https://github.com/duckduckgo/Android/blob/fe3e65263b23930e03b723517b7c011edfafbe0b/feedback/feedback-impl/src/main/res/values/strings-feedback.xml#L33
Android,labels,feedback/feedback-impl,needMoreCustomizationSubReasonWhichDataIsCleared,,Which data is cleared,,,,true,,false,apps/android/feedback/feedback-impl/src/main/res/values/strings-feedback.xml,34,https://github.com/duckduckgo/Android/blob/fe3e65263b23930e03b723517b7c011edfafbe0b/feedback/feedback-impl/src/main/res/values/strings-feedback.xml#L34
Android,labels,feedback/feedback-impl,needMoreCustomizationSubReasonWhenDataIsCleared,,When data is cleared,,,,true,,false,apps/android/feedback/feedback-impl/src/main/res/values/strings-feedback.xml,35,https://github.com/duckduckgo/Android/blob/fe3e65263b23930e03b723517b7c011edfafbe0b/feedback/feedback-impl/src/main/res/values/strings-feedback.xml#L35
Android,labels,feedback/feedback-impl,needMoreCustomizationSubReasonBookmarksDisplay,,How bookmarks are displayed,,,,true,,false,apps/android/feedback/feedback-impl/src/main/res/values/strings-feedback.xml,36,https://github.com/duckduckgo/Android/blob/fe3e65263b23930e03b723517b7c011edfafbe0b/feedback/feedback-impl/src/main/res/values/strings-feedback.xml#L36
Android,labels,feedback/feedback-impl,needMoreCustomizationSubReasonOther,,None of these,,,,true,,false,apps/android/feedback/feedback-impl/src/main/res/values/strings-feedback.xml,37,https://github.com/duckduckgo/Android/blob/fe3e65263b23930e03b723517b7c011edfafbe0b/feedback/feedback-impl/src/main/res/values/strings-feedback.xml#L37
Android,labels,feedback/feedback-impl,appIsSlowOrBuggySubReasonSlowResults,,Web pages or search results load slowly,,,,true,,false,apps/android/feedback/feedback-impl/src/main/res/values/strings-feedback.xml,41,https://github.com/duckduckgo/Android/blob/fe3e65263b23930e03b723517b7c011edfafbe0b/feedback/feedback-impl/src/main/res/values/strings-feedback.xml#L41
Android,labels,feedback/feedback-impl,appIsSlowOrBuggySubReasonAppCrashesOrFreezes,,The app crashes or freezes,,,,true,,false,apps/android/feedback/feedback-impl/src/main/res/values/strings-feedback.xml,42,https://github.com/duckduckgo/Android/blob/fe3e65263b23930e03b723517b7c011edfafbe0b/feedback/feedback-impl/src/main/res/values/strings-feedback.xml#L42
Android,labels,feedback/feedback-impl,appIsSlowOrBuggySubReasonMediaPlayback,,Video or media playback bugs,,,,true,,false,apps/android/feedback/feedback-impl/src/main/res/values/strings-feedback.xml,43,https://github.com/duckduckgo/Android/blob/fe3e65263b23930e03b723517b7c011edfafbe0b/feedback/feedback-impl/src/main/res/values/strings-feedback.xml#L43
Android,labels,feedback/feedback-impl,appIsSlowOrBuggySubReasonOther,,None of these,,,,true,,false,apps/android/feedback/feedback-impl/src/main/res/values/strings-feedback.xml,44,https://github.com/duckduckgo/Android/blob/fe3e65263b23930e03b723517b7c011edfafbe0b/feedback/feedback-impl/src/main/res/values/strings-feedback.xml#L44
Android,labels,feedback/feedback-impl,submitFeedback,,Submit,,,,true,,false,apps/android/feedback/feedback-impl/src/main/res/values/strings-feedback.xml,48,https://github.com/duckduckgo/Android/blob/fe3e65263b23930e03b723517b7c011edfafbe0b/feedback/feedback-impl/src/main/res/values/strings-feedback.xml#L48
Android,labels,feedback/feedback-impl,rateTheApp,,Rate App,,,,true,,false,apps/android/feedback/feedback-impl/src/main/res/values/strings-feedback.xml,57,https://github.com/duckduckgo/Android/blob/fe3e65263b23930e03b723517b7c011edfafbe0b/feedback/feedback-impl/src/main/res/values/strings-feedback.xml#L57
Android,labels,feedback/feedback-impl,feedbackSpecificAsPossible,,Please be as specific as possible,,,,true,,false,apps/android/feedback/feedback-impl/src/main/res/values/strings-feedback.xml,61,https://github.com/duckduckgo/Android/blob/fe3e65263b23930e03b723517b7c011edfafbe0b/feedback/feedback-impl/src/main/res/values/strings-feedback.xml#L61
Android,labels,macos/macos-impl,macos_app,,DuckDuckGo App for Mac,,,,true,,false,apps/android/macos/macos-impl/src/main/res/values/strings-macos-waitlist.xml,20,https://github.com/duckduckgo/Android/blob/fe3e65263b23930e03b723517b7c011edfafbe0b/macos/macos-impl/src/main/res/values/strings-macos-waitlist.xml#L20
Android,labels,network-protection/network-protection-impl,subscriptionOnboardingVpnBenefitShielding,,Shielding your online activity,,Subscription onboarding - VPN step (placeholder copy),,false,,false,apps/android/network-protection/network-protection-impl/src/main/res/values/donottranslate.xml,25,https://github.com/duckduckgo/Android/blob/fe3e65263b23930e03b723517b7c011edfafbe0b/network-protection/network-protection-impl/src/main/res/values/donottranslate.xml#L25
Android,labels,network-protection/network-protection-impl,subscriptionOnboardingVpnBenefitLocation,,Hiding your location & IP address,,Subscription onboarding - VPN step (placeholder copy),,false,,false,apps/android/network-protection/network-protection-impl/src/main/res/values/donottranslate.xml,26,https://github.com/duckduckgo/Android/blob/fe3e65263b23930e03b723517b7c011edfafbe0b/network-protection/network-protection-impl/src/main/res/values/donottranslate.xml#L26
Android,labels,network-protection/network-protection-impl,subscriptionOnboardingVpnBenefitHarmful,,Blocking harmful sites,,Subscription onboarding - VPN step (placeholder copy),,false,,false,apps/android/network-protection/network-protection-impl/src/main/res/values/donottranslate.xml,27,https://github.com/duckduckgo/Android/blob/fe3e65263b23930e03b723517b7c011edfafbe0b/network-protection/network-protection-impl/src/main/res/values/donottranslate.xml#L27
Android,labels,network-protection/network-protection-impl,subscriptionOnboardingVpnTurnOn,,Turn On VPN,,Subscription onboarding - VPN step (placeholder copy),,false,,false,apps/android/network-protection/network-protection-impl/src/main/res/values/donottranslate.xml,28,https://github.com/duckduckgo/Android/blob/fe3e65263b23930e03b723517b7c011edfafbe0b/network-protection/network-protection-impl/src/main/res/values/donottranslate.xml#L28
Android,labels,network-protection/network-protection-impl,subscriptionOnboardingVpnNext,,Next,,Subscription onboarding - VPN step (placeholder copy),,false,,false,apps/android/network-protection/network-protection-impl/src/main/res/values/donottranslate.xml,29,https://github.com/duckduckgo/Android/blob/fe3e65263b23930e03b723517b7c011edfafbe0b/network-protection/network-protection-impl/src/main/res/values/donottranslate.xml#L29
Android,labels,network-protection/network-protection-impl,subscriptionOnboardingVpnTryAgain,,Let's Try That Again,,"Subscription onboarding - VPN step, activation error state",,false,,false,apps/android/network-protection/network-protection-impl/src/main/res/values/donottranslate.xml,42,https://github.com/duckduckgo/Android/blob/fe3e65263b23930e03b723517b7c011edfafbe0b/network-protection/network-protection-impl/src/main/res/values/donottranslate.xml#L42
Android,labels,network-protection/network-protection-impl,netp_name,,DuckDuckGo VPN,,,,false,,false,apps/android/network-protection/network-protection-impl/src/main/res/values/strings-netp.xml,19,https://github.com/duckduckgo/Android/blob/fe3e65263b23930e03b723517b7c011edfafbe0b/network-protection/network-protection-impl/src/main/res/values/strings-netp.xml#L19
Android,labels,network-protection/network-protection-impl,netpManagementHeadlineStatusOn,,DuckDuckGo VPN is On,,,,true,,false,apps/android/network-protection/network-protection-impl/src/main/res/values/strings-netp.xml,21,https://github.com/duckduckgo/Android/blob/fe3e65263b23930e03b723517b7c011edfafbe0b/network-protection/network-protection-impl/src/main/res/values/strings-netp.xml#L21
Android,labels,network-protection/network-protection-impl,netpManagementHeadlineStatusOff,,DuckDuckGo VPN is Off,,,,true,,false,apps/android/network-protection/network-protection-impl/src/main/res/values/strings-netp.xml,22,https://github.com/duckduckgo/Android/blob/fe3e65263b23930e03b723517b7c011edfafbe0b/network-protection/network-protection-impl/src/main/res/values/strings-netp.xml#L22
Android,labels,network-protection/network-protection-impl,netpManagementLocationNearest,,(Nearest),,Location,,true,,false,apps/android/network-protection/network-protection-impl/src/main/res/values/strings-netp.xml,41,https://github.com/duckduckgo/Android/blob/fe3e65263b23930e03b723517b7c011edfafbe0b/network-protection/network-protection-impl/src/main/res/values/strings-netp.xml#L41
Android,labels,network-protection/network-protection-impl,netpManagementLocationCustom,,(Custom),,Location,,true,,false,apps/android/network-protection/network-protection-impl/src/main/res/values/strings-netp.xml,43,https://github.com/duckduckgo/Android/blob/fe3e65263b23930e03b723517b7c011edfafbe0b/network-protection/network-protection-impl/src/main/res/values/strings-netp.xml#L43
Android,labels,network-protection/network-protection-impl,netpReportBreakageCategoryCrashes,,App freezes or crashes,,Breakage reporting,,true,,false,apps/android/network-protection/network-protection-impl/src/main/res/values/strings-netp.xml,75,https://github.com/duckduckgo/Android/blob/fe3e65263b23930e03b723517b7c011edfafbe0b/network-protection/network-protection-impl/src/main/res/values/strings-netp.xml#L75
Android,labels,network-protection/network-protection-impl,netpReportBreakageCategoryMessages,,Message delivery fails,,Breakage reporting,,true,,false,apps/android/network-protection/network-protection-impl/src/main/res/values/strings-netp.xml,76,https://github.com/duckduckgo/Android/blob/fe3e65263b23930e03b723517b7c011edfafbe0b/network-protection/network-protection-impl/src/main/res/values/strings-netp.xml#L76
Android,labels,network-protection/network-protection-impl,netpReportBreakageCategoryCalls,,Voice calls don't work,,Breakage reporting,,true,,false,apps/android/network-protection/network-protection-impl/src/main/res/values/strings-netp.xml,77,https://github.com/duckduckgo/Android/blob/fe3e65263b23930e03b723517b7c011edfafbe0b/network-protection/network-protection-impl/src/main/res/values/strings-netp.xml#L77
Android,labels,network-protection/network-protection-impl,netpReportBreakageCategoryConnection,,App has no connection,,Breakage reporting,,true,,false,apps/android/network-protection/network-protection-impl/src/main/res/values/strings-netp.xml,79,https://github.com/duckduckgo/Android/blob/fe3e65263b23930e03b723517b7c011edfafbe0b/network-protection/network-protection-impl/src/main/res/values/strings-netp.xml#L79
Android,labels,network-protection/network-protection-impl,netpReportBreakageCategoryIot,,Can't connect local device,,Breakage reporting,,true,,false,apps/android/network-protection/network-protection-impl/src/main/res/values/strings-netp.xml,80,https://github.com/duckduckgo/Android/blob/fe3e65263b23930e03b723517b7c011edfafbe0b/network-protection/network-protection-impl/src/main/res/values/strings-netp.xml#L80
Android,labels,network-protection/network-protection-impl,netpReportBreakageCategoryFeatureRequest,,Feature request,,Breakage reporting,,true,,false,apps/android/network-protection/network-protection-impl/src/main/res/values/strings-netp.xml,81,https://github.com/duckduckgo/Android/blob/fe3e65263b23930e03b723517b7c011edfafbe0b/network-protection/network-protection-impl/src/main/res/values/strings-netp.xml#L81
Android,labels,network-protection/network-protection-impl,netpReportBreakageCategoryOther,,Something else,,Breakage reporting,,true,,false,apps/android/network-protection/network-protection-impl/src/main/res/values/strings-netp.xml,82,https://github.com/duckduckgo/Android/blob/fe3e65263b23930e03b723517b7c011edfafbe0b/network-protection/network-protection-impl/src/main/res/values/strings-netp.xml#L82
Android,labels,network-protection/network-protection-impl,netpManagementManageItemExclusion,,Excluded Apps,,Manage,,true,,false,apps/android/network-protection/network-protection-impl/src/main/res/values/strings-netp.xml,88,https://github.com/duckduckgo/Android/blob/fe3e65263b23930e03b723517b7c011edfafbe0b/network-protection/network-protection-impl/src/main/res/values/strings-netp.xml#L88
Android,labels,network-protection/network-protection-impl,netpManagementVpnSettings,,VPN Settings,,Manage,,true,,false,apps/android/network-protection/network-protection-impl/src/main/res/values/strings-netp.xml,94,https://github.com/duckduckgo/Android/blob/fe3e65263b23930e03b723517b7c011edfafbe0b/network-protection/network-protection-impl/src/main/res/values/strings-netp.xml#L94
Android,labels,network-protection/network-protection-impl,netpVpnSettingKillSwitch,,Always On,,VPN settings,,true,,false,apps/android/network-protection/network-protection-impl/src/main/res/values/strings-netp.xml,101,https://github.com/duckduckgo/Android/blob/fe3e65263b23930e03b723517b7c011edfafbe0b/network-protection/network-protection-impl/src/main/res/values/strings-netp.xml#L101
Android,labels,network-protection/network-protection-impl,netpVpnSettingAlwaysOn,,Always On,,VPN settings,,true,,false,apps/android/network-protection/network-protection-impl/src/main/res/values/strings-netp.xml,102,https://github.com/duckduckgo/Android/blob/fe3e65263b23930e03b723517b7c011edfafbe0b/network-protection/network-protection-impl/src/main/res/values/strings-netp.xml#L102
Android,labels,network-protection/network-protection-impl,netpVpnSettingAlwaysOnByline,,Automatically restore a VPN connection after interruption,,VPN settings,,true,,false,apps/android/network-protection/network-protection-impl/src/main/res/values/strings-netp.xml,107,https://github.com/duckduckgo/Android/blob/fe3e65263b23930e03b723517b7c011edfafbe0b/network-protection/network-protection-impl/src/main/res/values/strings-netp.xml#L107
Android,labels,network-protection/network-protection-impl,netpVpnSettingExcludeLocalNetworks,,Exclude Local Networks,,VPN settings,,true,,false,apps/android/network-protection/network-protection-impl/src/main/res/values/strings-netp.xml,108,https://github.com/duckduckgo/Android/blob/fe3e65263b23930e03b723517b7c011edfafbe0b/network-protection/network-protection-impl/src/main/res/values/strings-netp.xml#L108
Android,labels,network-protection/network-protection-impl,netpVpnSettingExcludeLocalNetworksByline,,"Bypass the VPN for local network connections, like to a printer.",,VPN settings,,true,,false,apps/android/network-protection/network-protection-impl/src/main/res/values/strings-netp.xml,109,https://github.com/duckduckgo/Android/blob/fe3e65263b23930e03b723517b7c011edfafbe0b/network-protection/network-protection-impl/src/main/res/values/strings-netp.xml#L109
Android,labels,network-protection/network-protection-impl,netpVpnSettingDnsLeak,,DuckDuckGo VPN prevents DNS leaks to your Internet Service Provider by routing DNS queries though the VPN tunnel to our own resolver.,,VPN settings,,true,,false,apps/android/network-protection/network-protection-impl/src/main/res/values/strings-netp.xml,110,https://github.com/duckduckgo/Android/blob/fe3e65263b23930e03b723517b7c011edfafbe0b/network-protection/network-protection-impl/src/main/res/values/strings-netp.xml#L110
Android,labels,network-protection/network-protection-impl,netpVpnSettingGeoswitching,,Preferred Location,,VPN settings,,true,,false,apps/android/network-protection/network-protection-impl/src/main/res/values/strings-netp.xml,111,https://github.com/duckduckgo/Android/blob/fe3e65263b23930e03b723517b7c011edfafbe0b/network-protection/network-protection-impl/src/main/res/values/strings-netp.xml#L111
Android,labels,network-protection/network-protection-impl,netpVpnSettingGeoswitchingDefault,,Nearest Available,,VPN settings,,true,,false,apps/android/network-protection/network-protection-impl/src/main/res/values/strings-netp.xml,112,https://github.com/duckduckgo/Android/blob/fe3e65263b23930e03b723517b7c011edfafbe0b/network-protection/network-protection-impl/src/main/res/values/strings-netp.xml#L112
Android,labels,network-protection/network-protection-impl,netpVpnSettingExcludeLocalNetworksBatteryUsage,,Unrestricted Battery Usage,,VPN settings,,true,,false,apps/android/network-protection/network-protection-impl/src/main/res/values/strings-netp.xml,116,https://github.com/duckduckgo/Android/blob/fe3e65263b23930e03b723517b7c011edfafbe0b/network-protection/network-protection-impl/src/main/res/values/strings-netp.xml#L116
Android,labels,network-protection/network-protection-impl,netpVpnSettingExcludeLocalNetworksBatteryUsageByline,,Prevents Android from stopping the VPN.,,VPN settings,,true,,false,apps/android/network-protection/network-protection-impl/src/main/res/values/strings-netp.xml,117,https://github.com/duckduckgo/Android/blob/fe3e65263b23930e03b723517b7c011edfafbe0b/network-protection/network-protection-impl/src/main/res/values/strings-netp.xml#L117
Android,labels,network-protection/network-protection-impl,netpVpnSettingsPauseDuringCalls,,Pause VPN During Wi-Fi Calls,,VPN settings,,true,,false,apps/android/network-protection/network-protection-impl/src/main/res/values/strings-netp.xml,119,https://github.com/duckduckgo/Android/blob/fe3e65263b23930e03b723517b7c011edfafbe0b/network-protection/network-protection-impl/src/main/res/values/strings-netp.xml#L119
Android,labels,network-protection/network-protection-impl,netpVpnNotifyMeByLine,,Get notified of VPN events,,VPN Notification settings,,true,,false,apps/android/network-protection/network-protection-impl/src/main/res/values/strings-netp.xml,130,https://github.com/duckduckgo/Android/blob/fe3e65263b23930e03b723517b7c011edfafbe0b/network-protection/network-protection-impl/src/main/res/values/strings-netp.xml#L130
Android,labels,network-protection/network-protection-impl,netpExclusionListExcludedReasonManuallyDisabled,,Manually disabled,,Exclusion list,,true,,false,apps/android/network-protection/network-protection-impl/src/main/res/values/strings-netp.xml,136,https://github.com/duckduckgo/Android/blob/fe3e65263b23930e03b723517b7c011edfafbe0b/network-protection/network-protection-impl/src/main/res/values/strings-netp.xml#L136
Android,labels,network-protection/network-protection-impl,netpExclusionListExcludedReasonManuallyEnabled,,Manually enabled,,Exclusion list,,true,,false,apps/android/network-protection/network-protection-impl/src/main/res/values/strings-netp.xml,137,https://github.com/duckduckgo/Android/blob/fe3e65263b23930e03b723517b7c011edfafbe0b/network-protection/network-protection-impl/src/main/res/values/strings-netp.xml#L137
Android,labels,network-protection/network-protection-impl,netpExclusionListExcludedReasonIssuesMayOccur,,App issues may occur if enabled,,Exclusion list,,true,,false,apps/android/network-protection/network-protection-impl/src/main/res/values/strings-netp.xml,138,https://github.com/duckduckgo/Android/blob/fe3e65263b23930e03b723517b7c011edfafbe0b/network-protection/network-protection-impl/src/main/res/values/strings-netp.xml#L138
Android,labels,network-protection/network-protection-impl,netpExclusionListManuallyDisableAppDialogLabel,,Please let us know if you disabled the VPN for %1$s because you experienced app issues.\n\nWe'll also disable App Tracking Protection for %1$s.,Placeholder is the name of an app,Exclusion list,%1$s %1$s,true,,false,apps/android/network-protection/network-protection-impl/src/main/res/values/strings-netp.xml,143,https://github.com/duckduckgo/Android/blob/fe3e65263b23930e03b723517b7c011edfafbe0b/network-protection/network-protection-impl/src/main/res/values/strings-netp.xml#L143
Android,labels,network-protection/network-protection-impl,netpManagementAboutItemFaqs,,FAQs and Support,,About,,true,,false,apps/android/network-protection/network-protection-impl/src/main/res/values/strings-netp.xml,163,https://github.com/duckduckgo/Android/blob/fe3e65263b23930e03b723517b7c011edfafbe0b/network-protection/network-protection-impl/src/main/res/values/strings-netp.xml#L163
Android,labels,network-protection/network-protection-impl,netpManagementAboutItemShareFeedback,,Send Feedback,,About,,true,,false,apps/android/network-protection/network-protection-impl/src/main/res/values/strings-netp.xml,164,https://github.com/duckduckgo/Android/blob/fe3e65263b23930e03b723517b7c011edfafbe0b/network-protection/network-protection-impl/src/main/res/values/strings-netp.xml#L164
Android,labels,network-protection/network-protection-impl,netpVerifySubscriptionLabel,,Verify Subscription,,Susbcription,,true,,false,apps/android/network-protection/network-protection-impl/src/main/res/values/strings-netp.xml,211,https://github.com/duckduckgo/Android/blob/fe3e65263b23930e03b723517b7c011edfafbe0b/network-protection/network-protection-impl/src/main/res/values/strings-netp.xml#L211
Android,labels,network-protection/network-protection-impl,netpVerifySubscriptionInProgress,,Please wait while we verify your subscription…,,Susbcription,,true,,false,apps/android/network-protection/network-protection-impl/src/main/res/values/strings-netp.xml,212,https://github.com/duckduckgo/Android/blob/fe3e65263b23930e03b723517b7c011edfafbe0b/network-protection/network-protection-impl/src/main/res/values/strings-netp.xml#L212
Android,labels,network-protection/network-protection-impl,netpPrivateDns,,Private DNS,,Custom DNS,,true,,false,apps/android/network-protection/network-protection-impl/src/main/res/values/strings-netp.xml,222,https://github.com/duckduckgo/Android/blob/fe3e65263b23930e03b723517b7c011edfafbe0b/network-protection/network-protection-impl/src/main/res/values/strings-netp.xml#L222
Android,labels,network-protection/network-protection-impl,netpCustomDnsDefault,,DuckDuckGo,,Custom DNS,,false,,false,apps/android/network-protection/network-protection-impl/src/main/res/values/strings-netp.xml,223,https://github.com/duckduckgo/Android/blob/fe3e65263b23930e03b723517b7c011edfafbe0b/network-protection/network-protection-impl/src/main/res/values/strings-netp.xml#L223
Android,labels,network-protection/network-protection-impl,netpCustomDnsDefaultBlockMalware,,DuckDuckGo (Scam Blocker),,Custom DNS,,true,,false,apps/android/network-protection/network-protection-impl/src/main/res/values/strings-netp.xml,224,https://github.com/duckduckgo/Android/blob/fe3e65263b23930e03b723517b7c011edfafbe0b/network-protection/network-protection-impl/src/main/res/values/strings-netp.xml#L224
Android,labels,network-protection/network-protection-impl,netpCustomDnsDefaultOption,,DuckDuckGo (Recommended),,Custom DNS,,true,,false,apps/android/network-protection/network-protection-impl/src/main/res/values/strings-netp.xml,225,https://github.com/duckduckgo/Android/blob/fe3e65263b23930e03b723517b7c011edfafbe0b/network-protection/network-protection-impl/src/main/res/values/strings-netp.xml#L225
Android,labels,network-protection/network-protection-impl,netpCustomDnsCustom,,Custom,,Custom DNS,,true,,false,apps/android/network-protection/network-protection-impl/src/main/res/values/strings-netp.xml,226,https://github.com/duckduckgo/Android/blob/fe3e65263b23930e03b723517b7c011edfafbe0b/network-protection/network-protection-impl/src/main/res/values/strings-netp.xml#L226
Android,labels,network-protection/network-protection-impl,netpCustomDnsApply,,Apply,,Custom DNS,,true,,false,apps/android/network-protection/network-protection-impl/src/main/res/values/strings-netp.xml,228,https://github.com/duckduckgo/Android/blob/fe3e65263b23930e03b723517b7c011edfafbe0b/network-protection/network-protection-impl/src/main/res/values/strings-netp.xml#L228
Android,labels,network-protection/network-protection-impl,netpDnsBlockMalwarePrimary,,Scam Blocker,,Block malware DNS,,true,,false,apps/android/network-protection/network-protection-impl/src/main/res/values/strings-netp.xml,236,https://github.com/duckduckgo/Android/blob/fe3e65263b23930e03b723517b7c011edfafbe0b/network-protection/network-protection-impl/src/main/res/values/strings-netp.xml#L236
Android,labels,network-protection/network-protection-impl,netpAutoExcludeAppLabel,plural:one,%1$d new app that is not compatible with VPNs. Exclude the app to use it,,Auto-exclude,%1$d,true,,false,apps/android/network-protection/network-protection-impl/src/main/res/values/strings-netp.xml,243,https://github.com/duckduckgo/Android/blob/fe3e65263b23930e03b723517b7c011edfafbe0b/network-protection/network-protection-impl/src/main/res/values/strings-netp.xml#L243
Android,labels,network-protection/network-protection-impl,netpAutoExcludeAppLabel,plural:other,%1$d new apps that are not compatible with VPNs. Exclude these apps to use them,,Auto-exclude,%1$d,true,,false,apps/android/network-protection/network-protection-impl/src/main/res/values/strings-netp.xml,243,https://github.com/duckduckgo/Android/blob/fe3e65263b23930e03b723517b7c011edfafbe0b/network-protection/network-protection-impl/src/main/res/values/strings-netp.xml#L243
Android,labels,network-protection/network-protection-impl,netpAutoExcludeAllAppLabel,plural:one,%1$d other app that is not compatible with VPNs. Exclude the app to use it,,Auto-exclude,%1$d,true,,false,apps/android/network-protection/network-protection-impl/src/main/res/values/strings-netp.xml,249,https://github.com/duckduckgo/Android/blob/fe3e65263b23930e03b723517b7c011edfafbe0b/network-protection/network-protection-impl/src/main/res/values/strings-netp.xml#L249
Android,labels,network-protection/network-protection-impl,netpAutoExcludeAllAppLabel,plural:other,%1$d other apps that are not compatible with VPNs. Exclude these apps to use them,,Auto-exclude,%1$d,true,,false,apps/android/network-protection/network-protection-impl/src/main/res/values/strings-netp.xml,249,https://github.com/duckduckgo/Android/blob/fe3e65263b23930e03b723517b7c011edfafbe0b/network-protection/network-protection-impl/src/main/res/values/strings-netp.xml#L249
Android,labels,network-protection/network-protection-impl,netpAutoExcludePromptOptionEnable,,Automatically exclude incompatible apps,,Auto-exclude,,true,,false,apps/android/network-protection/network-protection-impl/src/main/res/values/strings-netp.xml,253,https://github.com/duckduckgo/Android/blob/fe3e65263b23930e03b723517b7c011edfafbe0b/network-protection/network-protection-impl/src/main/res/values/strings-netp.xml#L253
Android,labels,network-protection/network-protection-impl,netpAutoExcludeToggleName,,Automatically exclude apps not compatible with VPNs,,Auto-exclude,,true,,false,apps/android/network-protection/network-protection-impl/src/main/res/values/strings-netp.xml,256,https://github.com/duckduckgo/Android/blob/fe3e65263b23930e03b723517b7c011edfafbe0b/network-protection/network-protection-impl/src/main/res/values/strings-netp.xml#L256
Android,labels,network-protection/network-protection-impl,netpExclusionListLabelAutoExclude,,Incompatible with VPNs,,Auto-exclude,,true,,false,apps/android/network-protection/network-protection-impl/src/main/res/values/strings-netp.xml,257,https://github.com/duckduckgo/Android/blob/fe3e65263b23930e03b723517b7c011edfafbe0b/network-protection/network-protection-impl/src/main/res/values/strings-netp.xml#L257
Android,labels,new-tab-page/new-tab-page-api,newTabPageShortcutChat,,Duck.ai,,,,false,,false,apps/android/new-tab-page/new-tab-page-api/src/main/res/values/donottranslate.xml,18,https://github.com/duckduckgo/Android/blob/fe3e65263b23930e03b723517b7c011edfafbe0b/new-tab-page/new-tab-page-api/src/main/res/values/donottranslate.xml#L18
Android,labels,new-tab-page/new-tab-page-impl,newTabPageShortcuts,,Shortcuts,,,,false,,false,apps/android/new-tab-page/new-tab-page-impl/src/main/res/values/donottranslate.xml,18,https://github.com/duckduckgo/Android/blob/fe3e65263b23930e03b723517b7c011edfafbe0b/new-tab-page/new-tab-page-impl/src/main/res/values/donottranslate.xml#L18
Android,labels,new-tab-page/new-tab-page-impl,newTabPageShortcutChat,,Duck.ai,,,,false,,false,apps/android/new-tab-page/new-tab-page-impl/src/main/res/values/donottranslate.xml,19,https://github.com/duckduckgo/Android/blob/fe3e65263b23930e03b723517b7c011edfafbe0b/new-tab-page/new-tab-page-impl/src/main/res/values/donottranslate.xml#L19
Android,labels,new-tab-page/new-tab-page-impl,newTabPageEdit,,Customize,,,,false,,false,apps/android/new-tab-page/new-tab-page-impl/src/main/res/values/donottranslate.xml,20,https://github.com/duckduckgo/Android/blob/fe3e65263b23930e03b723517b7c011edfafbe0b/new-tab-page/new-tab-page-impl/src/main/res/values/donottranslate.xml#L20
Android,labels,new-tab-page/new-tab-page-impl,newTabPageCustomize,,Customize,,,,false,,false,apps/android/new-tab-page/new-tab-page-impl/src/main/res/values/donottranslate.xml,22,https://github.com/duckduckgo/Android/blob/fe3e65263b23930e03b723517b7c011edfafbe0b/new-tab-page/new-tab-page-impl/src/main/res/values/donottranslate.xml#L22
Android,labels,new-tab-page/new-tab-page-impl,newTabPageSettingsSections,,Sections,,,,false,,false,apps/android/new-tab-page/new-tab-page-impl/src/main/res/values/donottranslate.xml,23,https://github.com/duckduckgo/Android/blob/fe3e65263b23930e03b723517b7c011edfafbe0b/new-tab-page/new-tab-page-impl/src/main/res/values/donottranslate.xml#L23
Android,labels,new-tab-page/new-tab-page-impl,newTabPageSettingsShortcuts,,Shortcuts,,,,false,,false,apps/android/new-tab-page/new-tab-page-impl/src/main/res/values/donottranslate.xml,25,https://github.com/duckduckgo/Android/blob/fe3e65263b23930e03b723517b7c011edfafbe0b/new-tab-page/new-tab-page-impl/src/main/res/values/donottranslate.xml#L25
Android,labels,pir/pir-impl,activityPirDashboard,,PIR,,,,false,,false,apps/android/pir/pir-impl/src/main/res/values/donottranslate.xml,18,https://github.com/duckduckgo/Android/blob/fe3e65263b23930e03b723517b7c011edfafbe0b/pir/pir-impl/src/main/res/values/donottranslate.xml#L18
Android,labels,pir/pir-impl,pirFeatureName,,Personal Information Removal,,,,false,,false,apps/android/pir/pir-impl/src/main/res/values/donottranslate.xml,19,https://github.com/duckduckgo/Android/blob/fe3e65263b23930e03b723517b7c011edfafbe0b/pir/pir-impl/src/main/res/values/donottranslate.xml#L19
Android,labels,pir/pir-impl,pirOnboardingStepItem1Title,,Platforms,,PIR subscription onboarding step,,false,,false,apps/android/pir/pir-impl/src/main/res/values/donottranslate.xml,35,https://github.com/duckduckgo/Android/blob/fe3e65263b23930e03b723517b7c011edfafbe0b/pir/pir-impl/src/main/res/values/donottranslate.xml#L35
Android,labels,pir/pir-impl,pirOnboardingStepItem1Description,,Personal Information Removal is only available on Mac and Windows,,PIR subscription onboarding step,,false,,false,apps/android/pir/pir-impl/src/main/res/values/donottranslate.xml,36,https://github.com/duckduckgo/Android/blob/fe3e65263b23930e03b723517b7c011edfafbe0b/pir/pir-impl/src/main/res/values/donottranslate.xml#L36
Android,labels,pir/pir-impl,pirOnboardingStepItem2Title,,Repeatedly scans many data broker sites that sell your information,,PIR subscription onboarding step,,false,,false,apps/android/pir/pir-impl/src/main/res/values/donottranslate.xml,37,https://github.com/duckduckgo/Android/blob/fe3e65263b23930e03b723517b7c011edfafbe0b/pir/pir-impl/src/main/res/values/donottranslate.xml#L37
Android,labels,pir/pir-impl,pirOnboardingStepItem2Description,,Find and remove your personal information from data broker sites around the web. DuckDuckGo re-scans regularly to minimize the risk of your info reappearing.,,PIR subscription onboarding step,,false,,false,apps/android/pir/pir-impl/src/main/res/values/donottranslate.xml,38,https://github.com/duckduckgo/Android/blob/fe3e65263b23930e03b723517b7c011edfafbe0b/pir/pir-impl/src/main/res/values/donottranslate.xml#L38
Android,labels,pir/pir-impl,pirOnboardingStepItem3Title,,"Your info stays on your device, not our servers",,PIR subscription onboarding step,,false,,false,apps/android/pir/pir-impl/src/main/res/values/donottranslate.xml,39,https://github.com/duckduckgo/Android/blob/fe3e65263b23930e03b723517b7c011edfafbe0b/pir/pir-impl/src/main/res/values/donottranslate.xml#L39
Android,labels,pir/pir-impl,pirOnboardingStepItem3Description,,"Unlike other services, the removal process happens entirely on your device, not remote servers — your device stores the personal information you provide during setup and initiates removal requests.",,PIR subscription onboarding step,,false,,false,apps/android/pir/pir-impl/src/main/res/values/donottranslate.xml,40,https://github.com/duckduckgo/Android/blob/fe3e65263b23930e03b723517b7c011edfafbe0b/pir/pir-impl/src/main/res/values/donottranslate.xml#L40
Android,labels,pir/pir-impl,pirOnboardingStepItem4Title,,We automate many removals & help you manually remove the rest,,PIR subscription onboarding step,,false,,false,apps/android/pir/pir-impl/src/main/res/values/donottranslate.xml,41,https://github.com/duckduckgo/Android/blob/fe3e65263b23930e03b723517b7c011edfafbe0b/pir/pir-impl/src/main/res/values/donottranslate.xml#L41
Android,labels,pir/pir-impl,pirOnboardingStepItem4Description,,"Let us help handle the time, effort, and complexity typically required to get your details removed. We scan for your info, request its removal where possible, then receive and handle confirmation emails for you.",,PIR subscription onboarding step,,false,,false,apps/android/pir/pir-impl/src/main/res/values/donottranslate.xml,42,https://github.com/duckduckgo/Android/blob/fe3e65263b23930e03b723517b7c011edfafbe0b/pir/pir-impl/src/main/res/values/donottranslate.xml#L42
Android,labels,pir/pir-impl,pirOnboardingStepItem5Title,,Monitor removal progress in real time,,PIR subscription onboarding step,,false,,false,apps/android/pir/pir-impl/src/main/res/values/donottranslate.xml,43,https://github.com/duckduckgo/Android/blob/fe3e65263b23930e03b723517b7c011edfafbe0b/pir/pir-impl/src/main/res/values/donottranslate.xml#L43
Android,labels,pir/pir-impl,pirOnboardingStepItem5Description,,"It can take a while for sites to update, so we made it easy to keep tabs on progress of ongoing removals and see the personal info we've removed in real time on your personal dashboard.",,PIR subscription onboarding step,,false,,false,apps/android/pir/pir-impl/src/main/res/values/donottranslate.xml,44,https://github.com/duckduckgo/Android/blob/fe3e65263b23930e03b723517b7c011edfafbe0b/pir/pir-impl/src/main/res/values/donottranslate.xml#L44
Android,labels,remote-messaging/remote-messaging-impl,cannotLaunchDefaultAppSettings,,Can't launch default app settings screen,,,,false,,false,apps/android/remote-messaging/remote-messaging-impl/src/main/res/values/donottranslate.xml,19,https://github.com/duckduckgo/Android/blob/fe3e65263b23930e03b723517b7c011edfafbe0b/remote-messaging/remote-messaging-impl/src/main/res/values/donottranslate.xml#L19
Android,labels,saved-sites/saved-sites-impl,newTabPageFavorites,,Favorites,,New Tab Page,,false,,false,apps/android/saved-sites/saved-sites-impl/src/main/res/values/donottranslate.xml,21,https://github.com/duckduckgo/Android/blob/fe3e65263b23930e03b723517b7c011edfafbe0b/saved-sites/saved-sites-impl/src/main/res/values/donottranslate.xml#L21
Android,labels,saved-sites/saved-sites-impl,newTabPageShortcutBookmarks,,Bookmarks,,New Tab Page,,false,,false,apps/android/saved-sites/saved-sites-impl/src/main/res/values/donottranslate.xml,28,https://github.com/duckduckgo/Android/blob/fe3e65263b23930e03b723517b7c011edfafbe0b/saved-sites/saved-sites-impl/src/main/res/values/donottranslate.xml#L28
Android,labels,saved-sites/saved-sites-impl,noBookmarks,,No bookmarks added yet,,Bookmarks Activity,,true,,false,apps/android/saved-sites/saved-sites-impl/src/main/res/values/strings-saved-sites.xml,42,https://github.com/duckduckgo/Android/blob/fe3e65263b23930e03b723517b7c011edfafbe0b/saved-sites/saved-sites-impl/src/main/res/values/strings-saved-sites.xml#L42
Android,labels,saved-sites/saved-sites-impl,exportBookmarksSuccess,,All bookmarks were successfully exported,,Bookmarks Activity,,true,,false,apps/android/saved-sites/saved-sites-impl/src/main/res/values/strings-saved-sites.xml,48,https://github.com/duckduckgo/Android/blob/fe3e65263b23930e03b723517b7c011edfafbe0b/saved-sites/saved-sites-impl/src/main/res/values/strings-saved-sites.xml#L48
Android,labels,saved-sites/saved-sites-impl,importBookmarksEmpty,,The file has no bookmarks to import,,Bookmarks Activity,,true,,false,apps/android/saved-sites/saved-sites-impl/src/main/res/values/strings-saved-sites.xml,52,https://github.com/duckduckgo/Android/blob/fe3e65263b23930e03b723517b7c011edfafbe0b/saved-sites/saved-sites-impl/src/main/res/values/strings-saved-sites.xml#L52
Android,labels,saved-sites/saved-sites-impl,popupBookmarksSortManually,,Sort Manually,,Bookmarks Activity,,true,,false,apps/android/saved-sites/saved-sites-impl/src/main/res/values/strings-saved-sites.xml,61,https://github.com/duckduckgo/Android/blob/fe3e65263b23930e03b723517b7c011edfafbe0b/saved-sites/saved-sites-impl/src/main/res/values/strings-saved-sites.xml#L61
Android,labels,saved-sites/saved-sites-impl,popupBookmarksSortByName,,Sort by Name,,Bookmarks Activity,,true,,false,apps/android/saved-sites/saved-sites-impl/src/main/res/values/strings-saved-sites.xml,62,https://github.com/duckduckgo/Android/blob/fe3e65263b23930e03b723517b7c011edfafbe0b/saved-sites/saved-sites-impl/src/main/res/values/strings-saved-sites.xml#L62
Android,labels,saved-sites/saved-sites-impl,locationLabel,,Location,"Refers to the folder where a bookmark is saved, not a geographical location",Bookmark folders,,true,,false,apps/android/saved-sites/saved-sites-impl/src/main/res/values/strings-saved-sites.xml,68,https://github.com/duckduckgo/Android/blob/fe3e65263b23930e03b723517b7c011edfafbe0b/saved-sites/saved-sites-impl/src/main/res/values/strings-saved-sites.xml#L68
Android,labels,saved-sites/saved-sites-impl,addFolder,,Add Folder,,Bookmark folders,,true,,false,apps/android/saved-sites/saved-sites-impl/src/main/res/values/strings-saved-sites.xml,70,https://github.com/duckduckgo/Android/blob/fe3e65263b23930e03b723517b7c011edfafbe0b/saved-sites/saved-sites-impl/src/main/res/values/strings-saved-sites.xml#L70
Android,labels,saved-sites/saved-sites-impl,editFolder,,Edit Folder,,Bookmark folders,,true,,false,apps/android/saved-sites/saved-sites-impl/src/main/res/values/strings-saved-sites.xml,71,https://github.com/duckduckgo/Android/blob/fe3e65263b23930e03b723517b7c011edfafbe0b/saved-sites/saved-sites-impl/src/main/res/values/strings-saved-sites.xml#L71
Android,labels,saved-sites/saved-sites-impl,bookmarkFolderEmpty,,Empty,,Bookmark folders,,true,,false,apps/android/saved-sites/saved-sites-impl/src/main/res/values/strings-saved-sites.xml,74,https://github.com/duckduckgo/Android/blob/fe3e65263b23930e03b723517b7c011edfafbe0b/saved-sites/saved-sites-impl/src/main/res/values/strings-saved-sites.xml#L74
Android,labels,saved-sites/saved-sites-impl,bookmarkFolderItems,plural:one,%1$d item,,Bookmark folders,%1$d,true,,false,apps/android/saved-sites/saved-sites-impl/src/main/res/values/strings-saved-sites.xml,79,https://github.com/duckduckgo/Android/blob/fe3e65263b23930e03b723517b7c011edfafbe0b/saved-sites/saved-sites-impl/src/main/res/values/strings-saved-sites.xml#L79
Android,labels,saved-sites/saved-sites-impl,bookmarkFolderItems,plural:other,%1$d items,,Bookmark folders,%1$d,true,,false,apps/android/saved-sites/saved-sites-impl/src/main/res/values/strings-saved-sites.xml,79,https://github.com/duckduckgo/Android/blob/fe3e65263b23930e03b723517b7c011edfafbe0b/saved-sites/saved-sites-impl/src/main/res/values/strings-saved-sites.xml#L79
Android,labels,saved-sites/saved-sites-impl,searchBookmarks,,Search Bookmarks,,Bookmarks,,true,,false,apps/android/saved-sites/saved-sites-impl/src/main/res/values/strings-saved-sites.xml,85,https://github.com/duckduckgo/Android/blob/fe3e65263b23930e03b723517b7c011edfafbe0b/saved-sites/saved-sites-impl/src/main/res/values/strings-saved-sites.xml#L85
Android,labels,saved-sites/saved-sites-impl,deleteFolder,,Delete %1$s?,%1$s is the folder name,Bookmarks,%1$s,true,,false,apps/android/saved-sites/saved-sites-impl/src/main/res/values/strings-saved-sites.xml,86,https://github.com/duckduckgo/Android/blob/fe3e65263b23930e03b723517b7c011edfafbe0b/saved-sites/saved-sites-impl/src/main/res/values/strings-saved-sites.xml#L86
Android,labels,saved-sites/saved-sites-impl,deleteBookmark,,Delete %1$s bookmark?,%1$s is the bookmark name,Bookmarks,%1$s,true,,false,apps/android/saved-sites/saved-sites-impl/src/main/res/values/strings-saved-sites.xml,87,https://github.com/duckduckgo/Android/blob/fe3e65263b23930e03b723517b7c011edfafbe0b/saved-sites/saved-sites-impl/src/main/res/values/strings-saved-sites.xml#L87
Android,labels,saved-sites/saved-sites-impl,addToFavorites,,Add to Favorites,,Bookmarks,,true,,false,apps/android/saved-sites/saved-sites-impl/src/main/res/values/strings-saved-sites.xml,88,https://github.com/duckduckgo/Android/blob/fe3e65263b23930e03b723517b7c011edfafbe0b/saved-sites/saved-sites-impl/src/main/res/values/strings-saved-sites.xml#L88
Android,labels,saved-sites/saved-sites-impl,editBookmark,,Edit Bookmark,,Bookmarks,,true,,false,apps/android/saved-sites/saved-sites-impl/src/main/res/values/strings-saved-sites.xml,89,https://github.com/duckduckgo/Android/blob/fe3e65263b23930e03b723517b7c011edfafbe0b/saved-sites/saved-sites-impl/src/main/res/values/strings-saved-sites.xml#L89
Android,labels,saved-sites/saved-sites-impl,importBookmarks,,Import Bookmarks,,Bookmarks,,true,,false,apps/android/saved-sites/saved-sites-impl/src/main/res/values/strings-saved-sites.xml,91,https://github.com/duckduckgo/Android/blob/fe3e65263b23930e03b723517b7c011edfafbe0b/saved-sites/saved-sites-impl/src/main/res/values/strings-saved-sites.xml#L91
Android,labels,saved-sites/saved-sites-impl,noResultsFor,,No results for '%1$s',%1$s is the search term,Bookmarks,%1$s,true,,false,apps/android/saved-sites/saved-sites-impl/src/main/res/values/strings-saved-sites.xml,92,https://github.com/duckduckgo/Android/blob/fe3e65263b23930e03b723517b7c011edfafbe0b/saved-sites/saved-sites-impl/src/main/res/values/strings-saved-sites.xml#L92
Android,labels,saved-sites/saved-sites-impl,removeFromFavorites,,Remove From Favorites,,Bookmarks,,true,,false,apps/android/saved-sites/saved-sites-impl/src/main/res/values/strings-saved-sites.xml,93,https://github.com/duckduckgo/Android/blob/fe3e65263b23930e03b723517b7c011edfafbe0b/saved-sites/saved-sites-impl/src/main/res/values/strings-saved-sites.xml#L93
Android,labels,saved-sites/saved-sites-impl,deleteSavedSiteConfirmationDialogDelete,,Delete,,"Edit Saved Site screen, ""Delete Saved Site"" confirmation prompt",,true,,false,apps/android/saved-sites/saved-sites-impl/src/main/res/values/strings-saved-sites.xml,117,https://github.com/duckduckgo/Android/blob/fe3e65263b23930e03b723517b7c011edfafbe0b/saved-sites/saved-sites-impl/src/main/res/values/strings-saved-sites.xml#L117
Android,labels,serp-logos/serp-logos-impl,serpLogoSetAsFavourite,,Switch to This Logo,,,,true,,false,apps/android/serp-logos/serp-logos-impl/src/main/res/values/strings-serp-logos.xml,23,https://github.com/duckduckgo/Android/blob/fe3e65263b23930e03b723517b7c011edfafbe0b/serp-logos/serp-logos-impl/src/main/res/values/strings-serp-logos.xml#L23
Android,labels,serp-logos/serp-logos-impl,serpLogoResetToDefault,,Reset Search Logo,,,,true,,false,apps/android/serp-logos/serp-logos-impl/src/main/res/values/strings-serp-logos.xml,24,https://github.com/duckduckgo/Android/blob/fe3e65263b23930e03b723517b7c011edfafbe0b/serp-logos/serp-logos-impl/src/main/res/values/strings-serp-logos.xml#L24
Android,labels,site-permissions/site-permissions-impl,sitePermissionsSettingsDRM,,DRM,,DRM,,false,,false,apps/android/site-permissions/site-permissions-impl/src/main/res/values/donottranslate.xml,19,https://github.com/duckduckgo/Android/blob/fe3e65263b23930e03b723517b7c011edfafbe0b/site-permissions/site-permissions-impl/src/main/res/values/donottranslate.xml#L19
Android,labels,site-permissions/site-permissions-impl,drmSiteDialogAllowAlways,,Always,,DRM Permission,,true,,false,apps/android/site-permissions/site-permissions-impl/src/main/res/values/strings-site-permissions.xml,23,https://github.com/duckduckgo/Android/blob/fe3e65263b23930e03b723517b7c011edfafbe0b/site-permissions/site-permissions-impl/src/main/res/values/strings-site-permissions.xml#L23
Android,labels,site-permissions/site-permissions-impl,drmSiteDialogAllowOnce,,Only for This Session,,DRM Permission,,true,,false,apps/android/site-permissions/site-permissions-impl/src/main/res/values/strings-site-permissions.xml,24,https://github.com/duckduckgo/Android/blob/fe3e65263b23930e03b723517b7c011edfafbe0b/site-permissions/site-permissions-impl/src/main/res/values/strings-site-permissions.xml#L24
Android,labels,site-permissions/site-permissions-impl,drmSiteDialogDenyAlways,,Deny Always,,DRM Permission,,true,,false,apps/android/site-permissions/site-permissions-impl/src/main/res/values/strings-site-permissions.xml,25,https://github.com/duckduckgo/Android/blob/fe3e65263b23930e03b723517b7c011edfafbe0b/site-permissions/site-permissions-impl/src/main/res/values/strings-site-permissions.xml#L25
Android,labels,site-permissions/site-permissions-impl,drmSiteDialogDenyOnce,,Deny for This Session,,DRM Permission,,true,,false,apps/android/site-permissions/site-permissions-impl/src/main/res/values/strings-site-permissions.xml,26,https://github.com/duckduckgo/Android/blob/fe3e65263b23930e03b723517b7c011edfafbe0b/site-permissions/site-permissions-impl/src/main/res/values/strings-site-permissions.xml#L26
Android,labels,site-permissions/site-permissions-impl,sitePermissionsDialogRememberMeCheckBox,,Remember my choice,,Location Permission,,true,,false,apps/android/site-permissions/site-permissions-impl/src/main/res/values/strings-site-permissions.xml,30,https://github.com/duckduckgo/Android/blob/fe3e65263b23930e03b723517b7c011edfafbe0b/site-permissions/site-permissions-impl/src/main/res/values/strings-site-permissions.xml#L30
Android,labels,site-permissions/site-permissions-impl,settingsSitePermissions,,Site Permissions,,Site Permission,,true,,false,apps/android/site-permissions/site-permissions-impl/src/main/res/values/strings-site-permissions.xml,38,https://github.com/duckduckgo/Android/blob/fe3e65263b23930e03b723517b7c011edfafbe0b/site-permissions/site-permissions-impl/src/main/res/values/strings-site-permissions.xml#L38
Android,labels,site-permissions/site-permissions-impl,sitePermissionsSettingsLocation,,Location,,Site Permission,,true,,false,apps/android/site-permissions/site-permissions-impl/src/main/res/values/strings-site-permissions.xml,66,https://github.com/duckduckgo/Android/blob/fe3e65263b23930e03b723517b7c011edfafbe0b/site-permissions/site-permissions-impl/src/main/res/values/strings-site-permissions.xml#L66
Android,labels,site-permissions/site-permissions-impl,sitePermissionsSettingsCamera,,Camera,,Site Permission,,true,,false,apps/android/site-permissions/site-permissions-impl/src/main/res/values/strings-site-permissions.xml,67,https://github.com/duckduckgo/Android/blob/fe3e65263b23930e03b723517b7c011edfafbe0b/site-permissions/site-permissions-impl/src/main/res/values/strings-site-permissions.xml#L67
Android,labels,site-permissions/site-permissions-impl,sitePermissionsSettingsMicrophone,,Microphone,,Site Permission,,true,,false,apps/android/site-permissions/site-permissions-impl/src/main/res/values/strings-site-permissions.xml,68,https://github.com/duckduckgo/Android/blob/fe3e65263b23930e03b723517b7c011edfafbe0b/site-permissions/site-permissions-impl/src/main/res/values/strings-site-permissions.xml#L68
Android,labels,site-permissions/site-permissions-impl,permissionsPerWebsiteAskSetting,,Ask every time,,Site Permission,,true,,false,apps/android/site-permissions/site-permissions-impl/src/main/res/values/strings-site-permissions.xml,73,https://github.com/duckduckgo/Android/blob/fe3e65263b23930e03b723517b7c011edfafbe0b/site-permissions/site-permissions-impl/src/main/res/values/strings-site-permissions.xml#L73
Android,labels,site-permissions/site-permissions-impl,permissionsPerWebsiteDenySetting,,Deny,,Site Permission,,true,,false,apps/android/site-permissions/site-permissions-impl/src/main/res/values/strings-site-permissions.xml,74,https://github.com/duckduckgo/Android/blob/fe3e65263b23930e03b723517b7c011edfafbe0b/site-permissions/site-permissions-impl/src/main/res/values/strings-site-permissions.xml#L74
Android,labels,site-permissions/site-permissions-impl,permissionsPerWebsiteAllowSetting,,Allow,,Site Permission,,true,,false,apps/android/site-permissions/site-permissions-impl/src/main/res/values/strings-site-permissions.xml,75,https://github.com/duckduckgo/Android/blob/fe3e65263b23930e03b723517b7c011edfafbe0b/site-permissions/site-permissions-impl/src/main/res/values/strings-site-permissions.xml#L75
Android,labels,site-permissions/site-permissions-impl,permissionsPerWebsiteAskDisabledSetting,,Disabled for all sites,,Site Permission,,true,,false,apps/android/site-permissions/site-permissions-impl/src/main/res/values/strings-site-permissions.xml,76,https://github.com/duckduckgo/Android/blob/fe3e65263b23930e03b723517b7c011edfafbe0b/site-permissions/site-permissions-impl/src/main/res/values/strings-site-permissions.xml#L76
Android,labels,subscriptions/subscriptions-impl,planTierNamePlus,,Plus,,Personal Information Removal,,false,,false,apps/android/subscriptions/subscriptions-impl/src/main/res/values/donottranslate.xml,23,https://github.com/duckduckgo/Android/blob/fe3e65263b23930e03b723517b7c011edfafbe0b/subscriptions/subscriptions-impl/src/main/res/values/donottranslate.xml#L23
Android,labels,subscriptions/subscriptions-impl,planTierNamePro,,Pro,,Personal Information Removal,,false,,false,apps/android/subscriptions/subscriptions-impl/src/main/res/values/donottranslate.xml,24,https://github.com/duckduckgo/Android/blob/fe3e65263b23930e03b723517b7c011edfafbe0b/subscriptions/subscriptions-impl/src/main/res/values/donottranslate.xml#L24
Android,labels,subscriptions/subscriptions-impl,partnerBenefitSettingNewPill,,New,,Partnerships Hub,,false,,false,apps/android/subscriptions/subscriptions-impl/src/main/res/values/donottranslate.xml,28,https://github.com/duckduckgo/Android/blob/fe3e65263b23930e03b723517b7c011edfafbe0b/subscriptions/subscriptions-impl/src/main/res/values/donottranslate.xml#L28
Android,labels,subscriptions/subscriptions-impl,subscriptionSettingBlackFridayOffer,,Save 40% on First Year,,Black Friday offer,% o,false,,false,apps/android/subscriptions/subscriptions-impl/src/main/res/values/donottranslate.xml,31,https://github.com/duckduckgo/Android/blob/fe3e65263b23930e03b723517b7c011edfafbe0b/subscriptions/subscriptions-impl/src/main/res/values/donottranslate.xml#L31
Android,labels,subscriptions/subscriptions-impl,subscriptionOnboardingFeature1Title,,VPN,,"Subscription Onboarding (English only, not translated)",,false,,false,apps/android/subscriptions/subscriptions-impl/src/main/res/values/donottranslate.xml,56,https://github.com/duckduckgo/Android/blob/fe3e65263b23930e03b723517b7c011edfafbe0b/subscriptions/subscriptions-impl/src/main/res/values/donottranslate.xml#L56
Android,labels,subscriptions/subscriptions-impl,subscriptionOnboardingFeature2Title,,Identity Theft Restoration,,"Subscription Onboarding (English only, not translated)",,false,,false,apps/android/subscriptions/subscriptions-impl/src/main/res/values/donottranslate.xml,58,https://github.com/duckduckgo/Android/blob/fe3e65263b23930e03b723517b7c011edfafbe0b/subscriptions/subscriptions-impl/src/main/res/values/donottranslate.xml#L58
Android,labels,subscriptions/subscriptions-impl,subscriptionOnboardingFeature3Title,,Advanced Models in Duck.ai,,"Subscription Onboarding (English only, not translated)",,false,,false,apps/android/subscriptions/subscriptions-impl/src/main/res/values/donottranslate.xml,60,https://github.com/duckduckgo/Android/blob/fe3e65263b23930e03b723517b7c011edfafbe0b/subscriptions/subscriptions-impl/src/main/res/values/donottranslate.xml#L60
Android,labels,subscriptions/subscriptions-impl,subscriptionOnboardingFeature4Title,,Personal Information Removal,,"Subscription Onboarding (English only, not translated)",,false,,false,apps/android/subscriptions/subscriptions-impl/src/main/res/values/donottranslate.xml,62,https://github.com/duckduckgo/Android/blob/fe3e65263b23930e03b723517b7c011edfafbe0b/subscriptions/subscriptions-impl/src/main/res/values/donottranslate.xml#L62
Android,labels,subscriptions/subscriptions-impl,subscriptionOnboardingItrActivate,,Activate,,ITR step,,false,,false,apps/android/subscriptions/subscriptions-impl/src/main/res/values/donottranslate.xml,68,https://github.com/duckduckgo/Android/blob/fe3e65263b23930e03b723517b7c011edfafbe0b/subscriptions/subscriptions-impl/src/main/res/values/donottranslate.xml#L68
Android,labels,subscriptions/subscriptions-impl,subscriptionOnboardingPlatformIos,,iOS,,Platform labels,,false,,false,apps/android/subscriptions/subscriptions-impl/src/main/res/values/donottranslate.xml,72,https://github.com/duckduckgo/Android/blob/fe3e65263b23930e03b723517b7c011edfafbe0b/subscriptions/subscriptions-impl/src/main/res/values/donottranslate.xml#L72
Android,labels,subscriptions/subscriptions-impl,subscriptionOnboardingPlatformAndroid,,Android,,Platform labels,,false,,false,apps/android/subscriptions/subscriptions-impl/src/main/res/values/donottranslate.xml,73,https://github.com/duckduckgo/Android/blob/fe3e65263b23930e03b723517b7c011edfafbe0b/subscriptions/subscriptions-impl/src/main/res/values/donottranslate.xml#L73
Android,labels,subscriptions/subscriptions-impl,subscriptionOnboardingPlatformMac,,Mac,,Platform labels,,false,,false,apps/android/subscriptions/subscriptions-impl/src/main/res/values/donottranslate.xml,74,https://github.com/duckduckgo/Android/blob/fe3e65263b23930e03b723517b7c011edfafbe0b/subscriptions/subscriptions-impl/src/main/res/values/donottranslate.xml#L74
Android,labels,subscriptions/subscriptions-impl,subscriptionOnboardingPlatformWindows,,Windows,,Platform labels,,false,,false,apps/android/subscriptions/subscriptions-impl/src/main/res/values/donottranslate.xml,75,https://github.com/duckduckgo/Android/blob/fe3e65263b23930e03b723517b7c011edfafbe0b/subscriptions/subscriptions-impl/src/main/res/values/donottranslate.xml#L75
Android,labels,subscriptions/subscriptions-impl,subscriptionOnboardingFeatureInfoVpnItem1Title,,Devices,,Feature detail: VPN,,false,,false,apps/android/subscriptions/subscriptions-impl/src/main/res/values/donottranslate.xml,80,https://github.com/duckduckgo/Android/blob/fe3e65263b23930e03b723517b7c011edfafbe0b/subscriptions/subscriptions-impl/src/main/res/values/donottranslate.xml#L80
Android,labels,subscriptions/subscriptions-impl,subscriptionOnboardingFeatureInfoVpnItem1Description,,Full-device coverage on up to 5 devices at once.,,Feature detail: VPN,,false,,false,apps/android/subscriptions/subscriptions-impl/src/main/res/values/donottranslate.xml,81,https://github.com/duckduckgo/Android/blob/fe3e65263b23930e03b723517b7c011edfafbe0b/subscriptions/subscriptions-impl/src/main/res/values/donottranslate.xml#L81
Android,labels,subscriptions/subscriptions-impl,subscriptionOnboardingFeatureInfoVpnItem2Title,,Strict no-logging policy,,Feature detail: VPN,,false,,false,apps/android/subscriptions/subscriptions-impl/src/main/res/values/donottranslate.xml,82,https://github.com/duckduckgo/Android/blob/fe3e65263b23930e03b723517b7c011edfafbe0b/subscriptions/subscriptions-impl/src/main/res/values/donottranslate.xml#L82
Android,labels,subscriptions/subscriptions-impl,subscriptionOnboardingFeatureInfoVpnItem2Description,,"We don't log or store data that can connect you to your online activity. And because connections are encrypted, your internet provider can't see your online traffic either.",,Feature detail: VPN,,false,,false,apps/android/subscriptions/subscriptions-impl/src/main/res/values/donottranslate.xml,83,https://github.com/duckduckgo/Android/blob/fe3e65263b23930e03b723517b7c011edfafbe0b/subscriptions/subscriptions-impl/src/main/res/values/donottranslate.xml#L83
Android,labels,subscriptions/subscriptions-impl,subscriptionOnboardingFeatureInfoVpnItem3Title,,Easy to use,,Feature detail: VPN,,false,,false,apps/android/subscriptions/subscriptions-impl/src/main/res/values/donottranslate.xml,84,https://github.com/duckduckgo/Android/blob/fe3e65263b23930e03b723517b7c011edfafbe0b/subscriptions/subscriptions-impl/src/main/res/values/donottranslate.xml#L84
Android,labels,subscriptions/subscriptions-impl,subscriptionOnboardingFeatureInfoVpnItem3Description,,No need to install a separate app. Connect in just one click in the DuckDuckGo browser and check VPN status at a glance.,,Feature detail: VPN,,false,,false,apps/android/subscriptions/subscriptions-impl/src/main/res/values/donottranslate.xml,85,https://github.com/duckduckgo/Android/blob/fe3e65263b23930e03b723517b7c011edfafbe0b/subscriptions/subscriptions-impl/src/main/res/values/donottranslate.xml#L85
Android,labels,subscriptions/subscriptions-impl,subscriptionOnboardingFeatureInfoVpnItem4Title,,Full-device coverage on desktop and mobile,,Feature detail: VPN,,false,,false,apps/android/subscriptions/subscriptions-impl/src/main/res/values/donottranslate.xml,86,https://github.com/duckduckgo/Android/blob/fe3e65263b23930e03b723517b7c011edfafbe0b/subscriptions/subscriptions-impl/src/main/res/values/donottranslate.xml#L86
Android,labels,subscriptions/subscriptions-impl,subscriptionOnboardingFeatureInfoVpnItem4Description,,Encrypt online traffic across browsers and apps on up to 5 devices at once.,,Feature detail: VPN,,false,,false,apps/android/subscriptions/subscriptions-impl/src/main/res/values/donottranslate.xml,87,https://github.com/duckduckgo/Android/blob/fe3e65263b23930e03b723517b7c011edfafbe0b/subscriptions/subscriptions-impl/src/main/res/values/donottranslate.xml#L87
Android,labels,subscriptions/subscriptions-impl,subscriptionOnboardingFeatureInfoVpnItem5Title,,Fast and reliable,,Feature detail: VPN,,false,,false,apps/android/subscriptions/subscriptions-impl/src/main/res/values/donottranslate.xml,88,https://github.com/duckduckgo/Android/blob/fe3e65263b23930e03b723517b7c011edfafbe0b/subscriptions/subscriptions-impl/src/main/res/values/donottranslate.xml#L88
Android,labels,subscriptions/subscriptions-impl,subscriptionOnboardingFeatureInfoVpnItem5Description,,"With servers across the US and Europe, you get the closest connection to maximize speed and stability and can choose to connect to any of our servers worldwide.",,Feature detail: VPN,,false,,false,apps/android/subscriptions/subscriptions-impl/src/main/res/values/donottranslate.xml,89,https://github.com/duckduckgo/Android/blob/fe3e65263b23930e03b723517b7c011edfafbe0b/subscriptions/subscriptions-impl/src/main/res/values/donottranslate.xml#L89
Android,labels,subscriptions/subscriptions-impl,subscriptionOnboardingFeatureInfoVpnItem6Title,,Data leak prevention,,Feature detail: VPN,,false,,false,apps/android/subscriptions/subscriptions-impl/src/main/res/values/donottranslate.xml,90,https://github.com/duckduckgo/Android/blob/fe3e65263b23930e03b723517b7c011edfafbe0b/subscriptions/subscriptions-impl/src/main/res/values/donottranslate.xml#L90
Android,labels,subscriptions/subscriptions-impl,subscriptionOnboardingFeatureInfoVpnItem6Description,,"Blocks all internet traffic automatically if the VPN tunnel fails, preventing accidental data leaks until the VPN tunnel is either restored or manually disabled.",,Feature detail: VPN,,false,,false,apps/android/subscriptions/subscriptions-impl/src/main/res/values/donottranslate.xml,91,https://github.com/duckduckgo/Android/blob/fe3e65263b23930e03b723517b7c011edfafbe0b/subscriptions/subscriptions-impl/src/main/res/values/donottranslate.xml#L91
Android,labels,subscriptions/subscriptions-impl,subscriptionOnboardingFeatureInfoVpnItem7Title,,Secure DNS,,Feature detail: VPN,,false,,false,apps/android/subscriptions/subscriptions-impl/src/main/res/values/donottranslate.xml,92,https://github.com/duckduckgo/Android/blob/fe3e65263b23930e03b723517b7c011edfafbe0b/subscriptions/subscriptions-impl/src/main/res/values/donottranslate.xml#L92
Android,labels,subscriptions/subscriptions-impl,subscriptionOnboardingFeatureInfoVpnItem7Description,,We route DNS queries through our secure VPN to stop traffic and IP address leaks to your internet provider.,,Feature detail: VPN,,false,,false,apps/android/subscriptions/subscriptions-impl/src/main/res/values/donottranslate.xml,93,https://github.com/duckduckgo/Android/blob/fe3e65263b23930e03b723517b7c011edfafbe0b/subscriptions/subscriptions-impl/src/main/res/values/donottranslate.xml#L93
Android,labels,subscriptions/subscriptions-impl,subscriptionOnboardingFeatureInfoVpnItem8Title,,Always-on,,Feature detail: VPN,,false,,false,apps/android/subscriptions/subscriptions-impl/src/main/res/values/donottranslate.xml,94,https://github.com/duckduckgo/Android/blob/fe3e65263b23930e03b723517b7c011edfafbe0b/subscriptions/subscriptions-impl/src/main/res/values/donottranslate.xml#L94
Android,labels,subscriptions/subscriptions-impl,subscriptionOnboardingFeatureInfoVpnItem8Description,,"If your VPN connection gets interrupted, it reconnects automatically. Active by default on iOS, Mac, or Windows, or enabled in settings on Android.",,Feature detail: VPN,,false,,false,apps/android/subscriptions/subscriptions-impl/src/main/res/values/donottranslate.xml,95,https://github.com/duckduckgo/Android/blob/fe3e65263b23930e03b723517b7c011edfafbe0b/subscriptions/subscriptions-impl/src/main/res/values/donottranslate.xml#L95
Android,labels,subscriptions/subscriptions-impl,subscriptionOnboardingFeatureInfoVpnItem9Title,,Secure WireGuard protocol,,Feature detail: VPN,,false,,false,apps/android/subscriptions/subscriptions-impl/src/main/res/values/donottranslate.xml,96,https://github.com/duckduckgo/Android/blob/fe3e65263b23930e03b723517b7c011edfafbe0b/subscriptions/subscriptions-impl/src/main/res/values/donottranslate.xml#L96
Android,labels,subscriptions/subscriptions-impl,subscriptionOnboardingFeatureInfoVpnItem9Description,,"We use the fast, secure, and open-source WireGuard protocol.",,Feature detail: VPN,,false,,false,apps/android/subscriptions/subscriptions-impl/src/main/res/values/donottranslate.xml,97,https://github.com/duckduckgo/Android/blob/fe3e65263b23930e03b723517b7c011edfafbe0b/subscriptions/subscriptions-impl/src/main/res/values/donottranslate.xml#L97
Android,labels,subscriptions/subscriptions-impl,subscriptionOnboardingFeatureInfoItrItem1Title,,Recover financial losses,,Feature detail: Identity Theft Restoration,,false,,false,apps/android/subscriptions/subscriptions-impl/src/main/res/values/donottranslate.xml,102,https://github.com/duckduckgo/Android/blob/fe3e65263b23930e03b723517b7c011edfafbe0b/subscriptions/subscriptions-impl/src/main/res/values/donottranslate.xml#L102
Android,labels,subscriptions/subscriptions-impl,subscriptionOnboardingFeatureInfoItrItem1Description,,"We'll work with financial institutions to help reverse any fraudulent transactions, and we'll reimburse certain out-of-pocket expenses* in the event that you become a victim of identity theft or fraud.",,Feature detail: Identity Theft Restoration,,false,,false,apps/android/subscriptions/subscriptions-impl/src/main/res/values/donottranslate.xml,103,https://github.com/duckduckgo/Android/blob/fe3e65263b23930e03b723517b7c011edfafbe0b/subscriptions/subscriptions-impl/src/main/res/values/donottranslate.xml#L103
Android,labels,subscriptions/subscriptions-impl,subscriptionOnboardingFeatureInfoItrItem2Title,,Fix your credit report,,Feature detail: Identity Theft Restoration,,false,,false,apps/android/subscriptions/subscriptions-impl/src/main/res/values/donottranslate.xml,104,https://github.com/duckduckgo/Android/blob/fe3e65263b23930e03b723517b7c011edfafbe0b/subscriptions/subscriptions-impl/src/main/res/values/donottranslate.xml#L104
Android,labels,subscriptions/subscriptions-impl,subscriptionOnboardingFeatureInfoItrItem2Description,,"We'll help fix errors in your credit report that result from fraudulent activity, and assist you in freezing your credit report until your identity is restored.",,Feature detail: Identity Theft Restoration,,false,,false,apps/android/subscriptions/subscriptions-impl/src/main/res/values/donottranslate.xml,105,https://github.com/duckduckgo/Android/blob/fe3e65263b23930e03b723517b7c011edfafbe0b/subscriptions/subscriptions-impl/src/main/res/values/donottranslate.xml#L105
Android,labels,subscriptions/subscriptions-impl,subscriptionOnboardingFeatureInfoItrItem3Title,,Replace and cancel lost wallet items,,Feature detail: Identity Theft Restoration,,false,,false,apps/android/subscriptions/subscriptions-impl/src/main/res/values/donottranslate.xml,106,https://github.com/duckduckgo/Android/blob/fe3e65263b23930e03b723517b7c011edfafbe0b/subscriptions/subscriptions-impl/src/main/res/values/donottranslate.xml#L106
Android,labels,subscriptions/subscriptions-impl,subscriptionOnboardingFeatureInfoItrItem3Description,,"Losing your wallet shouldn't be so stressful. Should you need to, we'll help you cancel and replace your driver's license, bank cards, passport, and social security card.",,Feature detail: Identity Theft Restoration,,false,,false,apps/android/subscriptions/subscriptions-impl/src/main/res/values/donottranslate.xml,107,https://github.com/duckduckgo/Android/blob/fe3e65263b23930e03b723517b7c011edfafbe0b/subscriptions/subscriptions-impl/src/main/res/values/donottranslate.xml#L107
Android,labels,subscriptions/subscriptions-impl,subscriptionOnboardingFeatureInfoItrItem4Title,,Get help from a personal case manager,,Feature detail: Identity Theft Restoration,,false,,false,apps/android/subscriptions/subscriptions-impl/src/main/res/values/donottranslate.xml,108,https://github.com/duckduckgo/Android/blob/fe3e65263b23930e03b723517b7c011edfafbe0b/subscriptions/subscriptions-impl/src/main/res/values/donottranslate.xml#L108
Android,labels,subscriptions/subscriptions-impl,subscriptionOnboardingFeatureInfoItrItem4Description,,"They'll help to resolve issues and work directly with credit card companies or banks, deal with paperwork and call centers, handle follow-ups, and provide guidance throughout.",,Feature detail: Identity Theft Restoration,,false,,false,apps/android/subscriptions/subscriptions-impl/src/main/res/values/donottranslate.xml,109,https://github.com/duckduckgo/Android/blob/fe3e65263b23930e03b723517b7c011edfafbe0b/subscriptions/subscriptions-impl/src/main/res/values/donottranslate.xml#L109
Android,labels,subscriptions/subscriptions-impl,subscriptionOnboardingFeatureInfoItrItem5Title,,Rapid and reliable response,,Feature detail: Identity Theft Restoration,,false,,false,apps/android/subscriptions/subscriptions-impl/src/main/res/values/donottranslate.xml,110,https://github.com/duckduckgo/Android/blob/fe3e65263b23930e03b723517b7c011edfafbe0b/subscriptions/subscriptions-impl/src/main/res/values/donottranslate.xml#L110
Android,labels,subscriptions/subscriptions-impl,subscriptionOnboardingFeatureInfoItrItem5Description,,"We treat every stolen identity as an emergency. Call 24/7 to request assistance, and count on an answer from an expert advisor in less than 30 seconds.",,Feature detail: Identity Theft Restoration,,false,,false,apps/android/subscriptions/subscriptions-impl/src/main/res/values/donottranslate.xml,111,https://github.com/duckduckgo/Android/blob/fe3e65263b23930e03b723517b7c011edfafbe0b/subscriptions/subscriptions-impl/src/main/res/values/donottranslate.xml#L111
Android,labels,subscriptions/subscriptions-impl,subscriptionOnboardingFeatureInfoItrItem6Title,,Emergency cash and travel arrangements,,Feature detail: Identity Theft Restoration,,false,,false,apps/android/subscriptions/subscriptions-impl/src/main/res/values/donottranslate.xml,112,https://github.com/duckduckgo/Android/blob/fe3e65263b23930e03b723517b7c011edfafbe0b/subscriptions/subscriptions-impl/src/main/res/values/donottranslate.xml#L112
Android,labels,subscriptions/subscriptions-impl,subscriptionOnboardingFeatureInfoItrItem6Description,,"If you experience identity theft away from home, get a cash advance of up to $500 to assist with emergency travel, if you're 100+ miles away from your primary residence.",,Feature detail: Identity Theft Restoration,,false,,false,apps/android/subscriptions/subscriptions-impl/src/main/res/values/donottranslate.xml,113,https://github.com/duckduckgo/Android/blob/fe3e65263b23930e03b723517b7c011edfafbe0b/subscriptions/subscriptions-impl/src/main/res/values/donottranslate.xml#L113
Android,labels,subscriptions/subscriptions-impl,subscriptionOnboardingFeatureInfoItrItem7Title,,Support informing the authorities,,Feature detail: Identity Theft Restoration,,false,,false,apps/android/subscriptions/subscriptions-impl/src/main/res/values/donottranslate.xml,114,https://github.com/duckduckgo/Android/blob/fe3e65263b23930e03b723517b7c011edfafbe0b/subscriptions/subscriptions-impl/src/main/res/values/donottranslate.xml#L114
Android,labels,subscriptions/subscriptions-impl,subscriptionOnboardingFeatureInfoItrItem7Description,,We'll help you report fraudulent activity to police and legal authorities.,,Feature detail: Identity Theft Restoration,,false,,false,apps/android/subscriptions/subscriptions-impl/src/main/res/values/donottranslate.xml,115,https://github.com/duckduckgo/Android/blob/fe3e65263b23930e03b723517b7c011edfafbe0b/subscriptions/subscriptions-impl/src/main/res/values/donottranslate.xml#L115
Android,labels,subscriptions/subscriptions-impl,subscriptionOnboardingFeatureInfoItrItem8Title,,Medical ID theft assistance,,Feature detail: Identity Theft Restoration,,false,,false,apps/android/subscriptions/subscriptions-impl/src/main/res/values/donottranslate.xml,116,https://github.com/duckduckgo/Android/blob/fe3e65263b23930e03b723517b7c011edfafbe0b/subscriptions/subscriptions-impl/src/main/res/values/donottranslate.xml#L116
Android,labels,subscriptions/subscriptions-impl,subscriptionOnboardingFeatureInfoItrItem8Description,,"If fraudulent medical claims occur, we'll help inform healthcare and insurance providers, and help ensure medical records are corrected — with in-house medical staff if required.",,Feature detail: Identity Theft Restoration,,false,,false,apps/android/subscriptions/subscriptions-impl/src/main/res/values/donottranslate.xml,117,https://github.com/duckduckgo/Android/blob/fe3e65263b23930e03b723517b7c011edfafbe0b/subscriptions/subscriptions-impl/src/main/res/values/donottranslate.xml#L117
Android,labels,subscriptions/subscriptions-impl,subscriptionOnboardingFeatureInfoDuckAiItem1Title,,"Advanced AI models from OpenAI, Anthropic, and others",,Feature detail: Duck.ai,,false,,false,apps/android/subscriptions/subscriptions-impl/src/main/res/values/donottranslate.xml,123,https://github.com/duckduckgo/Android/blob/fe3e65263b23930e03b723517b7c011edfafbe0b/subscriptions/subscriptions-impl/src/main/res/values/donottranslate.xml#L123
Android,labels,subscriptions/subscriptions-impl,subscriptionOnboardingFeatureInfoDuckAiItem1Description,,"Subscriber-exclusive GPT-5.4 and Claude Sonnet 4.6 are ideal for complex tasks like advanced coding, ideation, problem solving, and reasoning, all with greater accuracy and speed. We regularly add support for new models soon after they're released.",,Feature detail: Duck.ai,,false,,false,apps/android/subscriptions/subscriptions-impl/src/main/res/values/donottranslate.xml,124,https://github.com/duckduckgo/Android/blob/fe3e65263b23930e03b723517b7c011edfafbe0b/subscriptions/subscriptions-impl/src/main/res/values/donottranslate.xml#L124
Android,labels,subscriptions/subscriptions-impl,subscriptionOnboardingFeatureInfoDuckAiItem2Title,,Active Privacy Protection on every chat,,Feature detail: Duck.ai,,false,,false,apps/android/subscriptions/subscriptions-impl/src/main/res/values/donottranslate.xml,125,https://github.com/duckduckgo/Android/blob/fe3e65263b23930e03b723517b7c011edfafbe0b/subscriptions/subscriptions-impl/src/main/res/values/donottranslate.xml#L125
Android,labels,subscriptions/subscriptions-impl,subscriptionOnboardingFeatureInfoDuckAiItem2Description,,"Just like the free version of Duck.ai, Active Privacy Protection keeps your conversations private and anonymous, and prevents AI companies from training their models on your chats.",,Feature detail: Duck.ai,,false,,false,apps/android/subscriptions/subscriptions-impl/src/main/res/values/donottranslate.xml,126,https://github.com/duckduckgo/Android/blob/fe3e65263b23930e03b723517b7c011edfafbe0b/subscriptions/subscriptions-impl/src/main/res/values/donottranslate.xml#L126
Android,labels,subscriptions/subscriptions-impl,subscriptionOnboardingFeatureInfoDuckAiItem3Title,,Premium AI models without a premium price,,Feature detail: Duck.ai,,false,,false,apps/android/subscriptions/subscriptions-impl/src/main/res/values/donottranslate.xml,127,https://github.com/duckduckgo/Android/blob/fe3e65263b23930e03b723517b7c011edfafbe0b/subscriptions/subscriptions-impl/src/main/res/values/donottranslate.xml#L127
Android,labels,subscriptions/subscriptions-impl,subscriptionOnboardingFeatureInfoDuckAiItem3Description,,Subscribers get multiple AI models for cheaper than the cost of subscribing to each model individually from the model providers.,,Feature detail: Duck.ai,,false,,false,apps/android/subscriptions/subscriptions-impl/src/main/res/values/donottranslate.xml,128,https://github.com/duckduckgo/Android/blob/fe3e65263b23930e03b723517b7c011edfafbe0b/subscriptions/subscriptions-impl/src/main/res/values/donottranslate.xml#L128
Android,labels,subscriptions/subscriptions-impl,subscriptionOnboardingFeatureInfoDuckAiItem4Title,,"Access from any browser, on any device",,Feature detail: Duck.ai,,false,,false,apps/android/subscriptions/subscriptions-impl/src/main/res/values/donottranslate.xml,129,https://github.com/duckduckgo/Android/blob/fe3e65263b23930e03b723517b7c011edfafbe0b/subscriptions/subscriptions-impl/src/main/res/values/donottranslate.xml#L129
Android,labels,subscriptions/subscriptions-impl,subscriptionOnboardingFeatureInfoDuckAiItem4Description,,"You can access Duck.ai's advanced AI models in any web browser by activating your subscription in Duck.ai settings. Duck.ai is also built in to the DuckDuckGo browser, giving you easy access to Duck.ai while browsing.",,Feature detail: Duck.ai,,false,,false,apps/android/subscriptions/subscriptions-impl/src/main/res/values/donottranslate.xml,130,https://github.com/duckduckgo/Android/blob/fe3e65263b23930e03b723517b7c011edfafbe0b/subscriptions/subscriptions-impl/src/main/res/values/donottranslate.xml#L130
Android,labels,subscriptions/subscriptions-impl,subscriptionOnboardingFeatureInfoPirItem1Title,,Platforms,,Feature detail: Personal Information Removal,,false,,false,apps/android/subscriptions/subscriptions-impl/src/main/res/values/donottranslate.xml,135,https://github.com/duckduckgo/Android/blob/fe3e65263b23930e03b723517b7c011edfafbe0b/subscriptions/subscriptions-impl/src/main/res/values/donottranslate.xml#L135
Android,labels,subscriptions/subscriptions-impl,subscriptionOnboardingFeatureInfoPirItem1Description,,Personal Information Removal is only available on Mac and Windows,,Feature detail: Personal Information Removal,,false,,false,apps/android/subscriptions/subscriptions-impl/src/main/res/values/donottranslate.xml,136,https://github.com/duckduckgo/Android/blob/fe3e65263b23930e03b723517b7c011edfafbe0b/subscriptions/subscriptions-impl/src/main/res/values/donottranslate.xml#L136
Android,labels,subscriptions/subscriptions-impl,subscriptionOnboardingFeatureInfoPirItem2Title,,Repeatedly scans many data broker sites that sell your information,,Feature detail: Personal Information Removal,,false,,false,apps/android/subscriptions/subscriptions-impl/src/main/res/values/donottranslate.xml,137,https://github.com/duckduckgo/Android/blob/fe3e65263b23930e03b723517b7c011edfafbe0b/subscriptions/subscriptions-impl/src/main/res/values/donottranslate.xml#L137
Android,labels,subscriptions/subscriptions-impl,subscriptionOnboardingFeatureInfoPirItem2Description,,Find and remove your personal information from data broker sites around the web. DuckDuckGo re-scans regularly to minimize the risk of your info reappearing.,,Feature detail: Personal Information Removal,,false,,false,apps/android/subscriptions/subscriptions-impl/src/main/res/values/donottranslate.xml,138,https://github.com/duckduckgo/Android/blob/fe3e65263b23930e03b723517b7c011edfafbe0b/subscriptions/subscriptions-impl/src/main/res/values/donottranslate.xml#L138
Android,labels,subscriptions/subscriptions-impl,subscriptionOnboardingFeatureInfoPirItem3Title,,"Your info stays on your device, not our servers",,Feature detail: Personal Information Removal,,false,,false,apps/android/subscriptions/subscriptions-impl/src/main/res/values/donottranslate.xml,139,https://github.com/duckduckgo/Android/blob/fe3e65263b23930e03b723517b7c011edfafbe0b/subscriptions/subscriptions-impl/src/main/res/values/donottranslate.xml#L139
Android,labels,subscriptions/subscriptions-impl,subscriptionOnboardingFeatureInfoPirItem3Description,,"Unlike other services, the removal process happens entirely on your device, not remote servers — your device stores the personal information you provide during setup and initiates removal requests.",,Feature detail: Personal Information Removal,,false,,false,apps/android/subscriptions/subscriptions-impl/src/main/res/values/donottranslate.xml,140,https://github.com/duckduckgo/Android/blob/fe3e65263b23930e03b723517b7c011edfafbe0b/subscriptions/subscriptions-impl/src/main/res/values/donottranslate.xml#L140
Android,labels,subscriptions/subscriptions-impl,subscriptionOnboardingFeatureInfoPirItem4Title,,We automate many removals & help you manually remove the rest,,Feature detail: Personal Information Removal,,false,,false,apps/android/subscriptions/subscriptions-impl/src/main/res/values/donottranslate.xml,141,https://github.com/duckduckgo/Android/blob/fe3e65263b23930e03b723517b7c011edfafbe0b/subscriptions/subscriptions-impl/src/main/res/values/donottranslate.xml#L141
Android,labels,subscriptions/subscriptions-impl,subscriptionOnboardingFeatureInfoPirItem4Description,,"Let us help handle the time, effort, and complexity typically required to get your details removed. We scan for your info, request its removal where possible, then receive and handle confirmation emails for you.",,Feature detail: Personal Information Removal,,false,,false,apps/android/subscriptions/subscriptions-impl/src/main/res/values/donottranslate.xml,142,https://github.com/duckduckgo/Android/blob/fe3e65263b23930e03b723517b7c011edfafbe0b/subscriptions/subscriptions-impl/src/main/res/values/donottranslate.xml#L142
Android,labels,subscriptions/subscriptions-impl,subscriptionOnboardingFeatureInfoPirItem5Title,,Monitor removal progress in real time,,Feature detail: Personal Information Removal,,false,,false,apps/android/subscriptions/subscriptions-impl/src/main/res/values/donottranslate.xml,143,https://github.com/duckduckgo/Android/blob/fe3e65263b23930e03b723517b7c011edfafbe0b/subscriptions/subscriptions-impl/src/main/res/values/donottranslate.xml#L143
Android,labels,subscriptions/subscriptions-impl,subscriptionOnboardingFeatureInfoPirItem5Description,,"It can take a while for sites to update, so we made it easy to keep tabs on progress of ongoing removals and see the personal info we've removed in real time on your personal dashboard.",,Feature detail: Personal Information Removal,,false,,false,apps/android/subscriptions/subscriptions-impl/src/main/res/values/donottranslate.xml,144,https://github.com/duckduckgo/Android/blob/fe3e65263b23930e03b723517b7c011edfafbe0b/subscriptions/subscriptions-impl/src/main/res/values/donottranslate.xml#L144
Android,labels,subscriptions/subscriptions-impl,subscriptionOnboardingCompletionPercentageLabel,,completed,,Onboarding completion summary,,false,,false,apps/android/subscriptions/subscriptions-impl/src/main/res/values/donottranslate.xml,150,https://github.com/duckduckgo/Android/blob/fe3e65263b23930e03b723517b7c011edfafbe0b/subscriptions/subscriptions-impl/src/main/res/values/donottranslate.xml#L150
Android,labels,subscriptions/subscriptions-impl,privacyPro,,Privacy Pro,,,,false,,false,apps/android/subscriptions/subscriptions-impl/src/main/res/values/strings-subscriptions.xml,21,https://github.com/duckduckgo/Android/blob/fe3e65263b23930e03b723517b7c011edfafbe0b/subscriptions/subscriptions-impl/src/main/res/values/strings-subscriptions.xml#L21
Android,labels,subscriptions/subscriptions-impl,ddg_subscription,,DuckDuckGo Subscription,,,,true,,false,apps/android/subscriptions/subscriptions-impl/src/main/res/values/strings-subscriptions.xml,22,https://github.com/duckduckgo/Android/blob/fe3e65263b23930e03b723517b7c011edfafbe0b/subscriptions/subscriptions-impl/src/main/res/values/strings-subscriptions.xml#L22
Android,labels,subscriptions/subscriptions-impl,manageEmail,,Manage Email,,,,true,,false,apps/android/subscriptions/subscriptions-impl/src/main/res/values/strings-subscriptions.xml,23,https://github.com/duckduckgo/Android/blob/fe3e65263b23930e03b723517b7c011edfafbe0b/subscriptions/subscriptions-impl/src/main/res/values/strings-subscriptions.xml#L23
Android,labels,subscriptions/subscriptions-impl,backToSettings,,Back to Settings,,Restore Subscriptions Activity,,true,,false,apps/android/subscriptions/subscriptions-impl/src/main/res/values/strings-subscriptions.xml,26,https://github.com/duckduckgo/Android/blob/fe3e65263b23930e03b723517b7c011edfafbe0b/subscriptions/subscriptions-impl/src/main/res/values/strings-subscriptions.xml#L26
Android,labels,subscriptions/subscriptions-impl,somethingWentWrong,,Something went wrong,,Restore Subscriptions Activity,,true,,false,apps/android/subscriptions/subscriptions-impl/src/main/res/values/strings-subscriptions.xml,27,https://github.com/duckduckgo/Android/blob/fe3e65263b23930e03b723517b7c011edfafbe0b/subscriptions/subscriptions-impl/src/main/res/values/strings-subscriptions.xml#L27
Android,labels,subscriptions/subscriptions-impl,viewPlans,,View Plans,,Restore Subscriptions Activity,,true,,false,apps/android/subscriptions/subscriptions-impl/src/main/res/values/strings-subscriptions.xml,30,https://github.com/duckduckgo/Android/blob/fe3e65263b23930e03b723517b7c011edfafbe0b/subscriptions/subscriptions-impl/src/main/res/values/strings-subscriptions.xml#L30
Android,labels,subscriptions/subscriptions-impl,subscriptionNotFound,,Subscription Not Found,,Restore Subscriptions Activity,,true,,false,apps/android/subscriptions/subscriptions-impl/src/main/res/values/strings-subscriptions.xml,31,https://github.com/duckduckgo/Android/blob/fe3e65263b23930e03b723517b7c011edfafbe0b/subscriptions/subscriptions-impl/src/main/res/values/strings-subscriptions.xml#L31
Android,labels,subscriptions/subscriptions-impl,restoreSubscriptionGooglePlayGetStarted,,Restore Purchase,,Restore Subscriptions Activity,,true,,false,apps/android/subscriptions/subscriptions-impl/src/main/res/values/strings-subscriptions.xml,37,https://github.com/duckduckgo/Android/blob/fe3e65263b23930e03b723517b7c011edfafbe0b/subscriptions/subscriptions-impl/src/main/res/values/strings-subscriptions.xml#L37
Android,labels,subscriptions/subscriptions-impl,restoreSubscriptionEmailGetStarted,,Get Started,,Restore Subscriptions Activity,,true,,false,apps/android/subscriptions/subscriptions-impl/src/main/res/values/strings-subscriptions.xml,40,https://github.com/duckduckgo/Android/blob/fe3e65263b23930e03b723517b7c011edfafbe0b/subscriptions/subscriptions-impl/src/main/res/values/strings-subscriptions.xml#L40
Android,labels,subscriptions/subscriptions-impl,removeSubscription,,Remove Subscription,,Settings Subscriptions Activity,,true,,false,apps/android/subscriptions/subscriptions-impl/src/main/res/values/strings-subscriptions.xml,43,https://github.com/duckduckgo/Android/blob/fe3e65263b23930e03b723517b7c011edfafbe0b/subscriptions/subscriptions-impl/src/main/res/values/strings-subscriptions.xml#L43
Android,labels,subscriptions/subscriptions-impl,monthlySubscription,,Monthly Subscription,,Settings Subscriptions Activity,,true,,false,apps/android/subscriptions/subscriptions-impl/src/main/res/values/strings-subscriptions.xml,50,https://github.com/duckduckgo/Android/blob/fe3e65263b23930e03b723517b7c011edfafbe0b/subscriptions/subscriptions-impl/src/main/res/values/strings-subscriptions.xml#L50
Android,labels,subscriptions/subscriptions-impl,yearlySubscription,,Yearly Subscription,,Settings Subscriptions Activity,,true,,false,apps/android/subscriptions/subscriptions-impl/src/main/res/values/strings-subscriptions.xml,51,https://github.com/duckduckgo/Android/blob/fe3e65263b23930e03b723517b7c011edfafbe0b/subscriptions/subscriptions-impl/src/main/res/values/strings-subscriptions.xml#L51
Android,labels,subscriptions/subscriptions-impl,renews,,renews,,Settings Subscriptions Activity,,true,,false,apps/android/subscriptions/subscriptions-impl/src/main/res/values/strings-subscriptions.xml,52,https://github.com/duckduckgo/Android/blob/fe3e65263b23930e03b723517b7c011edfafbe0b/subscriptions/subscriptions-impl/src/main/res/values/strings-subscriptions.xml#L52
Android,labels,subscriptions/subscriptions-impl,expires,,expires,,Settings Subscriptions Activity,,true,,false,apps/android/subscriptions/subscriptions-impl/src/main/res/values/strings-subscriptions.xml,53,https://github.com/duckduckgo/Android/blob/fe3e65263b23930e03b723517b7c011edfafbe0b/subscriptions/subscriptions-impl/src/main/res/values/strings-subscriptions.xml#L53
Android,labels,subscriptions/subscriptions-impl,activateOnOtherDevices,,Add Your Subscription to Other Devices,,Settings Subscriptions Activity,,true,,false,apps/android/subscriptions/subscriptions-impl/src/main/res/values/strings-subscriptions.xml,54,https://github.com/duckduckgo/Android/blob/fe3e65263b23930e03b723517b7c011edfafbe0b/subscriptions/subscriptions-impl/src/main/res/values/strings-subscriptions.xml#L54
Android,labels,subscriptions/subscriptions-impl,learnMore,,Learn More,,Settings Subscriptions Activity,,true,,false,apps/android/subscriptions/subscriptions-impl/src/main/res/values/strings-subscriptions.xml,59,https://github.com/duckduckgo/Android/blob/fe3e65263b23930e03b723517b7c011edfafbe0b/subscriptions/subscriptions-impl/src/main/res/values/strings-subscriptions.xml#L59
Android,labels,subscriptions/subscriptions-impl,subscriptionStatusSubscribed,,Subscribed,,Settings Subscriptions Activity,,true,,false,apps/android/subscriptions/subscriptions-impl/src/main/res/values/strings-subscriptions.xml,62,https://github.com/duckduckgo/Android/blob/fe3e65263b23930e03b723517b7c011edfafbe0b/subscriptions/subscriptions-impl/src/main/res/values/strings-subscriptions.xml#L62
Android,labels,subscriptions/subscriptions-impl,privacyPolicyAndTermsOfService,,Privacy Policy and Terms of Service,,Settings Subscriptions Activity,,true,,false,apps/android/subscriptions/subscriptions-impl/src/main/res/values/strings-subscriptions.xml,63,https://github.com/duckduckgo/Android/blob/fe3e65263b23930e03b723517b7c011edfafbe0b/subscriptions/subscriptions-impl/src/main/res/values/strings-subscriptions.xml#L63
Android,labels,subscriptions/subscriptions-impl,subscriptionStatusFreeTrial,,Free Trial Active,,Settings Subscriptions Activity,,true,,false,apps/android/subscriptions/subscriptions-impl/src/main/res/values/strings-subscriptions.xml,64,https://github.com/duckduckgo/Android/blob/fe3e65263b23930e03b723517b7c011edfafbe0b/subscriptions/subscriptions-impl/src/main/res/values/strings-subscriptions.xml#L64
Android,labels,subscriptions/subscriptions-impl,subscriptionSetting,,Subscription Settings,,Settings Subscriptions,,true,,false,apps/android/subscriptions/subscriptions-impl/src/main/res/values/strings-subscriptions.xml,70,https://github.com/duckduckgo/Android/blob/fe3e65263b23930e03b723517b7c011edfafbe0b/subscriptions/subscriptions-impl/src/main/res/values/strings-subscriptions.xml#L70
Android,labels,subscriptions/subscriptions-impl,subscriptionSettingSubscribe,,Protect your connection and identity with one subscription.,,Settings Subscriptions,,true,,false,apps/android/subscriptions/subscriptions-impl/src/main/res/values/strings-subscriptions.xml,71,https://github.com/duckduckgo/Android/blob/fe3e65263b23930e03b723517b7c011edfafbe0b/subscriptions/subscriptions-impl/src/main/res/values/strings-subscriptions.xml#L71
Android,labels,subscriptions/subscriptions-impl,subscriptionSettingSubscribeSubtitleRow,,Subscribers get our VPN and Identity Theft Restoration.,,Settings Subscriptions,,true,,false,apps/android/subscriptions/subscriptions-impl/src/main/res/values/strings-subscriptions.xml,74,https://github.com/duckduckgo/Android/blob/fe3e65263b23930e03b723517b7c011edfafbe0b/subscriptions/subscriptions-impl/src/main/res/values/strings-subscriptions.xml#L74
Android,labels,subscriptions/subscriptions-impl,subscriptionSettingGet,,Subscribe to DuckDuckGo,,Settings Subscriptions,,true,,false,apps/android/subscriptions/subscriptions-impl/src/main/res/values/strings-subscriptions.xml,76,https://github.com/duckduckgo/Android/blob/fe3e65263b23930e03b723517b7c011edfafbe0b/subscriptions/subscriptions-impl/src/main/res/values/strings-subscriptions.xml#L76
Android,labels,subscriptions/subscriptions-impl,subscriptionSettingTryFreeTrial,,Try Free,,Settings Subscriptions,,true,,false,apps/android/subscriptions/subscriptions-impl/src/main/res/values/strings-subscriptions.xml,77,https://github.com/duckduckgo/Android/blob/fe3e65263b23930e03b723517b7c011edfafbe0b/subscriptions/subscriptions-impl/src/main/res/values/strings-subscriptions.xml#L77
Android,labels,subscriptions/subscriptions-impl,subscriptionSettingRestore,,I Have a Subscription,,Settings Subscriptions,,true,,false,apps/android/subscriptions/subscriptions-impl/src/main/res/values/strings-subscriptions.xml,78,https://github.com/duckduckgo/Android/blob/fe3e65263b23930e03b723517b7c011edfafbe0b/subscriptions/subscriptions-impl/src/main/res/values/strings-subscriptions.xml#L78
Android,labels,subscriptions/subscriptions-impl,subscriptionSettingExpired,,Your DuckDuckGo subscription expired,,Settings Subscriptions,,true,,false,apps/android/subscriptions/subscriptions-impl/src/main/res/values/strings-subscriptions.xml,79,https://github.com/duckduckgo/Android/blob/fe3e65263b23930e03b723517b7c011edfafbe0b/subscriptions/subscriptions-impl/src/main/res/values/strings-subscriptions.xml#L79
Android,labels,subscriptions/subscriptions-impl,subscriptionSettingExpiredViewPlans,,View Plans,,Settings Subscriptions,,true,,false,apps/android/subscriptions/subscriptions-impl/src/main/res/values/strings-subscriptions.xml,80,https://github.com/duckduckgo/Android/blob/fe3e65263b23930e03b723517b7c011edfafbe0b/subscriptions/subscriptions-impl/src/main/res/values/strings-subscriptions.xml#L80
Android,labels,subscriptions/subscriptions-impl,subscriptionSettingSectionSubscription,,Subscription,,Settings Subscriptions,,true,,false,apps/android/subscriptions/subscriptions-impl/src/main/res/values/strings-subscriptions.xml,81,https://github.com/duckduckgo/Android/blob/fe3e65263b23930e03b723517b7c011edfafbe0b/subscriptions/subscriptions-impl/src/main/res/values/strings-subscriptions.xml#L81
Android,labels,subscriptions/subscriptions-impl,subscriptionSettingRemoveFromDevice,,Remove From This Device,,Settings Subscriptions,,true,,false,apps/android/subscriptions/subscriptions-impl/src/main/res/values/strings-subscriptions.xml,82,https://github.com/duckduckgo/Android/blob/fe3e65263b23930e03b723517b7c011edfafbe0b/subscriptions/subscriptions-impl/src/main/res/values/strings-subscriptions.xml#L82
Android,labels,subscriptions/subscriptions-impl,subscriptionSettingSectionHelpAndSupport,,Help and Support,,Settings Subscriptions,,true,,false,apps/android/subscriptions/subscriptions-impl/src/main/res/values/strings-subscriptions.xml,83,https://github.com/duckduckgo/Android/blob/fe3e65263b23930e03b723517b7c011edfafbe0b/subscriptions/subscriptions-impl/src/main/res/values/strings-subscriptions.xml#L83
Android,labels,subscriptions/subscriptions-impl,subscriptionSettingSendFeedback,,Send Feedback,,Settings Subscriptions,,true,,false,apps/android/subscriptions/subscriptions-impl/src/main/res/values/strings-subscriptions.xml,84,https://github.com/duckduckgo/Android/blob/fe3e65263b23930e03b723517b7c011edfafbe0b/subscriptions/subscriptions-impl/src/main/res/values/strings-subscriptions.xml#L84
Android,labels,subscriptions/subscriptions-impl,subscriptionSettingActivating,,Activating,,Settings Subscriptions,,true,,false,apps/android/subscriptions/subscriptions-impl/src/main/res/values/strings-subscriptions.xml,85,https://github.com/duckduckgo/Android/blob/fe3e65263b23930e03b723517b7c011edfafbe0b/subscriptions/subscriptions-impl/src/main/res/values/strings-subscriptions.xml#L85
Android,labels,subscriptions/subscriptions-impl,subscriptionSettingManagePlan,,Manage Payment,,Settings Subscriptions,,true,,false,apps/android/subscriptions/subscriptions-impl/src/main/res/values/strings-subscriptions.xml,86,https://github.com/duckduckgo/Android/blob/fe3e65263b23930e03b723517b7c011edfafbe0b/subscriptions/subscriptions-impl/src/main/res/values/strings-subscriptions.xml#L86
Android,labels,subscriptions/subscriptions-impl,downloadsDownloadFinishedActionName,,Open,,PIR Activity,,true,,false,apps/android/subscriptions/subscriptions-impl/src/main/res/values/strings-subscriptions.xml,111,https://github.com/duckduckgo/Android/blob/fe3e65263b23930e03b723517b7c011edfafbe0b/subscriptions/subscriptions-impl/src/main/res/values/strings-subscriptions.xml#L111
Android,labels,subscriptions/subscriptions-impl,feedbackGeneralBrowser,,Browser Feedback,,Feedback,,true,,false,apps/android/subscriptions/subscriptions-impl/src/main/res/values/strings-subscriptions.xml,122,https://github.com/duckduckgo/Android/blob/fe3e65263b23930e03b723517b7c011edfafbe0b/subscriptions/subscriptions-impl/src/main/res/values/strings-subscriptions.xml#L122
Android,labels,subscriptions/subscriptions-impl,feedbackGeneralPpro,,Privacy Pro,,Feedback,,true,,false,apps/android/subscriptions/subscriptions-impl/src/main/res/values/strings-subscriptions.xml,123,https://github.com/duckduckgo/Android/blob/fe3e65263b23930e03b723517b7c011edfafbe0b/subscriptions/subscriptions-impl/src/main/res/values/strings-subscriptions.xml#L123
Android,labels,subscriptions/subscriptions-impl,feedbackCategorySubscription,,Subscription and Payments,,Feedback,,true,,false,apps/android/subscriptions/subscriptions-impl/src/main/res/values/strings-subscriptions.xml,126,https://github.com/duckduckgo/Android/blob/fe3e65263b23930e03b723517b7c011edfafbe0b/subscriptions/subscriptions-impl/src/main/res/values/strings-subscriptions.xml#L126
Android,labels,subscriptions/subscriptions-impl,feedbackCategoryVpn,,VPN,,Feedback,,true,,false,apps/android/subscriptions/subscriptions-impl/src/main/res/values/strings-subscriptions.xml,127,https://github.com/duckduckgo/Android/blob/fe3e65263b23930e03b723517b7c011edfafbe0b/subscriptions/subscriptions-impl/src/main/res/values/strings-subscriptions.xml#L127
Android,labels,subscriptions/subscriptions-impl,feedbackCategoryPir,,Personal Information Removal,,Feedback,,false,,false,apps/android/subscriptions/subscriptions-impl/src/main/res/values/strings-subscriptions.xml,128,https://github.com/duckduckgo/Android/blob/fe3e65263b23930e03b723517b7c011edfafbe0b/subscriptions/subscriptions-impl/src/main/res/values/strings-subscriptions.xml#L128
Android,labels,subscriptions/subscriptions-impl,feedbackCategoryItr,,Identity Theft Restoration,,Feedback,,false,,false,apps/android/subscriptions/subscriptions-impl/src/main/res/values/strings-subscriptions.xml,129,https://github.com/duckduckgo/Android/blob/fe3e65263b23930e03b723517b7c011edfafbe0b/subscriptions/subscriptions-impl/src/main/res/values/strings-subscriptions.xml#L129
Android,labels,subscriptions/subscriptions-impl,feedbackSubCategoryVpnConnection,,VPN fails to connect,,Feedback,,true,,false,apps/android/subscriptions/subscriptions-impl/src/main/res/values/strings-subscriptions.xml,132,https://github.com/duckduckgo/Android/blob/fe3e65263b23930e03b723517b7c011edfafbe0b/subscriptions/subscriptions-impl/src/main/res/values/strings-subscriptions.xml#L132
Android,labels,subscriptions/subscriptions-impl,feedbackSubCategoryVpnSlow,,VPN connection is too slow,,Feedback,,true,,false,apps/android/subscriptions/subscriptions-impl/src/main/res/values/strings-subscriptions.xml,133,https://github.com/duckduckgo/Android/blob/fe3e65263b23930e03b723517b7c011edfafbe0b/subscriptions/subscriptions-impl/src/main/res/values/strings-subscriptions.xml#L133
Android,labels,subscriptions/subscriptions-impl,feedbackSubCategoryVpnOtherApps,,VPN causes issues with other apps or websites,,Feedback,,true,,false,apps/android/subscriptions/subscriptions-impl/src/main/res/values/strings-subscriptions.xml,134,https://github.com/duckduckgo/Android/blob/fe3e65263b23930e03b723517b7c011edfafbe0b/subscriptions/subscriptions-impl/src/main/res/values/strings-subscriptions.xml#L134
Android,labels,subscriptions/subscriptions-impl,feedbackSubCategoryVpnIot,,VPN won’t let me connect to local device,,Feedback,,true,,false,apps/android/subscriptions/subscriptions-impl/src/main/res/values/strings-subscriptions.xml,135,https://github.com/duckduckgo/Android/blob/fe3e65263b23930e03b723517b7c011edfafbe0b/subscriptions/subscriptions-impl/src/main/res/values/strings-subscriptions.xml#L135
Android,labels,subscriptions/subscriptions-impl,feedbackSubCategoryVpnCrash,,VPN causes browser to crash or freeze,,Feedback,,true,,false,apps/android/subscriptions/subscriptions-impl/src/main/res/values/strings-subscriptions.xml,136,https://github.com/duckduckgo/Android/blob/fe3e65263b23930e03b723517b7c011edfafbe0b/subscriptions/subscriptions-impl/src/main/res/values/strings-subscriptions.xml#L136
Android,labels,subscriptions/subscriptions-impl,feedbackSubCategoryVpnOther,,Other,,Feedback,,true,,false,apps/android/subscriptions/subscriptions-impl/src/main/res/values/strings-subscriptions.xml,137,https://github.com/duckduckgo/Android/blob/fe3e65263b23930e03b723517b7c011edfafbe0b/subscriptions/subscriptions-impl/src/main/res/values/strings-subscriptions.xml#L137
Android,labels,subscriptions/subscriptions-impl,feedbackSubCategoryPirNothingOnSpecificSite,,Info not on specific site,,Feedback,,true,,false,apps/android/subscriptions/subscriptions-impl/src/main/res/values/strings-subscriptions.xml,139,https://github.com/duckduckgo/Android/blob/fe3e65263b23930e03b723517b7c011edfafbe0b/subscriptions/subscriptions-impl/src/main/res/values/strings-subscriptions.xml#L139
Android,labels,subscriptions/subscriptions-impl,feedbackSubCategoryPirNotMe,,Records do not belong to the user,,Feedback,,true,,false,apps/android/subscriptions/subscriptions-impl/src/main/res/values/strings-subscriptions.xml,140,https://github.com/duckduckgo/Android/blob/fe3e65263b23930e03b723517b7c011edfafbe0b/subscriptions/subscriptions-impl/src/main/res/values/strings-subscriptions.xml#L140
Android,labels,subscriptions/subscriptions-impl,feedbackSubCategoryPirScanStuck,,Scan stuck,,Feedback,,true,,false,apps/android/subscriptions/subscriptions-impl/src/main/res/values/strings-subscriptions.xml,141,https://github.com/duckduckgo/Android/blob/fe3e65263b23930e03b723517b7c011edfafbe0b/subscriptions/subscriptions-impl/src/main/res/values/strings-subscriptions.xml#L141
Android,labels,subscriptions/subscriptions-impl,feedbackSubCategoryPirRemovalStuck,,Removal stuck,,Feedback,,true,,false,apps/android/subscriptions/subscriptions-impl/src/main/res/values/strings-subscriptions.xml,142,https://github.com/duckduckgo/Android/blob/fe3e65263b23930e03b723517b7c011edfafbe0b/subscriptions/subscriptions-impl/src/main/res/values/strings-subscriptions.xml#L142
Android,labels,subscriptions/subscriptions-impl,feedbackSubCategoryPirOther,,Other,,Feedback,,true,,false,apps/android/subscriptions/subscriptions-impl/src/main/res/values/strings-subscriptions.xml,143,https://github.com/duckduckgo/Android/blob/fe3e65263b23930e03b723517b7c011edfafbe0b/subscriptions/subscriptions-impl/src/main/res/values/strings-subscriptions.xml#L143
Android,labels,subscriptions/subscriptions-impl,feedbackSubCategoryItrAccessCode,,Issue with access code,,Feedback,,true,,false,apps/android/subscriptions/subscriptions-impl/src/main/res/values/strings-subscriptions.xml,145,https://github.com/duckduckgo/Android/blob/fe3e65263b23930e03b723517b7c011edfafbe0b/subscriptions/subscriptions-impl/src/main/res/values/strings-subscriptions.xml#L145
Android,labels,subscriptions/subscriptions-impl,feedbackSubCategoryItrCantContactAdvisor,,Can't contact advisor,,Feedback,,true,,false,apps/android/subscriptions/subscriptions-impl/src/main/res/values/strings-subscriptions.xml,146,https://github.com/duckduckgo/Android/blob/fe3e65263b23930e03b723517b7c011edfafbe0b/subscriptions/subscriptions-impl/src/main/res/values/strings-subscriptions.xml#L146
Android,labels,subscriptions/subscriptions-impl,feedbackSubCategoryItrAdvisorUnhelpful,,Call to advisor unhelpful,,Feedback,,true,,false,apps/android/subscriptions/subscriptions-impl/src/main/res/values/strings-subscriptions.xml,147,https://github.com/duckduckgo/Android/blob/fe3e65263b23930e03b723517b7c011edfafbe0b/subscriptions/subscriptions-impl/src/main/res/values/strings-subscriptions.xml#L147
Android,labels,subscriptions/subscriptions-impl,feedbackSubCategoryItrOther,,Other,,Feedback,,true,,false,apps/android/subscriptions/subscriptions-impl/src/main/res/values/strings-subscriptions.xml,148,https://github.com/duckduckgo/Android/blob/fe3e65263b23930e03b723517b7c011edfafbe0b/subscriptions/subscriptions-impl/src/main/res/values/strings-subscriptions.xml#L148
Android,labels,subscriptions/subscriptions-impl,feedbackSubCategorySubsOtp,,Issue with one-time password,,Feedback,,true,,false,apps/android/subscriptions/subscriptions-impl/src/main/res/values/strings-subscriptions.xml,150,https://github.com/duckduckgo/Android/blob/fe3e65263b23930e03b723517b7c011edfafbe0b/subscriptions/subscriptions-impl/src/main/res/values/strings-subscriptions.xml#L150
Android,labels,subscriptions/subscriptions-impl,feedbackSubCategorySubsOther,,Something else,,Feedback,,true,,false,apps/android/subscriptions/subscriptions-impl/src/main/res/values/strings-subscriptions.xml,151,https://github.com/duckduckgo/Android/blob/fe3e65263b23930e03b723517b7c011edfafbe0b/subscriptions/subscriptions-impl/src/main/res/values/strings-subscriptions.xml#L151
Android,labels,subscriptions/subscriptions-impl,feedbackSubmitVpnSubmit,,Submit,,Feedback,,true,,false,apps/android/subscriptions/subscriptions-impl/src/main/res/values/strings-subscriptions.xml,156,https://github.com/duckduckgo/Android/blob/fe3e65263b23930e03b723517b7c011edfafbe0b/subscriptions/subscriptions-impl/src/main/res/values/strings-subscriptions.xml#L156
Android,labels,subscriptions/subscriptions-impl,activitySubscriptions,,Subscriptions,,Activity titles,,true,,false,apps/android/subscriptions/subscriptions-impl/src/main/res/values/strings-subscriptions.xml,164,https://github.com/duckduckgo/Android/blob/fe3e65263b23930e03b723517b7c011edfafbe0b/subscriptions/subscriptions-impl/src/main/res/values/strings-subscriptions.xml#L164
Android,labels,subscriptions/subscriptions-impl,activitySubscriptionSettings,,Subscription Settings,,Activity titles,,true,,false,apps/android/subscriptions/subscriptions-impl/src/main/res/values/strings-subscriptions.xml,165,https://github.com/duckduckgo/Android/blob/fe3e65263b23930e03b723517b7c011edfafbe0b/subscriptions/subscriptions-impl/src/main/res/values/strings-subscriptions.xml#L165
Android,labels,subscriptions/subscriptions-impl,activityActivateSubscription,,I Have a Subscription,,Activity titles,,true,,false,apps/android/subscriptions/subscriptions-impl/src/main/res/values/strings-subscriptions.xml,166,https://github.com/duckduckgo/Android/blob/fe3e65263b23930e03b723517b7c011edfafbe0b/subscriptions/subscriptions-impl/src/main/res/values/strings-subscriptions.xml#L166
Android,labels,subscriptions/subscriptions-impl,activitySendFeedback,,Send Feedback,,Activity titles,,true,,false,apps/android/subscriptions/subscriptions-impl/src/main/res/values/strings-subscriptions.xml,167,https://github.com/duckduckgo/Android/blob/fe3e65263b23930e03b723517b7c011edfafbe0b/subscriptions/subscriptions-impl/src/main/res/values/strings-subscriptions.xml#L167
Android,labels,subscriptions/subscriptions-impl,subscriptionSettingSubscribeWithDuckAiSubtitleRow,,"Subscribers get our VPN, advanced AI models in Duck.ai, and Identity Theft Restoration.",,Activity titles,,true,,false,apps/android/subscriptions/subscriptions-impl/src/main/res/values/strings-subscriptions.xml,170,https://github.com/duckduckgo/Android/blob/fe3e65263b23930e03b723517b7c011edfafbe0b/subscriptions/subscriptions-impl/src/main/res/values/strings-subscriptions.xml#L170
Android,labels,subscriptions/subscriptions-impl,feedbackCategoryDuckAi,,Duck.ai,,Activity titles,,true,,false,apps/android/subscriptions/subscriptions-impl/src/main/res/values/strings-subscriptions.xml,172,https://github.com/duckduckgo/Android/blob/fe3e65263b23930e03b723517b7c011edfafbe0b/subscriptions/subscriptions-impl/src/main/res/values/strings-subscriptions.xml#L172
Android,labels,subscriptions/subscriptions-impl,feedbackSubCategoryDuckAiSubscriberModels,,Unable to access the subscriber-only Duck.ai models,,Activity titles,,true,,false,apps/android/subscriptions/subscriptions-impl/src/main/res/values/strings-subscriptions.xml,173,https://github.com/duckduckgo/Android/blob/fe3e65263b23930e03b723517b7c011edfafbe0b/subscriptions/subscriptions-impl/src/main/res/values/strings-subscriptions.xml#L173
Android,labels,subscriptions/subscriptions-impl,feedbackSubCategoryDuckAiLoginThirdPartyBrowser,,Can't access Duck.ai with my subscription in other browsers,,Activity titles,,true,,false,apps/android/subscriptions/subscriptions-impl/src/main/res/values/strings-subscriptions.xml,174,https://github.com/duckduckgo/Android/blob/fe3e65263b23930e03b723517b7c011edfafbe0b/subscriptions/subscriptions-impl/src/main/res/values/strings-subscriptions.xml#L174
Android,labels,subscriptions/subscriptions-impl,feedbackSubCategoryDuckAiOther,,Other Duck.ai feedback,,Activity titles,,true,,false,apps/android/subscriptions/subscriptions-impl/src/main/res/values/strings-subscriptions.xml,175,https://github.com/duckduckgo/Android/blob/fe3e65263b23930e03b723517b7c011edfafbe0b/subscriptions/subscriptions-impl/src/main/res/values/strings-subscriptions.xml#L175
Android,labels,subscriptions/subscriptions-impl,subscriptionSettingSubscribeSecure,,"Secure your Wi-Fi, and chat privately with advanced AI models",,Activity titles,,true,,false,apps/android/subscriptions/subscriptions-impl/src/main/res/values/strings-subscriptions.xml,178,https://github.com/duckduckgo/Android/blob/fe3e65263b23930e03b723517b7c011edfafbe0b/subscriptions/subscriptions-impl/src/main/res/values/strings-subscriptions.xml#L178
Android,labels,subscriptions/subscriptions-impl,feedbackGeneralSubscription,,Subscription,,Activity titles,,true,,false,apps/android/subscriptions/subscriptions-impl/src/main/res/values/strings-subscriptions.xml,180,https://github.com/duckduckgo/Android/blob/fe3e65263b23930e03b723517b7c011edfafbe0b/subscriptions/subscriptions-impl/src/main/res/values/strings-subscriptions.xml#L180
Android,labels,subscriptions/subscriptions-impl,feedbackSubCategorySubsUnableToAccessProFeatures,,Unable to access Plus or Pro tier features,,Pro tier changes,,true,,false,apps/android/subscriptions/subscriptions-impl/src/main/res/values/strings-subscriptions.xml,183,https://github.com/duckduckgo/Android/blob/fe3e65263b23930e03b723517b7c011edfafbe0b/subscriptions/subscriptions-impl/src/main/res/values/strings-subscriptions.xml#L183
Android,labels,subscriptions/subscriptions-impl,subscriptionSettingSectionManageSubscription,,Manage Subscription,,Pro tier changes,,true,,false,apps/android/subscriptions/subscriptions-impl/src/main/res/values/strings-subscriptions.xml,186,https://github.com/duckduckgo/Android/blob/fe3e65263b23930e03b723517b7c011edfafbe0b/subscriptions/subscriptions-impl/src/main/res/values/strings-subscriptions.xml#L186
Android,labels,subscriptions/subscriptions-impl,subscriptionSettingViewAllPlans,,View All Plans,,Pro tier changes,,true,,false,apps/android/subscriptions/subscriptions-impl/src/main/res/values/strings-subscriptions.xml,187,https://github.com/duckduckgo/Android/blob/fe3e65263b23930e03b723517b7c011edfafbe0b/subscriptions/subscriptions-impl/src/main/res/values/strings-subscriptions.xml#L187
Android,labels,subscriptions/subscriptions-impl,planNamePlusMonthly,,Plus Monthly,,Pending plan changes,,true,,false,apps/android/subscriptions/subscriptions-impl/src/main/res/values/strings-subscriptions.xml,194,https://github.com/duckduckgo/Android/blob/fe3e65263b23930e03b723517b7c011edfafbe0b/subscriptions/subscriptions-impl/src/main/res/values/strings-subscriptions.xml#L194
Android,labels,subscriptions/subscriptions-impl,planNamePlusYearly,,Plus Yearly,,Pending plan changes,,true,,false,apps/android/subscriptions/subscriptions-impl/src/main/res/values/strings-subscriptions.xml,195,https://github.com/duckduckgo/Android/blob/fe3e65263b23930e03b723517b7c011edfafbe0b/subscriptions/subscriptions-impl/src/main/res/values/strings-subscriptions.xml#L195
Android,labels,subscriptions/subscriptions-impl,planNameProMonthly,,Pro Monthly,,Pending plan changes,,true,,false,apps/android/subscriptions/subscriptions-impl/src/main/res/values/strings-subscriptions.xml,196,https://github.com/duckduckgo/Android/blob/fe3e65263b23930e03b723517b7c011edfafbe0b/subscriptions/subscriptions-impl/src/main/res/values/strings-subscriptions.xml#L196
Android,labels,subscriptions/subscriptions-impl,planNameProYearly,,Pro Yearly,,Pending plan changes,,true,,false,apps/android/subscriptions/subscriptions-impl/src/main/res/values/strings-subscriptions.xml,197,https://github.com/duckduckgo/Android/blob/fe3e65263b23930e03b723517b7c011edfafbe0b/subscriptions/subscriptions-impl/src/main/res/values/strings-subscriptions.xml#L197
Android,labels,subscriptions/subscriptions-impl,tierPlusName,,PLUS,,Pending plan changes,,false,,false,apps/android/subscriptions/subscriptions-impl/src/main/res/values/strings-subscriptions.xml,198,https://github.com/duckduckgo/Android/blob/fe3e65263b23930e03b723517b7c011edfafbe0b/subscriptions/subscriptions-impl/src/main/res/values/strings-subscriptions.xml#L198
Android,labels,subscriptions/subscriptions-impl,tierProName,,PRO,,Pending plan changes,,false,,false,apps/android/subscriptions/subscriptions-impl/src/main/res/values/strings-subscriptions.xml,199,https://github.com/duckduckgo/Android/blob/fe3e65263b23930e03b723517b7c011edfafbe0b/subscriptions/subscriptions-impl/src/main/res/values/strings-subscriptions.xml#L199
Android,labels,sync/sync-impl,sync_simplified_scanner_manual_entry_example_code,,eyJyZWNvdmVyeSI6eyJ1c2VyX2lkIjoiNjgwRDQ1QjUtNUU2RS00MzQ3LTlDNDQtQjZGQkU4MEZDNEE3IiwicHJpbWFyelkasd92V9rZXkiOiJBUUVCQVFFQkFRRUJBUUVCQVFFQkFRRUJBUUVCQVFFQkFRRUJBUUVCQVFFPSJ9fQ==,,Scanner screen: manual entry tab,,false,,false,apps/android/sync/sync-impl/src/main/res/values/donottranslate.xml,19,https://github.com/duckduckgo/Android/blob/fe3e65263b23930e03b723517b7c011edfafbe0b/sync/sync-impl/src/main/res/values/donottranslate.xml#L19
Android,labels,sync/sync-impl,sync_setup_begin_syncing,,Begin Syncing,,Settings screen,,true,,false,apps/android/sync/sync-impl/src/main/res/values/strings-sync.xml,34,https://github.com/duckduckgo/Android/blob/fe3e65263b23930e03b723517b7c011edfafbe0b/sync/sync-impl/src/main/res/values/strings-sync.xml#L34
Android,labels,sync/sync-impl,sync_enable_options,,Options,,Setup screen,,true,,false,apps/android/sync/sync-impl/src/main/res/values/strings-sync.xml,50,https://github.com/duckduckgo/Android/blob/fe3e65263b23930e03b723517b7c011edfafbe0b/sync/sync-impl/src/main/res/values/strings-sync.xml#L50
Android,labels,sync/sync-impl,sync_enable_connecting,,Connecting…,,Setup screen,,true,,false,apps/android/sync/sync-impl/src/main/res/values/strings-sync.xml,53,https://github.com/duckduckgo/Android/blob/fe3e65263b23930e03b723517b7c011edfafbe0b/sync/sync-impl/src/main/res/values/strings-sync.xml#L53
Android,labels,sync/sync-impl,login_screen_cant_scan_label,,Can't scan?,,Recover data screen,,true,,false,apps/android/sync/sync-impl/src/main/res/values/strings-sync.xml,68,https://github.com/duckduckgo/Android/blob/fe3e65263b23930e03b723517b7c011edfafbe0b/sync/sync-impl/src/main/res/values/strings-sync.xml#L68
Android,labels,sync/sync-impl,connect_screen_share_code,,Copy Code,,Connect screen,,true,,false,apps/android/sync/sync-impl/src/main/res/values/strings-sync.xml,78,https://github.com/duckduckgo/Android/blob/fe3e65263b23930e03b723517b7c011edfafbe0b/sync/sync-impl/src/main/res/values/strings-sync.xml#L78
Android,labels,sync/sync-impl,sync_enter_code_verifying,,Verifying code,,Enter Code screen,,true,,false,apps/android/sync/sync-impl/src/main/res/values/strings-sync.xml,83,https://github.com/duckduckgo/Android/blob/fe3e65263b23930e03b723517b7c011edfafbe0b/sync/sync-impl/src/main/res/values/strings-sync.xml#L83
Android,labels,sync/sync-impl,sync_enter_code_paste,,Paste Code,,Enter Code screen,,true,,false,apps/android/sync/sync-impl/src/main/res/values/strings-sync.xml,85,https://github.com/duckduckgo/Android/blob/fe3e65263b23930e03b723517b7c011edfafbe0b/sync/sync-impl/src/main/res/values/strings-sync.xml#L85
Android,labels,sync/sync-impl,sync_show_text_code_item,,Show Text Code,,Device synced screen,,true,,false,apps/android/sync/sync-impl/src/main/res/values/strings-sync.xml,108,https://github.com/duckduckgo/Android/blob/fe3e65263b23930e03b723517b7c011edfafbe0b/sync/sync-impl/src/main/res/values/strings-sync.xml#L108
Android,labels,sync/sync-impl,sync_show_qr_code_item,,Scan QR Code,,Device synced screen,,true,,false,apps/android/sync/sync-impl/src/main/res/values/strings-sync.xml,109,https://github.com/duckduckgo/Android/blob/fe3e65263b23930e03b723517b7c011edfafbe0b/sync/sync-impl/src/main/res/values/strings-sync.xml#L109
Android,labels,sync/sync-impl,sync_save_recovery_code_item,,Save Recovery PDF,,Device synced screen,,true,,false,apps/android/sync/sync-impl/src/main/res/values/strings-sync.xml,110,https://github.com/duckduckgo/Android/blob/fe3e65263b23930e03b723517b7c011edfafbe0b/sync/sync-impl/src/main/res/values/strings-sync.xml#L110
Android,labels,sync/sync-impl,sync_delete_account_item,,Turn Off and Delete Server Data…,,Device synced screen,,true,,false,apps/android/sync/sync-impl/src/main/res/values/strings-sync.xml,111,https://github.com/duckduckgo/Android/blob/fe3e65263b23930e03b723517b7c011edfafbe0b/sync/sync-impl/src/main/res/values/strings-sync.xml#L111
Android,labels,sync/sync-impl,sync_disable_sync_item,,Turn Off Sync & Backup…,,Device synced screen,,true,,false,apps/android/sync/sync-impl/src/main/res/values/strings-sync.xml,112,https://github.com/duckduckgo/Android/blob/fe3e65263b23930e03b723517b7c011edfafbe0b/sync/sync-impl/src/main/res/values/strings-sync.xml#L112
Android,labels,sync/sync-impl,sync_permission_required_store_recovery_code,,Save recovery PDF requires storage permission,,Device synced screen,,true,,false,apps/android/sync/sync-impl/src/main/res/values/strings-sync.xml,121,https://github.com/duckduckgo/Android/blob/fe3e65263b23930e03b723517b7c011edfafbe0b/sync/sync-impl/src/main/res/values/strings-sync.xml#L121
Android,labels,sync/sync-impl,sync_show_code_copy,,Copy Code,,Device synced screen,,true,,false,apps/android/sync/sync-impl/src/main/res/values/strings-sync.xml,142,https://github.com/duckduckgo/Android/blob/fe3e65263b23930e03b723517b7c011edfafbe0b/sync/sync-impl/src/main/res/values/strings-sync.xml#L142
Android,labels,sync/sync-impl,sync_camera_permission_required,,Camera Permission is Required,,Device synced screen,,true,,false,apps/android/sync/sync-impl/src/main/res/values/strings-sync.xml,145,https://github.com/duckduckgo/Android/blob/fe3e65263b23930e03b723517b7c011edfafbe0b/sync/sync-impl/src/main/res/values/strings-sync.xml#L145
Android,labels,sync/sync-impl,sync_camera_unavailable,,Camera Unavailable,,Device synced screen,,true,,false,apps/android/sync/sync-impl/src/main/res/values/strings-sync.xml,146,https://github.com/duckduckgo/Android/blob/fe3e65263b23930e03b723517b7c011edfafbe0b/sync/sync-impl/src/main/res/values/strings-sync.xml#L146
Android,labels,sync/sync-impl,sync_go_to_settings,,Go to Settings,,Device synced screen,,true,,false,apps/android/sync/sync-impl/src/main/res/values/strings-sync.xml,148,https://github.com/duckduckgo/Android/blob/fe3e65263b23930e03b723517b7c011edfafbe0b/sync/sync-impl/src/main/res/values/strings-sync.xml#L148
Android,labels,sync/sync-impl,syncGetAppsOnOtherPlatforms,,Get DuckDuckGo on Other Devices,,Sync get apps on other platforms,,true,,false,apps/android/sync/sync-impl/src/main/res/values/strings-sync.xml,194,https://github.com/duckduckgo/Android/blob/fe3e65263b23930e03b723517b7c011edfafbe0b/sync/sync-impl/src/main/res/values/strings-sync.xml#L194
Android,labels,sync/sync-impl,addBookmarkDialogHideSyncSuggestion,,Hide,,Sync promo in bookmark added confirmation dialog,,true,,false,apps/android/sync/sync-impl/src/main/res/values/strings-sync.xml,219,https://github.com/duckduckgo/Android/blob/fe3e65263b23930e03b723517b7c011edfafbe0b/sync/sync-impl/src/main/res/values/strings-sync.xml#L219
Android,labels,sync/sync-impl,sync_settings_download_recovery_code_item,,Download Recovery Code as PDF,,Sync Settings Recovery Section,,true,,false,apps/android/sync/sync-impl/src/main/res/values/strings-sync.xml,227,https://github.com/duckduckgo/Android/blob/fe3e65263b23930e03b723517b7c011edfafbe0b/sync/sync-impl/src/main/res/values/strings-sync.xml#L227
Android,labels,sync/sync-impl,sync_recover_data_recovery_code_label,,Recovery Code,,Recover Data Screen,,true,,false,apps/android/sync/sync-impl/src/main/res/values/strings-sync.xml,240,https://github.com/duckduckgo/Android/blob/fe3e65263b23930e03b723517b7c011edfafbe0b/sync/sync-impl/src/main/res/values/strings-sync.xml#L240
Android,labels,sync/sync-impl,sync_recover_data_download_pdf,,Download as PDF,,Recover Data Screen,,true,,false,apps/android/sync/sync-impl/src/main/res/values/strings-sync.xml,241,https://github.com/duckduckgo/Android/blob/fe3e65263b23930e03b723517b7c011edfafbe0b/sync/sync-impl/src/main/res/values/strings-sync.xml#L241
Android,labels,sync/sync-impl,sync_simplified_settings_sync_this_device_item,,Sync This Device,,Sync settings screen: sync disabled state,,true,,false,apps/android/sync/sync-impl/src/main/res/values/strings-sync.xml,290,https://github.com/duckduckgo/Android/blob/fe3e65263b23930e03b723517b7c011edfafbe0b/sync/sync-impl/src/main/res/values/strings-sync.xml#L290
Android,labels,sync/sync-impl,sync_simplified_settings_recover_data_item,,I Have a Recovery Code,,Sync settings screen: sync disabled state,,true,,false,apps/android/sync/sync-impl/src/main/res/values/strings-sync.xml,293,https://github.com/duckduckgo/Android/blob/fe3e65263b23930e03b723517b7c011edfafbe0b/sync/sync-impl/src/main/res/values/strings-sync.xml#L293
Android,labels,sync/sync-impl,sync_simplified_settings_sync_with_another_device_item,,Sync With Another Device,,Sync settings screen: sync enabled state,,true,,false,apps/android/sync/sync-impl/src/main/res/values/strings-sync.xml,298,https://github.com/duckduckgo/Android/blob/fe3e65263b23930e03b723517b7c011edfafbe0b/sync/sync-impl/src/main/res/values/strings-sync.xml#L298
Android,labels,sync/sync-impl,sync_simplified_settings_restore_on_reinstall_item,,Restore on App Reinstall,,Sync settings screen: sync enabled state,,true,,false,apps/android/sync/sync-impl/src/main/res/values/strings-sync.xml,302,https://github.com/duckduckgo/Android/blob/fe3e65263b23930e03b723517b7c011edfafbe0b/sync/sync-impl/src/main/res/values/strings-sync.xml#L302
Android,labels,sync/sync-impl,sync_simplified_settings_copy_recovery_code_item,,Copy Your Recovery Code,,Sync settings screen: sync enabled state,,true,,false,apps/android/sync/sync-impl/src/main/res/values/strings-sync.xml,304,https://github.com/duckduckgo/Android/blob/fe3e65263b23930e03b723517b7c011edfafbe0b/sync/sync-impl/src/main/res/values/strings-sync.xml#L304
Android,labels,sync/sync-impl,sync_simplified_settings_download_recovery_code_item,,Download Your Recovery Code,,Sync settings screen: sync enabled state,,true,,false,apps/android/sync/sync-impl/src/main/res/values/strings-sync.xml,305,https://github.com/duckduckgo/Android/blob/fe3e65263b23930e03b723517b7c011edfafbe0b/sync/sync-impl/src/main/res/values/strings-sync.xml#L305
Android,labels,sync/sync-impl,sync_simplified_settings_delete_account_item,,Turn Off and Delete Server Data,,Sync settings screen: sync enabled state,,true,,false,apps/android/sync/sync-impl/src/main/res/values/strings-sync.xml,308,https://github.com/duckduckgo/Android/blob/fe3e65263b23930e03b723517b7c011edfafbe0b/sync/sync-impl/src/main/res/values/strings-sync.xml#L308
Android,labels,sync/sync-impl,sync_simplified_settings_get_other_devices_item,,Get DuckDuckGo on Other Devices,,Sync settings screen: both states,,true,,false,apps/android/sync/sync-impl/src/main/res/values/strings-sync.xml,315,https://github.com/duckduckgo/Android/blob/fe3e65263b23930e03b723517b7c011edfafbe0b/sync/sync-impl/src/main/res/values/strings-sync.xml#L315
Android,labels,sync/sync-impl,sync_simplified_settings_get_desktop_browser_item,,Get Desktop Browser,,Sync settings screen: both states,,true,,false,apps/android/sync/sync-impl/src/main/res/values/strings-sync.xml,316,https://github.com/duckduckgo/Android/blob/fe3e65263b23930e03b723517b7c011edfafbe0b/sync/sync-impl/src/main/res/values/strings-sync.xml#L316
Android,labels,sync/sync-impl,sync_simplified_scanner_camera_tab_label,,Scan QR,,Scanner screen: toolbar and tabs,,true,,false,apps/android/sync/sync-impl/src/main/res/values/strings-sync.xml,349,https://github.com/duckduckgo/Android/blob/fe3e65263b23930e03b723517b7c011edfafbe0b/sync/sync-impl/src/main/res/values/strings-sync.xml#L349
Android,labels,sync/sync-impl,sync_simplified_scanner_manual_entry_tab_label,,Enter Code,,Scanner screen: toolbar and tabs,,true,,false,apps/android/sync/sync-impl/src/main/res/values/strings-sync.xml,350,https://github.com/duckduckgo/Android/blob/fe3e65263b23930e03b723517b7c011edfafbe0b/sync/sync-impl/src/main/res/values/strings-sync.xml#L350
Android,labels,sync/sync-impl,sync_simplified_scanner_manual_entry_example_code_label,,Example Code:,,Scanner screen: manual entry tab,,true,,false,apps/android/sync/sync-impl/src/main/res/values/strings-sync.xml,365,https://github.com/duckduckgo/Android/blob/fe3e65263b23930e03b723517b7c011edfafbe0b/sync/sync-impl/src/main/res/values/strings-sync.xml#L365
Android,labels,sync/sync-impl,sync_simplified_recovery_code_label,,Recovery Code,,Recovery Code screen,,true,,false,apps/android/sync/sync-impl/src/main/res/values/strings-sync.xml,399,https://github.com/duckduckgo/Android/blob/fe3e65263b23930e03b723517b7c011edfafbe0b/sync/sync-impl/src/main/res/values/strings-sync.xml#L399
Android,labels,sync/sync-impl,sync_simplified_recovery_code_restore_on_reinstall_item,,Restore on App Reinstall,,Recovery Code screen,,true,,false,apps/android/sync/sync-impl/src/main/res/values/strings-sync.xml,401,https://github.com/duckduckgo/Android/blob/fe3e65263b23930e03b723517b7c011edfafbe0b/sync/sync-impl/src/main/res/values/strings-sync.xml#L401
Android,labels,sync/sync-impl,sync_simplified_edit_device_header_status,,Synced,,Edit Device screen,,true,,false,apps/android/sync/sync-impl/src/main/res/values/strings-sync.xml,408,https://github.com/duckduckgo/Android/blob/fe3e65263b23930e03b723517b7c011edfafbe0b/sync/sync-impl/src/main/res/values/strings-sync.xml#L408
Android,labels,sync/sync-impl,sync_simplified_edit_device_edit_name_item,,Edit Name,,Edit Device screen,,true,,false,apps/android/sync/sync-impl/src/main/res/values/strings-sync.xml,409,https://github.com/duckduckgo/Android/blob/fe3e65263b23930e03b723517b7c011edfafbe0b/sync/sync-impl/src/main/res/values/strings-sync.xml#L409
Android,labels,sync/sync-impl,sync_simplified_edit_device_remove_item,,Remove Device,,Edit Device screen,,true,,false,apps/android/sync/sync-impl/src/main/res/values/strings-sync.xml,410,https://github.com/duckduckgo/Android/blob/fe3e65263b23930e03b723517b7c011edfafbe0b/sync/sync-impl/src/main/res/values/strings-sync.xml#L410
Android,labels,sync/sync-impl,sync_simplified_edit_device_sync_this_device_item,,Sync This Device,,Edit Device screen,,true,,false,apps/android/sync/sync-impl/src/main/res/values/strings-sync.xml,411,https://github.com/duckduckgo/Android/blob/fe3e65263b23930e03b723517b7c011edfafbe0b/sync/sync-impl/src/main/res/values/strings-sync.xml#L411
Android,labels,voice-search/voice-search-impl,voiceSearchListening,,Speak Now,,,,true,,false,apps/android/voice-search/voice-search-impl/src/main/res/values/strings-voice-search.xml,22,https://github.com/duckduckgo/Android/blob/fe3e65263b23930e03b723517b7c011edfafbe0b/voice-search/voice-search-impl/src/main/res/values/strings-voice-search.xml#L22
Android,labels,voice-search/voice-search-impl,voiceSearchMicAccessDeniedDialogChangePermissions,,Change Permissions,,,,true,,false,apps/android/voice-search/voice-search-impl/src/main/res/values/strings-voice-search.xml,28,https://github.com/duckduckgo/Android/blob/fe3e65263b23930e03b723517b7c011edfafbe0b/voice-search/voice-search-impl/src/main/res/values/strings-voice-search.xml#L28
Android,labels,voice-search/voice-search-impl,voiceSearchMicAccessDeniedDialogHideVoiceSearch,,Hide Voice Search,,,,true,,false,apps/android/voice-search/voice-search-impl/src/main/res/values/strings-voice-search.xml,29,https://github.com/duckduckgo/Android/blob/fe3e65263b23930e03b723517b7c011edfafbe0b/voice-search/voice-search-impl/src/main/res/values/strings-voice-search.xml#L29
Android,labels,windows/windows-impl,windows_app,,DuckDuckGo App for Windows,,,,true,,false,apps/android/windows/windows-impl/src/main/res/values/strings-windows.xml,20,https://github.com/duckduckgo/Android/blob/fe3e65263b23930e03b723517b7c011edfafbe0b/windows/windows-impl/src/main/res/values/strings-windows.xml#L20
