platform,content_type,module,key,variant,text,developer_comment,context_comment,placeholders,translatable,state,internal_only,source_file,line,source_url
macOS,body,DuckDuckGo,NSAppDataUsageDescription,,"DuckDuckGo will securely access your Bitwarden vault to autofill your passwords. To prevent this dialog in the future, go to Mac System Settings > Privacy & Security > Full Disk Access and toggle DuckDuckGo on, or switch back to the built-in password manager.",Privacy - Other Application Data Usage Description,,,true,extracted_with_value,,apps/apple/macOS/DuckDuckGo/AppStoreInfoPlist.xcstrings,17,https://github.com/duckduckgo/apple-browsers/blob/6ba278262f04039a7e24d268dfdc4035bdaf9acb/macOS/DuckDuckGo/AppStoreInfoPlist.xcstrings#L17
macOS,body,DuckDuckGo,NSCameraUsageDescription,,"Lets websites ask permission to use your camera for video calls, recording and uploading videos, or taking and uploading photos.",Privacy - Camera Usage Description,,,true,extracted_with_value,,apps/apple/macOS/DuckDuckGo/AppStoreInfoPlist.xcstrings,77,https://github.com/duckduckgo/apple-browsers/blob/6ba278262f04039a7e24d268dfdc4035bdaf9acb/macOS/DuckDuckGo/AppStoreInfoPlist.xcstrings#L77
macOS,body,DuckDuckGo,NSDesktopFolderUsageDescription,,Lets you save files to the Desktop folder on your computer.,Privacy - Desktop Folder Usage Description,,,true,extracted_with_value,,apps/apple/macOS/DuckDuckGo/AppStoreInfoPlist.xcstrings,137,https://github.com/duckduckgo/apple-browsers/blob/6ba278262f04039a7e24d268dfdc4035bdaf9acb/macOS/DuckDuckGo/AppStoreInfoPlist.xcstrings#L137
macOS,body,DuckDuckGo,NSDocumentsFolderUsageDescription,,Lets you save files to the Documents folder on your computer.,Privacy - Documents Folder Usage Description,,,true,extracted_with_value,,apps/apple/macOS/DuckDuckGo/AppStoreInfoPlist.xcstrings,197,https://github.com/duckduckgo/apple-browsers/blob/6ba278262f04039a7e24d268dfdc4035bdaf9acb/macOS/DuckDuckGo/AppStoreInfoPlist.xcstrings#L197
macOS,body,DuckDuckGo,NSDownloadsFolderUsageDescription,,Lets you save files to the Downloads folder on your computer.,Privacy - Downloads Folder Usage Description,,,true,extracted_with_value,,apps/apple/macOS/DuckDuckGo/AppStoreInfoPlist.xcstrings,257,https://github.com/duckduckgo/apple-browsers/blob/6ba278262f04039a7e24d268dfdc4035bdaf9acb/macOS/DuckDuckGo/AppStoreInfoPlist.xcstrings#L257
macOS,body,DuckDuckGo,NSHumanReadableCopyright,,Copyright © 2025 DuckDuckGo. All rights reserved.,Copyright (human-readable),,,true,extracted_with_value,,apps/apple/macOS/DuckDuckGo/AppStoreInfoPlist.xcstrings,317,https://github.com/duckduckgo/apple-browsers/blob/6ba278262f04039a7e24d268dfdc4035bdaf9acb/macOS/DuckDuckGo/AppStoreInfoPlist.xcstrings#L317
macOS,body,DuckDuckGo,NSLocationUsageDescription,,"Lets websites ask permission to use your location to improve search results, provide weather and directions, or show nearby map locations.",Privacy - Location Usage Description,,,true,extracted_with_value,,apps/apple/macOS/DuckDuckGo/AppStoreInfoPlist.xcstrings,377,https://github.com/duckduckgo/apple-browsers/blob/6ba278262f04039a7e24d268dfdc4035bdaf9acb/macOS/DuckDuckGo/AppStoreInfoPlist.xcstrings#L377
macOS,body,DuckDuckGo,NSLocationWhenInUseUsageDescription,,Allows you to share your location,Privacy - Location When In Use Usage Description,,,true,stale,,apps/apple/macOS/DuckDuckGo/AppStoreInfoPlist.xcstrings,437,https://github.com/duckduckgo/apple-browsers/blob/6ba278262f04039a7e24d268dfdc4035bdaf9acb/macOS/DuckDuckGo/AppStoreInfoPlist.xcstrings#L437
macOS,body,DuckDuckGo,NSMicrophoneUsageDescription,,Lets websites ask permission to use your microphone for audio and video calls or for recording and uploading audio.,Privacy - Microphone Usage Description,,,true,extracted_with_value,,apps/apple/macOS/DuckDuckGo/AppStoreInfoPlist.xcstrings,497,https://github.com/duckduckgo/apple-browsers/blob/6ba278262f04039a7e24d268dfdc4035bdaf9acb/macOS/DuckDuckGo/AppStoreInfoPlist.xcstrings#L497
macOS,body,DuckDuckGo,NSAppDataUsageDescription,,"DuckDuckGo will securely access your Bitwarden vault to autofill your passwords. To prevent this dialog in the future, go to Mac System Settings > Privacy & Security > Full Disk Access and toggle DuckDuckGo on, or switch back to the built-in password manager.",Privacy - Other Application Data Usage Description,,,true,extracted_with_value,,apps/apple/macOS/DuckDuckGo/InfoPlist.xcstrings,64,https://github.com/duckduckgo/apple-browsers/blob/6ba278262f04039a7e24d268dfdc4035bdaf9acb/macOS/DuckDuckGo/InfoPlist.xcstrings#L64
macOS,body,DuckDuckGo,NSCameraUsageDescription,,"Lets websites ask permission to use your camera for video calls, recording and uploading videos, or taking and uploading photos.",Privacy - Camera Usage Description,,,true,extracted_with_value,,apps/apple/macOS/DuckDuckGo/InfoPlist.xcstrings,124,https://github.com/duckduckgo/apple-browsers/blob/6ba278262f04039a7e24d268dfdc4035bdaf9acb/macOS/DuckDuckGo/InfoPlist.xcstrings#L124
macOS,body,DuckDuckGo,NSDesktopFolderUsageDescription,,Lets you save files to the Desktop folder on your computer.,Privacy - Desktop Folder Usage Description,,,true,extracted_with_value,,apps/apple/macOS/DuckDuckGo/InfoPlist.xcstrings,184,https://github.com/duckduckgo/apple-browsers/blob/6ba278262f04039a7e24d268dfdc4035bdaf9acb/macOS/DuckDuckGo/InfoPlist.xcstrings#L184
macOS,body,DuckDuckGo,NSDocumentsFolderUsageDescription,,Lets you save files to the Documents folder on your computer.,Privacy - Documents Folder Usage Description,,,true,extracted_with_value,,apps/apple/macOS/DuckDuckGo/InfoPlist.xcstrings,244,https://github.com/duckduckgo/apple-browsers/blob/6ba278262f04039a7e24d268dfdc4035bdaf9acb/macOS/DuckDuckGo/InfoPlist.xcstrings#L244
macOS,body,DuckDuckGo,NSDownloadsFolderUsageDescription,,Lets you save files to the Downloads folder on your computer.,Privacy - Downloads Folder Usage Description,,,true,extracted_with_value,,apps/apple/macOS/DuckDuckGo/InfoPlist.xcstrings,304,https://github.com/duckduckgo/apple-browsers/blob/6ba278262f04039a7e24d268dfdc4035bdaf9acb/macOS/DuckDuckGo/InfoPlist.xcstrings#L304
macOS,body,DuckDuckGo,NSHumanReadableCopyright,,Copyright © 2025 DuckDuckGo. All rights reserved.,Copyright (human-readable),,,true,extracted_with_value,,apps/apple/macOS/DuckDuckGo/InfoPlist.xcstrings,364,https://github.com/duckduckgo/apple-browsers/blob/6ba278262f04039a7e24d268dfdc4035bdaf9acb/macOS/DuckDuckGo/InfoPlist.xcstrings#L364
macOS,body,DuckDuckGo,NSLocationUsageDescription,,"Lets websites ask permission to use your location to improve search results, provide weather and directions, or show nearby map locations.",Privacy - Location Usage Description,,,true,extracted_with_value,,apps/apple/macOS/DuckDuckGo/InfoPlist.xcstrings,424,https://github.com/duckduckgo/apple-browsers/blob/6ba278262f04039a7e24d268dfdc4035bdaf9acb/macOS/DuckDuckGo/InfoPlist.xcstrings#L424
macOS,body,DuckDuckGo,NSLocationWhenInUseUsageDescription,,Allows you to share your location,Privacy - Location When In Use Usage Description,,,true,stale,,apps/apple/macOS/DuckDuckGo/InfoPlist.xcstrings,484,https://github.com/duckduckgo/apple-browsers/blob/6ba278262f04039a7e24d268dfdc4035bdaf9acb/macOS/DuckDuckGo/InfoPlist.xcstrings#L484
macOS,body,DuckDuckGo,NSMicrophoneUsageDescription,,Lets websites ask permission to use your microphone for audio and video calls or for recording and uploading audio.,Privacy - Microphone Usage Description,,,true,extracted_with_value,,apps/apple/macOS/DuckDuckGo/InfoPlist.xcstrings,544,https://github.com/duckduckgo/apple-browsers/blob/6ba278262f04039a7e24d268dfdc4035bdaf9acb/macOS/DuckDuckGo/InfoPlist.xcstrings#L544
macOS,body,DuckDuckGo,letsmove.alert.message,,The DuckDuckGo app needs to be in the Applications folder for some features to work properly.,Message of the alert shown if the app is launched not from the /Applications folder – suggesting to move it there,,,true,stale,,apps/apple/macOS/DuckDuckGo/Localization/DeveloperID.xcstrings,4,https://github.com/duckduckgo/apple-browsers/blob/6ba278262f04039a7e24d268dfdc4035bdaf9acb/macOS/DuckDuckGo/Localization/DeveloperID.xcstrings#L4
macOS,body,DuckDuckGo,⚠️ Notes are deprecated.,,⚠️ Notes are deprecated.,,,,true,,,apps/apple/macOS/DuckDuckGo/Localization/Localizable.xcstrings,385,https://github.com/duckduckgo/apple-browsers/blob/6ba278262f04039a7e24d268dfdc4035bdaf9acb/macOS/DuckDuckGo/Localization/Localizable.xcstrings#L385
macOS,body,DuckDuckGo,1.,,1.,,,,true,,,apps/apple/macOS/DuckDuckGo/Localization/Localizable.xcstrings,489,https://github.com/duckduckgo/apple-browsers/blob/6ba278262f04039a7e24d268dfdc4035bdaf9acb/macOS/DuckDuckGo/Localization/Localizable.xcstrings#L489
macOS,body,DuckDuckGo,"After clicking import, your computer may ask you to enter a password. You may need to enter your password two times before importing starts. DuckDuckGo will not see that password.

Imported passwords are stored securely using encryption.",,"After clicking import, your computer may ask you to enter a password. You may need to enter your password two times before importing starts. DuckDuckGo will not see that password.

Imported passwords are stored securely using encryption.",Warning that Chromium data import would require entering system passwords.,,,true,stale,,apps/apple/macOS/DuckDuckGo/Localization/Localizable.xcstrings,1533,https://github.com/duckduckgo/apple-browsers/blob/6ba278262f04039a7e24d268dfdc4035bdaf9acb/macOS/DuckDuckGo/Localization/Localizable.xcstrings#L1533
macOS,body,DuckDuckGo,after.bitwarden.installation.info,,"After installing, return to DuckDuckGo to complete the setup.",Setup of the integration with Bitwarden app,,,true,extracted_with_value,,apps/apple/macOS/DuckDuckGo/Localization/Localizable.xcstrings,1587,https://github.com/duckduckgo/apple-browsers/blob/6ba278262f04039a7e24d268dfdc4035bdaf9acb/macOS/DuckDuckGo/Localization/Localizable.xcstrings#L1587
macOS,body,DuckDuckGo,ai-features.preferences.caption,,DuckDuckGo AI features are private and optional. Your data is not used to train AI.,Ai Chat preferences explanation,,,true,extracted_with_value,,apps/apple/macOS/DuckDuckGo/Localization/Localizable.xcstrings,1707,https://github.com/duckduckgo/apple-browsers/blob/6ba278262f04039a7e24d268dfdc4035bdaf9acb/macOS/DuckDuckGo/Localization/Localizable.xcstrings#L1707
macOS,body,DuckDuckGo,aichat.attachment.privacy.notice.format,,Files are automatically scanned for illegal content. Flagged chats have limited data retention. %@,Attachment privacy disclosure. %@ is the localized Learn more link; keep the placeholder and position it naturally in the sentence.,,%@,true,extracted_with_value,,apps/apple/macOS/DuckDuckGo/Localization/Localizable.xcstrings,3807,https://github.com/duckduckgo/apple-browsers/blob/6ba278262f04039a7e24d268dfdc4035bdaf9acb/macOS/DuckDuckGo/Localization/Localizable.xcstrings#L3807
macOS,body,DuckDuckGo,aichat.attachment.privacy.notice.learnMore,,Learn more,Link label inserted into the %@ placeholder in aichat.attachment.privacy.notice.format.,,,true,extracted_with_value,,apps/apple/macOS/DuckDuckGo/Localization/Localizable.xcstrings,3867,https://github.com/duckduckgo/apple-browsers/blob/6ba278262f04039a7e24d268dfdc4035bdaf9acb/macOS/DuckDuckGo/Localization/Localizable.xcstrings#L3867
macOS,body,DuckDuckGo,aichat.attachment.prompt.too.long,,That message is too long to send with attachments.,Error message shown when an AI chat message exceeds the allowed length while attachments are included,,,true,extracted_with_value,,apps/apple/macOS/DuckDuckGo/Localization/Localizable.xcstrings,3927,https://github.com/duckduckgo/apple-browsers/blob/6ba278262f04039a7e24d268dfdc4035bdaf9acb/macOS/DuckDuckGo/Localization/Localizable.xcstrings#L3927
macOS,body,DuckDuckGo,aichat.createImage.modelSwitch.privacy.subtitle,,%@ can't create images. Zero Provider Visibility won't apply until you switch back.,Subtitle shown after switching away from a Zero Provider Visibility model for image creation. Parameter is the previous model's short name.,,%@,true,extracted_with_value,,apps/apple/macOS/DuckDuckGo/Localization/Localizable.xcstrings,4767,https://github.com/duckduckgo/apple-browsers/blob/6ba278262f04039a7e24d268dfdc4035bdaf9acb/macOS/DuckDuckGo/Localization/Localizable.xcstrings#L4767
macOS,body,DuckDuckGo,aichat.createImage.modelSwitch.subtitle,,%@ doesn't support image creation.,Subtitle explaining why Duck.ai switched models. Parameter is the previous model's short name.,,%@,true,extracted_with_value,,apps/apple/macOS/DuckDuckGo/Localization/Localizable.xcstrings,4827,https://github.com/duckduckgo/apple-browsers/blob/6ba278262f04039a7e24d268dfdc4035bdaf9acb/macOS/DuckDuckGo/Localization/Localizable.xcstrings#L4827
macOS,body,DuckDuckGo,aichat.customize-responses-tool.subtitle,,"Control tone, length, and more","Subtitle for the Customize Responses tool in the tools dropdown menu, shown when responses haven't been customized",,,true,extracted_with_value,,apps/apple/macOS/DuckDuckGo/Localization/Localizable.xcstrings,5067,https://github.com/duckduckgo/apple-browsers/blob/6ba278262f04039a7e24d268dfdc4035bdaf9acb/macOS/DuckDuckGo/Localization/Localizable.xcstrings#L5067
macOS,body,DuckDuckGo,aichat.floating.close-warning.subtitle,,This will also close the detached sidebar.,Subtitle shown in popover warning when closing a tab that has detached Duck.ai window.,,,true,extracted_with_value,,apps/apple/macOS/DuckDuckGo/Localization/Localizable.xcstrings,7527,https://github.com/duckduckgo/apple-browsers/blob/6ba278262f04039a7e24d268dfdc4035bdaf9acb/macOS/DuckDuckGo/Localization/Localizable.xcstrings#L7527
macOS,body,DuckDuckGo,aichat.image-gen-tool.subtitle,,Turn text into images,Subtitle for Create Image tool in the tools dropdown menu,,,true,extracted_with_value,,apps/apple/macOS/DuckDuckGo/Localization/Localizable.xcstrings,7767,https://github.com/duckduckgo/apple-browsers/blob/6ba278262f04039a7e24d268dfdc4035bdaf9acb/macOS/DuckDuckGo/Localization/Localizable.xcstrings#L7767
macOS,body,DuckDuckGo,aichat.reasoning-effort.fast.subtitle,,Answers quickly,Subtitle of the 'Fast' option in the reasoning effort picker menu in AI chat omnibar,,,true,extracted_with_value,,apps/apple/macOS/DuckDuckGo/Localization/Localizable.xcstrings,9087,https://github.com/duckduckgo/apple-browsers/blob/6ba278262f04039a7e24d268dfdc4035bdaf9acb/macOS/DuckDuckGo/Localization/Localizable.xcstrings#L9087
macOS,body,DuckDuckGo,aichat.reasoning-effort.low.subtitle,,For complex tasks,Subtitle of the 'Reasoning' option in the reasoning effort picker menu in AI chat omnibar,,,true,extracted_with_value,,apps/apple/macOS/DuckDuckGo/Localization/Localizable.xcstrings,9207,https://github.com/duckduckgo/apple-browsers/blob/6ba278262f04039a7e24d268dfdc4035bdaf9acb/macOS/DuckDuckGo/Localization/Localizable.xcstrings#L9207
macOS,body,DuckDuckGo,aichat.reasoning-effort.medium.subtitle,,For analytical tasks,Subtitle of the 'Extended Reasoning' option in the reasoning effort picker menu in AI chat omnibar,,,true,extracted_with_value,,apps/apple/macOS/DuckDuckGo/Localization/Localizable.xcstrings,9327,https://github.com/duckduckgo/apple-browsers/blob/6ba278262f04039a7e24d268dfdc4035bdaf9acb/macOS/DuckDuckGo/Localization/Localizable.xcstrings#L9327
macOS,body,DuckDuckGo,aichat.subscription-upsell-dialog.message,,"Get access to advanced AI models in Duck.ai, our VPN, and other premium protections by subscribing to DuckDuckGo.",Body text of the dialog shown when the user taps a gated reasoning effort,,,true,extracted_with_value,,apps/apple/macOS/DuckDuckGo/Localization/Localizable.xcstrings,10167,https://github.com/duckduckgo/apple-browsers/blob/6ba278262f04039a7e24d268dfdc4035bdaf9acb/macOS/DuckDuckGo/Localization/Localizable.xcstrings#L10167
macOS,body,DuckDuckGo,aichat.subscription-upsell-dialog.pro-message,,"Unlock more models, higher AI reasoning, and higher usage limits than the Plus plan by upgrading to Pro.","Body text of the subscription upsell dialog, shown to an existing Plus subscriber",,,true,extracted_with_value,,apps/apple/macOS/DuckDuckGo/Localization/Localizable.xcstrings,10287,https://github.com/duckduckgo/apple-browsers/blob/6ba278262f04039a7e24d268dfdc4035bdaf9acb/macOS/DuckDuckGo/Localization/Localizable.xcstrings#L10287
macOS,body,DuckDuckGo,aichat.suggestions.view-all-chats,,View all chats,"Footer row in the duck.ai address bar suggestions list, opens full chat history",,,true,extracted_with_value,,apps/apple/macOS/DuckDuckGo/Localization/Localizable.xcstrings,10647,https://github.com/duckduckgo/apple-browsers/blob/6ba278262f04039a7e24d268dfdc4035bdaf9acb/macOS/DuckDuckGo/Localization/Localizable.xcstrings#L10647
macOS,body,DuckDuckGo,aichat.usageWarnings.high-usage-model,,%@ reaches usage limits 2-5x sooner than basic models.,"Duck.ai usage card notice shown while a model that spends the allowance quickly is selected. Parameter is the model's short name, e.g. ""Opus 4.8"".",,%@,true,extracted_with_value,,apps/apple/macOS/DuckDuckGo/Localization/Localizable.xcstrings,11187,https://github.com/duckduckgo/apple-browsers/blob/6ba278262f04039a7e24d268dfdc4035bdaf9acb/macOS/DuckDuckGo/Localization/Localizable.xcstrings#L11187
macOS,body,DuckDuckGo,aichat.usageWarnings.resets-in,,Resets in %@,"Trailing detail on the Duck.ai usage card saying when the limit resets. Parameter is a short interval such as ""7d"" or ""12h"".",,%@,true,extracted_with_value,,apps/apple/macOS/DuckDuckGo/Localization/Localizable.xcstrings,11307,https://github.com/duckduckgo/apple-browsers/blob/6ba278262f04039a7e24d268dfdc4035bdaf9acb/macOS/DuckDuckGo/Localization/Localizable.xcstrings#L11307
macOS,body,DuckDuckGo,aichat.web-search-tool.subtitle,,Source answers from the web,Subtitle for Web Search tool in the tools dropdown menu,,,true,extracted_with_value,,apps/apple/macOS/DuckDuckGo/Localization/Localizable.xcstrings,12147,https://github.com/duckduckgo/apple-browsers/blob/6ba278262f04039a7e24d268dfdc4035bdaf9acb/macOS/DuckDuckGo/Localization/Localizable.xcstrings#L12147
macOS,body,DuckDuckGo,alert.sync-bookmarks-paused-description,,You've reached the maximum number of bookmarks. Please delete some bookmarks to resume sync.,Description for alert shown when sync bookmarks paused for too many items,,,true,extracted_with_value,,apps/apple/macOS/DuckDuckGo/Localization/Localizable.xcstrings,12267,https://github.com/duckduckgo/apple-browsers/blob/6ba278262f04039a7e24d268dfdc4035bdaf9acb/macOS/DuckDuckGo/Localization/Localizable.xcstrings#L12267
macOS,body,DuckDuckGo,alert.sync-credentials-paused-description,,You've reached the maximum number of passwords. Please delete some passwords to resume sync.,Description for alert shown when sync credentials paused for too many items,,,true,extracted_with_value,,apps/apple/macOS/DuckDuckGo/Localization/Localizable.xcstrings,12447,https://github.com/duckduckgo/apple-browsers/blob/6ba278262f04039a7e24d268dfdc4035bdaf9acb/macOS/DuckDuckGo/Localization/Localizable.xcstrings#L12447
macOS,body,DuckDuckGo,alert.sync-credit-cards-paused-description,,You've reached the maximum number of credit cards. Please delete some to resume sync.,Description for alert shown when sync credit cards paused for too many items,,,true,extracted_with_value,,apps/apple/macOS/DuckDuckGo/Localization/Localizable.xcstrings,12627,https://github.com/duckduckgo/apple-browsers/blob/6ba278262f04039a7e24d268dfdc4035bdaf9acb/macOS/DuckDuckGo/Localization/Localizable.xcstrings#L12627
macOS,body,DuckDuckGo,alert.sync-identities-paused-description,,You've reached the maximum number of identities. Please delete some to resume sync.,Description for alert shown when sync identities paused for too many items,,,true,extracted_with_value,,apps/apple/macOS/DuckDuckGo/Localization/Localizable.xcstrings,12927,https://github.com/duckduckgo/apple-browsers/blob/6ba278262f04039a7e24d268dfdc4035bdaf9acb/macOS/DuckDuckGo/Localization/Localizable.xcstrings#L12927
macOS,body,DuckDuckGo,alert.sync.warning.data-syncing-disabled-upgrade-required,,"Sorry, but Sync & Backup is no longer available in this app version. Please update DuckDuckGo to the latest version to continue.",Data syncing unavailable warning message,,,true,extracted_with_value,,apps/apple/macOS/DuckDuckGo/Localization/Localizable.xcstrings,13227,https://github.com/duckduckgo/apple-browsers/blob/6ba278262f04039a7e24d268dfdc4035bdaf9acb/macOS/DuckDuckGo/Localization/Localizable.xcstrings#L13227
macOS,body,DuckDuckGo,alert.sync.warning.sync-paused,,Sync & Backup is Paused,Title of the warning message,,,true,extracted_with_value,,apps/apple/macOS/DuckDuckGo/Localization/Localizable.xcstrings,13347,https://github.com/duckduckgo/apple-browsers/blob/6ba278262f04039a7e24d268dfdc4035bdaf9acb/macOS/DuckDuckGo/Localization/Localizable.xcstrings#L13347
macOS,body,DuckDuckGo,alert.sync.warning.sync-unavailable-message,,"Sorry, but Sync & Backup is currently unavailable. Please try again later.",Data syncing unavailable warning message,,,true,extracted_with_value,,apps/apple/macOS/DuckDuckGo/Localization/Localizable.xcstrings,13407,https://github.com/duckduckgo/apple-browsers/blob/6ba278262f04039a7e24d268dfdc4035bdaf9acb/macOS/DuckDuckGo/Localization/Localizable.xcstrings#L13407
macOS,body,DuckDuckGo,auth.alert.message.encrypted,,Sign in to %@. Your login information will be sent securely.,Authentication Alert - populated with a domain name,,%@,true,extracted_with_value,,apps/apple/macOS/DuckDuckGo/Localization/Localizable.xcstrings,13912,https://github.com/duckduckgo/apple-browsers/blob/6ba278262f04039a7e24d268dfdc4035bdaf9acb/macOS/DuckDuckGo/Localization/Localizable.xcstrings#L13912
macOS,body,DuckDuckGo,auth.alert.message.plain,,Log in to %@. Your password will be sent insecurely because the connection is unencrypted.,Authentication Alert - populated with a domain name,,%@,true,extracted_with_value,,apps/apple/macOS/DuckDuckGo/Localization/Localizable.xcstrings,13972,https://github.com/duckduckgo/apple-browsers/blob/6ba278262f04039a7e24d268dfdc4035bdaf9acb/macOS/DuckDuckGo/Localization/Localizable.xcstrings#L13972
macOS,body,DuckDuckGo,autoconsent.explanation,,DuckDuckGo can auto-manage cookie pop-ups to maximize privacy and minimize cookies before you even see them.,Autoconsent feature explanation in settings,,,true,extracted_with_value,,apps/apple/macOS/DuckDuckGo/Localization/Localizable.xcstrings,14332,https://github.com/duckduckgo/apple-browsers/blob/6ba278262f04039a7e24d268dfdc4035bdaf9acb/macOS/DuckDuckGo/Localization/Localizable.xcstrings#L14332
macOS,body,DuckDuckGo,autoconsent.from.setup.modal.body,,"When we detect cookie pop-ups on sites you visit, we can try to select the most private settings available and hide pop-ups like this.",Body for modal asking the user to auto manage cookies,,,true,extracted_with_value,,apps/apple/macOS/DuckDuckGo/Localization/Localizable.xcstrings,14392,https://github.com/duckduckgo/apple-browsers/blob/6ba278262f04039a7e24d268dfdc4035bdaf9acb/macOS/DuckDuckGo/Localization/Localizable.xcstrings#L14392
macOS,body,DuckDuckGo,autoconsent.modal.body,,"Want me to handle these for you? I can try to minimize cookies, maximize privacy, and hide pop-ups like these.",Body for modal asking the user to auto manage cookies,,,true,extracted_with_value,,apps/apple/macOS/DuckDuckGo/Localization/Localizable.xcstrings,14572,https://github.com/duckduckgo/apple-browsers/blob/6ba278262f04039a7e24d268dfdc4035bdaf9acb/macOS/DuckDuckGo/Localization/Localizable.xcstrings#L14572
macOS,body,DuckDuckGo,autoconsent.stats.popover.message,,Open a new tab to see your stats.,Message for autoconsent stats popover prompting user to open new tab,,,true,extracted_with_value,,apps/apple/macOS/DuckDuckGo/Localization/Localizable.xcstrings,14812,https://github.com/duckduckgo/apple-browsers/blob/6ba278262f04039a7e24d268dfdc4035bdaf9acb/macOS/DuckDuckGo/Localization/Localizable.xcstrings#L14812
macOS,body,DuckDuckGo,autofill.ask-to-save.explanation,,Receive prompts to save new information and autofill online forms.,Description of Autofill autosaving feature - used in settings,,,true,extracted_with_value,,apps/apple/macOS/DuckDuckGo/Localization/Localizable.xcstrings,15052,https://github.com/duckduckgo/apple-browsers/blob/6ba278262f04039a7e24d268dfdc4035bdaf9acb/macOS/DuckDuckGo/Localization/Localizable.xcstrings#L15052
macOS,body,DuckDuckGo,autofill.autolock-locks-form-filling,,Also lock password form fill,Lock form filling when auto-lock is active text,,,true,extracted_with_value,,apps/apple/macOS/DuckDuckGo/Localization/Localizable.xcstrings,15172,https://github.com/duckduckgo/apple-browsers/blob/6ba278262f04039a7e24d268dfdc4035bdaf9acb/macOS/DuckDuckGo/Localization/Localizable.xcstrings#L15172
macOS,body,DuckDuckGo,autofill.content-stored-securely.identities,,Autofill content is stored securely on your device,Explanatory text about the secure storage of autofill information,,,true,extracted_with_value,,apps/apple/macOS/DuckDuckGo/Localization/Localizable.xcstrings,15232,https://github.com/duckduckgo/apple-browsers/blob/6ba278262f04039a7e24d268dfdc4035bdaf9acb/macOS/DuckDuckGo/Localization/Localizable.xcstrings#L15232
macOS,body,DuckDuckGo,autofill.excluded-sites.explanation,,Websites you selected to never ask to save your password.,Subtitle providing additional information about the excluded sites section,,,true,extracted_with_value,,apps/apple/macOS/DuckDuckGo/Localization/Localizable.xcstrings,15532,https://github.com/duckduckgo/apple-browsers/blob/6ba278262f04039a7e24d268dfdc4035bdaf9acb/macOS/DuckDuckGo/Localization/Localizable.xcstrings#L15532
macOS,body,DuckDuckGo,autofill.excluded-sites.reset.action.message,,"If you reset excluded sites, you will be prompted to save your password next time you sign in to any of these sites.",Alert title,,,true,extracted_with_value,,apps/apple/macOS/DuckDuckGo/Localization/Localizable.xcstrings,15652,https://github.com/duckduckgo/apple-browsers/blob/6ba278262f04039a7e24d268dfdc4035bdaf9acb/macOS/DuckDuckGo/Localization/Localizable.xcstrings#L15652
macOS,body,DuckDuckGo,autofill.items.delete-all-passwords-completion-message-text,,All passwords deleted (%d),Message displayed on completion of multiple password deletion,,%d,true,extracted_with_value,,apps/apple/macOS/DuckDuckGo/Localization/Localizable.xcstrings,16012,https://github.com/duckduckgo/apple-browsers/blob/6ba278262f04039a7e24d268dfdc4035bdaf9acb/macOS/DuckDuckGo/Localization/Localizable.xcstrings#L16012
macOS,body,DuckDuckGo,autofill.items.delete-all-passwords-confirmation-message-text,,Are you sure you want to delete all passwords (%d)?,Message displayed on dialog asking user to confirm deletion of all passwords,,%d,true,extracted_with_value,,apps/apple/macOS/DuckDuckGo/Localization/Localizable.xcstrings,16072,https://github.com/duckduckgo/apple-browsers/blob/6ba278262f04039a7e24d268dfdc4035bdaf9acb/macOS/DuckDuckGo/Localization/Localizable.xcstrings#L16072
macOS,body,DuckDuckGo,autofill.items.delete-all-passwords-device-confirmation-information-text,,Your passwords will be deleted from this device. Make sure you still have a way to access your accounts.,Information message displayed when deleting all passwords on a device,,,true,extracted_with_value,,apps/apple/macOS/DuckDuckGo/Localization/Localizable.xcstrings,16132,https://github.com/duckduckgo/apple-browsers/blob/6ba278262f04039a7e24d268dfdc4035bdaf9acb/macOS/DuckDuckGo/Localization/Localizable.xcstrings#L16132
macOS,body,DuckDuckGo,autofill.items.delete-all-passwords-permisson-text,,delete all passwords,Message displayed in system authentication dialog,,,true,extracted_with_value,,apps/apple/macOS/DuckDuckGo/Localization/Localizable.xcstrings,16192,https://github.com/duckduckgo/apple-browsers/blob/6ba278262f04039a7e24d268dfdc4035bdaf9acb/macOS/DuckDuckGo/Localization/Localizable.xcstrings#L16192
macOS,body,DuckDuckGo,autofill.items.delete-all-passwords-synced-completion-information-text,,Your passwords have been deleted from all synced devices.,Information message displayed on completion of multiple password deletion when devices are synced,,,true,extracted_with_value,,apps/apple/macOS/DuckDuckGo/Localization/Localizable.xcstrings,16252,https://github.com/duckduckgo/apple-browsers/blob/6ba278262f04039a7e24d268dfdc4035bdaf9acb/macOS/DuckDuckGo/Localization/Localizable.xcstrings#L16252
macOS,body,DuckDuckGo,autofill.items.delete-all-passwords-synced-confirmation-information-text,,Your passwords will be deleted from all synced devices. Make sure you still have a way to access your accounts.,Information message displayed when deleting all passwords on a synced device,,,true,extracted_with_value,,apps/apple/macOS/DuckDuckGo/Localization/Localizable.xcstrings,16312,https://github.com/duckduckgo/apple-browsers/blob/6ba278262f04039a7e24d268dfdc4035bdaf9acb/macOS/DuckDuckGo/Localization/Localizable.xcstrings#L16312
macOS,body,DuckDuckGo,autofill.never-lock-warning,,"If not locked, anyone with access to your device will be able to use and modify your autofill data. For security purposes, credit card form fill always requires authentication.",Autofill disabled auto-lock warning,,,true,extracted_with_value,,apps/apple/macOS/DuckDuckGo/Localization/Localizable.xcstrings,16672,https://github.com/duckduckgo/apple-browsers/blob/6ba278262f04039a7e24d268dfdc4035bdaf9acb/macOS/DuckDuckGo/Localization/Localizable.xcstrings#L16672
macOS,body,DuckDuckGo,autofill.onboarding.popover.message1,,You can manage your toolbar shortcuts at any time by right-clicking on the toolbar.,Autofill onboarding popover message,,,true,extracted_with_value,,apps/apple/macOS/DuckDuckGo/Localization/Localizable.xcstrings,16792,https://github.com/duckduckgo/apple-browsers/blob/6ba278262f04039a7e24d268dfdc4035bdaf9acb/macOS/DuckDuckGo/Localization/Localizable.xcstrings#L16792
macOS,body,DuckDuckGo,autofill.password-manager.bitwarden.disclaimer,,Setup requires installing the Bitwarden app.,Autofill password manager Bitwarden disclaimer,,,true,extracted_with_value,,apps/apple/macOS/DuckDuckGo/Localization/Localizable.xcstrings,17092,https://github.com/duckduckgo/apple-browsers/blob/6ba278262f04039a7e24d268dfdc4035bdaf9acb/macOS/DuckDuckGo/Localization/Localizable.xcstrings#L17092
macOS,body,DuckDuckGo,autofill.popover.autosave.text,,Password saved for %@,Text confirming a password has been saved for the %@ domain,,%@,true,extracted_with_value,,apps/apple/macOS/DuckDuckGo/Localization/Localizable.xcstrings,17452,https://github.com/duckduckgo/apple-browsers/blob/6ba278262f04039a7e24d268dfdc4035bdaf9acb/macOS/DuckDuckGo/Localization/Localizable.xcstrings#L17452
macOS,body,DuckDuckGo,autofill.popover.passwords.auto-pinned.text,,Shortcut Added!,Text confirming the password manager has been pinned to the toolbar,,,true,extracted_with_value,,apps/apple/macOS/DuckDuckGo/Localization/Localizable.xcstrings,17752,https://github.com/duckduckgo/apple-browsers/blob/6ba278262f04039a7e24d268dfdc4035bdaf9acb/macOS/DuckDuckGo/Localization/Localizable.xcstrings#L17752
macOS,body,DuckDuckGo,autofill.popover.passwords.pin-prompt.text,,Add passwords shortcut?,Text prompting user to pin the password manager shortcut to the toolbar,,,true,extracted_with_value,,apps/apple/macOS/DuckDuckGo/Localization/Localizable.xcstrings,17872,https://github.com/duckduckgo/apple-browsers/blob/6ba278262f04039a7e24d268dfdc4035bdaf9acb/macOS/DuckDuckGo/Localization/Localizable.xcstrings#L17872
macOS,body,DuckDuckGo,autofill.view-autofill-content.credit-cards,,View Credit Cards…,View Credit Cards Content Button title in the autofill Settings,,,true,extracted_with_value,,apps/apple/macOS/DuckDuckGo/Localization/Localizable.xcstrings,18112,https://github.com/duckduckgo/apple-browsers/blob/6ba278262f04039a7e24d268dfdc4035bdaf9acb/macOS/DuckDuckGo/Localization/Localizable.xcstrings#L18112
macOS,body,DuckDuckGo,autofill.view-autofill-content.identities,,View Identities…,View Identities Content Button title in the autofill Settings,,,true,extracted_with_value,,apps/apple/macOS/DuckDuckGo/Localization/Localizable.xcstrings,18172,https://github.com/duckduckgo/apple-browsers/blob/6ba278262f04039a7e24d268dfdc4035bdaf9acb/macOS/DuckDuckGo/Localization/Localizable.xcstrings#L18172
macOS,body,DuckDuckGo,autofill.view-autofill-content.passwords,,View Passwords…,View Password Content Button title in the autofill Settings,,,true,extracted_with_value,,apps/apple/macOS/DuckDuckGo/Localization/Localizable.xcstrings,18232,https://github.com/duckduckgo/apple-browsers/blob/6ba278262f04039a7e24d268dfdc4035bdaf9acb/macOS/DuckDuckGo/Localization/Localizable.xcstrings#L18232
macOS,body,DuckDuckGo,autofill.view-autofill-content.payment-methods,,Open Payment Methods…,View Payment Methods Content Button title in the autofill Settings,,,true,stale,,apps/apple/macOS/DuckDuckGo/Localization/Localizable.xcstrings,18292,https://github.com/duckduckgo/apple-browsers/blob/6ba278262f04039a7e24d268dfdc4035bdaf9acb/macOS/DuckDuckGo/Localization/Localizable.xcstrings#L18292
macOS,body,DuckDuckGo,big-sur-end-of-support.message,,"Update macOS to Monterey or later to keep getting new DuckDuckGo features, fixes, and security improvements.",Body of the on-launch alert shown to users running macOS Big Sur after support has ended,,,true,extracted_with_value,,apps/apple/macOS/DuckDuckGo/Localization/Localizable.xcstrings,18592,https://github.com/duckduckgo/apple-browsers/blob/6ba278262f04039a7e24d268dfdc4035bdaf9acb/macOS/DuckDuckGo/Localization/Localizable.xcstrings#L18592
macOS,body,DuckDuckGo,big-sur-end-of-support.message-incapable,,DuckDuckGo updates have ended for macOS Big Sur. Your browser will keep working as it does today.,Body of the on-launch alert shown to users whose Mac cannot upgrade past Big Sur — does not prompt the user to update.,,,true,extracted_with_value,,apps/apple/macOS/DuckDuckGo/Localization/Localizable.xcstrings,18652,https://github.com/duckduckgo/apple-browsers/blob/6ba278262f04039a7e24d268dfdc4035bdaf9acb/macOS/DuckDuckGo/Localization/Localizable.xcstrings#L18652
macOS,body,DuckDuckGo,bitwarden.app.found,,Bitwarden app found!,Setup of the integration with Bitwarden app,,,true,extracted_with_value,,apps/apple/macOS/DuckDuckGo/Localization/Localizable.xcstrings,18885,https://github.com/duckduckgo/apple-browsers/blob/6ba278262f04039a7e24d268dfdc4035bdaf9acb/macOS/DuckDuckGo/Localization/Localizable.xcstrings#L18885
macOS,body,DuckDuckGo,bitwarden.cant.access.container,,"DuckDuckGo needs permission to access Bitwarden. You can grant DuckDuckGo Full Disk Access in System Settings, or switch back to the built-in password manager.",Requests user Full Disk access in order to access password manager Birwarden,,,true,extracted_with_value,,apps/apple/macOS/DuckDuckGo/Localization/Localizable.xcstrings,18945,https://github.com/duckduckgo/apple-browsers/blob/6ba278262f04039a7e24d268dfdc4035bdaf9acb/macOS/DuckDuckGo/Localization/Localizable.xcstrings#L18945
macOS,body,DuckDuckGo,bitwarden.connect.communication-info,,All communication between Bitwarden and DuckDuckGo is encrypted and the data never leaves your device.,Warns users that all communication between the DuckDuckGo browser and the password manager Bitwarden is encrypted and doesn't leave the user device,,,true,extracted_with_value,,apps/apple/macOS/DuckDuckGo/Localization/Localizable.xcstrings,19005,https://github.com/duckduckgo/apple-browsers/blob/6ba278262f04039a7e24d268dfdc4035bdaf9acb/macOS/DuckDuckGo/Localization/Localizable.xcstrings#L19005
macOS,body,DuckDuckGo,bitwarden.connect.description,,"We’ll walk you through connecting to Bitwarden, so you can use it in DuckDuckGo.",Description for when the user wants to connect the browser to the password manager Bitwarned.,,,true,extracted_with_value,,apps/apple/macOS/DuckDuckGo/Localization/Localizable.xcstrings,19065,https://github.com/duckduckgo/apple-browsers/blob/6ba278262f04039a7e24d268dfdc4035bdaf9acb/macOS/DuckDuckGo/Localization/Localizable.xcstrings#L19065
macOS,body,DuckDuckGo,bitwarden.connect.history-info,,Bitwarden will have access to your browsing history.,Warn users that the password Manager Bitwarden will have access to their browsing history,,,true,extracted_with_value,,apps/apple/macOS/DuckDuckGo/Localization/Localizable.xcstrings,19125,https://github.com/duckduckgo/apple-browsers/blob/6ba278262f04039a7e24d268dfdc4035bdaf9acb/macOS/DuckDuckGo/Localization/Localizable.xcstrings#L19125
macOS,body,DuckDuckGo,bitwarden.incompatible,,"The following Bitwarden versions are incompatible with DuckDuckGo: v2025.5.0, v2025.5.1. Please downgrade to an older version by following these steps:",Message that warns user that specific Bitwarden app vesions are not compatible with this app,,,true,extracted_with_value,,apps/apple/macOS/DuckDuckGo/Localization/Localizable.xcstrings,19484,https://github.com/duckduckgo/apple-browsers/blob/6ba278262f04039a7e24d268dfdc4035bdaf9acb/macOS/DuckDuckGo/Localization/Localizable.xcstrings#L19484
macOS,body,DuckDuckGo,bitwarden.incompatible.step.1,,Download v2025.4.2,First step to downgrade Bitwarden,,,true,extracted_with_value,,apps/apple/macOS/DuckDuckGo/Localization/Localizable.xcstrings,19544,https://github.com/duckduckgo/apple-browsers/blob/6ba278262f04039a7e24d268dfdc4035bdaf9acb/macOS/DuckDuckGo/Localization/Localizable.xcstrings#L19544
macOS,body,DuckDuckGo,bitwarden.incompatible.step.2,,"2. Open the downloaded DMG file and drag the Bitwarden application to
the /Applications folder.",Second step to downgrade Bitwarden,,,true,extracted_with_value,,apps/apple/macOS/DuckDuckGo/Localization/Localizable.xcstrings,19604,https://github.com/duckduckgo/apple-browsers/blob/6ba278262f04039a7e24d268dfdc4035bdaf9acb/macOS/DuckDuckGo/Localization/Localizable.xcstrings#L19604
macOS,body,DuckDuckGo,bitwarden.install.info,,"To begin setup, first install Bitwarden from the App Store.",Setup of the integration with Bitwarden app,,,true,extracted_with_value,,apps/apple/macOS/DuckDuckGo/Localization/Localizable.xcstrings,19724,https://github.com/duckduckgo/apple-browsers/blob/6ba278262f04039a7e24d268dfdc4035bdaf9acb/macOS/DuckDuckGo/Localization/Localizable.xcstrings#L19724
macOS,body,DuckDuckGo,bitwarden.integration.complete,,Bitwarden integration complete!,Setup of the integration with Bitwarden app,,,true,extracted_with_value,,apps/apple/macOS/DuckDuckGo/Localization/Localizable.xcstrings,19784,https://github.com/duckduckgo/apple-browsers/blob/6ba278262f04039a7e24d268dfdc4035bdaf9acb/macOS/DuckDuckGo/Localization/Localizable.xcstrings#L19784
macOS,body,DuckDuckGo,bitwarden.integration.complete.info,,You are now using Bitwarden as your password manager.,Setup of the integration with Bitwarden app,,,true,extracted_with_value,,apps/apple/macOS/DuckDuckGo/Localization/Localizable.xcstrings,19844,https://github.com/duckduckgo/apple-browsers/blob/6ba278262f04039a7e24d268dfdc4035bdaf9acb/macOS/DuckDuckGo/Localization/Localizable.xcstrings#L19844
macOS,body,DuckDuckGo,bitwarden.integration.not.approved,,Integration with DuckDuckGo is not approved in Bitwarden app,While the user tries to connect the DuckDuckGo Browser to password manager Bitwarden This message indicates that the integration with DuckDuckGo has not been approved in the Bitwarden app.,,,true,extracted_with_value,,apps/apple/macOS/DuckDuckGo/Localization/Localizable.xcstrings,19904,https://github.com/duckduckgo/apple-browsers/blob/6ba278262f04039a7e24d268dfdc4035bdaf9acb/macOS/DuckDuckGo/Localization/Localizable.xcstrings#L19904
macOS,body,DuckDuckGo,bitwarden.is.ready.to.connect,,Bitwarden is ready to connect to DuckDuckGo!,Setup of the integration with Bitwarden app,,,true,extracted_with_value,,apps/apple/macOS/DuckDuckGo/Localization/Localizable.xcstrings,19964,https://github.com/duckduckgo/apple-browsers/blob/6ba278262f04039a7e24d268dfdc4035bdaf9acb/macOS/DuckDuckGo/Localization/Localizable.xcstrings#L19964
macOS,body,DuckDuckGo,bitwarden.old.version,,Please update Bitwarden to the latest version,Message that warns user they need to update their password manager Bitwarden app vesion,,,true,extracted_with_value,,apps/apple/macOS/DuckDuckGo/Localization/Localizable.xcstrings,20143,https://github.com/duckduckgo/apple-browsers/blob/6ba278262f04039a7e24d268dfdc4035bdaf9acb/macOS/DuckDuckGo/Localization/Localizable.xcstrings#L20143
macOS,body,DuckDuckGo,bitwarden.waiting.for.handshake,,Waiting for the handshake approval in Bitwarden app,While the user tries to connect the DuckDuckGo Browser to password manager Bitwarden This message indicates the system is waiting for the handshake (a way for two devices or systems to say hello to each other and agree to communicate or exchange information).,,,true,extracted_with_value,,apps/apple/macOS/DuckDuckGo/Localization/Localizable.xcstrings,20503,https://github.com/duckduckgo/apple-browsers/blob/6ba278262f04039a7e24d268dfdc4035bdaf9acb/macOS/DuckDuckGo/Localization/Localizable.xcstrings#L20503
macOS,body,DuckDuckGo,bitwarden.waiting.for.permissions,,Waiting for permission to use Bitwarden in DuckDuckGo…,Setup of the integration with Bitwarden app,,,true,extracted_with_value,,apps/apple/macOS/DuckDuckGo/Localization/Localizable.xcstrings,20563,https://github.com/duckduckgo/apple-browsers/blob/6ba278262f04039a7e24d268dfdc4035bdaf9acb/macOS/DuckDuckGo/Localization/Localizable.xcstrings#L20563
macOS,body,DuckDuckGo,Bookmarks Import Complete:,,Bookmarks Import Complete:,Bookmarks Data Import result summary headline,,,true,stale,,apps/apple/macOS/DuckDuckGo/Localization/Localizable.xcstrings,21151,https://github.com/duckduckgo/apple-browsers/blob/6ba278262f04039a7e24d268dfdc4035bdaf9acb/macOS/DuckDuckGo/Localization/Localizable.xcstrings#L21151
macOS,body,DuckDuckGo,Bookmarks:,,Bookmarks:,Data import summary format of how many bookmarks (%lld) were successfully imported.,,,true,stale,,apps/apple/macOS/DuckDuckGo/Localization/Localizable.xcstrings,21205,https://github.com/duckduckgo/apple-browsers/blob/6ba278262f04039a7e24d268dfdc4035bdaf9acb/macOS/DuckDuckGo/Localization/Localizable.xcstrings#L21205
macOS,body,DuckDuckGo,bookmarks.bar.prompt.message,,Show the Bookmarks Bar for quick access to your favorite bookmarks. You can adjust this later in **Settings** > **Appearance**.,"message with markdown show for bookmarks bar prompt, make sure to keep the ** ** for the translated words Settings and Appearance",,,true,extracted_with_value,,apps/apple/macOS/DuckDuckGo/Localization/Localizable.xcstrings,21739,https://github.com/duckduckgo/apple-browsers/blob/6ba278262f04039a7e24d268dfdc4035bdaf9acb/macOS/DuckDuckGo/Localization/Localizable.xcstrings#L21739
macOS,body,DuckDuckGo,bookmarks.bar.prompt.message.fallback,,Show the Bookmarks Bar for quick access to your favorite bookmarks. You can adjust this later in Settings > Appearance.,message show for bookmarks bar prompt,,,true,stale,,apps/apple/macOS/DuckDuckGo/Localization/Localizable.xcstrings,21799,https://github.com/duckduckgo/apple-browsers/blob/6ba278262f04039a7e24d268dfdc4035bdaf9acb/macOS/DuckDuckGo/Localization/Localizable.xcstrings#L21799
macOS,body,DuckDuckGo,bookmarks.dialog.allTabs.message.add,,These bookmarks will be saved in a new folder:,Bookmark creation for all open tabs dialog title,,,true,extracted_with_value,,apps/apple/macOS/DuckDuckGo/Localization/Localizable.xcstrings,22339,https://github.com/duckduckgo/apple-browsers/blob/6ba278262f04039a7e24d268dfdc4035bdaf9acb/macOS/DuckDuckGo/Localization/Localizable.xcstrings#L22339
macOS,body,DuckDuckGo,bookmarks.empty.search.result.state.message,,Try different search terms.,Text displayed in Bookmark Panel when there is no bookmarks that match the search query,,,true,extracted_with_value,,apps/apple/macOS/DuckDuckGo/Localization/Localizable.xcstrings,23119,https://github.com/duckduckgo/apple-browsers/blob/6ba278262f04039a7e24d268dfdc4035bdaf9acb/macOS/DuckDuckGo/Localization/Localizable.xcstrings#L23119
macOS,body,DuckDuckGo,bookmarks.empty.state.message2,,Import bookmarks from another browser or sync them on DuckDuckGo across your devices.,Text displayed in Bookmark Manager when there is no bookmarks yet,,,true,extracted_with_value,,apps/apple/macOS/DuckDuckGo/Localization/Localizable.xcstrings,23238,https://github.com/duckduckgo/apple-browsers/blob/6ba278262f04039a7e24d268dfdc4035bdaf9acb/macOS/DuckDuckGo/Localization/Localizable.xcstrings#L23238
macOS,body,DuckDuckGo,bookmarks.sort.name.desc,,Descending,Button to sort bookmarks by name descending,,,true,extracted_with_value,,apps/apple/macOS/DuckDuckGo/Localization/Localizable.xcstrings,24197,https://github.com/duckduckgo/apple-browsers/blob/6ba278262f04039a7e24d268dfdc4035bdaf9acb/macOS/DuckDuckGo/Localization/Localizable.xcstrings#L24197
macOS,body,DuckDuckGo,burn.fireproofing.explanation.message,,Fireproof site cookies and data won’t be deleted.,Explanation of what Fireproofing site cookies and data means.,,,true,,,apps/apple/macOS/DuckDuckGo/Localization/Localizable.xcstrings,24370,https://github.com/duckduckgo/apple-browsers/blob/6ba278262f04039a7e24d268dfdc4035bdaf9acb/macOS/DuckDuckGo/Localization/Localizable.xcstrings#L24370
macOS,body,DuckDuckGo,burner.homepage.description.1,,Browse without saving local history,"Descriptions of features Fire page. Provides information about browsing functionalities such as browsing without saving local history, signing in to a site with a different account, and troubleshooting websites.",,,true,extracted_with_value,,apps/apple/macOS/DuckDuckGo/Localization/Localizable.xcstrings,24429,https://github.com/duckduckgo/apple-browsers/blob/6ba278262f04039a7e24d268dfdc4035bdaf9acb/macOS/DuckDuckGo/Localization/Localizable.xcstrings#L24429
macOS,body,DuckDuckGo,burner.homepage.description.2,,Sign in to a site with a different account,"Descriptions of features Fire page. Provides information about browsing functionalities such as browsing without saving local history, signing in to a site with a different account, and troubleshooting websites.",,,true,extracted_with_value,,apps/apple/macOS/DuckDuckGo/Localization/Localizable.xcstrings,24489,https://github.com/duckduckgo/apple-browsers/blob/6ba278262f04039a7e24d268dfdc4035bdaf9acb/macOS/DuckDuckGo/Localization/Localizable.xcstrings#L24489
macOS,body,DuckDuckGo,burner.homepage.description.3,,Troubleshoot websites,"Descriptions of features Fire page. Provides information about browsing functionalities such as browsing without saving local history, signing in to a site with a different account, and troubleshooting websites.",,,true,extracted_with_value,,apps/apple/macOS/DuckDuckGo/Localization/Localizable.xcstrings,24549,https://github.com/duckduckgo/apple-browsers/blob/6ba278262f04039a7e24d268dfdc4035bdaf9acb/macOS/DuckDuckGo/Localization/Localizable.xcstrings#L24549
macOS,body,DuckDuckGo,burner.homepage.description.4,,"Fire windows are isolated from other browser data, and their data is burned when you close them. They have the same tracking protection as other windows.","This describes the functionality of one of out browser feature Fire Window, highlighting their isolation from other browser data and the automatic deletion of their data upon closure. Additionally, it emphasizes that fire windows offer the same level of tracking protection as other browsing windows.",,,true,extracted_with_value,,apps/apple/macOS/DuckDuckGo/Localization/Localizable.xcstrings,24609,https://github.com/duckduckgo/apple-browsers/blob/6ba278262f04039a7e24d268dfdc4035bdaf9acb/macOS/DuckDuckGo/Localization/Localizable.xcstrings#L24609
macOS,body,DuckDuckGo,cannot.open.file.alert.informative,,"The App Store version of DuckDuckGo can only access local files if you drag-and-drop them into a browser window.

 To navigate local files using the address bar, please download DuckDuckGo directly from https://duckduckgo.com/mac.",Informative of the alert dialog informing user it is not possible to open the file,,,true,extracted_with_value,,apps/apple/macOS/DuckDuckGo/Localization/Localizable.xcstrings,24909,https://github.com/duckduckgo/apple-browsers/blob/6ba278262f04039a7e24d268dfdc4035bdaf9acb/macOS/DuckDuckGo/Localization/Localizable.xcstrings#L24909
macOS,body,DuckDuckGo,cannot.read.image.alert.message,,There was an issue uploading this file,Header of the alert dialog informing user that the app failed to load the provided custom background image,,,true,extracted_with_value,,apps/apple/macOS/DuckDuckGo/Localization/Localizable.xcstrings,24969,https://github.com/duckduckgo/apple-browsers/blob/6ba278262f04039a7e24d268dfdc4035bdaf9acb/macOS/DuckDuckGo/Localization/Localizable.xcstrings#L24969
macOS,body,DuckDuckGo,check.allow.integration,,Check Allow integration with DuckDuckGo.,Setup of the integration with Bitwarden app,,,true,extracted_with_value,,apps/apple/macOS/DuckDuckGo/Localization/Localizable.xcstrings,25135,https://github.com/duckduckgo/apple-browsers/blob/6ba278262f04039a7e24d268dfdc4035bdaf9acb/macOS/DuckDuckGo/Localization/Localizable.xcstrings#L25135
macOS,body,DuckDuckGo,confirm.quit.subtitle,,Tabs will be saved for next time.,Subtitle shown in the quit confirmation overlay explaining that tabs will be restored,,,true,extracted_with_value,,apps/apple/macOS/DuckDuckGo/Localization/Localizable.xcstrings,26149,https://github.com/duckduckgo/apple-browsers/blob/6ba278262f04039a7e24d268dfdc4035bdaf9acb/macOS/DuckDuckGo/Localization/Localizable.xcstrings#L26149
macOS,body,DuckDuckGo,contextual.onboarding.browsing.multiple.trackers,,"*%2$@, %3$@* and others (%d) were trying to track you here. I blocked them!

%4$@","First parameter is a count of additional trackers, second and third are names of the tracker networks (strings) the last is a string (Do not remove %4$@)",,%2$@ %3$@ %d %4$@,true,extracted_with_value,,apps/apple/macOS/DuckDuckGo/Localization/Localizable.xcstrings,26562,https://github.com/duckduckgo/apple-browsers/blob/6ba278262f04039a7e24d268dfdc4035bdaf9acb/macOS/DuckDuckGo/Localization/Localizable.xcstrings#L26562
macOS,body,DuckDuckGo,contextual.onboarding.browsing.trackers.tap.shield,,☝️ Tap the shield for more info.,Suggests to tap to a shield shaped icon that is above the copy,,,true,extracted_with_value,,apps/apple/macOS/DuckDuckGo/Localization/Localizable.xcstrings,26682,https://github.com/duckduckgo/apple-browsers/blob/6ba278262f04039a7e24d268dfdc4035bdaf9acb/macOS/DuckDuckGo/Localization/Localizable.xcstrings#L26682
macOS,body,DuckDuckGo,contextual.onboarding.browsing.two.trackers,,"*%1$@ and %2$@* were trying to track you here. I blocked them!

%3$@",Parameters are names of the tracker networks (strings) the last is a string (Do not remove %3$@,,%1$@ %2$@ %3$@,true,extracted_with_value,,apps/apple/macOS/DuckDuckGo/Localization/Localizable.xcstrings,26742,https://github.com/duckduckgo/apple-browsers/blob/6ba278262f04039a7e24d268dfdc4035bdaf9acb/macOS/DuckDuckGo/Localization/Localizable.xcstrings#L26742
macOS,body,DuckDuckGo,contextual.onboarding.final-screen.message,,Remember: every time you browse with me a creepy ad loses its wings.,Message of the last screen of the onboarding to the browser app.,,,true,extracted_with_value,,apps/apple/macOS/DuckDuckGo/Localization/Localizable.xcstrings,26862,https://github.com/duckduckgo/apple-browsers/blob/6ba278262f04039a7e24d268dfdc4035bdaf9acb/macOS/DuckDuckGo/Localization/Localizable.xcstrings#L26862
macOS,body,DuckDuckGo,contextual.onboarding.first-search-done.message,,Private. Fast. Fewer ads.,"After the user performs their first search using the browser, this dialog explains the advantages of using DuckDuckGo",,,true,extracted_with_value,,apps/apple/macOS/DuckDuckGo/Localization/Localizable.xcstrings,26982,https://github.com/duckduckgo/apple-browsers/blob/6ba278262f04039a7e24d268dfdc4035bdaf9acb/macOS/DuckDuckGo/Localization/Localizable.xcstrings#L26982
macOS,body,DuckDuckGo,contextual.onboarding.subscription-upsell.message,,"DuckDuckGo also has an *optional paid subscription*, with a secure *VPN* and *advanced, private AI.*",Message of the onboarding screen promoting the optional paid subscription. Text between single asterisks is rendered in bold; keep the asterisks in the translation.,,,true,extracted_with_value,,apps/apple/macOS/DuckDuckGo/Localization/Localizable.xcstrings,27342,https://github.com/duckduckgo/apple-browsers/blob/6ba278262f04039a7e24d268dfdc4035bdaf9acb/macOS/DuckDuckGo/Localization/Localizable.xcstrings#L27342
macOS,body,DuckDuckGo,contextual.onboarding.try-a-search.message,,Your DuckDuckGo searches are always private.,Message of a popover on the browser that invites the user to try a search explaining that their searches are anonymous,,,true,extracted_with_value,,apps/apple/macOS/DuckDuckGo/Localization/Localizable.xcstrings,27462,https://github.com/duckduckgo/apple-browsers/blob/6ba278262f04039a7e24d268dfdc4035bdaf9acb/macOS/DuckDuckGo/Localization/Localizable.xcstrings#L27462
macOS,body,DuckDuckGo,contextual.onboarding.try-a-site.message,,I’ll block trackers so they can’t spy on you.,Message of a popover on the browser that invites the user to try visiting a website to explain that we block trackers,,,true,extracted_with_value,,apps/apple/macOS/DuckDuckGo/Localization/Localizable.xcstrings,27582,https://github.com/duckduckgo/apple-browsers/blob/6ba278262f04039a7e24d268dfdc4035bdaf9acb/macOS/DuckDuckGo/Localization/Localizable.xcstrings#L27582
macOS,body,DuckDuckGo,cookie-popup-protection.opt-in.disabled.body,,"We'll aim to reject as many cookies as possible. If there's no reject option, we'll save you a click and accept these cookies for you.",Body of the opt-in dialog when cookie pop-up protection is off,,,true,extracted_with_value,,apps/apple/macOS/DuckDuckGo/Localization/Localizable.xcstrings,28482,https://github.com/duckduckgo/apple-browsers/blob/6ba278262f04039a7e24d268dfdc4035bdaf9acb/macOS/DuckDuckGo/Localization/Localizable.xcstrings#L28482
macOS,body,DuckDuckGo,cookie-popup-protection.opt-in.enabled.body,,"We can save you a click and accept these
cookies for you.",Body of the opt-in dialog when cookie pop-up protection is already enabled. \n is an intentional line break for English; translations can omit it.,,,true,extracted_with_value,,apps/apple/macOS/DuckDuckGo/Localization/Localizable.xcstrings,28722,https://github.com/duckduckgo/apple-browsers/blob/6ba278262f04039a7e24d268dfdc4035bdaf9acb/macOS/DuckDuckGo/Localization/Localizable.xcstrings#L28722
macOS,body,DuckDuckGo,cookie-popup-protection.opt-in.footer,,"You can always adjust later in
**Settings** > **Cookie Pop-Up Protection**.","Footer text in the Cookie Pop-up Protection opt-in dialog, shown across two lines. The text between ** ** is rendered bold; \n is an explicit line break.",,,true,extracted_with_value,,apps/apple/macOS/DuckDuckGo/Localization/Localizable.xcstrings,28962,https://github.com/duckduckgo/apple-browsers/blob/6ba278262f04039a7e24d268dfdc4035bdaf9acb/macOS/DuckDuckGo/Localization/Localizable.xcstrings#L28962
macOS,body,DuckDuckGo,crash-report.description,,Click “Send to DuckDuckGo“ to submit report to DuckDuckGo. Crash reports help DuckDuckGo diagnose issues and improve our products. No personal information is sent with this report.,Description of the dialog where the user can send a crash report,,,true,extracted_with_value,,apps/apple/macOS/DuckDuckGo/Localization/Localizable.xcstrings,29495,https://github.com/duckduckgo/apple-browsers/blob/6ba278262f04039a7e24d268dfdc4035bdaf9acb/macOS/DuckDuckGo/Localization/Localizable.xcstrings#L29495
macOS,body,DuckDuckGo,Credit card import failed: ,,Credit card import failed: ,,,,true,stale,,apps/apple/macOS/DuckDuckGo/Localization/Localizable.xcstrings,29795,https://github.com/duckduckgo/apple-browsers/blob/6ba278262f04039a7e24d268dfdc4035bdaf9acb/macOS/DuckDuckGo/Localization/Localizable.xcstrings#L29795
macOS,body,DuckDuckGo,Credit card import failed.,,Credit card import failed.,,,,true,stale,,apps/apple/macOS/DuckDuckGo/Localization/Localizable.xcstrings,29848,https://github.com/duckduckgo/apple-browsers/blob/6ba278262f04039a7e24d268dfdc4035bdaf9acb/macOS/DuckDuckGo/Localization/Localizable.xcstrings#L29848
macOS,body,DuckDuckGo,Credit cards import complete. You can now delete the saved credit cards file.,,Credit cards import complete. You can now delete the saved credit cards file.,message about Credit Cards Data Import completion,,,true,stale,,apps/apple/macOS/DuckDuckGo/Localization/Localizable.xcstrings,29901,https://github.com/duckduckgo/apple-browsers/blob/6ba278262f04039a7e24d268dfdc4035bdaf9acb/macOS/DuckDuckGo/Localization/Localizable.xcstrings#L29901
macOS,body,DuckDuckGo,Credit Cards:,,Credit Cards:,,,,true,stale,,apps/apple/macOS/DuckDuckGo/Localization/Localizable.xcstrings,29955,https://github.com/duckduckgo/apple-browsers/blob/6ba278262f04039a7e24d268dfdc4035bdaf9acb/macOS/DuckDuckGo/Localization/Localizable.xcstrings#L29955
macOS,body,DuckDuckGo,dax.onboarding.browsing.site.owned.by.major.tracker,,"Heads up! Since %2$@ owns %1$@, I can’t stop them from seeing your activity here.

But browse with me, and I can reduce what %2$@ knows about you overall by blocking their trackers on lots of other sites.",Parameters are domain names (strings),,%2$@ %1$@ %2$@,true,extracted_with_value,,apps/apple/macOS/DuckDuckGo/Localization/Localizable.xcstrings,30541,https://github.com/duckduckgo/apple-browsers/blob/6ba278262f04039a7e24d268dfdc4035bdaf9acb/macOS/DuckDuckGo/Localization/Localizable.xcstrings#L30541
macOS,body,DuckDuckGo,dax.onboarding.browsing.without.trackers,,"As you tap and scroll, I’ll block pesky trackers.

Go ahead - keep browsing!",,,,true,extracted_with_value,,apps/apple/macOS/DuckDuckGo/Localization/Localizable.xcstrings,30601,https://github.com/duckduckgo/apple-browsers/blob/6ba278262f04039a7e24d268dfdc4035bdaf9acb/macOS/DuckDuckGo/Localization/Localizable.xcstrings#L30601
macOS,body,DuckDuckGo,dbp.errorpage.bad.path.message,,"To use Personal Information Removal, the DuckDuckGo app needs to be in the Applications folder on your Mac. You can move the app yourself and restart the browser, or we can do it for you.",Message for Personal Information Removal bad path error screen,,,true,extracted_with_value,,apps/apple/macOS/DuckDuckGo/Localization/Localizable.xcstrings,30720,https://github.com/duckduckgo/apple-browsers/blob/6ba278262f04039a7e24d268dfdc4035bdaf9acb/macOS/DuckDuckGo/Localization/Localizable.xcstrings#L30720
macOS,body,DuckDuckGo,dbp.errorpage.no.permission.message,,Open System Settings and allow DuckDuckGo Personal Information Removal to run in the background.,Message for error screen when there is no permission,,,true,extracted_with_value,,apps/apple/macOS/DuckDuckGo/Localization/Localizable.xcstrings,30900,https://github.com/duckduckgo/apple-browsers/blob/6ba278262f04039a7e24d268dfdc4035bdaf9acb/macOS/DuckDuckGo/Localization/Localizable.xcstrings#L30900
macOS,body,DuckDuckGo,default.browser.prompt.message,,Make DuckDuckGo your default browser,represents a prompt message asking the user to make DuckDuckGo their default browser.,,,true,extracted_with_value,,apps/apple/macOS/DuckDuckGo/Localization/Localizable.xcstrings,31080,https://github.com/duckduckgo/apple-browsers/blob/6ba278262f04039a7e24d268dfdc4035bdaf9acb/macOS/DuckDuckGo/Localization/Localizable.xcstrings#L31080
macOS,body,DuckDuckGo,details,,Details,details button,,,true,extracted_with_value,,apps/apple/macOS/DuckDuckGo/Localization/Localizable.xcstrings,31373,https://github.com/duckduckgo/apple-browsers/blob/6ba278262f04039a7e24d268dfdc4035bdaf9acb/macOS/DuckDuckGo/Localization/Localizable.xcstrings#L31373
macOS,body,DuckDuckGo,disable.email.protection.mesage,,"This will only disable Autofill for Duck Addresses in this browser. 

 You can still manually enter Duck Addresses and continue to receive forwarded email.",Message for alert shown when user disables email protection,,,true,extracted_with_value,,apps/apple/macOS/DuckDuckGo/Localization/Localizable.xcstrings,31666,https://github.com/duckduckgo/apple-browsers/blob/6ba278262f04039a7e24d268dfdc4035bdaf9acb/macOS/DuckDuckGo/Localization/Localizable.xcstrings#L31666
macOS,body,DuckDuckGo,download.finishing,,Finishing download…,Download being finished information text,,,true,extracted_with_value,,apps/apple/macOS/DuckDuckGo/Localization/Localizable.xcstrings,32146,https://github.com/duckduckgo/apple-browsers/blob/6ba278262f04039a7e24d268dfdc4035bdaf9acb/macOS/DuckDuckGo/Localization/Localizable.xcstrings#L32146
macOS,body,DuckDuckGo,download.starting,,Starting download…,Download being initiated information text,,,true,extracted_with_value,,apps/apple/macOS/DuckDuckGo/Localization/Localizable.xcstrings,32266,https://github.com/duckduckgo/apple-browsers/blob/6ba278262f04039a7e24d268dfdc4035bdaf9acb/macOS/DuckDuckGo/Localization/Localizable.xcstrings#L32266
macOS,body,DuckDuckGo,downloads.active.alert.message.and.others,,", and other files","Alert text format element for “, and other files”",,,true,extracted_with_value,,apps/apple/macOS/DuckDuckGo/Localization/Localizable.xcstrings,32326,https://github.com/duckduckgo/apple-browsers/blob/6ba278262f04039a7e24d268dfdc4035bdaf9acb/macOS/DuckDuckGo/Localization/Localizable.xcstrings#L32326
macOS,body,DuckDuckGo,downloads.active.alert.message.format,,"Are you sure you want to quit?

DuckDuckGo is currently downloading “%1$@”%2$@. If you quit now, DuckDuckGo won‘t finish downloading %3$@.","Alert text format when trying to quit application while file “filename (%@)”[, and others (%@)] are being downloaded; If you quit now, DuckDuckGo won‘t finish downloading [this file|these files](%@).",,%1$@ %2$@ %3$@,true,extracted_with_value,,apps/apple/macOS/DuckDuckGo/Localization/Localizable.xcstrings,32386,https://github.com/duckduckgo/apple-browsers/blob/6ba278262f04039a7e24d268dfdc4035bdaf9acb/macOS/DuckDuckGo/Localization/Localizable.xcstrings#L32386
macOS,body,DuckDuckGo,downloads.active.alert.message.these.files,,these files,Alert text format element for “DuckDuckGo won‘t finish downloading ->these file<-”,,,true,extracted_with_value,,apps/apple/macOS/DuckDuckGo/Localization/Localizable.xcstrings,32446,https://github.com/duckduckgo/apple-browsers/blob/6ba278262f04039a7e24d268dfdc4035bdaf9acb/macOS/DuckDuckGo/Localization/Localizable.xcstrings#L32446
macOS,body,DuckDuckGo,downloads.active.alert.message.this.file,,this file,Alert text format element for “DuckDuckGo won‘t finish downloading ->this file<-”,,,true,extracted_with_value,,apps/apple/macOS/DuckDuckGo/Localization/Localizable.xcstrings,32506,https://github.com/duckduckgo/apple-browsers/blob/6ba278262f04039a7e24d268dfdc4035bdaf9acb/macOS/DuckDuckGo/Localization/Localizable.xcstrings#L32506
macOS,body,DuckDuckGo,duck-player.explanation,,Duck Player provides a clean viewing experience without personalized ads and prevents viewing activity from influencing your YouTube recommendations.,Private YouTube Player explanation in settings,,,true,extracted_with_value,,apps/apple/macOS/DuckDuckGo/Localization/Localizable.xcstrings,34546,https://github.com/duckduckgo/apple-browsers/blob/6ba278262f04039a7e24d268dfdc4035bdaf9acb/macOS/DuckDuckGo/Localization/Localizable.xcstrings#L34546
macOS,body,DuckDuckGo,duck-player.video-contingency-message,,Duck Player's functionality has been affected by recent changes to YouTube. We’re working to fix these issues and appreciate your understanding.,Message explaining to the user that Duck Player is not available,,,true,extracted_with_value,,apps/apple/macOS/DuckDuckGo/Localization/Localizable.xcstrings,35086,https://github.com/duckduckgo/apple-browsers/blob/6ba278262f04039a7e24d268dfdc4035bdaf9acb/macOS/DuckDuckGo/Localization/Localizable.xcstrings#L35086
macOS,body,DuckDuckGo,duck-player.youtube-ad-blocking.explanation,,Opens videos in theater mode that prevents what you watch from influencing your YouTube feed.,Duck Player explanation shown in YouTube Ad Blocking settings,,,true,extracted_with_value,,apps/apple/macOS/DuckDuckGo/Localization/Localizable.xcstrings,35206,https://github.com/duckduckgo/apple-browsers/blob/6ba278262f04039a7e24d268dfdc4035bdaf9acb/macOS/DuckDuckGo/Localization/Localizable.xcstrings#L35206
macOS,body,DuckDuckGo,duckai.ai-features.disable-all.footer,,"Disables Duck.ai, hides AI-assisted answers in search, and filters known AI spam sites in image search results.",Footer text below the Disable AI Features button,,,true,extracted_with_value,,apps/apple/macOS/DuckDuckGo/Localization/Localizable.xcstrings,35326,https://github.com/duckduckgo/apple-browsers/blob/6ba278262f04039a7e24d268dfdc4035bdaf9acb/macOS/DuckDuckGo/Localization/Localizable.xcstrings#L35326
macOS,body,DuckDuckGo,duckai.ai-features.disable-all.footer.disabled,,AI is currently disabled in the Browser so you’ll no longer see AI-assisted answers and see fewer AI-generated images in image search results.,Footer text shown once all AI features are already disabled,,,true,extracted_with_value,,apps/apple/macOS/DuckDuckGo/Localization/Localizable.xcstrings,35386,https://github.com/duckduckgo/apple-browsers/blob/6ba278262f04039a7e24d268dfdc4035bdaf9acb/macOS/DuckDuckGo/Localization/Localizable.xcstrings#L35386
macOS,body,DuckDuckGo,duckai.description,,Chat privately with popular 3rd-party AI models,Description of Duck.ai feature in settings,,,true,extracted_with_value,,apps/apple/macOS/DuckDuckGo/Localization/Localizable.xcstrings,35626,https://github.com/duckduckgo/apple-browsers/blob/6ba278262f04039a7e24d268dfdc4035bdaf9acb/macOS/DuckDuckGo/Localization/Localizable.xcstrings#L35626
macOS,body,DuckDuckGo,duckai.hide-ai-generated-images-settings.description,,Filters out known AI spam sites from image search results.,Footnote for the Hide AI-Generated Images setting; a separate Learn More button links to the help page,,,true,extracted_with_value,,apps/apple/macOS/DuckDuckGo/Localization/Localizable.xcstrings,35926,https://github.com/duckduckgo/apple-browsers/blob/6ba278262f04039a7e24d268dfdc4035bdaf9acb/macOS/DuckDuckGo/Localization/Localizable.xcstrings#L35926
macOS,body,DuckDuckGo,duckai.prompt-bar.shortcut.reset-to-default,,Reset to default,Button that reverts the Duck.ai keyboard shortcut to the default combination,,,true,extracted_with_value,,apps/apple/macOS/DuckDuckGo/Localization/Localizable.xcstrings,37545,https://github.com/duckduckgo/apple-browsers/blob/6ba278262f04039a7e24d268dfdc4035bdaf9acb/macOS/DuckDuckGo/Localization/Localizable.xcstrings#L37545
macOS,body,DuckDuckGo,duckai.prompt-bar.shortcut.space-key,,Space,Display name of the Space bar key shown in the keyboard shortcut recorder,,,true,extracted_with_value,,apps/apple/macOS/DuckDuckGo/Localization/Localizable.xcstrings,37605,https://github.com/duckduckgo/apple-browsers/blob/6ba278262f04039a7e24d268dfdc4035bdaf9acb/macOS/DuckDuckGo/Localization/Localizable.xcstrings#L37605
macOS,body,DuckDuckGo,duckai.search-assist-settings.description,,Choose how often you want AI-Assisted answers to appear in your searches,Description of the section in Settings,,,true,extracted_with_value,,apps/apple/macOS/DuckDuckGo/Localization/Localizable.xcstrings,37725,https://github.com/duckduckgo/apple-browsers/blob/6ba278262f04039a7e24d268dfdc4035bdaf9acb/macOS/DuckDuckGo/Localization/Localizable.xcstrings#L37725
macOS,body,DuckDuckGo,DuckDuckGo needs your permission to read the %@ bookmarks file. Select the %@ folder to import bookmarks.,,DuckDuckGo needs your permission to read the %1$@ bookmarks file. Select the %2$@ folder to import bookmarks.,"Data import warning that DuckDuckGo browser requires file reading permissions for another browser name (%1$@), and instruction to select its (same browser name - %2$@) bookmarks folder.",,%1$@ %2$@,true,,,apps/apple/macOS/DuckDuckGo/Localization/Localizable.xcstrings,39151,https://github.com/duckduckgo/apple-browsers/blob/6ba278262f04039a7e24d268dfdc4035bdaf9acb/macOS/DuckDuckGo/Localization/Localizable.xcstrings#L39151
macOS,body,DuckDuckGo,Duplicates Skipped:,,Duplicates Skipped:,,,,true,stale,,apps/apple/macOS/DuckDuckGo/Localization/Localizable.xcstrings,39322,https://github.com/duckduckgo/apple-browsers/blob/6ba278262f04039a7e24d268dfdc4035bdaf9acb/macOS/DuckDuckGo/Localization/Localizable.xcstrings#L39322
macOS,body,DuckDuckGo,Duplicates Skipped: ,,Duplicates Skipped: ,,,,true,stale,,apps/apple/macOS/DuckDuckGo/Localization/Localizable.xcstrings,39375,https://github.com/duckduckgo/apple-browsers/blob/6ba278262f04039a7e24d268dfdc4035bdaf9acb/macOS/DuckDuckGo/Localization/Localizable.xcstrings#L39375
macOS,body,DuckDuckGo,email.protection.explanation,,Block email trackers and hide your address without switching your email provider.,Email protection feature explanation in settings. The feature blocks email trackers and hides original email address.,,,true,extracted_with_value,,apps/apple/macOS/DuckDuckGo/Localization/Localizable.xcstrings,39908,https://github.com/duckduckgo/apple-browsers/blob/6ba278262f04039a7e24d268dfdc4035bdaf9acb/macOS/DuckDuckGo/Localization/Localizable.xcstrings#L39908
macOS,body,DuckDuckGo,export.logins.warning,,"This file contains your passwords in plain text and should be saved in a secure location and deleted when you are done.
Anyone with access to this file will be able to read your passwords.",Warning text presented when exporting logins.,,,true,extracted_with_value,,apps/apple/macOS/DuckDuckGo/Localization/Localizable.xcstrings,40614,https://github.com/duckduckgo/apple-browsers/blob/6ba278262f04039a7e24d268dfdc4035bdaf9acb/macOS/DuckDuckGo/Localization/Localizable.xcstrings#L40614
macOS,body,DuckDuckGo,feedback.bug.description,,Please describe the problem in as much detail as possible:,Label in the feedback form that users can submit to say that a website is not working properly in DuckDuckGo,,,true,extracted_with_value,,apps/apple/macOS/DuckDuckGo/Localization/Localizable.xcstrings,40847,https://github.com/duckduckgo/apple-browsers/blob/6ba278262f04039a7e24d268dfdc4035bdaf9acb/macOS/DuckDuckGo/Localization/Localizable.xcstrings#L40847
macOS,body,DuckDuckGo,feedback.disclaimer,,"Reports sent to DuckDuckGo are 100% anonymous and only include your message, the DuckDuckGo browser version, and your macOS version.",Disclaimer in breakage form - a form that users can submit to say that a website is not working properly in DuckDuckGo,,% a,true,extracted_with_value,,apps/apple/macOS/DuckDuckGo/Localization/Localizable.xcstrings,40907,https://github.com/duckduckgo/apple-browsers/blob/6ba278262f04039a7e24d268dfdc4035bdaf9acb/macOS/DuckDuckGo/Localization/Localizable.xcstrings#L40907
macOS,body,DuckDuckGo,feedback.feature.request.description,,What feature would you like to see?,Label in the feedback form for feature requests.,,,true,extracted_with_value,,apps/apple/macOS/DuckDuckGo/Localization/Localizable.xcstrings,41747,https://github.com/duckduckgo/apple-browsers/blob/6ba278262f04039a7e24d268dfdc4035bdaf9acb/macOS/DuckDuckGo/Localization/Localizable.xcstrings#L41747
macOS,body,DuckDuckGo,feedback.incognito-info.description,,"Open the browser menu and select New Fire Window to browse without saving local history, and automatically burn data when you close the window.",Description text for incognito feature information box,,,true,extracted_with_value,,apps/apple/macOS/DuckDuckGo/Localization/Localizable.xcstrings,42107,https://github.com/duckduckgo/apple-browsers/blob/6ba278262f04039a7e24d268dfdc4035bdaf9acb/macOS/DuckDuckGo/Localization/Localizable.xcstrings#L42107
macOS,body,DuckDuckGo,feedback.other.description,,Please give us your feedback:,Label in the feedback form,,,true,extracted_with_value,,apps/apple/macOS/DuckDuckGo/Localization/Localizable.xcstrings,42227,https://github.com/duckduckgo/apple-browsers/blob/6ba278262f04039a7e24d268dfdc4035bdaf9acb/macOS/DuckDuckGo/Localization/Localizable.xcstrings#L42227
macOS,body,DuckDuckGo,feedback.problem-subcategory.banner-ads-blocking-content,,Banner ads blocking content,Problem subcategory for intrusive banner ads,,,true,extracted_with_value,,apps/apple/macOS/DuckDuckGo/Localization/Localizable.xcstrings,42767,https://github.com/duckduckgo/apple-browsers/blob/6ba278262f04039a7e24d268dfdc4035bdaf9acb/macOS/DuckDuckGo/Localization/Localizable.xcstrings#L42767
macOS,body,DuckDuckGo,feedback.report-problem.select-all,,Select all that apply,Instruction text for problem detail form,,,true,extracted_with_value,,apps/apple/macOS/DuckDuckGo/Localization/Localizable.xcstrings,44987,https://github.com/duckduckgo/apple-browsers/blob/6ba278262f04039a7e24d268dfdc4035bdaf9acb/macOS/DuckDuckGo/Localization/Localizable.xcstrings#L44987
macOS,body,DuckDuckGo,feedback.report-problem.subtitle,,Select the issue you want to report,Subtitle for the report problem feedback form,,,true,extracted_with_value,,apps/apple/macOS/DuckDuckGo/Localization/Localizable.xcstrings,45047,https://github.com/duckduckgo/apple-browsers/blob/6ba278262f04039a7e24d268dfdc4035bdaf9acb/macOS/DuckDuckGo/Localization/Localizable.xcstrings#L45047
macOS,body,DuckDuckGo,feedback.report-problem.tell-us-more,,Tell us more (optional),Optional text input section title,,,true,extracted_with_value,,apps/apple/macOS/DuckDuckGo/Localization/Localizable.xcstrings,45107,https://github.com/duckduckgo/apple-browsers/blob/6ba278262f04039a7e24d268dfdc4035bdaf9acb/macOS/DuckDuckGo/Localization/Localizable.xcstrings#L45107
macOS,body,DuckDuckGo,feedback.request-feature.custom-idea,,Or share your own feature idea,Text input section title for custom feature ideas,,,true,extracted_with_value,,apps/apple/macOS/DuckDuckGo/Localization/Localizable.xcstrings,45227,https://github.com/duckduckgo/apple-browsers/blob/6ba278262f04039a7e24d268dfdc4035bdaf9acb/macOS/DuckDuckGo/Localization/Localizable.xcstrings#L45227
macOS,body,DuckDuckGo,feedback.request-feature.select-all,,Select all that apply,Instruction text for feature request form,,,true,extracted_with_value,,apps/apple/macOS/DuckDuckGo/Localization/Localizable.xcstrings,45347,https://github.com/duckduckgo/apple-browsers/blob/6ba278262f04039a7e24d268dfdc4035bdaf9acb/macOS/DuckDuckGo/Localization/Localizable.xcstrings#L45347
macOS,body,DuckDuckGo,feedback.thank-you.message,,Feedback like yours directly influences our product updates and improvements.,Message for thank you screen after feedback submission,,,true,extracted_with_value,,apps/apple/macOS/DuckDuckGo/Localization/Localizable.xcstrings,45527,https://github.com/duckduckgo/apple-browsers/blob/6ba278262f04039a7e24d268dfdc4035bdaf9acb/macOS/DuckDuckGo/Localization/Localizable.xcstrings#L45527
macOS,body,DuckDuckGo,fire-window.downloads.active.alert.message.format,,"Are you sure you want to close the Fire Window?

DuckDuckGo is currently downloading “%1$@”%2$@. If you close the Fire Window, DuckDuckGo will delete %3$@.","Alert text format when trying to close a Fire Window while file “filename (%@)”[, and others (%@)] are being downloaded in it. If you close the Fire Window, DuckDuckGo will delete [this file|these files](%@).",,%1$@ %2$@ %3$@,true,extracted_with_value,,apps/apple/macOS/DuckDuckGo/Localization/Localizable.xcstrings,45887,https://github.com/duckduckgo/apple-browsers/blob/6ba278262f04039a7e24d268dfdc4035bdaf9acb/macOS/DuckDuckGo/Localization/Localizable.xcstrings#L45887
macOS,body,DuckDuckGo,fire.active-tabs-and-chats-info,,"Close active tabs (%1$d) and clear all browsing history and cookies (sites: %2$d), and clear Duck.ai chat history.",Info in the Fire Button popover,,%1$d %2$d,true,extracted_with_value,,apps/apple/macOS/DuckDuckGo/Localization/Localizable.xcstrings,45947,https://github.com/duckduckgo/apple-browsers/blob/6ba278262f04039a7e24d268dfdc4035bdaf9acb/macOS/DuckDuckGo/Localization/Localizable.xcstrings#L45947
macOS,body,DuckDuckGo,fire.active-tabs-info,,Close active tabs (%1$d) and clear all browsing history and cookies (sites: %2$d).,Info in the Fire Button popover,,%1$d %2$d,true,extracted_with_value,,apps/apple/macOS/DuckDuckGo/Localization/Localizable.xcstrings,46007,https://github.com/duckduckgo/apple-browsers/blob/6ba278262f04039a7e24d268dfdc4035bdaf9acb/macOS/DuckDuckGo/Localization/Localizable.xcstrings#L46007
macOS,body,DuckDuckGo,fire.all-data.description,,Clear all tabs and related site data,Description of the 'All Data' configuration option for the fire button,,,true,extracted_with_value,,apps/apple/macOS/DuckDuckGo/Localization/Localizable.xcstrings,46067,https://github.com/duckduckgo/apple-browsers/blob/6ba278262f04039a7e24d268dfdc4035bdaf9acb/macOS/DuckDuckGo/Localization/Localizable.xcstrings#L46067
macOS,body,DuckDuckGo,fire.current-window.description,,Clear current window and related site data,Description of the 'Current Window' configuration option for the fire button,,,true,extracted_with_value,,apps/apple/macOS/DuckDuckGo/Localization/Localizable.xcstrings,46307,https://github.com/duckduckgo/apple-browsers/blob/6ba278262f04039a7e24d268dfdc4035bdaf9acb/macOS/DuckDuckGo/Localization/Localizable.xcstrings#L46307
macOS,body,DuckDuckGo,fire.dialog.chats.detail,plural:one,%d chat,Detail label next to the Duck.ai chats toggle showing the number of chats that will be deleted.,,%d,true,,,apps/apple/macOS/DuckDuckGo/Localization/Localizable.xcstrings,46727,https://github.com/duckduckgo/apple-browsers/blob/6ba278262f04039a7e24d268dfdc4035bdaf9acb/macOS/DuckDuckGo/Localization/Localizable.xcstrings#L46727
macOS,body,DuckDuckGo,fire.dialog.chats.detail,plural:other,%d chats,Detail label next to the Duck.ai chats toggle showing the number of chats that will be deleted.,,%d,true,,,apps/apple/macOS/DuckDuckGo/Localization/Localizable.xcstrings,46727,https://github.com/duckduckgo/apple-browsers/blob/6ba278262f04039a7e24d268dfdc4035bdaf9acb/macOS/DuckDuckGo/Localization/Localizable.xcstrings#L46727
macOS,body,DuckDuckGo,fire.dialog.chats.subtitle,,Delete all chats.,Subtitle shown under the Duck.ai chats row to explain that chat history will be deleted.,,,true,extracted_with_value,,apps/apple/macOS/DuckDuckGo/Localization/Localizable.xcstrings,47199,https://github.com/duckduckgo/apple-browsers/blob/6ba278262f04039a7e24d268dfdc4035bdaf9acb/macOS/DuckDuckGo/Localization/Localizable.xcstrings#L47199
macOS,body,DuckDuckGo,fire.dialog.cookies.count,,Delete from %#@sites@. May sign you out of accounts.,Subtitle. Shows the number of sites whose cookies/site data will be deleted. Uses plural substitutions for the count and noun (%#@sites@).,,%#@sites@,true,,,apps/apple/macOS/DuckDuckGo/Localization/Localizable.xcstrings,47859,https://github.com/duckduckgo/apple-browsers/blob/6ba278262f04039a7e24d268dfdc4035bdaf9acb/macOS/DuckDuckGo/Localization/Localizable.xcstrings#L47859
macOS,body,DuckDuckGo,fire.dialog.cookies.count,sites.plural:one,%arg site,Subtitle. Shows the number of sites whose cookies/site data will be deleted. Uses plural substitutions for the count and noun (%#@sites@).,,%arg,true,,,apps/apple/macOS/DuckDuckGo/Localization/Localizable.xcstrings,47859,https://github.com/duckduckgo/apple-browsers/blob/6ba278262f04039a7e24d268dfdc4035bdaf9acb/macOS/DuckDuckGo/Localization/Localizable.xcstrings#L47859
macOS,body,DuckDuckGo,fire.dialog.cookies.count,sites.plural:other,%arg sites,Subtitle. Shows the number of sites whose cookies/site data will be deleted. Uses plural substitutions for the count and noun (%#@sites@).,,%arg,true,,,apps/apple/macOS/DuckDuckGo/Localization/Localizable.xcstrings,47859,https://github.com/duckduckgo/apple-browsers/blob/6ba278262f04039a7e24d268dfdc4035bdaf9acb/macOS/DuckDuckGo/Localization/Localizable.xcstrings#L47859
macOS,body,DuckDuckGo,fire.dialog.cookies.detail,plural:one,%d site,Detail label next to the Cookies toggle showing the number of sites whose cookies/site data will be deleted.,,%d,true,,,apps/apple/macOS/DuckDuckGo/Localization/Localizable.xcstrings,48140,https://github.com/duckduckgo/apple-browsers/blob/6ba278262f04039a7e24d268dfdc4035bdaf9acb/macOS/DuckDuckGo/Localization/Localizable.xcstrings#L48140
macOS,body,DuckDuckGo,fire.dialog.cookies.detail,plural:other,%d sites,Detail label next to the Cookies toggle showing the number of sites whose cookies/site data will be deleted.,,%d,true,,,apps/apple/macOS/DuckDuckGo/Localization/Localizable.xcstrings,48140,https://github.com/duckduckgo/apple-browsers/blob/6ba278262f04039a7e24d268dfdc4035bdaf9acb/macOS/DuckDuckGo/Localization/Localizable.xcstrings#L48140
macOS,body,DuckDuckGo,fire.dialog.cookies.sign.out.warning,,May sign you out of accounts.,Subtitle shown under the Cookies row warning that deleting may sign the user out of accounts.,,,true,extracted_with_value,,apps/apple/macOS/DuckDuckGo/Localization/Localizable.xcstrings,48331,https://github.com/duckduckgo/apple-browsers/blob/6ba278262f04039a7e24d268dfdc4035bdaf9acb/macOS/DuckDuckGo/Localization/Localizable.xcstrings#L48331
macOS,body,DuckDuckGo,fire.dialog.deleting.all.data,,Deleting all browsing data…,Text shown in dialog while removing all browsing data,,,true,extracted_with_value,,apps/apple/macOS/DuckDuckGo/Localization/Localizable.xcstrings,48511,https://github.com/duckduckgo/apple-browsers/blob/6ba278262f04039a7e24d268dfdc4035bdaf9acb/macOS/DuckDuckGo/Localization/Localizable.xcstrings#L48511
macOS,body,DuckDuckGo,fire.dialog.deliting.data,,Deleting browsing data…,Text shown in dialog while removing browsing data,,,true,extracted_with_value,,apps/apple/macOS/DuckDuckGo/Localization/Localizable.xcstrings,48631,https://github.com/duckduckgo/apple-browsers/blob/6ba278262f04039a7e24d268dfdc4035bdaf9acb/macOS/DuckDuckGo/Localization/Localizable.xcstrings#L48631
macOS,body,DuckDuckGo,fire.dialog.details,,Details,Button to show more details,,,true,extracted_with_value,,apps/apple/macOS/DuckDuckGo/Localization/Localizable.xcstrings,48691,https://github.com/duckduckgo/apple-browsers/blob/6ba278262f04039a7e24d268dfdc4035bdaf9acb/macOS/DuckDuckGo/Localization/Localizable.xcstrings#L48691
macOS,body,DuckDuckGo,fire.dialog.fire-window.description,,An isolated window that doesn’t save any data,Explanation of what a fire window is.,,,true,extracted_with_value,,apps/apple/macOS/DuckDuckGo/Localization/Localizable.xcstrings,48871,https://github.com/duckduckgo/apple-browsers/blob/6ba278262f04039a7e24d268dfdc4035bdaf9acb/macOS/DuckDuckGo/Localization/Localizable.xcstrings#L48871
macOS,body,DuckDuckGo,fire.dialog.fireproof.explanation,,Fireproof site data won’t be deleted,"Footnote below the Fire dialog data type toggles, explaining that data belonging to Fireproof sites is kept",,,true,extracted_with_value,,apps/apple/macOS/DuckDuckGo/Localization/Localizable.xcstrings,48991,https://github.com/duckduckgo/apple-browsers/blob/6ba278262f04039a7e24d268dfdc4035bdaf9acb/macOS/DuckDuckGo/Localization/Localizable.xcstrings#L48991
macOS,body,DuckDuckGo,fire.dialog.history.count,,Delete %#@items@.,"Subtitle. Shows the exact number of browsing history items that will be deleted in this operation, using plural substitutions for the count and noun (%#@items@).",,%#@items@,true,,,apps/apple/macOS/DuckDuckGo/Localization/Localizable.xcstrings,49111,https://github.com/duckduckgo/apple-browsers/blob/6ba278262f04039a7e24d268dfdc4035bdaf9acb/macOS/DuckDuckGo/Localization/Localizable.xcstrings#L49111
macOS,body,DuckDuckGo,fire.dialog.history.count,items.plural:one,%arg item,"Subtitle. Shows the exact number of browsing history items that will be deleted in this operation, using plural substitutions for the count and noun (%#@items@).",,%arg,true,,,apps/apple/macOS/DuckDuckGo/Localization/Localizable.xcstrings,49111,https://github.com/duckduckgo/apple-browsers/blob/6ba278262f04039a7e24d268dfdc4035bdaf9acb/macOS/DuckDuckGo/Localization/Localizable.xcstrings#L49111
macOS,body,DuckDuckGo,fire.dialog.history.count,items.plural:other,%arg items,"Subtitle. Shows the exact number of browsing history items that will be deleted in this operation, using plural substitutions for the count and noun (%#@items@).",,%arg,true,,,apps/apple/macOS/DuckDuckGo/Localization/Localizable.xcstrings,49111,https://github.com/duckduckgo/apple-browsers/blob/6ba278262f04039a7e24d268dfdc4035bdaf9acb/macOS/DuckDuckGo/Localization/Localizable.xcstrings#L49111
macOS,body,DuckDuckGo,fire.dialog.history.count.window,,Delete %#@items@ from this window.,"Subtitle for Window scope. Number of history items to be deleted from current window, using plural substitutions for the count and noun (%#@items@).",,%#@items@,true,,,apps/apple/macOS/DuckDuckGo/Localization/Localizable.xcstrings,49673,https://github.com/duckduckgo/apple-browsers/blob/6ba278262f04039a7e24d268dfdc4035bdaf9acb/macOS/DuckDuckGo/Localization/Localizable.xcstrings#L49673
macOS,body,DuckDuckGo,fire.dialog.history.count.window,items.plural:one,%arg item,"Subtitle for Window scope. Number of history items to be deleted from current window, using plural substitutions for the count and noun (%#@items@).",,%arg,true,,,apps/apple/macOS/DuckDuckGo/Localization/Localizable.xcstrings,49673,https://github.com/duckduckgo/apple-browsers/blob/6ba278262f04039a7e24d268dfdc4035bdaf9acb/macOS/DuckDuckGo/Localization/Localizable.xcstrings#L49673
macOS,body,DuckDuckGo,fire.dialog.history.count.window,items.plural:other,%arg items,"Subtitle for Window scope. Number of history items to be deleted from current window, using plural substitutions for the count and noun (%#@items@).",,%arg,true,,,apps/apple/macOS/DuckDuckGo/Localization/Localizable.xcstrings,49673,https://github.com/duckduckgo/apple-browsers/blob/6ba278262f04039a7e24d268dfdc4035bdaf9acb/macOS/DuckDuckGo/Localization/Localizable.xcstrings#L49673
macOS,body,DuckDuckGo,fire.dialog.history.detail,plural:one,%d item,Detail label next to the History toggle showing the number of history items that will be deleted.,,%d,true,,,apps/apple/macOS/DuckDuckGo/Localization/Localizable.xcstrings,49954,https://github.com/duckduckgo/apple-browsers/blob/6ba278262f04039a7e24d268dfdc4035bdaf9acb/macOS/DuckDuckGo/Localization/Localizable.xcstrings#L49954
macOS,body,DuckDuckGo,fire.dialog.history.detail,plural:other,%d items,Detail label next to the History toggle showing the number of history items that will be deleted.,,%d,true,,,apps/apple/macOS/DuckDuckGo/Localization/Localizable.xcstrings,49954,https://github.com/duckduckgo/apple-browsers/blob/6ba278262f04039a7e24d268dfdc4035bdaf9acb/macOS/DuckDuckGo/Localization/Localizable.xcstrings#L49954
macOS,body,DuckDuckGo,fire.dialog.sites.overlay.subtitle,,These sites will be deleted.,Subtitle above the list of domains in in-dialog overlay,,,true,,,apps/apple/macOS/DuckDuckGo/Localization/Localizable.xcstrings,51778,https://github.com/duckduckgo/apple-browsers/blob/6ba278262f04039a7e24d268dfdc4035bdaf9acb/macOS/DuckDuckGo/Localization/Localizable.xcstrings#L51778
macOS,body,DuckDuckGo,fire.dialog.tabs-will-reload,,Pinned tabs will reload.,Warning label shown when multiple pinned tabs will reload after burning,,,true,extracted_with_value,,apps/apple/macOS/DuckDuckGo/Localization/Localizable.xcstrings,52297,https://github.com/duckduckgo/apple-browsers/blob/6ba278262f04039a7e24d268dfdc4035bdaf9acb/macOS/DuckDuckGo/Localization/Localizable.xcstrings#L52297
macOS,body,DuckDuckGo,fire.info.dialog.description,,"Data, browsing history, and cookies can build up in your browser over time. Use the Fire Button to clear it all away.",Description in the dialog that explains the Fire feature.,,,true,extracted_with_value,,apps/apple/macOS/DuckDuckGo/Localization/Localizable.xcstrings,52536,https://github.com/duckduckgo/apple-browsers/blob/6ba278262f04039a7e24d268dfdc4035bdaf9acb/macOS/DuckDuckGo/Localization/Localizable.xcstrings#L52536
macOS,body,DuckDuckGo,fire.one-tab-info,,Close this tab and clear its browsing history and cookies (sites: %d).,Info in the Fire Button popover,,%d,true,extracted_with_value,,apps/apple/macOS/DuckDuckGo/Localization/Localizable.xcstrings,52656,https://github.com/duckduckgo/apple-browsers/blob/6ba278262f04039a7e24d268dfdc4035bdaf9acb/macOS/DuckDuckGo/Localization/Localizable.xcstrings#L52656
macOS,body,DuckDuckGo,fire.window.session.restore.warning,,Fire Windows won’t be restored with your session.,Warning message explaining that session restoration is not available when using Fire Window,,,true,extracted_with_value,,apps/apple/macOS/DuckDuckGo/Localization/Localizable.xcstrings,52776,https://github.com/duckduckgo/apple-browsers/blob/6ba278262f04039a7e24d268dfdc4035bdaf9acb/macOS/DuckDuckGo/Localization/Localizable.xcstrings#L52776
macOS,body,DuckDuckGo,fireproof.confirmation.message,,Fireproofing this site will keep you signed in after using the Fire Button.,Fireproof confirmation message,,,true,extracted_with_value,,apps/apple/macOS/DuckDuckGo/Localization/Localizable.xcstrings,52956,https://github.com/duckduckgo/apple-browsers/blob/6ba278262f04039a7e24d268dfdc4035bdaf9acb/macOS/DuckDuckGo/Localization/Localizable.xcstrings#L52956
macOS,body,DuckDuckGo,fireproof.explanation,,"When you Fireproof a site, cookies won't be erased and you'll stay signed in, even after using the Fire Button.",Fireproofing mechanism explanation,,,true,extracted_with_value,,apps/apple/macOS/DuckDuckGo/Localization/Localizable.xcstrings,53316,https://github.com/duckduckgo/apple-browsers/blob/6ba278262f04039a7e24d268dfdc4035bdaf9acb/macOS/DuckDuckGo/Localization/Localizable.xcstrings#L53316
macOS,body,DuckDuckGo,gpc.explanation,,Tells participating websites not to sell or share your data.,GPC explanation in settings,,,true,extracted_with_value,,apps/apple/macOS/DuckDuckGo/Localization/Localizable.xcstrings,54456,https://github.com/duckduckgo/apple-browsers/blob/6ba278262f04039a7e24d268dfdc4035bdaf9acb/macOS/DuckDuckGo/Localization/Localizable.xcstrings#L54456
macOS,body,DuckDuckGo,history.delete.dialog.burn.checkbox.caption,,Also delete cookies and site data,Caption for a checkbox to optionally delete cookies and website data alongside removing browser history entries,,,true,extracted_with_value,,apps/apple/macOS/DuckDuckGo/Localization/Localizable.xcstrings,54742,https://github.com/duckduckgo/apple-browsers/blob/6ba278262f04039a7e24d268dfdc4035bdaf9acb/macOS/DuckDuckGo/Localization/Localizable.xcstrings#L54742
macOS,body,DuckDuckGo,history.delete.dialog.burn.checkbox.explanation.message,,"This will log you out of these sites, reset site preferences, and remove saved sessions. Fireproof site cookies and data won’t be deleted.",Explanation of what deleting site data means.,,,true,extracted_with_value,,apps/apple/macOS/DuckDuckGo/Localization/Localizable.xcstrings,54802,https://github.com/duckduckgo/apple-browsers/blob/6ba278262f04039a7e24d268dfdc4035bdaf9acb/macOS/DuckDuckGo/Localization/Localizable.xcstrings#L54802
macOS,body,DuckDuckGo,history.delete.dialog.burn.checkbox.explanation.with.closing.tabs,,"This will close all tabs, log you out of these sites, reset site preferences, and remove saved sessions. Fireproof site cookies and data won’t be deleted.",Explanation of what deleting site data means.,,,true,extracted_with_value,,apps/apple/macOS/DuckDuckGo/Localization/Localizable.xcstrings,54862,https://github.com/duckduckgo/apple-browsers/blob/6ba278262f04039a7e24d268dfdc4035bdaf9acb/macOS/DuckDuckGo/Localization/Localizable.xcstrings#L54862
macOS,body,DuckDuckGo,history.delete.dialog.chats.checkbox.caption,,Also delete Duck.ai chats,Caption for a checkbox to optionally delete Duck.ai chats alongside removing browser history entries,,,true,extracted_with_value,,apps/apple/macOS/DuckDuckGo/Localization/Localizable.xcstrings,54922,https://github.com/duckduckgo/apple-browsers/blob/6ba278262f04039a7e24d268dfdc4035bdaf9acb/macOS/DuckDuckGo/Localization/Localizable.xcstrings#L54922
macOS,body,DuckDuckGo,history.delete.dialog.chats.checkbox.explanation,,This will delete all chats in Duck.ai chat history.,Explanation of what deleting Duck.ai chats means.,,,true,extracted_with_value,,apps/apple/macOS/DuckDuckGo/Localization/Localizable.xcstrings,54982,https://github.com/duckduckgo/apple-browsers/blob/6ba278262f04039a7e24d268dfdc4035bdaf9acb/macOS/DuckDuckGo/Localization/Localizable.xcstrings#L54982
macOS,body,DuckDuckGo,history.delete.dialog.message,,%@ items will be deleted,"Message in a dialog asking the user to confirm deleting history. NOTE: This term is only for English. For other languages, please translate the following term: 'History items (%@) will be deleted.'",,%@,true,stale,,apps/apple/macOS/DuckDuckGo/Localization/Localizable.xcstrings,55042,https://github.com/duckduckgo/apple-browsers/blob/6ba278262f04039a7e24d268dfdc4035bdaf9acb/macOS/DuckDuckGo/Localization/Localizable.xcstrings#L55042
macOS,body,DuckDuckGo,history.delete.dialog.message.markdown,,**%@** items will be deleted.,"Message in a dialog asking the user to confirm deleting history items. Please make sure to keep **%@** intact. NOTE: This term is only for English. For other languages, please translate the following term: 'History items (**%@**) will be deleted.'",,%@,true,extracted_with_value,,apps/apple/macOS/DuckDuckGo/Localization/Localizable.xcstrings,55102,https://github.com/duckduckgo/apple-browsers/blob/6ba278262f04039a7e24d268dfdc4035bdaf9acb/macOS/DuckDuckGo/Localization/Localizable.xcstrings#L55102
macOS,body,DuckDuckGo,history.item.delete.dialog.message,,1 item will be deleted,Message in a dialog asking the user to confirm deleting a single history item.,,,true,stale,,apps/apple/macOS/DuckDuckGo/Localization/Localizable.xcstrings,55402,https://github.com/duckduckgo/apple-browsers/blob/6ba278262f04039a7e24d268dfdc4035bdaf9acb/macOS/DuckDuckGo/Localization/Localizable.xcstrings#L55402
macOS,body,DuckDuckGo,history.item.delete.dialog.message.markdown,,**1** item will be deleted.,Message in a dialog asking the user to confirm deleting a single history item. Please make sure to keep **%@** intact.,,,true,extracted_with_value,,apps/apple/macOS/DuckDuckGo/Localization/Localizable.xcstrings,55462,https://github.com/duckduckgo/apple-browsers/blob/6ba278262f04039a7e24d268dfdc4035bdaf9acb/macOS/DuckDuckGo/Localization/Localizable.xcstrings#L55462
macOS,body,DuckDuckGo,history.view.onboarding.local.storage.explanation,,History is only stored on your device and can be deleted at any time using the Fire Button.,Message for the history view onboarding popover explaining that history is kept locally.,,,true,extracted_with_value,,apps/apple/macOS/DuckDuckGo/Localization/Localizable.xcstrings,56242,https://github.com/duckduckgo/apple-browsers/blob/6ba278262f04039a7e24d268dfdc4035bdaf9acb/macOS/DuckDuckGo/Localization/Localizable.xcstrings#L56242
macOS,body,DuckDuckGo,history.view.onboarding.message,,"We added a new History page for easier history searching and management. Access it at any time from the ••• or History menu, or by pressing %@.",Message for the history view onboarding popover. Please make sure to keep ••• intact. %@ will be replaced with a keyboard shortcut for accessing history (e.g. '⌘Y').,,%@,true,extracted_with_value,,apps/apple/macOS/DuckDuckGo/Localization/Localizable.xcstrings,56302,https://github.com/duckduckgo/apple-browsers/blob/6ba278262f04039a7e24d268dfdc4035bdaf9acb/macOS/DuckDuckGo/Localization/Localizable.xcstrings#L56302
macOS,body,DuckDuckGo,home.page.burn.fireproof.site.alert,,"History will be cleared for this site, but related data will remain, because this site is Fireproof",Message for an alert displayed when trying to burn a fireproof website,,,true,extracted_with_value,,apps/apple/macOS/DuckDuckGo/Localization/Localizable.xcstrings,56528,https://github.com/duckduckgo/apple-browsers/blob/6ba278262f04039a7e24d268dfdc4035bdaf9acb/macOS/DuckDuckGo/Localization/Localizable.xcstrings#L56528
macOS,body,DuckDuckGo,home.page.empty.state.item.message,,Keep browsing to see how many trackers were blocked,"This string represents the message for an empty state item on the home page, encouraging the user to keep browsing to see how many trackers were blocked",,,true,extracted_with_value,,apps/apple/macOS/DuckDuckGo/Localization/Localizable.xcstrings,56648,https://github.com/duckduckgo/apple-browsers/blob/6ba278262f04039a7e24d268dfdc4035bdaf9acb/macOS/DuckDuckGo/Localization/Localizable.xcstrings#L56648
macOS,body,DuckDuckGo,home.page.no.trackers.blocked,,No trackers blocked,This string represents a message on the home page indicating that no trackers were blocked,,,true,extracted_with_value,,apps/apple/macOS/DuckDuckGo/Localization/Localizable.xcstrings,56768,https://github.com/duckduckgo/apple-browsers/blob/6ba278262f04039a7e24d268dfdc4035bdaf9acb/macOS/DuckDuckGo/Localization/Localizable.xcstrings#L56768
macOS,body,DuckDuckGo,home.page.no.trackers.found,,No trackers found,This string represents a message on the home page indicating that no trackers were found,,,true,extracted_with_value,,apps/apple/macOS/DuckDuckGo/Localization/Localizable.xcstrings,56828,https://github.com/duckduckgo/apple-browsers/blob/6ba278262f04039a7e24d268dfdc4035bdaf9acb/macOS/DuckDuckGo/Localization/Localizable.xcstrings#L56828
macOS,body,DuckDuckGo,home.page.promotion.freemium.dbp.description,,Find out which sites are selling your info.,Description for the Freemium DBP Home Page Promotion,,,true,stale,,apps/apple/macOS/DuckDuckGo/Localization/Localizable.xcstrings,56948,https://github.com/duckduckgo/apple-browsers/blob/6ba278262f04039a7e24d268dfdc4035bdaf9acb/macOS/DuckDuckGo/Localization/Localizable.xcstrings#L56948
macOS,body,DuckDuckGo,home.page.promotion.freemium.dbp.description.markdown,,Find out which sites are selling **your info.**,Markdown Description for the Freemium DBP Home Page Promotion. Please make sure to keep **STRING** intact.,,,true,extracted_with_value,,apps/apple/macOS/DuckDuckGo/Localization/Localizable.xcstrings,57008,https://github.com/duckduckgo/apple-browsers/blob/6ba278262f04039a7e24d268dfdc4035bdaf9acb/macOS/DuckDuckGo/Localization/Localizable.xcstrings#L57008
macOS,body,DuckDuckGo,home.page.promotion.freemium.dbp.post.scan.engagement.no.results.description,,"Good news, your free personal info scan didn't find any records about you. We'll keep checking periodically.",Description for the Freemium DBP Home Page Post Scan Engagement Promotion When There Are No Results,,,true,extracted_with_value,,apps/apple/macOS/DuckDuckGo/Localization/Localizable.xcstrings,57128,https://github.com/duckduckgo/apple-browsers/blob/6ba278262f04039a7e24d268dfdc4035bdaf9acb/macOS/DuckDuckGo/Localization/Localizable.xcstrings#L57128
macOS,body,DuckDuckGo,home.page.promotion.freemium.dbp.post.scan.engagement.result.plural.description,,Your free personal info scan found %1$d records about you on %2$d different sites.,Description for the Freemium DBP Home Page Post Scan Engagement Promotion when records are found on multiple broker sites,,%1$d %2$d,true,extracted_with_value,,apps/apple/macOS/DuckDuckGo/Localization/Localizable.xcstrings,57188,https://github.com/duckduckgo/apple-browsers/blob/6ba278262f04039a7e24d268dfdc4035bdaf9acb/macOS/DuckDuckGo/Localization/Localizable.xcstrings#L57188
macOS,body,DuckDuckGo,home.page.promotion.freemium.dbp.post.scan.engagement.result.single.broker.description,,Your free personal info scan found %d records about you on 1 site.,Description for the Freemium DBP Home Page Post Scan Engagement Promotion when records are found on a single broker site,,%d,true,extracted_with_value,,apps/apple/macOS/DuckDuckGo/Localization/Localizable.xcstrings,57248,https://github.com/duckduckgo/apple-browsers/blob/6ba278262f04039a7e24d268dfdc4035bdaf9acb/macOS/DuckDuckGo/Localization/Localizable.xcstrings#L57248
macOS,body,DuckDuckGo,home.page.promotion.freemium.dbp.post.scan.engagement.result.single.match.description,,Your free personal info scan found 1 record about you on 1 site.,Description for the Freemium DBP Home Page Post Scan Engagement Promotion When Only One Record is Found,,,true,extracted_with_value,,apps/apple/macOS/DuckDuckGo/Localization/Localizable.xcstrings,57308,https://github.com/duckduckgo/apple-browsers/blob/6ba278262f04039a7e24d268dfdc4035bdaf9acb/macOS/DuckDuckGo/Localization/Localizable.xcstrings#L57308
macOS,body,DuckDuckGo,home.page.protection.summary.info,,No recent activity,"This string represents a message in the protection summary on the home page, indicating that there is no recent activity",,,true,extracted_with_value,,apps/apple/macOS/DuckDuckGo/Localization/Localizable.xcstrings,57488,https://github.com/duckduckgo/apple-browsers/blob/6ba278262f04039a7e24d268dfdc4035bdaf9acb/macOS/DuckDuckGo/Localization/Localizable.xcstrings#L57488
macOS,body,DuckDuckGo,home.page.protection.summary.message,,%@ tracking attempts blocked,"The number of tracking attempts blocked in the last 7 days, shown on a new tab, translate as: Tracking attempts blocked: %@",,%@,true,extracted_with_value,,apps/apple/macOS/DuckDuckGo/Localization/Localizable.xcstrings,57548,https://github.com/duckduckgo/apple-browsers/blob/6ba278262f04039a7e24d268dfdc4035bdaf9acb/macOS/DuckDuckGo/Localization/Localizable.xcstrings#L57548
macOS,body,DuckDuckGo,home.page.settings.my.backgrounds.disclaimer,,Images are stored on your device so DuckDuckGo can't see or access them.,Disclaimer explaining privacy of user-provided custom Home Page background images,,,true,extracted_with_value,,apps/apple/macOS/DuckDuckGo/Localization/Localizable.xcstrings,58028,https://github.com/duckduckgo/apple-browsers/blob/6ba278262f04039a7e24d268dfdc4035bdaf9acb/macOS/DuckDuckGo/Localization/Localizable.xcstrings#L58028
macOS,body,DuckDuckGo,home.page.settings.onboarding.message,,Add extra personality and pick what you want to see on your new tab page. Give it a try!,Home Page Settings Onboarding message,,,true,extracted_with_value,,apps/apple/macOS/DuckDuckGo/Localization/Localizable.xcstrings,58088,https://github.com/duckduckgo/apple-browsers/blob/6ba278262f04039a7e24d268dfdc4035bdaf9acb/macOS/DuckDuckGo/Localization/Localizable.xcstrings#L58088
macOS,body,DuckDuckGo,Import Results:,,Import Results:,Data Import result summary headline,,,true,stale,,apps/apple/macOS/DuckDuckGo/Localization/Localizable.xcstrings,58428,https://github.com/duckduckgo/apple-browsers/blob/6ba278262f04039a7e24d268dfdc4035bdaf9acb/macOS/DuckDuckGo/Localization/Localizable.xcstrings#L58428
macOS,body,DuckDuckGo,import.access-panel.message,,Grant access to the %1$@ data folder to allow DuckDuckGo to import your data,Access Panel that grants permissions to import data from another browser,,%1$@,true,extracted_with_value,,apps/apple/macOS/DuckDuckGo/Localization/Localizable.xcstrings,58482,https://github.com/duckduckgo/apple-browsers/blob/6ba278262f04039a7e24d268dfdc4035bdaf9acb/macOS/DuckDuckGo/Localization/Localizable.xcstrings#L58482
macOS,body,DuckDuckGo,import.access-panel.prompt,,Grant Access,Confirmation button in the folder picker used to grant DuckDuckGo access to another browser's data folder,,,true,extracted_with_value,,apps/apple/macOS/DuckDuckGo/Localization/Localizable.xcstrings,58542,https://github.com/duckduckgo/apple-browsers/blob/6ba278262f04039a7e24d268dfdc4035bdaf9acb/macOS/DuckDuckGo/Localization/Localizable.xcstrings#L58542
macOS,body,DuckDuckGo,import.bookmarks.indefinite.progress.text,,Importing bookmarks…,Operation progress info message about indefinite number of bookmarks being imported,,,true,extracted_with_value,,apps/apple/macOS/DuckDuckGo/Localization/Localizable.xcstrings,58842,https://github.com/duckduckgo/apple-browsers/blob/6ba278262f04039a7e24d268dfdc4035bdaf9acb/macOS/DuckDuckGo/Localization/Localizable.xcstrings#L58842
macOS,body,DuckDuckGo,import.bookmarks.number.progress.text,,Importing bookmarks (%d)…,Operation progress info message about %d number of bookmarks being imported,,%d,true,extracted_with_value,,apps/apple/macOS/DuckDuckGo/Localization/Localizable.xcstrings,58962,https://github.com/duckduckgo/apple-browsers/blob/6ba278262f04039a7e24d268dfdc4035bdaf9acb/macOS/DuckDuckGo/Localization/Localizable.xcstrings#L58962
macOS,body,DuckDuckGo,import.browser.data.import-type.subtitle.bookmarks.and.passwords,,Bookmarks and passwords,Import Browser Data dialog subtitle for option to choose what to import in collapsed state,,,true,stale,,apps/apple/macOS/DuckDuckGo/Localization/Localizable.xcstrings,59382,https://github.com/duckduckgo/apple-browsers/blob/6ba278262f04039a7e24d268dfdc4035bdaf9acb/macOS/DuckDuckGo/Localization/Localizable.xcstrings#L59382
macOS,body,DuckDuckGo,import.browser.data.import-type.subtitle.none,,None,Import Browser Data dialog subtitle for option to choose what to import in collapsed state,,,true,stale,,apps/apple/macOS/DuckDuckGo/Localization/Localizable.xcstrings,59442,https://github.com/duckduckgo/apple-browsers/blob/6ba278262f04039a7e24d268dfdc4035bdaf9acb/macOS/DuckDuckGo/Localization/Localizable.xcstrings#L59442
macOS,body,DuckDuckGo,import.browser.data.shortcuts.subtitle,,You can always right-click on the browser toolbar to find more shortcuts like these.,Subtitle explaining how users can find toolbar shortcuts.,,,true,stale,,apps/apple/macOS/DuckDuckGo/Localization/Localizable.xcstrings,59922,https://github.com/duckduckgo/apple-browsers/blob/6ba278262f04039a7e24d268dfdc4035bdaf9acb/macOS/DuckDuckGo/Localization/Localizable.xcstrings#L59922
macOS,body,DuckDuckGo,import.browser.data.source.subtitle,,Access and manage your passwords in DuckDuckGo Settings > Passwords & Autofill.,Subtitle explaining where users can find imported passwords.,,,true,stale,,apps/apple/macOS/DuckDuckGo/Localization/Localizable.xcstrings,59982,https://github.com/duckduckgo/apple-browsers/blob/6ba278262f04039a7e24d268dfdc4035bdaf9acb/macOS/DuckDuckGo/Localization/Localizable.xcstrings#L59982
macOS,body,DuckDuckGo,import.chrome.allow-keychain.instructions,,Enter your device password and click **Allow** to complete the import. DuckDuckGo won't see your password.,Instructions shown to the user when Chrome needs to access their Keychain. Contains markdown for bold text.,,,true,extracted_with_value,,apps/apple/macOS/DuckDuckGo/Localization/Localizable.xcstrings,60522,https://github.com/duckduckgo/apple-browsers/blob/6ba278262f04039a7e24d268dfdc4035bdaf9acb/macOS/DuckDuckGo/Localization/Localizable.xcstrings#L60522
macOS,body,DuckDuckGo,import.credit-cards.indefinite.progress.text,,Importing credit cards…,Operation progress info message about indefinite number of passwords being imported,,,true,extracted_with_value,,apps/apple/macOS/DuckDuckGo/Localization/Localizable.xcstrings,60942,https://github.com/duckduckgo/apple-browsers/blob/6ba278262f04039a7e24d268dfdc4035bdaf9acb/macOS/DuckDuckGo/Localization/Localizable.xcstrings#L60942
macOS,body,DuckDuckGo,import.credit-cards.number.progress.text,,Importing credit cards (%d)…,Operation progress info message about %d number of credit cards being imported,,%d,true,extracted_with_value,,apps/apple/macOS/DuckDuckGo/Localization/Localizable.xcstrings,61002,https://github.com/duckduckgo/apple-browsers/blob/6ba278262f04039a7e24d268dfdc4035bdaf9acb/macOS/DuckDuckGo/Localization/Localizable.xcstrings#L61002
macOS,body,DuckDuckGo,import.csv.instructions.bitwarden,,"%1$d Open and unlock **%2$s**
%3$d Select **File → Export vault** from the Menu Bar
%4$d Select the File Format: **.csv**
%5$d Enter your Bitwarden main password
%6$d Click %7$@ and save the file someplace you can find it (e.g., Desktop)
%8$d %9$@",Instructions to import Passwords as CSV from Bitwarden. %2$s - app name (Bitwarden) %7$@ - hamburger menu icon %9$@ - “Select Bitwarden CSV File” button **bold text**; _italic text_,,%1$d %2$s %3$d %4$d %5$d %6$d %7$@ %8$d %9$@,true,stale,,apps/apple/macOS/DuckDuckGo/Localization/Localizable.xcstrings,61062,https://github.com/duckduckgo/apple-browsers/blob/6ba278262f04039a7e24d268dfdc4035bdaf9acb/macOS/DuckDuckGo/Localization/Localizable.xcstrings#L61062
macOS,body,DuckDuckGo,import.csv.instructions.bitwarden.new,,"%1$d Open **%2$s → Settings** and scroll down to **Tools →** select **Export vault**
%3$d Select the **File Format: .csv → Export vault** and save the file
%4$d Upload the exported CSV file to DuckDuckGo",Instructions to import Passwords as CSV from Bitwarden. %N$d - step number %2$s - app name (Bitwarden) **bold text**; _italic text_,,%1$d %2$s %3$d %4$d,true,extracted_with_value,,apps/apple/macOS/DuckDuckGo/Localization/Localizable.xcstrings,61122,https://github.com/duckduckgo/apple-browsers/blob/6ba278262f04039a7e24d268dfdc4035bdaf9acb/macOS/DuckDuckGo/Localization/Localizable.xcstrings#L61122
macOS,body,DuckDuckGo,import.csv.instructions.brave,,"%1$d Open **%2$s**
%3$d Click %4$@ to open the application menu then click **Password Manager**
%5$d Click %6$@ **at the top left** of the Password Manager and select **Settings**
%7$d Find “Export Passwords” and click **Download File**
%8$d Save the passwords file someplace you can find it (e.g., Desktop)
%9$d %10$@","Instructions to import Passwords as CSV from Brave browser. %N$d - step number %2$s - browser name (Brave) %4$@, %6$@ - hamburger menu icon %10$@ - “Select Passwords CSV File” button **bold text**; _italic text_",,%1$d %2$s %3$d %4$@ %5$d %6$@ %7$d %8$d %9$d %10$@,true,stale,,apps/apple/macOS/DuckDuckGo/Localization/Localizable.xcstrings,61182,https://github.com/duckduckgo/apple-browsers/blob/6ba278262f04039a7e24d268dfdc4035bdaf9acb/macOS/DuckDuckGo/Localization/Localizable.xcstrings#L61182
macOS,body,DuckDuckGo,import.csv.instructions.brave.new,,"%1$d Open **%2$s → %3$@ → Password Manager → Settings**
%4$d Find **Export Passwords → click Download File** and save the file
%5$d Upload the exported CSV file to DuckDuckGo",Instructions to import Passwords as CSV from Brave browser. %N$d - step number %2$s - browser name (Brave) %3$@ - hamburger menu icon **bold text**; _italic text_,,%1$d %2$s %3$@ %4$d %5$d,true,extracted_with_value,,apps/apple/macOS/DuckDuckGo/Localization/Localizable.xcstrings,61242,https://github.com/duckduckgo/apple-browsers/blob/6ba278262f04039a7e24d268dfdc4035bdaf9acb/macOS/DuckDuckGo/Localization/Localizable.xcstrings#L61242
macOS,body,DuckDuckGo,import.csv.instructions.chrome,,"%1$d Open **%2$s**
%3$d In a fresh tab, click %4$@ then **Google Password Manager → Settings**
%5$d Find “Export Passwords” and click **Download File**
%6$d Save the passwords file someplace you can find it (e.g., Desktop)
%7$d %8$@",Instructions to import Passwords as CSV from Google Chrome browser. %N$d - step number %2$s - browser name (Chrome) %4$@ - hamburger menu icon %8$@ - “Select Passwords CSV File” button **bold text**; _italic text_,,%1$d %2$s %3$d %4$@ %5$d %6$d %7$d %8$@,true,stale,,apps/apple/macOS/DuckDuckGo/Localization/Localizable.xcstrings,61302,https://github.com/duckduckgo/apple-browsers/blob/6ba278262f04039a7e24d268dfdc4035bdaf9acb/macOS/DuckDuckGo/Localization/Localizable.xcstrings#L61302
macOS,body,DuckDuckGo,import.csv.instructions.chrome.new.new,,"%1$d Open **%2$s → %3$@ → Google Password Manager → Settings**
%4$d Find **Export Passwords → click Download File** and save the file
%5$d Upload the exported CSV file to DuckDuckGo",Instructions to import Passwords as CSV from Google Chrome browser. %N$d - step number %2$s - browser name (Chrome) %3$@ - hamburger menu icon **bold text**; _italic text_,,%1$d %2$s %3$@ %4$d %5$d,true,extracted_with_value,,apps/apple/macOS/DuckDuckGo/Localization/Localizable.xcstrings,61362,https://github.com/duckduckgo/apple-browsers/blob/6ba278262f04039a7e24d268dfdc4035bdaf9acb/macOS/DuckDuckGo/Localization/Localizable.xcstrings#L61362
macOS,body,DuckDuckGo,import.csv.instructions.chromium,,"%1$d Open **%2$s**
%3$d In a fresh tab, click %4$@ then **Password Manager → Settings**
%5$d Find “Export Passwords” and click **Download File**
%6$d Save the passwords file someplace you can find it (e.g., Desktop)
%7$d %8$@",Instructions to import Passwords as CSV from Chromium-based browsers. %N$d - step number %2$s - browser name %4$@ - hamburger menu icon %8$@ - “Select Passwords CSV File” button **bold text**; _italic text_,,%1$d %2$s %3$d %4$@ %5$d %6$d %7$d %8$@,true,stale,,apps/apple/macOS/DuckDuckGo/Localization/Localizable.xcstrings,61422,https://github.com/duckduckgo/apple-browsers/blob/6ba278262f04039a7e24d268dfdc4035bdaf9acb/macOS/DuckDuckGo/Localization/Localizable.xcstrings#L61422
macOS,body,DuckDuckGo,import.csv.instructions.chromium.new,,"%1$d Open **%2$s → %3$@ → Password Manager → Settings**
%4$d Find **Export Passwords → click Download File** and save the file
%5$d Upload the exported CSV file to DuckDuckGo",Instructions to import Passwords as CSV from Chromium-based browsers. %N$d - step number %2$s - browser name %3$@ - hamburger menu icon **bold text**; _italic text_,,%1$d %2$s %3$@ %4$d %5$d,true,extracted_with_value,,apps/apple/macOS/DuckDuckGo/Localization/Localizable.xcstrings,61482,https://github.com/duckduckgo/apple-browsers/blob/6ba278262f04039a7e24d268dfdc4035bdaf9acb/macOS/DuckDuckGo/Localization/Localizable.xcstrings#L61482
macOS,body,DuckDuckGo,import.csv.instructions.coccoc,,"%1$d Open **%2$s**
%3$d Type “_coccoc://settings/passwords_” into the Address bar
%4$d Click %5$@ (on the right from _Saved Passwords_) and select **Export passwords**
%6$d Save the passwords file someplace you can find it (e.g., Desktop)
%7$d %8$@",Instructions to import Passwords as CSV from Cốc Cốc browser. %N$d - step number %2$s - browser name (Cốc Cốc) %5$@ - hamburger menu icon %8$@ - “Select Passwords CSV File” button **bold text**; _italic text_,,%1$d %2$s %3$d %4$d %5$@ %6$d %7$d %8$@,true,stale,,apps/apple/macOS/DuckDuckGo/Localization/Localizable.xcstrings,61542,https://github.com/duckduckgo/apple-browsers/blob/6ba278262f04039a7e24d268dfdc4035bdaf9acb/macOS/DuckDuckGo/Localization/Localizable.xcstrings#L61542
macOS,body,DuckDuckGo,import.csv.instructions.coccoc.new,,"%1$d Type _coccoc://settings/passwords_ into the Address bar
%2$d Click %3$@ (on the right from _Saved Passwords_) → **Export passwords** and save the file
%4$d Upload the exported CSV file to DuckDuckGo",Instructions to import Passwords as CSV from Cốc Cốc browser. %N$d - step number %3$@ - menu icon **bold text**; _italic text_,,%1$d %2$d %3$@ %4$d,true,extracted_with_value,,apps/apple/macOS/DuckDuckGo/Localization/Localizable.xcstrings,61602,https://github.com/duckduckgo/apple-browsers/blob/6ba278262f04039a7e24d268dfdc4035bdaf9acb/macOS/DuckDuckGo/Localization/Localizable.xcstrings#L61602
macOS,body,DuckDuckGo,import.csv.instructions.firefox,,"%1$d Open **%2$s**
%3$d Click %4$@ to open the application menu then click **Passwords**
%5$d Click %6$@ then **Export Logins…**
%7$d Save the passwords file someplace you can find it (e.g., Desktop)
%8$d %9$@","Instructions to import Passwords as CSV from Firefox. %N$d - step number %2$s - browser name (Firefox) %4$@, %6$@ - hamburger menu icon %9$@ - “Select Passwords CSV File” button **bold text**; _italic text_",,%1$d %2$s %3$d %4$@ %5$d %6$@ %7$d %8$d %9$@,true,stale,,apps/apple/macOS/DuckDuckGo/Localization/Localizable.xcstrings,61662,https://github.com/duckduckgo/apple-browsers/blob/6ba278262f04039a7e24d268dfdc4035bdaf9acb/macOS/DuckDuckGo/Localization/Localizable.xcstrings#L61662
macOS,body,DuckDuckGo,import.csv.instructions.firefox.new,,"%1$d Open **%2$s →** %3$@ **→ Passwords →** %4$@ **→ Export Logins…** and save the file
%5$d Upload the exported CSV file to DuckDuckGo",Instructions to import Passwords as CSV from Firefox. %N$d - step number %2$s - browser name (Firefox) %3$@ - hamburger menu icon (first instance) %4$@ - horizontal menu icon (second instance) **bold text**; _italic text_,,%1$d %2$s %3$@ %4$@ %5$d,true,extracted_with_value,,apps/apple/macOS/DuckDuckGo/Localization/Localizable.xcstrings,61722,https://github.com/duckduckgo/apple-browsers/blob/6ba278262f04039a7e24d268dfdc4035bdaf9acb/macOS/DuckDuckGo/Localization/Localizable.xcstrings#L61722
macOS,body,DuckDuckGo,import.csv.instructions.generic,,"The CSV importer will try to match column headers to their position.
If there is no header, it supports two formats:
%1$d URL, Username, Password
%2$d Title, URL, Username, Password
%3$@",Instructions to import a generic CSV passwords file. %N$d - step number %3$@ - “Select Passwords CSV File” button **bold text**; _italic text_,,%1$d %2$d %3$@,true,stale,,apps/apple/macOS/DuckDuckGo/Localization/Localizable.xcstrings,61782,https://github.com/duckduckgo/apple-browsers/blob/6ba278262f04039a7e24d268dfdc4035bdaf9acb/macOS/DuckDuckGo/Localization/Localizable.xcstrings#L61782
macOS,body,DuckDuckGo,import.csv.instructions.generic.new,,"The CSV importer will try to match column headers to their position.
If there is no header, it supports two formats:
%1$d URL, Username, Password
%2$d Title, URL, Username, Password",Instructions to import a generic CSV passwords file. %N$d - step number **bold text**; _italic text_,,%1$d %2$d,true,extracted_with_value,,apps/apple/macOS/DuckDuckGo/Localization/Localizable.xcstrings,61842,https://github.com/duckduckgo/apple-browsers/blob/6ba278262f04039a7e24d268dfdc4035bdaf9acb/macOS/DuckDuckGo/Localization/Localizable.xcstrings#L61842
macOS,body,DuckDuckGo,import.csv.instructions.lastpass,,"%1$d Click on the **%2$s** icon in your browser and enter your main password
%3$d Select **Open My Vault**
%4$d From the sidebar select **Advanced Options → Export**
%5$d Enter your LastPass main password
%6$d Select the File Format: **Comma Delimited Text (.csv)**
%7$d %8$@",Instructions to import Passwords as CSV from LastPass. %2$s - app name (LastPass) %8$@ - “Select LastPass CSV File” button **bold text**; _italic text_,,%1$d %2$s %3$d %4$d %5$d %6$d %7$d %8$@,true,stale,,apps/apple/macOS/DuckDuckGo/Localization/Localizable.xcstrings,61902,https://github.com/duckduckgo/apple-browsers/blob/6ba278262f04039a7e24d268dfdc4035bdaf9acb/macOS/DuckDuckGo/Localization/Localizable.xcstrings#L61902
macOS,body,DuckDuckGo,import.csv.instructions.lastpass.new,,"%1$d Log in to the **%2$s** website → select **Advanced Options → Export → Continue**. You'll receive a verification email.
%3$d In the email, click **Continue export**, then return to **%4$s** and select **Advanced Options → Export → Submit** and save the **CSV** file
%5$d Upload the exported CSV file to DuckDuckGo",Instructions to import Passwords as CSV from LastPass. %N$d - step number %2$s - app name (LastPass) - first instance %4$s - app name (LastPass) - second instance **bold text**; _italic text_,,%1$d %2$s %3$d %4$s %5$d,true,extracted_with_value,,apps/apple/macOS/DuckDuckGo/Localization/Localizable.xcstrings,61962,https://github.com/duckduckgo/apple-browsers/blob/6ba278262f04039a7e24d268dfdc4035bdaf9acb/macOS/DuckDuckGo/Localization/Localizable.xcstrings#L61962
macOS,body,DuckDuckGo,import.csv.instructions.onePassword7,,"%1$d Open and unlock **%2$s**
%3$d Select the vault you want to export (you can only export one vault at a time)
%4$d Select **File → Export → All Items** from the Menu Bar
%5$d Enter your 1Password main or account password
%6$d Select the File Format: **iCloud Keychain (.csv)**
%7$d Save the passwords file someplace you can find it (e.g., Desktop)
%8$d %9$@",Instructions to import Passwords as CSV from 1Password 7. %2$s - app name (1Password) %9$@ - “Select 1Password CSV File” button **bold text**; _italic text_,,%1$d %2$s %3$d %4$d %5$d %6$d %7$d %8$d %9$@,true,stale,,apps/apple/macOS/DuckDuckGo/Localization/Localizable.xcstrings,62022,https://github.com/duckduckgo/apple-browsers/blob/6ba278262f04039a7e24d268dfdc4035bdaf9acb/macOS/DuckDuckGo/Localization/Localizable.xcstrings#L62022
macOS,body,DuckDuckGo,import.csv.instructions.onePassword7.new,,"%1$d Open **%2$s** and select the vault to export **→ File → Export → All Items** from the menu bar
%3$d Select the format **Comma Delimited Text (.csv)** and save the file
%4$d Upload the exported CSV file to DuckDuckGo",Instructions to import Passwords as CSV from 1Password 7. %N$d - step number %2$s - app name (1Password) **bold text**; _italic text_,,%1$d %2$s %3$d %4$d,true,extracted_with_value,,apps/apple/macOS/DuckDuckGo/Localization/Localizable.xcstrings,62082,https://github.com/duckduckgo/apple-browsers/blob/6ba278262f04039a7e24d268dfdc4035bdaf9acb/macOS/DuckDuckGo/Localization/Localizable.xcstrings#L62082
macOS,body,DuckDuckGo,import.csv.instructions.onePassword8,,"%1$d Open and unlock **%2$s**
%3$d Select **File → Export** from the Menu Bar and choose the account you want to export
%4$d Enter your 1Password account password
%5$d Select the File Format: **CSV (Logins and Passwords only)**
%6$d Click Export Data and save the file someplace you can find it (e.g., Desktop)
%7$d %8$@",Instructions to import Passwords as CSV from 1Password 8. %2$s - app name (1Password) %8$@ - “Select 1Password CSV File” button **bold text**; _italic text_,,%1$d %2$s %3$d %4$d %5$d %6$d %7$d %8$@,true,stale,,apps/apple/macOS/DuckDuckGo/Localization/Localizable.xcstrings,62142,https://github.com/duckduckgo/apple-browsers/blob/6ba278262f04039a7e24d268dfdc4035bdaf9acb/macOS/DuckDuckGo/Localization/Localizable.xcstrings#L62142
macOS,body,DuckDuckGo,import.csv.instructions.onePassword8.new,,"%1$d Open **%2$s → File → Export** and select an account to export
%3$d Select format **CSV (Logins and Passwords only) → Export Data** and save the file
%4$d Upload the exported CSV file to DuckDuckGo",Instructions to import Passwords as CSV from 1Password 8. %N$d - step number %2$s - app name (1Password) **bold text**; _italic text_,,%1$d %2$s %3$d %4$d,true,extracted_with_value,,apps/apple/macOS/DuckDuckGo/Localization/Localizable.xcstrings,62202,https://github.com/duckduckgo/apple-browsers/blob/6ba278262f04039a7e24d268dfdc4035bdaf9acb/macOS/DuckDuckGo/Localization/Localizable.xcstrings#L62202
macOS,body,DuckDuckGo,import.csv.instructions.opera,,"%1$d Open **%2$s**
%3$d Use the Menu Bar to select **View → Show Password Manager**
%4$d Select **Settings**
%5$d Find “Export Passwords” and click **Download File**
%6$d Save the passwords file someplace you can find it (e.g., Desktop)
%7$d %8$@",Instructions to import Passwords as CSV from Opera browser. %N$d - step number %2$s - browser name (Opera) %8$@ - “Select Passwords CSV File” button **bold text**; _italic text_,,%1$d %2$s %3$d %4$d %5$d %6$d %7$d %8$@,true,stale,,apps/apple/macOS/DuckDuckGo/Localization/Localizable.xcstrings,62262,https://github.com/duckduckgo/apple-browsers/blob/6ba278262f04039a7e24d268dfdc4035bdaf9acb/macOS/DuckDuckGo/Localization/Localizable.xcstrings#L62262
macOS,body,DuckDuckGo,import.csv.instructions.opera.new,,"%1$d Open **%2$s → View → Show Password Manager → Settings**
%3$d Find **Export Passwords → Download File** and save the file
%4$d Upload the exported CSV file to DuckDuckGo",Instructions to import Passwords as CSV from Opera browser. %N$d - step number %2$s - browser name (Opera) **bold text**; _italic text_,,%1$d %2$s %3$d %4$d,true,extracted_with_value,,apps/apple/macOS/DuckDuckGo/Localization/Localizable.xcstrings,62322,https://github.com/duckduckgo/apple-browsers/blob/6ba278262f04039a7e24d268dfdc4035bdaf9acb/macOS/DuckDuckGo/Localization/Localizable.xcstrings#L62322
macOS,body,DuckDuckGo,import.csv.instructions.operagx,,"%1$d Open **%2$s**
%3$d Use the Menu Bar to select **View → Show Password Manager**
%4$d Click %5$@ (on the right from _Saved Passwords_) and select **Export passwords**
%6$d Save the passwords file someplace you can find it (e.g., Desktop)
%7$d %8$@",Instructions to import Passwords as CSV from Opera GX browsers. %N$d - step number %2$s - browser name (Opera GX) %5$@ - menu button icon %8$@ - “Select Passwords CSV File” button **bold text**; _italic text_,,%1$d %2$s %3$d %4$d %5$@ %6$d %7$d %8$@,true,stale,,apps/apple/macOS/DuckDuckGo/Localization/Localizable.xcstrings,62382,https://github.com/duckduckgo/apple-browsers/blob/6ba278262f04039a7e24d268dfdc4035bdaf9acb/macOS/DuckDuckGo/Localization/Localizable.xcstrings#L62382
macOS,body,DuckDuckGo,import.csv.instructions.operagx.new,,"%1$d Open **%2$s → View → Show Password Manager → Settings**
%3$d Click %4$@ (on the right from _Saved Passwords_) → **Export passwords** and save the file
%5$d Upload the exported CSV file to DuckDuckGo",Instructions to import Passwords as CSV from Opera GX browsers. %N$d - step number %2$s - browser name (Opera GX) %4$@ - menu button icon **bold text**; _italic text_,,%1$d %2$s %3$d %4$@ %5$d,true,extracted_with_value,,apps/apple/macOS/DuckDuckGo/Localization/Localizable.xcstrings,62442,https://github.com/duckduckgo/apple-browsers/blob/6ba278262f04039a7e24d268dfdc4035bdaf9acb/macOS/DuckDuckGo/Localization/Localizable.xcstrings#L62442
macOS,body,DuckDuckGo,import.csv.instructions.safari,,"%1$d Open **Safari → File → Export → Passwords** and save the file
%2$d Upload the exported CSV file to DuckDuckGo",Instructions to import Passwords as CSV from Safari. %N$d - step number **bold text**; _italic text_,,%1$d %2$d,true,extracted_with_value,,apps/apple/macOS/DuckDuckGo/Localization/Localizable.xcstrings,62502,https://github.com/duckduckgo/apple-browsers/blob/6ba278262f04039a7e24d268dfdc4035bdaf9acb/macOS/DuckDuckGo/Localization/Localizable.xcstrings#L62502
macOS,body,DuckDuckGo,import.csv.instructions.safari.macos15-2,,"%1$d Open **Safari → File → Export Browsing Data to File...**
%2$d Select **Passwords** and save the file
%3$d Double click the .zip file to unzip it, then upload the CSV file to DuckDuckGo",Instructions to import Passwords as CSV from Safari zip file on >= macOS 15.2. %N$d - step number **bold text**; _italic text_,,%1$d %2$d %3$d,true,extracted_with_value,,apps/apple/macOS/DuckDuckGo/Localization/Localizable.xcstrings,62562,https://github.com/duckduckgo/apple-browsers/blob/6ba278262f04039a7e24d268dfdc4035bdaf9acb/macOS/DuckDuckGo/Localization/Localizable.xcstrings#L62562
macOS,body,DuckDuckGo,import.csv.instructions.safari.macos15-2.old,,"%1$d Open **Safari**
%2$d Open the **File menu → Export Browsing Data to File...**
%3$d Select **passwords** and save the file someplace you can find it (e.g., Desktop)
%4$d Double click the .zip file to unzip it
%5$d %6$@",Instructions to import Passwords as CSV from Safari zip file on >= macOS 15.2. %N$d - step number %5$@ - “Select Passwords CSV File” button **bold text**; _italic text_,,%1$d %2$d %3$d %4$d %5$d %6$@,true,stale,,apps/apple/macOS/DuckDuckGo/Localization/Localizable.xcstrings,62622,https://github.com/duckduckgo/apple-browsers/blob/6ba278262f04039a7e24d268dfdc4035bdaf9acb/macOS/DuckDuckGo/Localization/Localizable.xcstrings#L62622
macOS,body,DuckDuckGo,import.csv.instructions.vivaldi,,"%1$d Open **%2$s**
%3$d Type “_chrome://settings/passwords_” into the Address bar
%4$d Click %5$@ (on the right from _Saved Passwords_) and select **Export passwords**
%6$d Save the file someplace you can find it (e.g., Desktop)
%7$d %8$@",Instructions to import Passwords exported as CSV from Vivaldi browser. %N$d - step number %2$s - browser name (Vivaldi) %5$@ - menu button icon %8$@ - “Select Passwords CSV File” button **bold text**; _italic text_,,%1$d %2$s %3$d %4$d %5$@ %6$d %7$d %8$@,true,stale,,apps/apple/macOS/DuckDuckGo/Localization/Localizable.xcstrings,62682,https://github.com/duckduckgo/apple-browsers/blob/6ba278262f04039a7e24d268dfdc4035bdaf9acb/macOS/DuckDuckGo/Localization/Localizable.xcstrings#L62682
macOS,body,DuckDuckGo,import.csv.instructions.vivaldi.new,,"%1$d Type _chrome://settings/passwords_ into the Address bar
%2$d Click %3$@ (on the right from _Saved Passwords_) → **Export passwords** and save the file
%4$d Upload the exported CSV file to DuckDuckGo",Instructions to import Passwords exported as CSV from Vivaldi browser. %N$d - step number %3$@ - menu button icon **bold text**; _italic text_,,%1$d %2$d %3$@ %4$d,true,extracted_with_value,,apps/apple/macOS/DuckDuckGo/Localization/Localizable.xcstrings,62742,https://github.com/duckduckgo/apple-browsers/blob/6ba278262f04039a7e24d268dfdc4035bdaf9acb/macOS/DuckDuckGo/Localization/Localizable.xcstrings#L62742
macOS,body,DuckDuckGo,import.csv.instructions.yandex,,"%1$d Open **%2$s**
%3$d Click %4$@ to open the application menu then click **Passwords and cards**
%5$d Click %6$@ then **Export passwords**
%7$d Choose **To a text file (not secure)** and click **Export**
%8$d Save the passwords file someplace you can find it (e.g., Desktop)
%9$d %10$@",Instructions to import Passwords as CSV from Yandex Browser. %N$d - step number %2$s - browser name (Yandex) %4$@ - hamburger menu icon %8$@ - “Select Passwords CSV File” button **bold text**; _italic text_,,%1$d %2$s %3$d %4$@ %5$d %6$@ %7$d %8$d %9$d %10$@,true,stale,,apps/apple/macOS/DuckDuckGo/Localization/Localizable.xcstrings,62802,https://github.com/duckduckgo/apple-browsers/blob/6ba278262f04039a7e24d268dfdc4035bdaf9acb/macOS/DuckDuckGo/Localization/Localizable.xcstrings#L62802
macOS,body,DuckDuckGo,import.csv.instructions.yandex.new,,"%1$d Open **%2$s →** %3$@ **→ Passwords and cards**
%4$d Click %5$@ **→ Export passwords → To a text file (not secure) → Export** and save the file
%6$d Upload the exported CSV file to DuckDuckGo",Instructions to import Passwords as CSV from Yandex Browser. %N$d - step number %2$s - browser name (Yandex) %3$@ - hamburger menu icon %5$@ - vertical menu icon **bold text**; _italic text_,,%1$d %2$s %3$@ %4$d %5$@ %6$d,true,extracted_with_value,,apps/apple/macOS/DuckDuckGo/Localization/Localizable.xcstrings,62862,https://github.com/duckduckgo/apple-browsers/blob/6ba278262f04039a7e24d268dfdc4035bdaf9acb/macOS/DuckDuckGo/Localization/Localizable.xcstrings#L62862
macOS,body,DuckDuckGo,import.data.requires-password.body,,"DuckDuckGo won't save or share your %1$@ Primary Password, but DuckDuckGo needs it to access and import passwords from %1$@.",Alert body text when the data import needs a password,,%1$@ %1$@,true,extracted_with_value,,apps/apple/macOS/DuckDuckGo/Localization/Localizable.xcstrings,63222,https://github.com/duckduckgo/apple-browsers/blob/6ba278262f04039a7e24d268dfdc4035bdaf9acb/macOS/DuckDuckGo/Localization/Localizable.xcstrings#L63222
macOS,body,DuckDuckGo,import.html.instructions.chromium,,"%1$d Open **%2$s**
%3$d Use the Menu Bar to select **Bookmarks → Bookmark Manager**
%4$d Click %5$@ then **Export Bookmarks**
%6$d Save the file someplace you can find it (e.g., Desktop)
%7$d %8$@",Instructions to import Bookmarks exported as HTML from Chromium-based browsers. %N$d - step number %2$s - browser name %5$@ - hamburger menu icon %8$@ - “Select Bookmarks HTML File” button **bold text**; _italic text_,,%1$d %2$s %3$d %4$d %5$@ %6$d %7$d %8$@,true,stale,,apps/apple/macOS/DuckDuckGo/Localization/Localizable.xcstrings,63702,https://github.com/duckduckgo/apple-browsers/blob/6ba278262f04039a7e24d268dfdc4035bdaf9acb/macOS/DuckDuckGo/Localization/Localizable.xcstrings#L63702
macOS,body,DuckDuckGo,import.html.instructions.chromium.new,,"%1$d Open **%2$s → Bookmarks → Bookmark Manager**
%3$d Click %4$@ **→ Export Bookmarks** and save the file
%5$d Upload the exported HTML file to DuckDuckGo",Instructions to import Bookmarks exported as HTML from Chromium-based browsers. %N$d - step number %2$s - browser name %4$@ - hamburger menu icon **bold text**; _italic text_,,%1$d %2$s %3$d %4$@ %5$d,true,extracted_with_value,,apps/apple/macOS/DuckDuckGo/Localization/Localizable.xcstrings,63762,https://github.com/duckduckgo/apple-browsers/blob/6ba278262f04039a7e24d268dfdc4035bdaf9acb/macOS/DuckDuckGo/Localization/Localizable.xcstrings#L63762
macOS,body,DuckDuckGo,import.html.instructions.firefox,,"%1$d Open **%2$s**
%3$d Use the Menu Bar to select **Bookmarks → Manage Bookmarks**
%4$d Click %5$@ then **Export bookmarks to HTML…**
%6$d Save the file someplace you can find it (e.g., Desktop)
%7$d %8$@",Instructions to import Bookmarks exported as HTML from Firefox based browsers. %N$d - step number %2$s - browser name (Firefox) %5$@ - hamburger menu icon %8$@ - “Select Bookmarks HTML File” button **bold text**; _italic text_,,%1$d %2$s %3$d %4$d %5$@ %6$d %7$d %8$@,true,stale,,apps/apple/macOS/DuckDuckGo/Localization/Localizable.xcstrings,63822,https://github.com/duckduckgo/apple-browsers/blob/6ba278262f04039a7e24d268dfdc4035bdaf9acb/macOS/DuckDuckGo/Localization/Localizable.xcstrings#L63822
macOS,body,DuckDuckGo,import.html.instructions.firefox.new,,"%1$d Open **%2$s → Bookmarks → Manage Bookmarks**
%3$d Click %4$@ **→ Export bookmarks to HTML…** and save the file
%5$d Upload the exported HTML file to DuckDuckGo",Instructions to import Bookmarks exported as HTML from Firefox based browsers. %N$d - step number %2$s - browser name (Firefox) %4$@ - import/export icon **bold text**; _italic text_,,%1$d %2$s %3$d %4$@ %5$d,true,extracted_with_value,,apps/apple/macOS/DuckDuckGo/Localization/Localizable.xcstrings,63882,https://github.com/duckduckgo/apple-browsers/blob/6ba278262f04039a7e24d268dfdc4035bdaf9acb/macOS/DuckDuckGo/Localization/Localizable.xcstrings#L63882
macOS,body,DuckDuckGo,import.html.instructions.generic,,"%1$d Open your old browser
%2$d Open **Bookmark Manager**
%3$d Export bookmarks to HTML…
%4$d Save the file someplace you can find it (e.g., Desktop)
%5$d %6$@",Instructions to import a generic HTML Bookmarks file. %N$d - step number %6$@ - “Select Bookmarks HTML File” button **bold text**; _italic text_,,%1$d %2$d %3$d %4$d %5$d %6$@,true,stale,,apps/apple/macOS/DuckDuckGo/Localization/Localizable.xcstrings,63942,https://github.com/duckduckgo/apple-browsers/blob/6ba278262f04039a7e24d268dfdc4035bdaf9acb/macOS/DuckDuckGo/Localization/Localizable.xcstrings#L63942
macOS,body,DuckDuckGo,import.html.instructions.generic.new,,"%1$d Open your old browser → **Bookmark Manager**
%2$d **Export bookmarks to HTML…** and save the file
%3$d Upload the exported HTML file to DuckDuckGo",Instructions to import a generic HTML Bookmarks file. %N$d - step number **bold text**; _italic text_,,%1$d %2$d %3$d,true,extracted_with_value,,apps/apple/macOS/DuckDuckGo/Localization/Localizable.xcstrings,64002,https://github.com/duckduckgo/apple-browsers/blob/6ba278262f04039a7e24d268dfdc4035bdaf9acb/macOS/DuckDuckGo/Localization/Localizable.xcstrings#L64002
macOS,body,DuckDuckGo,import.html.instructions.opera,,"%1$d Open **%2$s**
%3$d Use the Menu Bar to select **Bookmarks → Bookmarks**
%4$d Click **Open full Bookmarks view…** in the bottom left
%5$d Click **Import/Export…** in the bottom left and select **Export Bookmarks**
%6$d Save the file someplace you can find it (e.g., Desktop)
%7$d %8$@",Instructions to import Bookmarks exported as HTML from Opera browser. %N$d - step number %2$s - browser name (Opera) %8$@ - “Select Bookmarks HTML File” button **bold text**; _italic text_,,%1$d %2$s %3$d %4$d %5$d %6$d %7$d %8$@,true,stale,,apps/apple/macOS/DuckDuckGo/Localization/Localizable.xcstrings,64062,https://github.com/duckduckgo/apple-browsers/blob/6ba278262f04039a7e24d268dfdc4035bdaf9acb/macOS/DuckDuckGo/Localization/Localizable.xcstrings#L64062
macOS,body,DuckDuckGo,import.html.instructions.opera.new,,"%1$d Open **%2$s → Bookmarks → Bookmarks → Open full Bookmarks view…**
%3$d Click **Import/Export… → Export Bookmarks** and save the file
%4$d Upload the exported HTML file to DuckDuckGo",Instructions to import Bookmarks exported as HTML from Opera browser. %N$d - step number %2$s - browser name (Opera) **bold text**; _italic text_,,%1$d %2$s %3$d %4$d,true,extracted_with_value,,apps/apple/macOS/DuckDuckGo/Localization/Localizable.xcstrings,64122,https://github.com/duckduckgo/apple-browsers/blob/6ba278262f04039a7e24d268dfdc4035bdaf9acb/macOS/DuckDuckGo/Localization/Localizable.xcstrings#L64122
macOS,body,DuckDuckGo,import.html.instructions.operagx,,"%1$d Open **%2$s**
%3$d Use the Menu Bar to select **Bookmarks → Bookmarks**
%4$d Click **Import/Export…** in the bottom left and select **Export Bookmarks**
%5$d Save the file someplace you can find it (e.g., Desktop)
%6$d %7$@",Instructions to import Bookmarks exported as HTML from Opera GX browser. %N$d - step number %2$s - browser name (Opera GX) %7$@ - “Select Bookmarks HTML File” button **bold text**; _italic text_,,%1$d %2$s %3$d %4$d %5$d %6$d %7$@,true,stale,,apps/apple/macOS/DuckDuckGo/Localization/Localizable.xcstrings,64182,https://github.com/duckduckgo/apple-browsers/blob/6ba278262f04039a7e24d268dfdc4035bdaf9acb/macOS/DuckDuckGo/Localization/Localizable.xcstrings#L64182
macOS,body,DuckDuckGo,import.html.instructions.operagx.new,,"%1$d Open **%2$s → Bookmarks → Bookmarks**
%3$d Click **Import/Export… → Export Bookmarks** and save the file
%4$d Upload the exported HTML file to DuckDuckGo",Instructions to import Bookmarks exported as HTML from Opera GX browser. %N$d - step number %2$s - browser name (Opera GX) **bold text**; _italic text_,,%1$d %2$s %3$d %4$d,true,extracted_with_value,,apps/apple/macOS/DuckDuckGo/Localization/Localizable.xcstrings,64242,https://github.com/duckduckgo/apple-browsers/blob/6ba278262f04039a7e24d268dfdc4035bdaf9acb/macOS/DuckDuckGo/Localization/Localizable.xcstrings#L64242
macOS,body,DuckDuckGo,import.html.instructions.safari,,"%1$d Open **Safari**
%2$d Select **File → Export → Bookmarks**
%3$d Save the passwords file someplace you can find it (e.g., Desktop)
%4$d %5$@",Instructions to import Bookmarks exported as HTML from Safari. %N$d - step number %5$@ - “Select Bookmarks HTML File” button **bold text**; _italic text_,,%1$d %2$d %3$d %4$d %5$@,true,stale,,apps/apple/macOS/DuckDuckGo/Localization/Localizable.xcstrings,64302,https://github.com/duckduckgo/apple-browsers/blob/6ba278262f04039a7e24d268dfdc4035bdaf9acb/macOS/DuckDuckGo/Localization/Localizable.xcstrings#L64302
macOS,body,DuckDuckGo,import.html.instructions.safari.new,,"%1$d Open **Safari → File → Export → Bookmarks** and save the file
%2$d Upload the exported HTML file to DuckDuckGo",Instructions to import Bookmarks exported as HTML from Safari. %N$d - step number **bold text**; _italic text_,,%1$d %2$d,true,extracted_with_value,,apps/apple/macOS/DuckDuckGo/Localization/Localizable.xcstrings,64362,https://github.com/duckduckgo/apple-browsers/blob/6ba278262f04039a7e24d268dfdc4035bdaf9acb/macOS/DuckDuckGo/Localization/Localizable.xcstrings#L64362
macOS,body,DuckDuckGo,import.html.instructions.vivaldi,,"%1$d Open **%2$s**
%3$d Use the Menu Bar to select **File → Export Bookmarks…**
%4$d Save the file someplace you can find it (e.g., Desktop)
%5$d %6$@",Instructions to import Bookmarks exported as HTML from Vivaldi browser. %N$d - step number %2$s - browser name (Vivaldi) %6$@ - “Select Bookmarks HTML File” button **bold text**; _italic text_,,%1$d %2$s %3$d %4$d %5$d %6$@,true,stale,,apps/apple/macOS/DuckDuckGo/Localization/Localizable.xcstrings,64422,https://github.com/duckduckgo/apple-browsers/blob/6ba278262f04039a7e24d268dfdc4035bdaf9acb/macOS/DuckDuckGo/Localization/Localizable.xcstrings#L64422
macOS,body,DuckDuckGo,import.html.instructions.vivaldi.new,,"%1$d Open **%2$s → File → Export Bookmarks…** and save the file
%3$d Upload the exported HTML file to DuckDuckGo",Instructions to import Bookmarks exported as HTML from Vivaldi browser. %N$d - step number %2$s - browser name (Vivaldi) **bold text**; _italic text_,,%1$d %2$s %3$d,true,extracted_with_value,,apps/apple/macOS/DuckDuckGo/Localization/Localizable.xcstrings,64482,https://github.com/duckduckgo/apple-browsers/blob/6ba278262f04039a7e24d268dfdc4035bdaf9acb/macOS/DuckDuckGo/Localization/Localizable.xcstrings#L64482
macOS,body,DuckDuckGo,import.html.instructions.yandex,,"%1$d Open **%2$s**
%3$d Use the Menu Bar to select **Favorites → Bookmark Manager**
%4$d Click %5$@ then **Export bookmarks to HTML file**
%6$d Save the file someplace you can find it (e.g., Desktop)
%7$d %8$@",Instructions to import Bookmarks exported as HTML from Yandex Browser. %N$d - step number %2$s - browser name (Yandex) %5$@ - hamburger menu icon %8$@ - “Select Bookmarks HTML File” button **bold text**; _italic text_,,%1$d %2$s %3$d %4$d %5$@ %6$d %7$d %8$@,true,stale,,apps/apple/macOS/DuckDuckGo/Localization/Localizable.xcstrings,64542,https://github.com/duckduckgo/apple-browsers/blob/6ba278262f04039a7e24d268dfdc4035bdaf9acb/macOS/DuckDuckGo/Localization/Localizable.xcstrings#L64542
macOS,body,DuckDuckGo,import.html.instructions.yandex.new,,"%1$d Open **%2$s → Favorites → Bookmark Manager**
%3$d Click %4$@ **→ Export bookmarks to HTML file** and save the file
%5$d Upload the exported HTML file to DuckDuckGo",Instructions to import Bookmarks exported as HTML from Yandex Browser. %N$d - step number %2$s - browser name (Yandex) %4$@ - menu icon **bold text**; _italic text_,,%1$d %2$s %3$d %4$@ %5$d,true,extracted_with_value,,apps/apple/macOS/DuckDuckGo/Localization/Localizable.xcstrings,64602,https://github.com/duckduckgo/apple-browsers/blob/6ba278262f04039a7e24d268dfdc4035bdaf9acb/macOS/DuckDuckGo/Localization/Localizable.xcstrings#L64602
macOS,body,DuckDuckGo,import.logins.passwords.explainer.autolock.off,,Passwords are encrypted. We recommend setting up Auto-lock to keep your passwords even more secure. Set it up in DuckDuckGo Settings > Passwords & Autofill.,Explanatory text for the Passwords import option to alleviate security concerns and explain usage when autolock is disabled,,,true,extracted_with_value,,apps/apple/macOS/DuckDuckGo/Localization/Localizable.xcstrings,64842,https://github.com/duckduckgo/apple-browsers/blob/6ba278262f04039a7e24d268dfdc4035bdaf9acb/macOS/DuckDuckGo/Localization/Localizable.xcstrings#L64842
macOS,body,DuckDuckGo,import.logins.passwords.explainer2,,"Passwords are encrypted. Nobody but you can see your passwords, not even us. Find Passwords in DuckDuckGo Settings > Passwords & Autofill.",Explanatory text for the Passwords import option to alleviate security concerns and explain usage.,,,true,extracted_with_value,,apps/apple/macOS/DuckDuckGo/Localization/Localizable.xcstrings,64962,https://github.com/duckduckgo/apple-browsers/blob/6ba278262f04039a7e24d268dfdc4035bdaf9acb/macOS/DuckDuckGo/Localization/Localizable.xcstrings#L64962
macOS,body,DuckDuckGo,import.nodata.bookmarks.subtitle,,"If you have %@ bookmarks, try importing them manually instead.","Data import error subtitle: suggestion to import Bookmarks manually by selecting a CSV or HTML file. The placeholder here represents the source browser, e.g Firefox.",,%@,true,stale,,apps/apple/macOS/DuckDuckGo/Localization/Localizable.xcstrings,65142,https://github.com/duckduckgo/apple-browsers/blob/6ba278262f04039a7e24d268dfdc4035bdaf9acb/macOS/DuckDuckGo/Localization/Localizable.xcstrings#L65142
macOS,body,DuckDuckGo,import.nodata.passwords.subtitle,,"If you have %@ passwords, try importing them manually instead.","Data import error subtitle: suggestion to import passwords manually by selecting a CSV or HTML file. The placeholder here represents the source browser, e.g Firefox.",,%@,true,stale,,apps/apple/macOS/DuckDuckGo/Localization/Localizable.xcstrings,65202,https://github.com/duckduckgo/apple-browsers/blob/6ba278262f04039a7e24d268dfdc4035bdaf9acb/macOS/DuckDuckGo/Localization/Localizable.xcstrings#L65202
macOS,body,DuckDuckGo,import.onePassword.app.version.info,,You can find your version by selecting **%1$s → About %2$s** from the Menu Bar.,"Instructions how to find an installed 1Password password manager app version. %1$s, %2$s - app name (1Password)",,%1$s %2$s,true,stale,,apps/apple/macOS/DuckDuckGo/Localization/Localizable.xcstrings,65322,https://github.com/duckduckgo/apple-browsers/blob/6ba278262f04039a7e24d268dfdc4035bdaf9acb/macOS/DuckDuckGo/Localization/Localizable.xcstrings#L65322
macOS,body,DuckDuckGo,import.password.entry.help.dialog.example.text,,DuckDuckGo wants to use your confidential information stored in your keychain.,Explanatory text shown on an example of a system prompt that asks for the user's password.,,,true,extracted_with_value,,apps/apple/macOS/DuckDuckGo/Localization/Localizable.xcstrings,65382,https://github.com/duckduckgo/apple-browsers/blob/6ba278262f04039a7e24d268dfdc4035bdaf9acb/macOS/DuckDuckGo/Localization/Localizable.xcstrings#L65382
macOS,body,DuckDuckGo,import.password.entry.help.instructions,,Click **Show macOS Message** and select **Allow** when the macOS message appears.,Instructions for password entry help,,,true,extracted_with_value,,apps/apple/macOS/DuckDuckGo/Localization/Localizable.xcstrings,65442,https://github.com/duckduckgo/apple-browsers/blob/6ba278262f04039a7e24d268dfdc4035bdaf9acb/macOS/DuckDuckGo/Localization/Localizable.xcstrings#L65442
macOS,body,DuckDuckGo,import.passwords.indefinite.progress.text,,Importing passwords…,Operation progress info message about indefinite number of passwords being imported,,,true,extracted_with_value,,apps/apple/macOS/DuckDuckGo/Localization/Localizable.xcstrings,65682,https://github.com/duckduckgo/apple-browsers/blob/6ba278262f04039a7e24d268dfdc4035bdaf9acb/macOS/DuckDuckGo/Localization/Localizable.xcstrings#L65682
macOS,body,DuckDuckGo,import.passwords.number.progress.text,,Importing passwords (%d)…,Operation progress info message about %d number of passwords being imported,,%d,true,extracted_with_value,,apps/apple/macOS/DuckDuckGo/Localization/Localizable.xcstrings,65802,https://github.com/duckduckgo/apple-browsers/blob/6ba278262f04039a7e24d268dfdc4035bdaf9acb/macOS/DuckDuckGo/Localization/Localizable.xcstrings#L65802
macOS,body,DuckDuckGo,import.request-access.description,,Click **Select %1$@ Data** and then select **Grant Access** when the file picker appears.,Instructions on the screen asking the user to grant DuckDuckGo access to another browser's data folder (%1$@ is the browser name). Markdown bold marks the two buttons to click.,,%1$@,true,extracted_with_value,,apps/apple/macOS/DuckDuckGo/Localization/Localizable.xcstrings,66282,https://github.com/duckduckgo/apple-browsers/blob/6ba278262f04039a7e24d268dfdc4035bdaf9acb/macOS/DuckDuckGo/Localization/Localizable.xcstrings#L66282
macOS,body,DuckDuckGo,import.shortcuts.bookmarks.subtitle,,Put your favorite bookmarks in easy reach,Description for the setting to enable the bookmarks bar,,,true,stale,,apps/apple/macOS/DuckDuckGo/Localization/Localizable.xcstrings,66582,https://github.com/duckduckgo/apple-browsers/blob/6ba278262f04039a7e24d268dfdc4035bdaf9acb/macOS/DuckDuckGo/Localization/Localizable.xcstrings#L66582
macOS,body,DuckDuckGo,import.shortcuts.passwords.subtitle,,Keep passwords nearby in the address bar,Description for the setting to enable the passwords shortcut,,,true,stale,,apps/apple/macOS/DuckDuckGo/Localization/Localizable.xcstrings,66702,https://github.com/duckduckgo/apple-browsers/blob/6ba278262f04039a7e24d268dfdc4035bdaf9acb/macOS/DuckDuckGo/Localization/Localizable.xcstrings#L66702
macOS,body,DuckDuckGo,import.summary.bookmarks.imported,,Bookmarks Imported: %d,Summary text showing number of bookmarks successfully imported,,%d,true,extracted_with_value,,apps/apple/macOS/DuckDuckGo/Localization/Localizable.xcstrings,66822,https://github.com/duckduckgo/apple-browsers/blob/6ba278262f04039a7e24d268dfdc4035bdaf9acb/macOS/DuckDuckGo/Localization/Localizable.xcstrings#L66822
macOS,body,DuckDuckGo,import.summary.bookmarks.imported.partial,,Bookmarks Imported: %1$d / %2$d,Summary text showing number of bookmarks successfully imported out of total attempted,,%1$d %2$d,true,extracted_with_value,,apps/apple/macOS/DuckDuckGo/Localization/Localizable.xcstrings,66882,https://github.com/duckduckgo/apple-browsers/blob/6ba278262f04039a7e24d268dfdc4035bdaf9acb/macOS/DuckDuckGo/Localization/Localizable.xcstrings#L66882
macOS,body,DuckDuckGo,import.summary.credit.cards.imported,,Credit Cards Imported: %d,Summary text showing number of credit cards successfully imported,,%d,true,extracted_with_value,,apps/apple/macOS/DuckDuckGo/Localization/Localizable.xcstrings,66942,https://github.com/duckduckgo/apple-browsers/blob/6ba278262f04039a7e24d268dfdc4035bdaf9acb/macOS/DuckDuckGo/Localization/Localizable.xcstrings#L66942
macOS,body,DuckDuckGo,import.summary.credit.cards.imported.partial,,Credit Cards Imported: %1$d / %2$d,Summary text showing number of credit cards successfully imported out of total attempted,,%1$d %2$d,true,extracted_with_value,,apps/apple/macOS/DuckDuckGo/Localization/Localizable.xcstrings,67002,https://github.com/duckduckgo/apple-browsers/blob/6ba278262f04039a7e24d268dfdc4035bdaf9acb/macOS/DuckDuckGo/Localization/Localizable.xcstrings#L67002
macOS,body,DuckDuckGo,import.summary.details.total.passwords.imported,,Total Passwords Imported:,Title for the total number of passwords imported,,,true,extracted_with_value,,apps/apple/macOS/DuckDuckGo/Localization/Localizable.xcstrings,67362,https://github.com/duckduckgo/apple-browsers/blob/6ba278262f04039a7e24d268dfdc4035bdaf9acb/macOS/DuckDuckGo/Localization/Localizable.xcstrings#L67362
macOS,body,DuckDuckGo,import.summary.duplicates.skipped,,Duplicates Skipped: %d,Summary text showing number of duplicate items that were skipped during import,,%d,true,extracted_with_value,,apps/apple/macOS/DuckDuckGo/Localization/Localizable.xcstrings,67422,https://github.com/duckduckgo/apple-browsers/blob/6ba278262f04039a7e24d268dfdc4035bdaf9acb/macOS/DuckDuckGo/Localization/Localizable.xcstrings#L67422
macOS,body,DuckDuckGo,import.summary.passwords.imported,,Passwords Imported: %d,Summary text showing number of passwords successfully imported,,%d,true,extracted_with_value,,apps/apple/macOS/DuckDuckGo/Localization/Localizable.xcstrings,67542,https://github.com/duckduckgo/apple-browsers/blob/6ba278262f04039a7e24d268dfdc4035bdaf9acb/macOS/DuckDuckGo/Localization/Localizable.xcstrings#L67542
macOS,body,DuckDuckGo,import.summary.passwords.imported.partial,,Passwords Imported: %1$d / %2$d,Summary text showing number of passwords successfully imported out of total attempted,,%1$d %2$d,true,extracted_with_value,,apps/apple/macOS/DuckDuckGo/Localization/Localizable.xcstrings,67602,https://github.com/duckduckgo/apple-browsers/blob/6ba278262f04039a7e24d268dfdc4035bdaf9acb/macOS/DuckDuckGo/Localization/Localizable.xcstrings#L67602
macOS,body,DuckDuckGo,import.summary.send.feedback.anonymous.reports,,Anonymous reports help DuckDuckGo fix issues.,Label for section of feedback dialog that explains anonymous reports,,,true,extracted_with_value,,apps/apple/macOS/DuckDuckGo/Localization/Localizable.xcstrings,67662,https://github.com/duckduckgo/apple-browsers/blob/6ba278262f04039a7e24d268dfdc4035bdaf9acb/macOS/DuckDuckGo/Localization/Localizable.xcstrings#L67662
macOS,body,DuckDuckGo,import.summary.view.details,,Details...,View more detailed information about a recent data import.,,,true,extracted_with_value,,apps/apple/macOS/DuckDuckGo/Localization/Localizable.xcstrings,67902,https://github.com/duckduckgo/apple-browsers/blob/6ba278262f04039a7e24d268dfdc4035bdaf9acb/macOS/DuckDuckGo/Localization/Localizable.xcstrings#L67902
macOS,body,DuckDuckGo,import.zip.instructions.safari,,"%1$d Open %2$@ **Safari → File → Export Browsing Data to File...**
%3$d Choose **Bookmarks, Passwords,** and **Credit Cards**, → **Export** and save the file
%4$d Upload the exported ZIP or CSV file to DuckDuckGo",Instructions to import multiple data types exported as ZIP from Safari. %N$d - step number %2$@ - browser icon **bold text**; _italic text_,,%1$d %2$@ %3$d %4$d,true,extracted_with_value,,apps/apple/macOS/DuckDuckGo/Localization/Localizable.xcstrings,68142,https://github.com/duckduckgo/apple-browsers/blob/6ba278262f04039a7e24d268dfdc4035bdaf9acb/macOS/DuckDuckGo/Localization/Localizable.xcstrings#L68142
macOS,body,DuckDuckGo,Incorrect file type or format. Please select a different file.,,Incorrect file type or format. Please select a different file.,,,,true,stale,,apps/apple/macOS/DuckDuckGo/Localization/Localizable.xcstrings,68202,https://github.com/duckduckgo/apple-browsers/blob/6ba278262f04039a7e24d268dfdc4035bdaf9acb/macOS/DuckDuckGo/Localization/Localizable.xcstrings#L68202
macOS,body,DuckDuckGo,invite.dialog.unrecognized.code.message,,We didn’t recognize this Invite Code.,Message to show after user enters an unrecognized invite code,,,true,extracted_with_value,,apps/apple/macOS/DuckDuckGo/Localization/Localizable.xcstrings,68315,https://github.com/duckduckgo/apple-browsers/blob/6ba278262f04039a7e24d268dfdc4035bdaf9acb/macOS/DuckDuckGo/Localization/Localizable.xcstrings#L68315
macOS,body,DuckDuckGo,network.protection.configuration.system-settings.legacy,,Go to Security & Privacy in System Preferences to allow DuckDuckGo VPN to activate,"Text for a label in the VPN popover, displayed after attempting to enable the VPN for the first time while using macOS 12 and below",,,true,extracted_with_value,,apps/apple/macOS/DuckDuckGo/Localization/Localizable.xcstrings,72753,https://github.com/duckduckgo/apple-browsers/blob/6ba278262f04039a7e24d268dfdc4035bdaf9acb/macOS/DuckDuckGo/Localization/Localizable.xcstrings#L72753
macOS,body,DuckDuckGo,network.protection.configuration.system-settings.modern,,Go to Privacy & Security in System Settings to allow DuckDuckGo VPN to activate,"Text for a label in the VPN popover, displayed after attempting to enable the VPN for the first time while using macOS 13 and above",,,true,extracted_with_value,,apps/apple/macOS/DuckDuckGo/Localization/Localizable.xcstrings,72813,https://github.com/duckduckgo/apple-browsers/blob/6ba278262f04039a7e24d268dfdc4035bdaf9acb/macOS/DuckDuckGo/Localization/Localizable.xcstrings#L72813
macOS,body,DuckDuckGo,network.protection.invite.dialog.message,,Enter your invite code to get started.,Message for the VPN invite dialog,,,true,extracted_with_value,,apps/apple/macOS/DuckDuckGo/Localization/Localizable.xcstrings,72873,https://github.com/duckduckgo/apple-browsers/blob/6ba278262f04039a7e24d268dfdc4035bdaf9acb/macOS/DuckDuckGo/Localization/Localizable.xcstrings#L72873
macOS,body,DuckDuckGo,network.protection.invite.field.prompt,,Code,Prompt for the VPN invite code text field,,,true,extracted_with_value,,apps/apple/macOS/DuckDuckGo/Localization/Localizable.xcstrings,72993,https://github.com/duckduckgo/apple-browsers/blob/6ba278262f04039a7e24d268dfdc4035bdaf9acb/macOS/DuckDuckGo/Localization/Localizable.xcstrings#L72993
macOS,body,DuckDuckGo,network.protection.invite.success.message,,"DuckDuckGo's VPN secures all of your device's Internet traffic anytime, anywhere.",Message for the VPN invite success view,,,true,extracted_with_value,,apps/apple/macOS/DuckDuckGo/Localization/Localizable.xcstrings,73053,https://github.com/duckduckgo/apple-browsers/blob/6ba278262f04039a7e24d268dfdc4035bdaf9acb/macOS/DuckDuckGo/Localization/Localizable.xcstrings#L73053
macOS,body,DuckDuckGo,network.protection.navbar.status.view.faq,,FAQs and Support…,The status menu 'FAQ' menu item,,,true,extracted_with_value,,apps/apple/macOS/DuckDuckGo/Localization/Localizable.xcstrings,73173,https://github.com/duckduckgo/apple-browsers/blob/6ba278262f04039a7e24d268dfdc4035bdaf9acb/macOS/DuckDuckGo/Localization/Localizable.xcstrings#L73173
macOS,body,DuckDuckGo,network.protection.system.extension.please.reboot,,VPN update available. Restart your Mac to reconnect.,Message shown to users when they try to enable NetP and they need to reboot the computer to complete the installation,,,true,extracted_with_value,,apps/apple/macOS/DuckDuckGo/Localization/Localizable.xcstrings,73413,https://github.com/duckduckgo/apple-browsers/blob/6ba278262f04039a7e24d268dfdc4035bdaf9acb/macOS/DuckDuckGo/Localization/Localizable.xcstrings#L73413
macOS,body,DuckDuckGo,network.protection.vpn.location.formatter.nearest.location.descriptor,,(Nearest),Description added after the nearest location in the VPN status view,,,true,extracted_with_value,,apps/apple/macOS/DuckDuckGo/Localization/Localizable.xcstrings,73713,https://github.com/duckduckgo/apple-browsers/blob/6ba278262f04039a7e24d268dfdc4035bdaf9acb/macOS/DuckDuckGo/Localization/Localizable.xcstrings#L73713
macOS,body,DuckDuckGo,no.access.to.downloads.folder.legacy,,Grant access in Security & Privacy preferences in System Settings.,Alert presented to user if the app doesn't have rights to access Downloads folder. This is used for macOS version 12 and below,,,true,extracted_with_value,,apps/apple/macOS/DuckDuckGo/Localization/Localizable.xcstrings,75205,https://github.com/duckduckgo/apple-browsers/blob/6ba278262f04039a7e24d268dfdc4035bdaf9acb/macOS/DuckDuckGo/Localization/Localizable.xcstrings#L75205
macOS,body,DuckDuckGo,no.access.to.downloads.folder.modern,,Grant access in Privacy & Security preferences in System Settings.,Alert presented to user if the app doesn't have rights to access Downloads folder. This is used for macOS version 13 and above,,,true,extracted_with_value,,apps/apple/macOS/DuckDuckGo/Localization/Localizable.xcstrings,75265,https://github.com/duckduckgo/apple-browsers/blob/6ba278262f04039a7e24d268dfdc4035bdaf9acb/macOS/DuckDuckGo/Localization/Localizable.xcstrings#L75265
macOS,body,DuckDuckGo,onboarding.addtodock.text,,One last thing. Want to keep DuckDuckGo in your Dock so the browser's always within reach?,Call to action to add the DuckDuckGo app icon to the macOS system dock,,,true,extracted_with_value,,apps/apple/macOS/DuckDuckGo/Localization/Localizable.xcstrings,76608,https://github.com/duckduckgo/apple-browsers/blob/6ba278262f04039a7e24d268dfdc4035bdaf9acb/macOS/DuckDuckGo/Localization/Localizable.xcstrings#L76608
macOS,body,DuckDuckGo,onboarding.importdata.text,,"First, let me help you import your bookmarks 📖 and passwords 🔑 from those less private browsers.",Call to action to import data from other browsers,,,true,extracted_with_value,,apps/apple/macOS/DuckDuckGo/Localization/Localizable.xcstrings,76728,https://github.com/duckduckgo/apple-browsers/blob/6ba278262f04039a7e24d268dfdc4035bdaf9acb/macOS/DuckDuckGo/Localization/Localizable.xcstrings#L76728
macOS,body,DuckDuckGo,onboarding.setdefault.text,,"Next, try setting DuckDuckGo as your default️ browser, so you can open links with peace of mind, every time.",Call to action to set the browser as default,,,true,extracted_with_value,,apps/apple/macOS/DuckDuckGo/Localization/Localizable.xcstrings,76908,https://github.com/duckduckgo/apple-browsers/blob/6ba278262f04039a7e24d268dfdc4035bdaf9acb/macOS/DuckDuckGo/Localization/Localizable.xcstrings#L76908
macOS,body,DuckDuckGo,onboarding.startbrowsing.added-to-dock.text,,"You’re all set! You can find me hanging out in the Dock anytime.

Want to see how I protect you? Try visiting one of your favorite sites 👆

Keep watching the address bar as you go. I’ll be blocking trackers and upgrading the security of your connection when possible 🔒",Call to action to start using the app as a browser,,,true,extracted_with_value,,apps/apple/macOS/DuckDuckGo/Localization/Localizable.xcstrings,76968,https://github.com/duckduckgo/apple-browsers/blob/6ba278262f04039a7e24d268dfdc4035bdaf9acb/macOS/DuckDuckGo/Localization/Localizable.xcstrings#L76968
macOS,body,DuckDuckGo,onboarding.startbrowsing.text,,"You’re all set!

Want to see how I protect you? Try visiting one of your favorite sites 👆

Keep watching the address bar as you go. I’ll be blocking trackers and upgrading the security of your connection when possible 🔒",Call to action to start using the app as a browser,,,true,extracted_with_value,,apps/apple/macOS/DuckDuckGo/Localization/Localizable.xcstrings,77028,https://github.com/duckduckgo/apple-browsers/blob/6ba278262f04039a7e24d268dfdc4035bdaf9acb/macOS/DuckDuckGo/Localization/Localizable.xcstrings#L77028
macOS,body,DuckDuckGo,onboarding.welcome.text,,"Tired of being tracked online? You've come to the right place 👍

I'll help you stay private️ as you search and browse the web. Trackers be gone!",Detailed welcome to the app text,,,true,extracted_with_value,,apps/apple/macOS/DuckDuckGo/Localization/Localizable.xcstrings,77148,https://github.com/duckduckgo/apple-browsers/blob/6ba278262f04039a7e24d268dfdc4035bdaf9acb/macOS/DuckDuckGo/Localization/Localizable.xcstrings#L77148
macOS,body,DuckDuckGo,open.bitwarden.and.log.in.or.unlock,,Open Bitwarden and Log in or Unlock your vault.,Setup of the integration with Bitwarden app,,,true,extracted_with_value,,apps/apple/macOS/DuckDuckGo/Localization/Localizable.xcstrings,77621,https://github.com/duckduckgo/apple-browsers/blob/6ba278262f04039a7e24d268dfdc4035bdaf9acb/macOS/DuckDuckGo/Localization/Localizable.xcstrings#L77621
macOS,body,DuckDuckGo,open.multiple.tabs.alert.message,,Opening a lot of tabs at once may cause the browser to slow down.,Message of a dialog warning the user before opening multiple tabs with history items,,,true,extracted_with_value,,apps/apple/macOS/DuckDuckGo/Localization/Localizable.xcstrings,78281,https://github.com/duckduckgo/apple-browsers/blob/6ba278262f04039a7e24d268dfdc4035bdaf9acb/macOS/DuckDuckGo/Localization/Localizable.xcstrings#L78281
macOS,body,DuckDuckGo,page.crash.message,,Try reloading the page or come back later.,Error page message text shown when a Web Page process had crashed,,,true,extracted_with_value,,apps/apple/macOS/DuckDuckGo/Localization/Localizable.xcstrings,78761,https://github.com/duckduckgo/apple-browsers/blob/6ba278262f04039a7e24d268dfdc4035bdaf9acb/macOS/DuckDuckGo/Localization/Localizable.xcstrings#L78761
macOS,body,DuckDuckGo,passsword.management.save.credentials.fireproof.checkbox.description,,Keeps you signed in after using the Fire Button,"In the password manager dialog, description of the section that allows the user to fireproof a website via a checkbox",,,true,extracted_with_value,,apps/apple/macOS/DuckDuckGo/Localization/Localizable.xcstrings,79601,https://github.com/duckduckgo/apple-browsers/blob/6ba278262f04039a7e24d268dfdc4035bdaf9acb/macOS/DuckDuckGo/Localization/Localizable.xcstrings#L79601
macOS,body,DuckDuckGo,passsword.manager.alert.duplicate.password.description,,You already have a password saved for this username and website.,Text of the alert that explains the password inserted already exists for a given website,,,true,extracted_with_value,,apps/apple/macOS/DuckDuckGo/Localization/Localizable.xcstrings,80081,https://github.com/duckduckgo/apple-browsers/blob/6ba278262f04039a7e24d268dfdc4035bdaf9acb/macOS/DuckDuckGo/Localization/Localizable.xcstrings#L80081
macOS,body,DuckDuckGo,passsword.manager.alert.remove-card.confirmation,,Are you sure you want to delete this saved credit card?,Text of the alert that asks the user to confirm they want to delete a credit card,,,true,extracted_with_value,,apps/apple/macOS/DuckDuckGo/Localization/Localizable.xcstrings,80141,https://github.com/duckduckgo/apple-browsers/blob/6ba278262f04039a7e24d268dfdc4035bdaf9acb/macOS/DuckDuckGo/Localization/Localizable.xcstrings#L80141
macOS,body,DuckDuckGo,passsword.manager.alert.remove-identity.confirmation,,Are you sure you want to delete this saved autofill info?,Text of the alert that asks the user to confirm they want to delete an identity,,,true,extracted_with_value,,apps/apple/macOS/DuckDuckGo/Localization/Localizable.xcstrings,80201,https://github.com/duckduckgo/apple-browsers/blob/6ba278262f04039a7e24d268dfdc4035bdaf9acb/macOS/DuckDuckGo/Localization/Localizable.xcstrings#L80201
macOS,body,DuckDuckGo,passsword.manager.alert.remove-note.confirmation,,Are you sure you want to delete this note?,Text of the alert that asks the user to confirm they want to delete a note,,,true,extracted_with_value,,apps/apple/macOS/DuckDuckGo/Localization/Localizable.xcstrings,80261,https://github.com/duckduckgo/apple-browsers/blob/6ba278262f04039a7e24d268dfdc4035bdaf9acb/macOS/DuckDuckGo/Localization/Localizable.xcstrings#L80261
macOS,body,DuckDuckGo,passsword.manager.alert.remove-password.confirmation,,Are you sure you want to delete this saved password,Text of the alert that asks the user to confirm they want to delete a password,,,true,extracted_with_value,,apps/apple/macOS/DuckDuckGo/Localization/Localizable.xcstrings,80321,https://github.com/duckduckgo/apple-browsers/blob/6ba278262f04039a7e24d268dfdc4035bdaf9acb/macOS/DuckDuckGo/Localization/Localizable.xcstrings#L80321
macOS,body,DuckDuckGo,passsword.manager.empty.state.message,,"If your logins are saved in another browser, you can import them into DuckDuckGo.",In the password manager message when there are no items,,,true,extracted_with_value,,apps/apple/macOS/DuckDuckGo/Localization/Localizable.xcstrings,80441,https://github.com/duckduckgo/apple-browsers/blob/6ba278262f04039a7e24d268dfdc4035bdaf9acb/macOS/DuckDuckGo/Localization/Localizable.xcstrings#L80441
macOS,body,DuckDuckGo,Password import complete. You can now delete the saved passwords file.,,Password import complete. You can now delete the saved passwords file.,message about Passwords Data Import completion,,,true,stale,,apps/apple/macOS/DuckDuckGo/Localization/Localizable.xcstrings,80621,https://github.com/duckduckgo/apple-browsers/blob/6ba278262f04039a7e24d268dfdc4035bdaf9acb/macOS/DuckDuckGo/Localization/Localizable.xcstrings#L80621
macOS,body,DuckDuckGo,password.manager.alert.missing.website.or.username.description,,"To save this password, enter a website or username.",Body text of alert shown when saving a password that has neither a website nor a username,,,true,extracted_with_value,,apps/apple/macOS/DuckDuckGo/Localization/Localizable.xcstrings,80963,https://github.com/duckduckgo/apple-browsers/blob/6ba278262f04039a7e24d268dfdc4035bdaf9acb/macOS/DuckDuckGo/Localization/Localizable.xcstrings#L80963
macOS,body,DuckDuckGo,Passwords:,,Passwords:,Data import summary format of how many passwords were successfully imported.,,,true,stale,,apps/apple/macOS/DuckDuckGo/Localization/Localizable.xcstrings,81083,https://github.com/duckduckgo/apple-browsers/blob/6ba278262f04039a7e24d268dfdc4035bdaf9acb/macOS/DuckDuckGo/Localization/Localizable.xcstrings#L81083
macOS,body,DuckDuckGo,permission.authorization.format,,Allow “%1$@“ to use your %2$@ once?,Popover asking for domain %@ to use camera/mic (%@),,%1$@ %2$@,true,extracted_with_value,,apps/apple/macOS/DuckDuckGo/Localization/Localizable.xcstrings,81557,https://github.com/duckduckgo/apple-browsers/blob/6ba278262f04039a7e24d268dfdc4035bdaf9acb/macOS/DuckDuckGo/Localization/Localizable.xcstrings#L81557
macOS,body,DuckDuckGo,permission.authorization.location,,“%@“ website would like to use your current location.,Popover asking for domain %@ to use location,,%@,true,extracted_with_value,,apps/apple/macOS/DuckDuckGo/Localization/Localizable.xcstrings,81617,https://github.com/duckduckgo/apple-browsers/blob/6ba278262f04039a7e24d268dfdc4035bdaf9acb/macOS/DuckDuckGo/Localization/Localizable.xcstrings#L81617
macOS,body,DuckDuckGo,permission.authorization.microphone,,“%@“ website would like to use your microphone.,Popover asking for domain %@ to use the microphone,,%@,true,extracted_with_value,,apps/apple/macOS/DuckDuckGo/Localization/Localizable.xcstrings,81677,https://github.com/duckduckgo/apple-browsers/blob/6ba278262f04039a7e24d268dfdc4035bdaf9acb/macOS/DuckDuckGo/Localization/Localizable.xcstrings#L81677
macOS,body,DuckDuckGo,permission.authorization.microphone.duckai-dictation,,Duck.ai dictation requires microphone access.,Prompt shown in the OS-microphone-disabled popover when the user starts dictation on Duck.ai,,,true,extracted_with_value,,apps/apple/macOS/DuckDuckGo/Localization/Localizable.xcstrings,81737,https://github.com/duckduckgo/apple-browsers/blob/6ba278262f04039a7e24d268dfdc4035bdaf9acb/macOS/DuckDuckGo/Localization/Localizable.xcstrings#L81737
macOS,body,DuckDuckGo,permission.authorization.microphone.duckai-voice-chat,,Duck.ai voice chat requires microphone access.,Prompt shown in the OS-microphone-disabled popover when the user starts voice chat on Duck.ai,,,true,extracted_with_value,,apps/apple/macOS/DuckDuckGo/Localization/Localizable.xcstrings,81797,https://github.com/duckduckgo/apple-browsers/blob/6ba278262f04039a7e24d268dfdc4035bdaf9acb/macOS/DuckDuckGo/Localization/Localizable.xcstrings#L81797
macOS,body,DuckDuckGo,permission.authorization.popups.format,,Allow “%@” to open a pop-up window?,Popover asking for domain %@ to open a pop-up window,,%@,true,extracted_with_value,,apps/apple/macOS/DuckDuckGo/Localization/Localizable.xcstrings,81917,https://github.com/duckduckgo/apple-browsers/blob/6ba278262f04039a7e24d268dfdc4035bdaf9acb/macOS/DuckDuckGo/Localization/Localizable.xcstrings#L81917
macOS,body,DuckDuckGo,permission.center.autoplay.disclaimer.message,,"DuckDuckGo stops videos with sound from autoplaying on most sites. You can change settings for this site here, and for all sites in",Explains the Autoplay behavior the Permission Center,,,true,extracted_with_value,,apps/apple/macOS/DuckDuckGo/Localization/Localizable.xcstrings,82337,https://github.com/duckduckgo/apple-browsers/blob/6ba278262f04039a7e24d268dfdc4035bdaf9acb/macOS/DuckDuckGo/Localization/Localizable.xcstrings#L82337
macOS,body,DuckDuckGo,permission.center.external.scheme.description,,%1$@ to open “%2$@” links,"Description for external scheme permission, first %@ is domain, second %@ is scheme name",,%1$@ %2$@,true,extracted_with_value,,apps/apple/macOS/DuckDuckGo/Localization/Localizable.xcstrings,82577,https://github.com/duckduckgo/apple-browsers/blob/6ba278262f04039a7e24d268dfdc4035bdaf9acb/macOS/DuckDuckGo/Localization/Localizable.xcstrings#L82577
macOS,body,DuckDuckGo,permission.center.reload.message,,Reload for changes to take effect,Message shown in permission center when permissions have been changed and reload is needed,,,true,extracted_with_value,,apps/apple/macOS/DuckDuckGo/Localization/Localizable.xcstrings,82817,https://github.com/duckduckgo/apple-browsers/blob/6ba278262f04039a7e24d268dfdc4035bdaf9acb/macOS/DuckDuckGo/Localization/Localizable.xcstrings#L82817
macOS,body,DuckDuckGo,permission.geolocation.prompt.format,,Allow “%@“ to use your current location once?,Prompt asking if domain %@ can use location once,,%@,true,extracted_with_value,,apps/apple/macOS/DuckDuckGo/Localization/Localizable.xcstrings,83477,https://github.com/duckduckgo/apple-browsers/blob/6ba278262f04039a7e24d268dfdc4035bdaf9acb/macOS/DuckDuckGo/Localization/Localizable.xcstrings#L83477
macOS,body,DuckDuckGo,permission.popup.blocked.popover,,Pop-Up Blocked,Text of popover warning the user that a pop-up has been blocked,,,true,extracted_with_value,,apps/apple/macOS/DuckDuckGo/Localization/Localizable.xcstrings,84257,https://github.com/duckduckgo/apple-browsers/blob/6ba278262f04039a7e24d268dfdc4035bdaf9acb/macOS/DuckDuckGo/Localization/Localizable.xcstrings#L84257
macOS,body,DuckDuckGo,permission.restart.app,,Restart the DuckDuckGo application,Text shown when app restart is required for permission changes to take effect,,,true,extracted_with_value,,apps/apple/macOS/DuckDuckGo/Localization/Localizable.xcstrings,85018,https://github.com/duckduckgo/apple-browsers/blob/6ba278262f04039a7e24d268dfdc4035bdaf9acb/macOS/DuckDuckGo/Localization/Localizable.xcstrings#L85018
macOS,body,DuckDuckGo,permission.system.location.disabled,,System location disabled. Turn it on in ,Text shown when system location was previously denied. Followed by a link to System Settings,,,true,extracted_with_value,,apps/apple/macOS/DuckDuckGo/Localization/Localizable.xcstrings,85078,https://github.com/duckduckgo/apple-browsers/blob/6ba278262f04039a7e24d268dfdc4035bdaf9acb/macOS/DuckDuckGo/Localization/Localizable.xcstrings#L85078
macOS,body,DuckDuckGo,permission.system.location.enabled,,System location enabled!,Text shown after system location permission has been granted,,,true,extracted_with_value,,apps/apple/macOS/DuckDuckGo/Localization/Localizable.xcstrings,85198,https://github.com/duckduckgo/apple-browsers/blob/6ba278262f04039a7e24d268dfdc4035bdaf9acb/macOS/DuckDuckGo/Localization/Localizable.xcstrings#L85198
macOS,body,DuckDuckGo,permission.system.location.waiting,,Waiting for system permission…,Text shown while waiting for user to respond to system location permission dialog,,,true,extracted_with_value,,apps/apple/macOS/DuckDuckGo/Localization/Localizable.xcstrings,85258,https://github.com/duckduckgo/apple-browsers/blob/6ba278262f04039a7e24d268dfdc4035bdaf9acb/macOS/DuckDuckGo/Localization/Localizable.xcstrings#L85258
macOS,body,DuckDuckGo,permission.system.microphone.disabled,,System microphone access disabled. Turn it on in ,Text shown when system microphone access was previously denied. Followed by a link to System Settings,,,true,extracted_with_value,,apps/apple/macOS/DuckDuckGo/Localization/Localizable.xcstrings,85318,https://github.com/duckduckgo/apple-browsers/blob/6ba278262f04039a7e24d268dfdc4035bdaf9acb/macOS/DuckDuckGo/Localization/Localizable.xcstrings#L85318
macOS,body,DuckDuckGo,phishing-detection.enabled.warning,,Disabling this feature can put your personal information at risk.,A description box to warn users away from disabling the phishing and malware protection feature,,,true,extracted_with_value,,apps/apple/macOS/DuckDuckGo/Localization/Localizable.xcstrings,85858,https://github.com/duckduckgo/apple-browsers/blob/6ba278262f04039a7e24d268dfdc4035bdaf9acb/macOS/DuckDuckGo/Localization/Localizable.xcstrings#L85858
macOS,body,DuckDuckGo,pinned-tabs.discovery.popover.message,,You can now choose to have shared or separate pinned tabs across multiple browser windows.,Info message to users about option to adjust behavior of pinned tabs,,,true,extracted_with_value,,apps/apple/macOS/DuckDuckGo/Localization/Localizable.xcstrings,85978,https://github.com/duckduckgo/apple-browsers/blob/6ba278262f04039a7e24d268dfdc4035bdaf9acb/macOS/DuckDuckGo/Localization/Localizable.xcstrings#L85978
macOS,body,DuckDuckGo,pinned-tabs.discovery.popover.message.2,,You can change this anytime in Settings.,Info message to users about option to adjust behavior of pinned tabs,,,true,extracted_with_value,,apps/apple/macOS/DuckDuckGo/Localization/Localizable.xcstrings,86038,https://github.com/duckduckgo/apple-browsers/blob/6ba278262f04039a7e24d268dfdc4035bdaf9acb/macOS/DuckDuckGo/Localization/Localizable.xcstrings#L86038
macOS,body,DuckDuckGo,pir.feedback-form.category.no-info-on-specific-site,,The scan didn't find my info on a specific site,Description for the feedback form when the scan didn't find user's info on a specific site,,,true,extracted_with_value,,apps/apple/macOS/DuckDuckGo/Localization/Localizable.xcstrings,86998,https://github.com/duckduckgo/apple-browsers/blob/6ba278262f04039a7e24d268dfdc4035bdaf9acb/macOS/DuckDuckGo/Localization/Localizable.xcstrings#L86998
macOS,body,DuckDuckGo,pm.empty.default.cards.description.extended.v2,,Credit cards are stored securely on your device.,Label for empty state description when user has no credit cards saved,,,true,extracted_with_value,,apps/apple/macOS/DuckDuckGo/Localization/Localizable.xcstrings,89332,https://github.com/duckduckgo/apple-browsers/blob/6ba278262f04039a7e24d268dfdc4035bdaf9acb/macOS/DuckDuckGo/Localization/Localizable.xcstrings#L89332
macOS,body,DuckDuckGo,pm.empty.default.description.extended.v2,,"Passwords and credit cards are encrypted. Nobody but you can see them, not even us.",Label for default empty state description,,,true,extracted_with_value,,apps/apple/macOS/DuckDuckGo/Localization/Localizable.xcstrings,89392,https://github.com/duckduckgo/apple-browsers/blob/6ba278262f04039a7e24d268dfdc4035bdaf9acb/macOS/DuckDuckGo/Localization/Localizable.xcstrings#L89392
macOS,body,DuckDuckGo,pm.empty.default.description.extended.v2.autolock.off,,Passwords and credit cards are encrypted.,Label for default empty state description when the autolock feature is off,,,true,extracted_with_value,,apps/apple/macOS/DuckDuckGo/Localization/Localizable.xcstrings,89452,https://github.com/duckduckgo/apple-browsers/blob/6ba278262f04039a7e24d268dfdc4035bdaf9acb/macOS/DuckDuckGo/Localization/Localizable.xcstrings#L89452
macOS,body,DuckDuckGo,pm.empty.default.identities.description.extended.v2,,Identities are stored securely on your device.,Label for empty state description when the user has no identities saved,,,true,extracted_with_value,,apps/apple/macOS/DuckDuckGo/Localization/Localizable.xcstrings,89512,https://github.com/duckduckgo/apple-browsers/blob/6ba278262f04039a7e24d268dfdc4035bdaf9acb/macOS/DuckDuckGo/Localization/Localizable.xcstrings#L89512
macOS,body,DuckDuckGo,pm.empty.default.passwords.description.extended.v2,,"Passwords are encrypted. Nobody but you can see them, not even us.",Label for default empty state description,,,true,extracted_with_value,,apps/apple/macOS/DuckDuckGo/Localization/Localizable.xcstrings,89572,https://github.com/duckduckgo/apple-browsers/blob/6ba278262f04039a7e24d268dfdc4035bdaf9acb/macOS/DuckDuckGo/Localization/Localizable.xcstrings#L89572
macOS,body,DuckDuckGo,pm.empty.default.passwords.description.extended.v2.autolock.off,,Passwords are encrypted.,Label for default empty state description when the autolock feature is off,,,true,extracted_with_value,,apps/apple/macOS/DuckDuckGo/Localization/Localizable.xcstrings,89632,https://github.com/duckduckgo/apple-browsers/blob/6ba278262f04039a7e24d268dfdc4035bdaf9acb/macOS/DuckDuckGo/Localization/Localizable.xcstrings#L89632
macOS,body,DuckDuckGo,pm.enable.email.protection,,Enable Email Protection,Text link to email protection website,,,true,extracted_with_value,,apps/apple/macOS/DuckDuckGo/Localization/Localizable.xcstrings,90232,https://github.com/duckduckgo/apple-browsers/blob/6ba278262f04039a7e24d268dfdc4035bdaf9acb/macOS/DuckDuckGo/Localization/Localizable.xcstrings#L90232
macOS,body,DuckDuckGo,pm.lock-screen.duration,,Your autofill info will remain unlocked until your computer is idle for %@.,Message about the duration for which autofill information remains unlocked on the lock screen.,,%@,true,extracted_with_value,,apps/apple/macOS/DuckDuckGo/Localization/Localizable.xcstrings,90532,https://github.com/duckduckgo/apple-browsers/blob/6ba278262f04039a7e24d268dfdc4035bdaf9acb/macOS/DuckDuckGo/Localization/Localizable.xcstrings#L90532
macOS,body,DuckDuckGo,pm.lock-screen.prompt.autofill,,unlock access to your autofill info,Label presented when autofilling credit card information,,,true,extracted_with_value,,apps/apple/macOS/DuckDuckGo/Localization/Localizable.xcstrings,90712,https://github.com/duckduckgo/apple-browsers/blob/6ba278262f04039a7e24d268dfdc4035bdaf9acb/macOS/DuckDuckGo/Localization/Localizable.xcstrings#L90712
macOS,body,DuckDuckGo,pm.lock-screen.prompt.change-settings,,change your autofill info access settings,Label presented when changing Auto-Lock settings,,,true,extracted_with_value,,apps/apple/macOS/DuckDuckGo/Localization/Localizable.xcstrings,90772,https://github.com/duckduckgo/apple-browsers/blob/6ba278262f04039a7e24d268dfdc4035bdaf9acb/macOS/DuckDuckGo/Localization/Localizable.xcstrings#L90772
macOS,body,DuckDuckGo,pm.lock-screen.prompt.export-logins,,export your usernames and passwords,Label presented when exporting logins,,,true,extracted_with_value,,apps/apple/macOS/DuckDuckGo/Localization/Localizable.xcstrings,90832,https://github.com/duckduckgo/apple-browsers/blob/6ba278262f04039a7e24d268dfdc4035bdaf9acb/macOS/DuckDuckGo/Localization/Localizable.xcstrings#L90832
macOS,body,DuckDuckGo,pm.lock-screen.prompt.unlock-logins,,unlock your passwords and autofill info for you,Label presented when unlocking Autofill,,,true,extracted_with_value,,apps/apple/macOS/DuckDuckGo/Localization/Localizable.xcstrings,90892,https://github.com/duckduckgo/apple-browsers/blob/6ba278262f04039a7e24d268dfdc4035bdaf9acb/macOS/DuckDuckGo/Localization/Localizable.xcstrings#L90892
macOS,body,DuckDuckGo,pm.new.note,,Note,Label for new note title,,,true,extracted_with_value,,apps/apple/macOS/DuckDuckGo/Localization/Localizable.xcstrings,91972,https://github.com/duckduckgo/apple-browsers/blob/6ba278262f04039a7e24d268dfdc4035bdaf9acb/macOS/DuckDuckGo/Localization/Localizable.xcstrings#L91972
macOS,body,DuckDuckGo,pm.note,,Note,Label for note title,,,true,extracted_with_value,,apps/apple/macOS/DuckDuckGo/Localization/Localizable.xcstrings,92032,https://github.com/duckduckgo/apple-browsers/blob/6ba278262f04039a7e24d268dfdc4035bdaf9acb/macOS/DuckDuckGo/Localization/Localizable.xcstrings#L92032
macOS,body,DuckDuckGo,pm.note.empty,,Empty note,Label for empty note title,,,true,extracted_with_value,,apps/apple/macOS/DuckDuckGo/Localization/Localizable.xcstrings,92092,https://github.com/duckduckgo/apple-browsers/blob/6ba278262f04039a7e24d268dfdc4035bdaf9acb/macOS/DuckDuckGo/Localization/Localizable.xcstrings#L92092
macOS,body,DuckDuckGo,pm.private.email.mesage.activate.confirm.content,,Emails sent to %@ will again be forwarded to your inbox.,Text for the confirmation message displayed when a user tries activate a Private Email Address,,%@,true,extracted_with_value,,apps/apple/macOS/DuckDuckGo/Localization/Localizable.xcstrings,92332,https://github.com/duckduckgo/apple-browsers/blob/6ba278262f04039a7e24d268dfdc4035bdaf9acb/macOS/DuckDuckGo/Localization/Localizable.xcstrings#L92332
macOS,body,DuckDuckGo,pm.private.email.mesage.deactivate.confirm.content,,Emails sent to %@ will no longer be forwarded to your inbox.,Text for the confirmation message displayed when a user tries deactivate a Private Email Address,,%@,true,extracted_with_value,,apps/apple/macOS/DuckDuckGo/Localization/Localizable.xcstrings,92512,https://github.com/duckduckgo/apple-browsers/blob/6ba278262f04039a7e24d268dfdc4035bdaf9acb/macOS/DuckDuckGo/Localization/Localizable.xcstrings#L92512
macOS,body,DuckDuckGo,pm.removed.duck.address.content,,You can still manage this Duck Address from emails received from it in your personal inbox.,Content for the alert dialog telling the user an updated username is no longer a private email address,,,true,extracted_with_value,,apps/apple/macOS/DuckDuckGo/Localization/Localizable.xcstrings,92812,https://github.com/duckduckgo/apple-browsers/blob/6ba278262f04039a7e24d268dfdc4035bdaf9acb/macOS/DuckDuckGo/Localization/Localizable.xcstrings#L92812
macOS,body,DuckDuckGo,pm.save-credentials.security.info,,"Passwords are encrypted. Nobody but you can see them, not even us. [Learn More](https://duckduckgo.com/duckduckgo-help-pages/sync-and-backup/password-manager-security/)",Info message for the save credentials dialog,,,true,,,apps/apple/macOS/DuckDuckGo/Localization/Localizable.xcstrings,93112,https://github.com/duckduckgo/apple-browsers/blob/6ba278262f04039a7e24d268dfdc4035bdaf9acb/macOS/DuckDuckGo/Localization/Localizable.xcstrings#L93112
macOS,body,DuckDuckGo,pm.save-credentials.security.info.autolock.off,,Passwords are encrypted. We recommend setting up Auto-lock to keep your passwords even more secure. [Go to Settings](duck://settings/autofill),Info message for the save credentials dialog when the autolock feature is off,,,true,extracted_with_value,,apps/apple/macOS/DuckDuckGo/Localization/Localizable.xcstrings,93171,https://github.com/duckduckgo/apple-browsers/blob/6ba278262f04039a7e24d268dfdc4035bdaf9acb/macOS/DuckDuckGo/Localization/Localizable.xcstrings#L93171
macOS,body,DuckDuckGo,pm.signin.to.manage,,%@ to manage your Duck Addresses on this device.,Message displayed to the user when they are logged out of Email protection.,,%@,true,extracted_with_value,,apps/apple/macOS/DuckDuckGo/Localization/Localizable.xcstrings,93231,https://github.com/duckduckgo/apple-browsers/blob/6ba278262f04039a7e24d268dfdc4035bdaf9acb/macOS/DuckDuckGo/Localization/Localizable.xcstrings#L93231
macOS,body,DuckDuckGo,ppro.feedback-form.disclaimer,,Reports are anonymous and sent to DuckDuckGo to help improve our service,Text for the disclaimer of the PPro feedback form,,,true,extracted_with_value,,apps/apple/macOS/DuckDuckGo/Localization/Localizable.xcstrings,94431,https://github.com/duckduckgo/apple-browsers/blob/6ba278262f04039a7e24d268dfdc4035bdaf9acb/macOS/DuckDuckGo/Localization/Localizable.xcstrings#L94431
macOS,body,DuckDuckGo,ppro.feedback-form.sending-confirmation.description,,Your Feedback will help us improve the DuckDuckGo Subscription.,Title for the feedback sent view description of the feedback form,,,true,extracted_with_value,,apps/apple/macOS/DuckDuckGo/Localization/Localizable.xcstrings,94731,https://github.com/duckduckgo/apple-browsers/blob/6ba278262f04039a7e24d268dfdc4035bdaf9acb/macOS/DuckDuckGo/Localization/Localizable.xcstrings#L94731
macOS,body,DuckDuckGo,ppro.feedback-form.support.text,,Need help? [Contact support.](https://duckduckgo.com/subscription-support),Support link text displayed beneath the feedback form description,,,true,extracted_with_value,,apps/apple/macOS/DuckDuckGo/Localization/Localizable.xcstrings,94911,https://github.com/duckduckgo/apple-browsers/blob/6ba278262f04039a7e24d268dfdc4035bdaf9acb/macOS/DuckDuckGo/Localization/Localizable.xcstrings#L94911
macOS,body,DuckDuckGo,ppro.feedback-form.text-1,,"Found an issue not covered in our [help center](duck://)? We definitely want to know about it.

Tell us what's going on:",Text for the body of the PPro feedback form,,,true,extracted_with_value,,apps/apple/macOS/DuckDuckGo/Localization/Localizable.xcstrings,94971,https://github.com/duckduckgo/apple-browsers/blob/6ba278262f04039a7e24d268dfdc4035bdaf9acb/macOS/DuckDuckGo/Localization/Localizable.xcstrings#L94971
macOS,body,DuckDuckGo,ppro.feedback-form.text-2,,"In addition to the details entered into this form, your app issue report will contain:",Text for the body of the PPro feedback form,,,true,extracted_with_value,,apps/apple/macOS/DuckDuckGo/Localization/Localizable.xcstrings,95031,https://github.com/duckduckgo/apple-browsers/blob/6ba278262f04039a7e24d268dfdc4035bdaf9acb/macOS/DuckDuckGo/Localization/Localizable.xcstrings#L95031
macOS,body,DuckDuckGo,ppro.feedback-form.text-3,,• Whether specific DuckDuckGo features are enabled,Bullet text for the body of the PPro feedback form,,,true,extracted_with_value,,apps/apple/macOS/DuckDuckGo/Localization/Localizable.xcstrings,95091,https://github.com/duckduckgo/apple-browsers/blob/6ba278262f04039a7e24d268dfdc4035bdaf9acb/macOS/DuckDuckGo/Localization/Localizable.xcstrings#L95091
macOS,body,DuckDuckGo,ppro.feedback-form.text-4,,• Aggregate DuckDuckGo app diagnostics,Bullet text for the body of the PPro feedback form,,,true,extracted_with_value,,apps/apple/macOS/DuckDuckGo/Localization/Localizable.xcstrings,95151,https://github.com/duckduckgo/apple-browsers/blob/6ba278262f04039a7e24d268dfdc4035bdaf9acb/macOS/DuckDuckGo/Localization/Localizable.xcstrings#L95151
macOS,body,DuckDuckGo,ppro.feedback-form.text-5,,"By clicking ""Submit"" I agree that DuckDuckGo may use the information in this report for purposes of improving the app's features.",Text for the body of the PPro feedback form,,,true,extracted_with_value,,apps/apple/macOS/DuckDuckGo/Localization/Localizable.xcstrings,95211,https://github.com/duckduckgo/apple-browsers/blob/6ba278262f04039a7e24d268dfdc4035bdaf9acb/macOS/DuckDuckGo/Localization/Localizable.xcstrings#L95211
macOS,body,DuckDuckGo,preferences-homepage.description,,When navigating home or opening new windows.,Homepage behavior description,,,true,extracted_with_value,,apps/apple/macOS/DuckDuckGo/Localization/Localizable.xcstrings,95571,https://github.com/duckduckgo/apple-browsers/blob/6ba278262f04039a7e24d268dfdc4035bdaf9acb/macOS/DuckDuckGo/Localization/Localizable.xcstrings#L95571
macOS,body,DuckDuckGo,preferences-pinned-tabs-warning-message,,"This can only be undone by switching back to ""Separate in each window"" and manually pinning the tabs in each window again.",Content of warning before switching from per window pinned tabs to shared pinned tabs,,,true,extracted_with_value,,apps/apple/macOS/DuckDuckGo/Localization/Localizable.xcstrings,95691,https://github.com/duckduckgo/apple-browsers/blob/6ba278262f04039a7e24d268dfdc4035bdaf9acb/macOS/DuckDuckGo/Localization/Localizable.xcstrings#L95691
macOS,body,DuckDuckGo,preferences.about.duckduckgo-tagline-new,,Protection. Privacy. Peace of Mind.,About screen,,,true,extracted_with_value,,apps/apple/macOS/DuckDuckGo/Localization/Localizable.xcstrings,96231,https://github.com/duckduckgo/apple-browsers/blob/6ba278262f04039a7e24d268dfdc4035bdaf9acb/macOS/DuckDuckGo/Localization/Localizable.xcstrings#L96231
macOS,body,DuckDuckGo,preferences.about.unsupported-device-info1,,DuckDuckGo is no longer providing browser updates for your version of macOS.,This string represents a message informing the user that DuckDuckGo is no longer providing browser updates for their version of macOS,,,true,stale,,apps/apple/macOS/DuckDuckGo/Localization/Localizable.xcstrings,96531,https://github.com/duckduckgo/apple-browsers/blob/6ba278262f04039a7e24d268dfdc4035bdaf9acb/macOS/DuckDuckGo/Localization/Localizable.xcstrings#L96531
macOS,body,DuckDuckGo,preferences.about.unsupported-device-info2,,"Please update to macOS %@ or later to use the most recent version of DuckDuckGo. You can also keep using your current version of the browser, but it will not receive further updates.",Copy in section that tells the user to update their macOS version since their current version is unsupported,,%@,true,stale,,apps/apple/macOS/DuckDuckGo/Localization/Localizable.xcstrings,96591,https://github.com/duckduckgo/apple-browsers/blob/6ba278262f04039a7e24d268dfdc4035bdaf9acb/macOS/DuckDuckGo/Localization/Localizable.xcstrings#L96591
macOS,body,DuckDuckGo,preferences.about.update-info.appstore,,Keep DuckDuckGo up to date by enabling automatic updates in %1$@ > %2$@ > %3$@.,"Informational message shown on the About screen for App Store builds. %1$@ is replaced by 'App Store', %2$@ is replaced by 'App Store menu', %3$@ is replaced by 'Settings'.",,%1$@ %2$@ %3$@,true,extracted_with_value,,apps/apple/macOS/DuckDuckGo/Localization/Localizable.xcstrings,96651,https://github.com/duckduckgo/apple-browsers/blob/6ba278262f04039a7e24d268dfdc4035bdaf9acb/macOS/DuckDuckGo/Localization/Localizable.xcstrings#L96651
macOS,body,DuckDuckGo,preferences.about.update-info.appstore.settings,,Settings,The 'Settings' text that appears bold within the App Store update info message,,,true,extracted_with_value,,apps/apple/macOS/DuckDuckGo/Localization/Localizable.xcstrings,96831,https://github.com/duckduckgo/apple-browsers/blob/6ba278262f04039a7e24d268dfdc4035bdaf9acb/macOS/DuckDuckGo/Localization/Localizable.xcstrings#L96831
macOS,body,DuckDuckGo,preferences.about.update-info.sparkle,,Your app will update automatically when you quit to ensure you always have the latest fixes and improvements.,Informational message shown on the About screen for Sparkle (non-App Store) builds explaining that the app updates automatically,,,true,extracted_with_value,,apps/apple/macOS/DuckDuckGo/Localization/Localizable.xcstrings,96891,https://github.com/duckduckgo/apple-browsers/blob/6ba278262f04039a7e24d268dfdc4035bdaf9acb/macOS/DuckDuckGo/Localization/Localizable.xcstrings#L96891
macOS,body,DuckDuckGo,preferences.about.will-soon-be-unsupported-device-info1,,DuckDuckGo will soon stop providing browser updates for your version of macOS.,This string informs the user that DuckDuckGo will soon discontinue browser updates for their version of macOS,,,true,stale,,apps/apple/macOS/DuckDuckGo/Localization/Localizable.xcstrings,97011,https://github.com/duckduckgo/apple-browsers/blob/6ba278262f04039a7e24d268dfdc4035bdaf9acb/macOS/DuckDuckGo/Localization/Localizable.xcstrings#L97011
macOS,body,DuckDuckGo,preferences.about.will-soon-be-unsupported-device-info2,,"Please update to macOS %@ or later to continue receiving DuckDuckGo browser updates. You can still use your current browser version, but updates will be discontinued soon.","This string informs the user to update their macOS version to continue receiving DuckDuckGo browser updates, as their current version of macOS will soon be unsupported",,%@,true,stale,,apps/apple/macOS/DuckDuckGo/Localization/Localizable.xcstrings,97071,https://github.com/duckduckgo/apple-browsers/blob/6ba278262f04039a7e24d268dfdc4035bdaf9acb/macOS/DuckDuckGo/Localization/Localizable.xcstrings#L97071
macOS,body,DuckDuckGo,preferences.ad-blocking.description,,"Blocks invasive trackers before they load, effectively eliminating ads that rely on tracking.",Description of the Ad Blocking feature in preferences,,,true,extracted_with_value,,apps/apple/macOS/DuckDuckGo/Localization/Localizable.xcstrings,97191,https://github.com/duckduckgo/apple-browsers/blob/6ba278262f04039a7e24d268dfdc4035bdaf9acb/macOS/DuckDuckGo/Localization/Localizable.xcstrings#L97191
macOS,body,DuckDuckGo,preferences.add-to-dock.instructions,,Get quick access to protected browsing. Add DuckDuckGo to your Dock.,Instructions for adding the app to the Dock,,,true,extracted_with_value,,apps/apple/macOS/DuckDuckGo/Localization/Localizable.xcstrings,97431,https://github.com/duckduckgo/apple-browsers/blob/6ba278262f04039a7e24d268dfdc4035bdaf9acb/macOS/DuckDuckGo/Localization/Localizable.xcstrings#L97431
macOS,body,DuckDuckGo,preferences.add-to-dock.instructions-caption,,"Hold control and click the DuckDuckGo icon, then choose Options > Keep in Dock.",Instructions for adding the app to the Dock.,,,true,stale,,apps/apple/macOS/DuckDuckGo/Localization/Localizable.xcstrings,97491,https://github.com/duckduckgo/apple-browsers/blob/6ba278262f04039a7e24d268dfdc4035bdaf9acb/macOS/DuckDuckGo/Localization/Localizable.xcstrings#L97491
macOS,body,DuckDuckGo,preferences.add-to-dock.instructions-caption.markdown,,"Hold control and click the DuckDuckGo icon, then choose **Options > Keep in Dock**.",Instructions for adding the app to the Dock. Contains markdown for bold text.,,,true,extracted_with_value,,apps/apple/macOS/DuckDuckGo/Localization/Localizable.xcstrings,97551,https://github.com/duckduckgo/apple-browsers/blob/6ba278262f04039a7e24d268dfdc4035bdaf9acb/macOS/DuckDuckGo/Localization/Localizable.xcstrings#L97551
macOS,body,DuckDuckGo,preferences.appearance.force-dark-mode-on-websites.footer,,Gives websites a dark appearance if you're using dark theme.,Footer shown below the force dark mode toggle explaining its behavior,,,true,extracted_with_value,,apps/apple/macOS/DuckDuckGo/Localization/Localizable.xcstrings,97971,https://github.com/duckduckgo/apple-browsers/blob/6ba278262f04039a7e24d268dfdc4035bdaf9acb/macOS/DuckDuckGo/Localization/Localizable.xcstrings#L97971
macOS,body,DuckDuckGo,preferences.autoplay.caption,,Doesn't apply to videos opened in Duck Player when 'Autoplay videos when opened in Duck Player' is on.,Caption for the autoplay blocking preference picker in General preferences,,,true,extracted_with_value,,apps/apple/macOS/DuckDuckGo/Localization/Localizable.xcstrings,98871,https://github.com/duckduckgo/apple-browsers/blob/6ba278262f04039a7e24d268dfdc4035bdaf9acb/macOS/DuckDuckGo/Localization/Localizable.xcstrings#L98871
macOS,body,DuckDuckGo,preferences.default-browser.inactive,,DuckDuckGo is not your default browser.,Indicate that the browser is not the default,,,true,extracted_with_value,,apps/apple/macOS/DuckDuckGo/Localization/Localizable.xcstrings,99471,https://github.com/duckduckgo/apple-browsers/blob/6ba278262f04039a7e24d268dfdc4035bdaf9acb/macOS/DuckDuckGo/Localization/Localizable.xcstrings#L99471
macOS,body,DuckDuckGo,preferences.is-added-to-dock,,DuckDuckGo is added to the Dock.,Indicates that the browser is added to the macOS system Dock,,,true,extracted_with_value,,apps/apple/macOS/DuckDuckGo/Localization/Localizable.xcstrings,100011,https://github.com/duckduckgo/apple-browsers/blob/6ba278262f04039a7e24d268dfdc4035bdaf9acb/macOS/DuckDuckGo/Localization/Localizable.xcstrings#L100011
macOS,body,DuckDuckGo,preferences.not-added-to-dock,,DuckDuckGo is not added to the Dock.,Indicate that the browser is not added to macOS system Dock,,,true,extracted_with_value,,apps/apple/macOS/DuckDuckGo/Localization/Localizable.xcstrings,100131,https://github.com/duckduckgo/apple-browsers/blob/6ba278262f04039a7e24d268dfdc4035bdaf9acb/macOS/DuckDuckGo/Localization/Localizable.xcstrings#L100131
macOS,body,DuckDuckGo,preferences.open-fire-window-by-default.explanation,,Open Fire Windows by default when opening new windows (%1$@). You can still open a regular browser window when this setting is on (%2$@).,Explanation for the option to make all new windows Fire Windows. The %@ will be replaced with a keyboard shortcut for opening new Fire Windows and regular Windows (e.g. '⌘N' and '⇧⌘N').,,%1$@ %2$@,true,extracted_with_value,,apps/apple/macOS/DuckDuckGo/Localization/Localizable.xcstrings,100311,https://github.com/duckduckgo/apple-browsers/blob/6ba278262f04039a7e24d268dfdc4035bdaf9acb/macOS/DuckDuckGo/Localization/Localizable.xcstrings#L100311
macOS,body,DuckDuckGo,preferences.scam-blocker.toggle-caption,,Disabling this feature can put your personal information at risk.,Caption explaining the risk of disabling scam blocker protection,,,true,extracted_with_value,,apps/apple/macOS/DuckDuckGo/Localization/Localizable.xcstrings,100791,https://github.com/duckduckgo/apple-browsers/blob/6ba278262f04039a7e24d268dfdc4035bdaf9acb/macOS/DuckDuckGo/Localization/Localizable.xcstrings#L100791
macOS,body,DuckDuckGo,preferences.smarter-encryption.description,,Automatically upgrades links to HTTPS whenever possible.,Description explaining the Smarter Encryption feature,,,true,extracted_with_value,,apps/apple/macOS/DuckDuckGo/Localization/Localizable.xcstrings,101091,https://github.com/duckduckgo/apple-browsers/blob/6ba278262f04039a7e24d268dfdc4035bdaf9acb/macOS/DuckDuckGo/Localization/Localizable.xcstrings#L101091
macOS,body,DuckDuckGo,preferences.sync.auto-lock-prompt,,Unlock device to setup Sync & Backup,Reason for auth when setting up Sync,,,true,extracted_with_value,,apps/apple/macOS/DuckDuckGo/Localization/Localizable.xcstrings,101631,https://github.com/duckduckgo/apple-browsers/blob/6ba278262f04039a7e24d268dfdc4035bdaf9acb/macOS/DuckDuckGo/Localization/Localizable.xcstrings#L101631
macOS,body,DuckDuckGo,preferences.threat-protection.caption,,DuckDuckGo's enhanced protections stop common threats while keeping your connection secure.,Caption of the option to show the Threat Protection preferences,,,true,extracted_with_value,,apps/apple/macOS/DuckDuckGo/Localization/Localizable.xcstrings,101751,https://github.com/duckduckgo/apple-browsers/blob/6ba278262f04039a7e24d268dfdc4035bdaf9acb/macOS/DuckDuckGo/Localization/Localizable.xcstrings#L101751
macOS,body,DuckDuckGo,preferences.youtube-ad-blocking.explanation,,"DuckDuckGo blocks video ads on YouTube, so you can watch videos without interruption.",Explanation of the YouTube Ad Blocking feature,,,true,extracted_with_value,,apps/apple/macOS/DuckDuckGo/Localization/Localizable.xcstrings,102051,https://github.com/duckduckgo/apple-browsers/blob/6ba278262f04039a7e24d268dfdc4035bdaf9acb/macOS/DuckDuckGo/Localization/Localizable.xcstrings#L102051
macOS,body,DuckDuckGo,preferences.youtube-ad-blocking.popover.breakage-report.description,,Send an anonymous report to DuckDuckGo and help make ad blocking better for everyone!,Description below the breakage report send button in the YouTube Ad Blocking popover,,,true,extracted_with_value,,apps/apple/macOS/DuckDuckGo/Localization/Localizable.xcstrings,102291,https://github.com/duckduckgo/apple-browsers/blob/6ba278262f04039a7e24d268dfdc4035bdaf9acb/macOS/DuckDuckGo/Localization/Localizable.xcstrings#L102291
macOS,body,DuckDuckGo,preferences.youtube-ad-blocking.popover.row-description,,"If you encounter video playback issues, disabling Ad Blocking may fix the issue.",Description below the on/off dropdown in the YouTube Ad Blocking address bar popover,,,true,extracted_with_value,,apps/apple/macOS/DuckDuckGo/Localization/Localizable.xcstrings,102531,https://github.com/duckduckgo/apple-browsers/blob/6ba278262f04039a7e24d268dfdc4035bdaf9acb/macOS/DuckDuckGo/Localization/Localizable.xcstrings#L102531
macOS,body,DuckDuckGo,preferences.youtube-ad-blocking.toggle.footer,,"When on, DuckDuckGo will anonymously detect ad blocking interference or YouTube errors, to improve the experience for everyone. DuckDuckGo never sees which videos you view or any personally identifiable information.",Description shown below the YouTube ad blocking toggle,,,true,extracted_with_value,,apps/apple/macOS/DuckDuckGo/Localization/Localizable.xcstrings,102711,https://github.com/duckduckgo/apple-browsers/blob/6ba278262f04039a7e24d268dfdc4035bdaf9acb/macOS/DuckDuckGo/Localization/Localizable.xcstrings#L102711
macOS,body,DuckDuckGo,preferences.youtube-ad-blocking.unavailable.message,,Ad Blocking has been affected by recent changes to YouTube. We're working to fix these issues and appreciate your understanding.,Body text of the message shown when YouTube Ad Blocking is currently unavailable due to remote changes,,,true,extracted_with_value,,apps/apple/macOS/DuckDuckGo/Localization/Localizable.xcstrings,102771,https://github.com/duckduckgo/apple-browsers/blob/6ba278262f04039a7e24d268dfdc4035bdaf9acb/macOS/DuckDuckGo/Localization/Localizable.xcstrings#L102771
macOS,body,DuckDuckGo,prefrences.sync.bad.request.description,,Some bookmarks are formatted incorrectly or too long and were not synced.,Description of incorrectly formatted data error when syncing.,,,true,extracted_with_value,,apps/apple/macOS/DuckDuckGo/Localization/Localizable.xcstrings,102891,https://github.com/duckduckgo/apple-browsers/blob/6ba278262f04039a7e24d268dfdc4035bdaf9acb/macOS/DuckDuckGo/Localization/Localizable.xcstrings#L102891
macOS,body,DuckDuckGo,prefrences.sync.bookmarks-limit-exceeded-description,,You've reached the maximum number of bookmarks. Please delete some to resume sync.,Description for sync bookmarks limits exceeded warning,,,true,extracted_with_value,,apps/apple/macOS/DuckDuckGo/Localization/Localizable.xcstrings,103011,https://github.com/duckduckgo/apple-browsers/blob/6ba278262f04039a7e24d268dfdc4035bdaf9acb/macOS/DuckDuckGo/Localization/Localizable.xcstrings#L103011
macOS,body,DuckDuckGo,prefrences.sync.credentials-limit-exceeded-description,,You've reached the maximum number of passwords. Please delete some to resume sync.,Description for sync credentials limits exceeded warning,,,true,extracted_with_value,,apps/apple/macOS/DuckDuckGo/Localization/Localizable.xcstrings,103191,https://github.com/duckduckgo/apple-browsers/blob/6ba278262f04039a7e24d268dfdc4035bdaf9acb/macOS/DuckDuckGo/Localization/Localizable.xcstrings#L103191
macOS,body,DuckDuckGo,prefrences.sync.credentials.bad.request.description,,Some passwords are formatted incorrectly or too long and were not synced.,Description of incorrectly formatted data error when syncing.,,,true,extracted_with_value,,apps/apple/macOS/DuckDuckGo/Localization/Localizable.xcstrings,103251,https://github.com/duckduckgo/apple-browsers/blob/6ba278262f04039a7e24d268dfdc4035bdaf9acb/macOS/DuckDuckGo/Localization/Localizable.xcstrings#L103251
macOS,body,DuckDuckGo,prefrences.sync.credit-cards-limit-exceeded-description,,You've reached the maximum number of credit cards. Please delete some to resume sync.,Description for sync credit cards limits exceeded warning,,,true,extracted_with_value,,apps/apple/macOS/DuckDuckGo/Localization/Localizable.xcstrings,103371,https://github.com/duckduckgo/apple-browsers/blob/6ba278262f04039a7e24d268dfdc4035bdaf9acb/macOS/DuckDuckGo/Localization/Localizable.xcstrings#L103371
macOS,body,DuckDuckGo,prefrences.sync.credit-cards.bad.request.description,,Some credit cards are formatted incorrectly or too long and were not synced.,Description of incorrectly formatted data error when syncing.,,,true,extracted_with_value,,apps/apple/macOS/DuckDuckGo/Localization/Localizable.xcstrings,103431,https://github.com/duckduckgo/apple-browsers/blob/6ba278262f04039a7e24d268dfdc4035bdaf9acb/macOS/DuckDuckGo/Localization/Localizable.xcstrings#L103431
macOS,body,DuckDuckGo,prefrences.sync.identities-limit-exceeded-description,,You've reached the maximum number of identities. Please delete some to resume sync.,Description for sync identities limits exceeded warning,,,true,extracted_with_value,,apps/apple/macOS/DuckDuckGo/Localization/Localizable.xcstrings,103551,https://github.com/duckduckgo/apple-browsers/blob/6ba278262f04039a7e24d268dfdc4035bdaf9acb/macOS/DuckDuckGo/Localization/Localizable.xcstrings#L103551
macOS,body,DuckDuckGo,prefrences.sync.identities.bad.request.description,,Some identities are formatted incorrectly or too long and were not synced.,Description of incorrectly formatted data error when syncing.,,,true,extracted_with_value,,apps/apple/macOS/DuckDuckGo/Localization/Localizable.xcstrings,103611,https://github.com/duckduckgo/apple-browsers/blob/6ba278262f04039a7e24d268dfdc4035bdaf9acb/macOS/DuckDuckGo/Localization/Localizable.xcstrings#L103611
macOS,body,DuckDuckGo,private.search.explenation,,"DuckDuckGo Private Search is your default search engine, so you can search the web without being tracked.",feature explanation in settings,,,true,extracted_with_value,,apps/apple/macOS/DuckDuckGo/Localization/Localizable.xcstrings,103851,https://github.com/duckduckgo/apple-browsers/blob/6ba278262f04039a7e24d268dfdc4035bdaf9acb/macOS/DuckDuckGo/Localization/Localizable.xcstrings#L103851
macOS,body,DuckDuckGo,quit-survey.affected-domains.footnote,,Select recent domains from your local browsing history,Footnote explaining domain list source in quit survey,,,true,extracted_with_value,,apps/apple/macOS/DuckDuckGo/Localization/Localizable.xcstrings,103971,https://github.com/duckduckgo/apple-browsers/blob/6ba278262f04039a7e24d268dfdc4035bdaf9acb/macOS/DuckDuckGo/Localization/Localizable.xcstrings#L103971
macOS,body,DuckDuckGo,quit-survey.auto-quit-message,,The browser will automatically close in %d seconds...,Message indicating browser will auto-quit. %d is the number of seconds remaining,,%d,true,extracted_with_value,,apps/apple/macOS/DuckDuckGo/Localization/Localizable.xcstrings,104211,https://github.com/duckduckgo/apple-browsers/blob/6ba278262f04039a7e24d268dfdc4035bdaf9acb/macOS/DuckDuckGo/Localization/Localizable.xcstrings#L104211
macOS,body,DuckDuckGo,quit-survey.disclaimer,,"Reports sent to DuckDuckGo are 100% anonymous and only include your selections above, your message, browser version, and macOS version. Please do not include any personal or identifying information in your feedback.",Privacy disclaimer in quit survey,,% a,true,extracted_with_value,,apps/apple/macOS/DuckDuckGo/Localization/Localizable.xcstrings,104331,https://github.com/duckduckgo/apple-browsers/blob/6ba278262f04039a7e24d268dfdc4035bdaf9acb/macOS/DuckDuckGo/Localization/Localizable.xcstrings#L104331
macOS,body,DuckDuckGo,quit-survey.initial-question,,How was your experience with the DuckDuckGo browser?,Question shown in the quit survey dialog asking about user's experience,,,true,extracted_with_value,,apps/apple/macOS/DuckDuckGo/Localization/Localizable.xcstrings,104391,https://github.com/duckduckgo/apple-browsers/blob/6ba278262f04039a7e24d268dfdc4035bdaf9acb/macOS/DuckDuckGo/Localization/Localizable.xcstrings#L104391
macOS,body,DuckDuckGo,quit-survey.option.couldnt-import-pay-details,,Couldn't import pay details,Quit survey feedback option - onboarding,,,true,stale,,apps/apple/macOS/DuckDuckGo/Localization/Localizable.xcstrings,105231,https://github.com/duckduckgo/apple-browsers/blob/6ba278262f04039a7e24d268dfdc4035bdaf9acb/macOS/DuckDuckGo/Localization/Localizable.xcstrings#L105231
macOS,body,DuckDuckGo,quit-survey.select-all-that-apply,,Select all that apply,Instruction text for quit survey feedback options,,,true,extracted_with_value,,apps/apple/macOS/DuckDuckGo/Localization/Localizable.xcstrings,107211,https://github.com/duckduckgo/apple-browsers/blob/6ba278262f04039a7e24d268dfdc4035bdaf9acb/macOS/DuckDuckGo/Localization/Localizable.xcstrings#L107211
macOS,body,DuckDuckGo,remove.recent.chat.confirmation.message,,"""%@"" will be permanently deleted everywhere.",Message for the confirmation alert when deleting a recent Duck.ai chat. %@ is the chat title.,,%@,true,extracted_with_value,,apps/apple/macOS/DuckDuckGo/Localization/Localizable.xcstrings,108037,https://github.com/duckduckgo/apple-browsers/blob/6ba278262f04039a7e24d268dfdc4035bdaf9acb/macOS/DuckDuckGo/Localization/Localizable.xcstrings#L108037
macOS,body,DuckDuckGo,restart.bitwarden.info,,Bitwarden is not responding. Please restart it to initiate the communication again,This string represents a message informing the user that Bitwarden is not responding and prompts them to restart the application to initiate communication again.,,,true,extracted_with_value,,apps/apple/macOS/DuckDuckGo/Localization/Localizable.xcstrings,108750,https://github.com/duckduckgo/apple-browsers/blob/6ba278262f04039a7e24d268dfdc4035bdaf9acb/macOS/DuckDuckGo/Localization/Localizable.xcstrings#L108750
macOS,body,DuckDuckGo,sad.att.add-to-dock.banner.message,,Make DuckDuckGo your default browser and add to Dock,Body of the banner view that invites users to set DuckDuckGo as their default browser and add to their Dock,,,true,extracted_with_value,,apps/apple/macOS/DuckDuckGo/Localization/Localizable.xcstrings,108810,https://github.com/duckduckgo/apple-browsers/blob/6ba278262f04039a7e24d268dfdc4035bdaf9acb/macOS/DuckDuckGo/Localization/Localizable.xcstrings#L108810
macOS,body,DuckDuckGo,sad.att.add-to-dock.inactive-user.message,,Add DuckDuckGo to your Dock for quick access to protections other browsers don't provide.,Body of a modal view inviting inactive users to add DuckDuckGo to their Dock,,,true,extracted_with_value,,apps/apple/macOS/DuckDuckGo/Localization/Localizable.xcstrings,108870,https://github.com/duckduckgo/apple-browsers/blob/6ba278262f04039a7e24d268dfdc4035bdaf9acb/macOS/DuckDuckGo/Localization/Localizable.xcstrings#L108870
macOS,body,DuckDuckGo,sad.att.add-to-dock.popover.message,,Get quick access to protected browsing when you add DuckDuckGo to your Dock.,Body of the popover that invites users to add DuckDuckGo to their Dock,,,true,extracted_with_value,,apps/apple/macOS/DuckDuckGo/Localization/Localizable.xcstrings,108990,https://github.com/duckduckgo/apple-browsers/blob/6ba278262f04039a7e24d268dfdc4035bdaf9acb/macOS/DuckDuckGo/Localization/Localizable.xcstrings#L108990
macOS,body,DuckDuckGo,sad.att.both.inactive-user.message,,Add DuckDuckGo to your Dock and set it as your default browser to protect more of what you do online.,Body of a modal view inviting inactive users to set DuckDuckGo as their default browser and add to their Dock,,,true,extracted_with_value,,apps/apple/macOS/DuckDuckGo/Localization/Localizable.xcstrings,109230,https://github.com/duckduckgo/apple-browsers/blob/6ba278262f04039a7e24d268dfdc4035bdaf9acb/macOS/DuckDuckGo/Localization/Localizable.xcstrings#L109230
macOS,body,DuckDuckGo,sad.att.both.popover.message,,Add DuckDuckGo to your Dock and set as your default browser to protect more of what you do online.,Body of the popover that invites users to set DuckDuckGo as their default browser and add to their Dock,,,true,extracted_with_value,,apps/apple/macOS/DuckDuckGo/Localization/Localizable.xcstrings,109350,https://github.com/duckduckgo/apple-browsers/blob/6ba278262f04039a7e24d268dfdc4035bdaf9acb/macOS/DuckDuckGo/Localization/Localizable.xcstrings#L109350
macOS,body,DuckDuckGo,sad.att.set-as-default.banner.message,,DuckDuckGo isn't your default browser. Get more protection,Body of the banner view that invites users to set DuckDuckGo as their default browser,,,true,extracted_with_value,,apps/apple/macOS/DuckDuckGo/Localization/Localizable.xcstrings,109770,https://github.com/duckduckgo/apple-browsers/blob/6ba278262f04039a7e24d268dfdc4035bdaf9acb/macOS/DuckDuckGo/Localization/Localizable.xcstrings#L109770
macOS,body,DuckDuckGo,sad.att.set-as-default.inactive-user.message,,Make DuckDuckGo your default browser to protect more of what you do online.,Body of a modal view inviting inactive users to set DuckDuckGo as their default browser,,,true,extracted_with_value,,apps/apple/macOS/DuckDuckGo/Localization/Localizable.xcstrings,109830,https://github.com/duckduckgo/apple-browsers/blob/6ba278262f04039a7e24d268dfdc4035bdaf9acb/macOS/DuckDuckGo/Localization/Localizable.xcstrings#L109830
macOS,body,DuckDuckGo,sad.att.set-as-default.popover.message,,Open all site links in DuckDuckGo to protect more of what you do online.,Body of the popover that invites users to set DuckDuckGo as their default browser,,,true,extracted_with_value,,apps/apple/macOS/DuckDuckGo/Localization/Localizable.xcstrings,109950,https://github.com/duckduckgo/apple-browsers/blob/6ba278262f04039a7e24d268dfdc4035bdaf9acb/macOS/DuckDuckGo/Localization/Localizable.xcstrings#L109950
macOS,body,DuckDuckGo,sad.att.set-as-default.prompt.primaary,,Set As Default…,Button primary action title that appears on a prompt inviting users to set DuckDuckGo as their default browser,,,true,extracted_with_value,,apps/apple/macOS/DuckDuckGo/Localization/Localizable.xcstrings,110010,https://github.com/duckduckgo/apple-browsers/blob/6ba278262f04039a7e24d268dfdc4035bdaf9acb/macOS/DuckDuckGo/Localization/Localizable.xcstrings#L110010
macOS,body,DuckDuckGo,sat.att.add-to-dock.banner.message,,Get quick access to protected browsing,Body of the banner view that invites users to add DuckDuckGo to their Dock,,,true,extracted_with_value,,apps/apple/macOS/DuckDuckGo/Localization/Localizable.xcstrings,110070,https://github.com/duckduckgo/apple-browsers/blob/6ba278262f04039a7e24d268dfdc4035bdaf9acb/macOS/DuckDuckGo/Localization/Localizable.xcstrings#L110070
macOS,body,DuckDuckGo,scroll.to.find.app.settings,,Scroll to find the App Settings (All Accounts) section.,Setup of the integration with Bitwarden app,,,true,extracted_with_value,,apps/apple/macOS/DuckDuckGo/Localization/Localizable.xcstrings,110250,https://github.com/duckduckgo/apple-browsers/blob/6ba278262f04039a7e24d268dfdc4035bdaf9acb/macOS/DuckDuckGo/Localization/Localizable.xcstrings#L110250
macOS,body,DuckDuckGo,select.bitwarden.preferences,,Select Bitwarden → Preferences from the Mac menu bar.,Setup of the integration with Bitwarden app (up to and including macOS 12),,,true,extracted_with_value,,apps/apple/macOS/DuckDuckGo/Localization/Localizable.xcstrings,110482,https://github.com/duckduckgo/apple-browsers/blob/6ba278262f04039a7e24d268dfdc4035bdaf9acb/macOS/DuckDuckGo/Localization/Localizable.xcstrings#L110482
macOS,body,DuckDuckGo,select.bitwarden.settings,,Select Bitwarden → Settings from the Mac menu bar.,Setup of the integration with Bitwarden app (macOS 13 and above),,,true,extracted_with_value,,apps/apple/macOS/DuckDuckGo/Localization/Localizable.xcstrings,110542,https://github.com/duckduckgo/apple-browsers/blob/6ba278262f04039a7e24d268dfdc4035bdaf9acb/macOS/DuckDuckGo/Localization/Localizable.xcstrings#L110542
macOS,body,DuckDuckGo,send.browser.feedback.feedback-helps,,Your feedback will help us improve the DuckDuckGo browser.,Text shown to the user when they provide feedback.,,,true,extracted_with_value,,apps/apple/macOS/DuckDuckGo/Localization/Localizable.xcstrings,110662,https://github.com/duckduckgo/apple-browsers/blob/6ba278262f04039a7e24d268dfdc4035bdaf9acb/macOS/DuckDuckGo/Localization/Localizable.xcstrings#L110662
macOS,body,DuckDuckGo,send.browser.feedback.thankyou,,Thank you!,Thanks the user for sending feedback,,,true,extracted_with_value,,apps/apple/macOS/DuckDuckGo/Localization/Localizable.xcstrings,110962,https://github.com/duckduckgo/apple-browsers/blob/6ba278262f04039a7e24d268dfdc4035bdaf9acb/macOS/DuckDuckGo/Localization/Localizable.xcstrings#L110962
macOS,body,DuckDuckGo,session.restore.prompt.explanation,,You can also do this later from %1$@ → %2$@.,Explanation of how the user can restore the previous browser session after a crash later. Parameters are strings for the menu items where the session can be restored: History → Reopen All Windows From Last Session.,,%1$@ %2$@,true,stale,,apps/apple/macOS/DuckDuckGo/Localization/Localizable.xcstrings,111262,https://github.com/duckduckgo/apple-browsers/blob/6ba278262f04039a7e24d268dfdc4035bdaf9acb/macOS/DuckDuckGo/Localization/Localizable.xcstrings#L111262
macOS,body,DuckDuckGo,session.restore.prompt.explanation.markdown,,You can also do this later from **%1$@** → **%2$@**.,Explanation of how the user can restore the previous browser session after a crash later. Parameters are strings for the menu items where the session can be restored: History → Reopen All Windows From Last Session. Please make sure to keep **%1$@** and **%2$@** intact.,,%1$@ %2$@,true,extracted_with_value,,apps/apple/macOS/DuckDuckGo/Localization/Localizable.xcstrings,111322,https://github.com/duckduckgo/apple-browsers/blob/6ba278262f04039a7e24d268dfdc4035bdaf9acb/macOS/DuckDuckGo/Localization/Localizable.xcstrings#L111322
macOS,body,DuckDuckGo,session.restore.prompt.message,,Would you like to restore tabs from your previous session?,Message of the prompt where the user can choose to restore the previous browser session after a crash,,,true,extracted_with_value,,apps/apple/macOS/DuckDuckGo/Localization/Localizable.xcstrings,111382,https://github.com/duckduckgo/apple-browsers/blob/6ba278262f04039a7e24d268dfdc4035bdaf9acb/macOS/DuckDuckGo/Localization/Localizable.xcstrings#L111382
macOS,body,DuckDuckGo,settings.cookie.auto-manage.explanation,,"We’ll aim to reject as many cookies as possible for you, then close the pop-ups.",Explanation below the auto-manage cookie pop-ups toggle in settings,,,true,extracted_with_value,,apps/apple/macOS/DuckDuckGo/Localization/Localizable.xcstrings,111915,https://github.com/duckduckgo/apple-browsers/blob/6ba278262f04039a7e24d268dfdc4035bdaf9acb/macOS/DuckDuckGo/Localization/Localizable.xcstrings#L111915
macOS,body,DuckDuckGo,settings.cookie.popups-without-opt-outs.explanation,,"If there’s no reject option, we’ll save you a click, accept these cookies for you, and close the pop-ups.",Explanation below the pop-ups without opt-outs toggle in settings,,,true,extracted_with_value,,apps/apple/macOS/DuckDuckGo/Localization/Localizable.xcstrings,112035,https://github.com/duckduckgo/apple-browsers/blob/6ba278262f04039a7e24d268dfdc4035bdaf9acb/macOS/DuckDuckGo/Localization/Localizable.xcstrings#L112035
macOS,body,DuckDuckGo,settings.more-search-settings.description,,"Customize your language, region, and more.",Subtitle of the 'More Search Settings' button,,,true,extracted_with_value,,apps/apple/macOS/DuckDuckGo/Localization/Localizable.xcstrings,112395,https://github.com/duckduckgo/apple-browsers/blob/6ba278262f04039a7e24d268dfdc4035bdaf9acb/macOS/DuckDuckGo/Localization/Localizable.xcstrings#L112395
macOS,body,DuckDuckGo,settings.web.tracking.protection.subtitle,,How We Protect You,The subtitle of the web tracking protection grid section,,,true,extracted_with_value,,apps/apple/macOS/DuckDuckGo/Localization/Localizable.xcstrings,113055,https://github.com/duckduckgo/apple-browsers/blob/6ba278262f04039a7e24d268dfdc4035bdaf9acb/macOS/DuckDuckGo/Localization/Localizable.xcstrings#L113055
macOS,body,DuckDuckGo,storage.access.prompt.allow,,Allow,Allow sharing data between sites,,,true,extracted_with_value,,apps/apple/macOS/DuckDuckGo/Localization/Localizable.xcstrings,114669,https://github.com/duckduckgo/apple-browsers/blob/6ba278262f04039a7e24d268dfdc4035bdaf9acb/macOS/DuckDuckGo/Localization/Localizable.xcstrings#L114669
macOS,body,DuckDuckGo,storage.access.prompt.dont.allow,,Don't Allow,Don't allow sharing data between sites,,,true,extracted_with_value,,apps/apple/macOS/DuckDuckGo/Localization/Localizable.xcstrings,114729,https://github.com/duckduckgo/apple-browsers/blob/6ba278262f04039a7e24d268dfdc4035bdaf9acb/macOS/DuckDuckGo/Localization/Localizable.xcstrings#L114729
macOS,body,DuckDuckGo,subscription.upsell.popover.plus.features.subtitle,,+ more premium protections,Subtitle shown in VPN Upsell popover when there is only one plus feature is listed,,,true,extracted_with_value,,apps/apple/macOS/DuckDuckGo/Localization/Localizable.xcstrings,116469,https://github.com/duckduckgo/apple-browsers/blob/6ba278262f04039a7e24d268dfdc4035bdaf9acb/macOS/DuckDuckGo/Localization/Localizable.xcstrings#L116469
macOS,body,DuckDuckGo,subscription.upsell.popover.plus.features.subtitle.count,,+ %d more premium protections,Subtitle shown in VPN Upsell popover when there are multiple plus features listed,,%d,true,extracted_with_value,,apps/apple/macOS/DuckDuckGo/Localization/Localizable.xcstrings,116529,https://github.com/duckduckgo/apple-browsers/blob/6ba278262f04039a7e24d268dfdc4035bdaf9acb/macOS/DuckDuckGo/Localization/Localizable.xcstrings#L116529
macOS,body,DuckDuckGo,sync.close-setup-v2.confirmation.message,,Closing this window will stop connecting Sync & Backup.,Message of the confirmation shown when closing the Sync setup dialog before the devices finished connecting (V2),,,true,extracted_with_value,,apps/apple/macOS/DuckDuckGo/Localization/Localizable.xcstrings,116829,https://github.com/duckduckgo/apple-browsers/blob/6ba278262f04039a7e24d268dfdc4035bdaf9acb/macOS/DuckDuckGo/Localization/Localizable.xcstrings#L116829
macOS,body,DuckDuckGo,sync.pairing-v2.confirmation.ddg.message,,"""%@"" will be able to access your synced DuckDuckGo passwords, autofill data, and Duck.ai chats.",Message for the dialog to confirm sync setup with another DuckDuckGo device,,%@,true,extracted_with_value,,apps/apple/macOS/DuckDuckGo/Localization/Localizable.xcstrings,117009,https://github.com/duckduckgo/apple-browsers/blob/6ba278262f04039a7e24d268dfdc4035bdaf9acb/macOS/DuckDuckGo/Localization/Localizable.xcstrings#L117009
macOS,body,DuckDuckGo,sync.pairing-v2.confirmation.third-party.message,,"""%@"" will be able to access your synced Duck.ai chats.",Message for the dialog to confirm sync setup with a third-party device,,%@,true,extracted_with_value,,apps/apple/macOS/DuckDuckGo/Localization/Localizable.xcstrings,117069,https://github.com/duckduckgo/apple-browsers/blob/6ba278262f04039a7e24d268dfdc4035bdaf9acb/macOS/DuckDuckGo/Localization/Localizable.xcstrings#L117069
macOS,body,DuckDuckGo,sync.promo.message,,No account needed. End-to-end encrypted.,Message for the Sync Promotion banner when user has bookmarks that can be synced,,,true,extracted_with_value,,apps/apple/macOS/DuckDuckGo/Localization/Localizable.xcstrings,117609,https://github.com/duckduckgo/apple-browsers/blob/6ba278262f04039a7e24d268dfdc4035bdaf9acb/macOS/DuckDuckGo/Localization/Localizable.xcstrings#L117609
macOS,body,DuckDuckGo,sync.promo.passwords.side.panel.subtitle,,Sync & Backup,Subtitle for the Sync Promotion in passwords side panel,,,true,extracted_with_value,,apps/apple/macOS/DuckDuckGo/Localization/Localizable.xcstrings,117669,https://github.com/duckduckgo/apple-browsers/blob/6ba278262f04039a7e24d268dfdc4035bdaf9acb/macOS/DuckDuckGo/Localization/Localizable.xcstrings#L117669
macOS,body,DuckDuckGo,tab.crash.popover.message,,This page was reloaded automatically. Tab history and any info entered in a form have been lost.,The message in an info popover informing the user about a tab crash,,,true,extracted_with_value,,apps/apple/macOS/DuckDuckGo/Localization/Localizable.xcstrings,117909,https://github.com/duckduckgo/apple-browsers/blob/6ba278262f04039a7e24d268dfdc4035bdaf9acb/macOS/DuckDuckGo/Localization/Localizable.xcstrings#L117909
macOS,body,DuckDuckGo,tracking.protection.cname.cloaking.description,,Helps block 3rd-party trackers that try to disguise themselves within a website using DNS.,Feature box description,,,true,extracted_with_value,,apps/apple/macOS/DuckDuckGo/Localization/Localizable.xcstrings,120876,https://github.com/duckduckgo/apple-browsers/blob/6ba278262f04039a7e24d268dfdc4035bdaf9acb/macOS/DuckDuckGo/Localization/Localizable.xcstrings#L120876
macOS,body,DuckDuckGo,tracking.protection.facebook.description,,Disables tracking for Facebook content like Facebook comment widgets on non-Facebook sites.,Feature box description,,,true,extracted_with_value,,apps/apple/macOS/DuckDuckGo/Localization/Localizable.xcstrings,120996,https://github.com/duckduckgo/apple-browsers/blob/6ba278262f04039a7e24d268dfdc4035bdaf9acb/macOS/DuckDuckGo/Localization/Localizable.xcstrings#L120996
macOS,body,DuckDuckGo,tracking.protection.fingerprinting.description,,"Helps stop tracking companies from obtaining unique identifiers about your browser and device, which they use to follow you around the web.",Feature box description,,,true,extracted_with_value,,apps/apple/macOS/DuckDuckGo/Localization/Localizable.xcstrings,121116,https://github.com/duckduckgo/apple-browsers/blob/6ba278262f04039a7e24d268dfdc4035bdaf9acb/macOS/DuckDuckGo/Localization/Localizable.xcstrings#L121116
macOS,body,DuckDuckGo,tracking.protection.first.party.cookies.description,,"Automatically expires 1st-party cookies after 30 days, ensuring sites can't track you indefinitely when you're logged out.",Feature box description,,,true,extracted_with_value,,apps/apple/macOS/DuckDuckGo/Localization/Localizable.xcstrings,121236,https://github.com/duckduckgo/apple-browsers/blob/6ba278262f04039a7e24d268dfdc4035bdaf9acb/macOS/DuckDuckGo/Localization/Localizable.xcstrings#L121236
macOS,body,DuckDuckGo,tracking.protection.google.amp.description,,Replaces Google AMP links with the original publisher's site.,Feature box description,,,true,extracted_with_value,,apps/apple/macOS/DuckDuckGo/Localization/Localizable.xcstrings,121356,https://github.com/duckduckgo/apple-browsers/blob/6ba278262f04039a7e24d268dfdc4035bdaf9acb/macOS/DuckDuckGo/Localization/Localizable.xcstrings#L121356
macOS,body,DuckDuckGo,tracking.protection.google.sign.in.description,,Blocks Google sign-in pop-ups on sites Google doesn't own.,Feature box description,,,true,extracted_with_value,,apps/apple/macOS/DuckDuckGo/Localization/Localizable.xcstrings,121476,https://github.com/duckduckgo/apple-browsers/blob/6ba278262f04039a7e24d268dfdc4035bdaf9acb/macOS/DuckDuckGo/Localization/Localizable.xcstrings#L121476
macOS,body,DuckDuckGo,tracking.protection.link.tracking.description,,Removes tracking parameters in links to prevent 3rd parties from tracking your behavior across sites.,Feature box description,,,true,extracted_with_value,,apps/apple/macOS/DuckDuckGo/Localization/Localizable.xcstrings,121596,https://github.com/duckduckgo/apple-browsers/blob/6ba278262f04039a7e24d268dfdc4035bdaf9acb/macOS/DuckDuckGo/Localization/Localizable.xcstrings#L121596
macOS,body,DuckDuckGo,tracking.protection.referrer.description,,Helps block companies from identifying the last website you visited.,Feature box description,,,true,extracted_with_value,,apps/apple/macOS/DuckDuckGo/Localization/Localizable.xcstrings,121716,https://github.com/duckduckgo/apple-browsers/blob/6ba278262f04039a7e24d268dfdc4035bdaf9acb/macOS/DuckDuckGo/Localization/Localizable.xcstrings#L121716
macOS,body,DuckDuckGo,tracking.protection.targeted.ads.description,,"Blocks invasive trackers before they load, effectively eliminating ads that rely on tracking.",Feature description,,,true,extracted_with_value,,apps/apple/macOS/DuckDuckGo/Localization/Localizable.xcstrings,121836,https://github.com/duckduckgo/apple-browsers/blob/6ba278262f04039a7e24d268dfdc4035bdaf9acb/macOS/DuckDuckGo/Localization/Localizable.xcstrings#L121836
macOS,body,DuckDuckGo,tracking.protection.third.party.trackers.description,,Helps block 3rd-party cookies that track you from site to site by preventing 3rd-party trackers from loading in the first place.,Feature description,,,true,extracted_with_value,,apps/apple/macOS/DuckDuckGo/Localization/Localizable.xcstrings,121956,https://github.com/duckduckgo/apple-browsers/blob/6ba278262f04039a7e24d268dfdc4035bdaf9acb/macOS/DuckDuckGo/Localization/Localizable.xcstrings#L121956
macOS,body,DuckDuckGo,vpn.dns.server.block.risky.domains.toggle.footer,,"Block 150,000+ domains flagged for hosting malware, phishing attacks, and online scams with a DNS-level blocklist.",Explanation in a footer of option the user can opt in where the VPN blocks risky domains,,,true,extracted_with_value,,apps/apple/macOS/DuckDuckGo/Localization/Localizable.xcstrings,123074,https://github.com/duckduckgo/apple-browsers/blob/6ba278262f04039a7e24d268dfdc4035bdaf9acb/macOS/DuckDuckGo/Localization/Localizable.xcstrings#L123074
macOS,body,DuckDuckGo,vpn.dns.server.disclaimer,,Using a custom DNS server can impact browsing speeds and expose your activity to 3rd parties if the server isn't secure or reliable.,Disclaimer for the custom DNS server option,,,true,extracted_with_value,,apps/apple/macOS/DuckDuckGo/Localization/Localizable.xcstrings,123194,https://github.com/duckduckgo/apple-browsers/blob/6ba278262f04039a7e24d268dfdc4035bdaf9acb/macOS/DuckDuckGo/Localization/Localizable.xcstrings#L123194
macOS,body,DuckDuckGo,vpn.dns.server.ipv4.description,,IPv4 Address:,Description of the IPv4 text field,,,true,extracted_with_value,,apps/apple/macOS/DuckDuckGo/Localization/Localizable.xcstrings,123254,https://github.com/duckduckgo/apple-browsers/blob/6ba278262f04039a7e24d268dfdc4035bdaf9acb/macOS/DuckDuckGo/Localization/Localizable.xcstrings#L123254
macOS,body,DuckDuckGo,vpn.excluded.apps.description,,Add apps that aren’t compatible with VPNs to use them without turning off the VPN.,Excluded Apps description in VPN settings,,,true,extracted_with_value,,apps/apple/macOS/DuckDuckGo/Localization/Localizable.xcstrings,123674,https://github.com/duckduckgo/apple-browsers/blob/6ba278262f04039a7e24d268dfdc4035bdaf9acb/macOS/DuckDuckGo/Localization/Localizable.xcstrings#L123674
macOS,body,DuckDuckGo,vpn.feedback-form.sending-confirmation.description,,Your feedback will help us improve the DuckDuckGo VPN.,Title for the feedback sent view description of the VPN feedback form,,,true,extracted_with_value,,apps/apple/macOS/DuckDuckGo/Localization/Localizable.xcstrings,124814,https://github.com/duckduckgo/apple-browsers/blob/6ba278262f04039a7e24d268dfdc4035bdaf9acb/macOS/DuckDuckGo/Localization/Localizable.xcstrings#L124814
macOS,body,DuckDuckGo,vpn.feedback-form.text-1,,"Please describe what's happening, what you expected to happen, and the steps that led to the issue:",Text for the body of the VPN feedback form,,,true,extracted_with_value,,apps/apple/macOS/DuckDuckGo/Localization/Localizable.xcstrings,124994,https://github.com/duckduckgo/apple-browsers/blob/6ba278262f04039a7e24d268dfdc4035bdaf9acb/macOS/DuckDuckGo/Localization/Localizable.xcstrings#L124994
macOS,body,DuckDuckGo,vpn.feedback-form.text-2,,"In addition to the details entered into this form, your app issue report will contain:",Text for the body of the VPN feedback form,,,true,extracted_with_value,,apps/apple/macOS/DuckDuckGo/Localization/Localizable.xcstrings,125054,https://github.com/duckduckgo/apple-browsers/blob/6ba278262f04039a7e24d268dfdc4035bdaf9acb/macOS/DuckDuckGo/Localization/Localizable.xcstrings#L125054
macOS,body,DuckDuckGo,vpn.feedback-form.text-3,,• Whether specific DuckDuckGo features are enabled,Bullet text for the body of the VPN feedback form,,,true,extracted_with_value,,apps/apple/macOS/DuckDuckGo/Localization/Localizable.xcstrings,125114,https://github.com/duckduckgo/apple-browsers/blob/6ba278262f04039a7e24d268dfdc4035bdaf9acb/macOS/DuckDuckGo/Localization/Localizable.xcstrings#L125114
macOS,body,DuckDuckGo,vpn.feedback-form.text-4,,• Aggregate DuckDuckGo app diagnostics,Bullet text for the body of the VPN feedback form,,,true,extracted_with_value,,apps/apple/macOS/DuckDuckGo/Localization/Localizable.xcstrings,125174,https://github.com/duckduckgo/apple-browsers/blob/6ba278262f04039a7e24d268dfdc4035bdaf9acb/macOS/DuckDuckGo/Localization/Localizable.xcstrings#L125174
macOS,body,DuckDuckGo,vpn.feedback-form.text-5,,"By clicking ""Submit"" I agree that DuckDuckGo may use the information in this report for purposes of improving the app's features.",Text for the body of the VPN feedback form,,,true,extracted_with_value,,apps/apple/macOS/DuckDuckGo/Localization/Localizable.xcstrings,125234,https://github.com/duckduckgo/apple-browsers/blob/6ba278262f04039a7e24d268dfdc4035bdaf9acb/macOS/DuckDuckGo/Localization/Localizable.xcstrings#L125234
macOS,body,DuckDuckGo,vpn.location.description.nearest,,Nearest,Nearest city setting description,,,true,extracted_with_value,,apps/apple/macOS/DuckDuckGo/Localization/Localizable.xcstrings,125594,https://github.com/duckduckgo/apple-browsers/blob/6ba278262f04039a7e24d268dfdc4035bdaf9acb/macOS/DuckDuckGo/Localization/Localizable.xcstrings#L125594
macOS,body,DuckDuckGo,vpn.location.description.nearest.available,,Nearest Location,Nearest available location setting description,,,true,extracted_with_value,,apps/apple/macOS/DuckDuckGo/Localization/Localizable.xcstrings,125654,https://github.com/duckduckgo/apple-browsers/blob/6ba278262f04039a7e24d268dfdc4035bdaf9acb/macOS/DuckDuckGo/Localization/Localizable.xcstrings#L125654
macOS,body,DuckDuckGo,vpn.no.exclusions.found.text,,None,Text shown in VPN settings when no exclusions are configured,,,true,extracted_with_value,,apps/apple/macOS/DuckDuckGo/Localization/Localizable.xcstrings,126014,https://github.com/duckduckgo/apple-browsers/blob/6ba278262f04039a7e24d268dfdc4035bdaf9acb/macOS/DuckDuckGo/Localization/Localizable.xcstrings#L126014
macOS,body,DuckDuckGo,vpn.preferences.copy-diagnostics.caption,,Include a copy of these anonymized VPN diagnostics when contacting Support to help us troubleshoot your connection.,"Caption beneath the Copy VPN Diagnostics button in VPN settings, explaining what the button does.",,,true,extracted_with_value,,apps/apple/macOS/DuckDuckGo/Localization/Localizable.xcstrings,126374,https://github.com/duckduckgo/apple-browsers/blob/6ba278262f04039a7e24d268dfdc4035bdaf9acb/macOS/DuckDuckGo/Localization/Localizable.xcstrings#L126374
macOS,body,DuckDuckGo,vpn.setting.description.always.on,,"Automatically restores the VPN connection after interruption. For your security, this setting cannot be disabled.",Always ON setting description,,,true,extracted_with_value,,apps/apple/macOS/DuckDuckGo/Localization/Localizable.xcstrings,126614,https://github.com/duckduckgo/apple-browsers/blob/6ba278262f04039a7e24d268dfdc4035bdaf9acb/macOS/DuckDuckGo/Localization/Localizable.xcstrings#L126614
macOS,body,DuckDuckGo,vpn.setting.description.exclude.cgnat,,"Bypass the VPN for carrier services, such as Wi-Fi calling and voicemail.",Exclude CGNAT setting description,,,true,extracted_with_value,,apps/apple/macOS/DuckDuckGo/Localization/Localizable.xcstrings,126674,https://github.com/duckduckgo/apple-browsers/blob/6ba278262f04039a7e24d268dfdc4035bdaf9acb/macOS/DuckDuckGo/Localization/Localizable.xcstrings#L126674
macOS,body,DuckDuckGo,vpn.setting.description.exclude.local.networks,,"Bypass the VPN for local network connections, like to a printer.",Exclude Local Networks setting description,,,true,extracted_with_value,,apps/apple/macOS/DuckDuckGo/Localization/Localizable.xcstrings,126734,https://github.com/duckduckgo/apple-browsers/blob/6ba278262f04039a7e24d268dfdc4035bdaf9acb/macOS/DuckDuckGo/Localization/Localizable.xcstrings#L126734
macOS,body,DuckDuckGo,vpn.setting.description.secure.dns,,DuckDuckGo routes DNS queries through our DNS servers so your internet provider can't see what websites you visit.,Secure DNS description,,,true,extracted_with_value,,apps/apple/macOS/DuckDuckGo/Localization/Localizable.xcstrings,126794,https://github.com/duckduckgo/apple-browsers/blob/6ba278262f04039a7e24d268dfdc4035bdaf9acb/macOS/DuckDuckGo/Localization/Localizable.xcstrings#L126794
macOS,body,DuckDuckGo,vpn.setting.description.strict.routing,,"Block apps from bypassing the VPN. If you have problems with Wi-Fi features (such as AirDrop or iPhone Mirroring), turning it off may help. Strongly recommended on networks you don’t trust, such as public Wi-Fi. [Learn more](https://duckduckgo.com/duckduckgo-help-pages/privacy-pro/vpn/security-reports/2024-audit#resolved-tunnelvision-and-tunnelcrack).",Strict routing setting description. The 'Learn more' text is a Markdown link.,,,true,extracted_with_value,,apps/apple/macOS/DuckDuckGo/Localization/Localizable.xcstrings,126854,https://github.com/duckduckgo/apple-browsers/blob/6ba278262f04039a7e24d268dfdc4035bdaf9acb/macOS/DuckDuckGo/Localization/Localizable.xcstrings#L126854
macOS,body,DuckDuckGo,vpn.setting.exclusions.description,,Some websites and apps are not compatible with VPNs. Exclude these sites and apps to use them while connected to the VPN.,The description shown for the exclusions section in VPN settings,,,true,extracted_with_value,,apps/apple/macOS/DuckDuckGo/Localization/Localizable.xcstrings,126914,https://github.com/duckduckgo/apple-browsers/blob/6ba278262f04039a7e24d268dfdc4035bdaf9acb/macOS/DuckDuckGo/Localization/Localizable.xcstrings#L126914
macOS,body,DuckDuckGo,vpn.uninstall.alert.informative.text,,Uninstalling the DuckDuckGo VPN will disconnect the VPN and remove it from your device.,Informative text for the alert that comes up when the user decides to uninstall our VPN,,,true,extracted_with_value,,apps/apple/macOS/DuckDuckGo/Localization/Localizable.xcstrings,127814,https://github.com/duckduckgo/apple-browsers/blob/6ba278262f04039a7e24d268dfdc4035bdaf9acb/macOS/DuckDuckGo/Localization/Localizable.xcstrings#L127814
macOS,body,DuckDuckGo,warn.before.quit.dialog.checkbox.message,,Warn me every time,A label after checkbox to configure the warning before clearing data on the application termination.,,,true,extracted_with_value,,apps/apple/macOS/DuckDuckGo/Localization/Localizable.xcstrings,128174,https://github.com/duckduckgo/apple-browsers/blob/6ba278262f04039a7e24d268dfdc4035bdaf9acb/macOS/DuckDuckGo/Localization/Localizable.xcstrings#L128174
macOS,body,DuckDuckGo,We were unable to import bookmarks directly from %@.,,We were unable to import bookmarks directly from %@.,Message when data import fails from a browser. %@ - a browser name,,%@,true,stale,,apps/apple/macOS/DuckDuckGo/Localization/Localizable.xcstrings,128456,https://github.com/duckduckgo/apple-browsers/blob/6ba278262f04039a7e24d268dfdc4035bdaf9acb/macOS/DuckDuckGo/Localization/Localizable.xcstrings#L128456
macOS,body,DuckDuckGo,We were unable to import passwords directly from %@.,,We were unable to import passwords directly from %@.,Message when data import fails from a browser. %@ - a browser name,,%@,true,stale,,apps/apple/macOS/DuckDuckGo/Localization/Localizable.xcstrings,128510,https://github.com/duckduckgo/apple-browsers/blob/6ba278262f04039a7e24d268dfdc4035bdaf9acb/macOS/DuckDuckGo/Localization/Localizable.xcstrings#L128510
macOS,body,DuckDuckGo,web.tracking.protection.explanation,,DuckDuckGo automatically blocks hidden trackers as you browse the web.,feature explanation in settings,,,true,extracted_with_value,,apps/apple/macOS/DuckDuckGo/Localization/Localizable.xcstrings,128564,https://github.com/duckduckgo/apple-browsers/blob/6ba278262f04039a7e24d268dfdc4035bdaf9acb/macOS/DuckDuckGo/Localization/Localizable.xcstrings#L128564
macOS,body,DuckDuckGo,web.tracking.protection.subtitle,,DuckDuckGo automatically blocks hidden trackers as you browse the web.,Privacy feature explanation in the browser settings,,,true,extracted_with_value,,apps/apple/macOS/DuckDuckGo/Localization/Localizable.xcstrings,128624,https://github.com/duckduckgo/apple-browsers/blob/6ba278262f04039a7e24d268dfdc4035bdaf9acb/macOS/DuckDuckGo/Localization/Localizable.xcstrings#L128624
macOS,body,DuckDuckGo,web.tracking.protection.updated.description,,"The DuckDuckGo browser provides tracking protections, which are always active.",Updated feature description in settings,,,true,extracted_with_value,,apps/apple/macOS/DuckDuckGo/Localization/Localizable.xcstrings,128744,https://github.com/duckduckgo/apple-browsers/blob/6ba278262f04039a7e24d268dfdc4035bdaf9acb/macOS/DuckDuckGo/Localization/Localizable.xcstrings#L128744
macOS,body,DuckDuckGo,win-back.campaign.last-day.message.text,,"Stay protected with our VPN, private AI, and more.
Resubscribe today and save 25%. Limited time offer.",Message of the message displayed on the last day of the win-back campaign,,,true,extracted_with_value,,apps/apple/macOS/DuckDuckGo/Localization/Localizable.xcstrings,128924,https://github.com/duckduckgo/apple-browsers/blob/6ba278262f04039a7e24d268dfdc4035bdaf9acb/macOS/DuckDuckGo/Localization/Localizable.xcstrings#L128924
macOS,body,DuckDuckGo,win-back.campaign.modal.message,,"Stay protected with our VPN, private AI, and more.
Resubscribe today and save 25%. Limited time offer.",Message of the modal dialog promoting the win-back campaign,,,true,extracted_with_value,,apps/apple/macOS/DuckDuckGo/Localization/Localizable.xcstrings,129224,https://github.com/duckduckgo/apple-browsers/blob/6ba278262f04039a7e24d268dfdc4035bdaf9acb/macOS/DuckDuckGo/Localization/Localizable.xcstrings#L129224
macOS,body,DuckDuckGo,"You'll be asked to enter your Primary Password for %@.

Imported passwords are encrypted and only stored on this computer.",,"You'll be asked to enter your Primary Password for %@.

Imported passwords are encrypted and only stored on this computer.",Warning that Firefox-based browser name (%@) data import would require entering a Primary Password for the browser.,,%@,true,stale,,apps/apple/macOS/DuckDuckGo/Localization/Localizable.xcstrings,129450,https://github.com/duckduckgo/apple-browsers/blob/6ba278262f04039a7e24d268dfdc4035bdaf9acb/macOS/DuckDuckGo/Localization/Localizable.xcstrings#L129450
macOS,body,DuckDuckGoVPN,network.protection.configuration.system-settings.legacy,,Go to Security & Privacy in System Preferences to allow DuckDuckGo VPN to activate,"Text for a label in the VPN popover, displayed after attempting to enable the VPN for the first time while using macOS 12 and below",,,true,extracted_with_value,,apps/apple/macOS/DuckDuckGoVPN/Localizable.xcstrings,4,https://github.com/duckduckgo/apple-browsers/blob/6ba278262f04039a7e24d268dfdc4035bdaf9acb/macOS/DuckDuckGoVPN/Localizable.xcstrings#L4
macOS,body,DuckDuckGoVPN,network.protection.configuration.system-settings.modern,,Go to Privacy & Security in System Settings to allow DuckDuckGo VPN to activate,"Text for a label in the VPN popover, displayed after attempting to enable the VPN for the first time while using macOS 13 and above",,,true,extracted_with_value,,apps/apple/macOS/DuckDuckGoVPN/Localizable.xcstrings,64,https://github.com/duckduckgo/apple-browsers/blob/6ba278262f04039a7e24d268dfdc4035bdaf9acb/macOS/DuckDuckGoVPN/Localizable.xcstrings#L64
macOS,body,DuckDuckGoVPN,network.protection.system.extension.please.reboot,,VPN update available. Restart your Mac to reconnect.,Message shown to users when they try to enable NetP and they need to reboot the computer to complete the installation,,,true,extracted_with_value,,apps/apple/macOS/DuckDuckGoVPN/Localizable.xcstrings,424,https://github.com/duckduckgo/apple-browsers/blob/6ba278262f04039a7e24d268dfdc4035bdaf9acb/macOS/DuckDuckGoVPN/Localizable.xcstrings#L424
macOS,body,DuckDuckGoVPN,network.protection.vpn.location.formatter.nearest.location.descriptor,,(Nearest),Description added after the nearest location in the VPN status view,,,true,extracted_with_value,,apps/apple/macOS/DuckDuckGoVPN/Localizable.xcstrings,670,https://github.com/duckduckgo/apple-browsers/blob/6ba278262f04039a7e24d268dfdc4035bdaf9acb/macOS/DuckDuckGoVPN/Localizable.xcstrings#L670
macOS,body,NetworkProtectionMac,network.protection.interrupted,,The VPN was unable to connect at this time. Please try again later.,The warning message shown in NetP's status view when the connection is interrupted.,,,true,extracted_with_value,,apps/apple/macOS/LocalPackages/NetworkProtectionMac/Sources/NetworkProtectionUI/Resources/Localizable.xcstrings,476,https://github.com/duckduckgo/apple-browsers/blob/6ba278262f04039a7e24d268dfdc4035bdaf9acb/macOS/LocalPackages/NetworkProtectionMac/Sources/NetworkProtectionUI/Resources/Localizable.xcstrings#L476
macOS,body,NetworkProtectionMac,network.protection.interrupted.reconnecting,,Your VPN connection was interrupted. Attempting to reconnect now...,The warning message shown in NetP's status view when the connection is interrupted and its attempting to reconnect.,,,true,extracted_with_value,,apps/apple/macOS/LocalPackages/NetworkProtectionMac/Sources/NetworkProtectionUI/Resources/Localizable.xcstrings,536,https://github.com/duckduckgo/apple-browsers/blob/6ba278262f04039a7e24d268dfdc4035bdaf9acb/macOS/LocalPackages/NetworkProtectionMac/Sources/NetworkProtectionUI/Resources/Localizable.xcstrings#L536
macOS,body,NetworkProtectionMac,network.protection.onboarding.allow.extension.desc.allow,,Allow,'Allow' word between the prefix and suffix for the onboarding allow-extension description,,,true,extracted_with_value,,apps/apple/macOS/LocalPackages/NetworkProtectionMac/Sources/NetworkProtectionUI/Resources/Localizable.xcstrings,656,https://github.com/duckduckgo/apple-browsers/blob/6ba278262f04039a7e24d268dfdc4035bdaf9acb/macOS/LocalPackages/NetworkProtectionMac/Sources/NetworkProtectionUI/Resources/Localizable.xcstrings#L656
macOS,body,NetworkProtectionMac,network.protection.onboarding.allow.extension.desc.prefix,,Open System Settings to Privacy & Security. Scroll and select ,Non-bold prefix for the onboarding allow-extension description,,,true,extracted_with_value,,apps/apple/macOS/LocalPackages/NetworkProtectionMac/Sources/NetworkProtectionUI/Resources/Localizable.xcstrings,716,https://github.com/duckduckgo/apple-browsers/blob/6ba278262f04039a7e24d268dfdc4035bdaf9acb/macOS/LocalPackages/NetworkProtectionMac/Sources/NetworkProtectionUI/Resources/Localizable.xcstrings#L716
macOS,body,NetworkProtectionMac,network.protection.onboarding.allow.extension.desc.sequoia.emphasized,,Open System Settings,'Allow' word between the prefix and suffix for the onboarding allow-extension description,,,true,extracted_with_value,,apps/apple/macOS/LocalPackages/NetworkProtectionMac/Sources/NetworkProtectionUI/Resources/Localizable.xcstrings,776,https://github.com/duckduckgo/apple-browsers/blob/6ba278262f04039a7e24d268dfdc4035bdaf9acb/macOS/LocalPackages/NetworkProtectionMac/Sources/NetworkProtectionUI/Resources/Localizable.xcstrings#L776
macOS,body,NetworkProtectionMac,network.protection.onboarding.allow.extension.desc.sequoia.prefix,,Click ,Non-bold description for the onboarding allow-extension description,,,true,extracted_with_value,,apps/apple/macOS/LocalPackages/NetworkProtectionMac/Sources/NetworkProtectionUI/Resources/Localizable.xcstrings,836,https://github.com/duckduckgo/apple-browsers/blob/6ba278262f04039a7e24d268dfdc4035bdaf9acb/macOS/LocalPackages/NetworkProtectionMac/Sources/NetworkProtectionUI/Resources/Localizable.xcstrings#L836
macOS,body,NetworkProtectionMac,network.protection.onboarding.allow.extension.desc.sequoia.suffix,,", then enable the DuckDuckGo VPN network extension.",Non-bold description for the onboarding allow-extension description,,,true,extracted_with_value,,apps/apple/macOS/LocalPackages/NetworkProtectionMac/Sources/NetworkProtectionUI/Resources/Localizable.xcstrings,896,https://github.com/duckduckgo/apple-browsers/blob/6ba278262f04039a7e24d268dfdc4035bdaf9acb/macOS/LocalPackages/NetworkProtectionMac/Sources/NetworkProtectionUI/Resources/Localizable.xcstrings#L896
macOS,body,NetworkProtectionMac,network.protection.onboarding.allow.extension.desc.suffix,, for DuckDuckGo software.,Non-bold suffix for the onboarding allow-extension description,,,true,extracted_with_value,,apps/apple/macOS/LocalPackages/NetworkProtectionMac/Sources/NetworkProtectionUI/Resources/Localizable.xcstrings,956,https://github.com/duckduckgo/apple-browsers/blob/6ba278262f04039a7e24d268dfdc4035bdaf9acb/macOS/LocalPackages/NetworkProtectionMac/Sources/NetworkProtectionUI/Resources/Localizable.xcstrings#L956
macOS,body,NetworkProtectionMac,network.protection.onboarding.allow.vpn.desc.allow,,Allow,'Allow' word between the prefix and suffix for the onboarding allow-VPN description,,,true,extracted_with_value,,apps/apple/macOS/LocalPackages/NetworkProtectionMac/Sources/NetworkProtectionUI/Resources/Localizable.xcstrings,1076,https://github.com/duckduckgo/apple-browsers/blob/6ba278262f04039a7e24d268dfdc4035bdaf9acb/macOS/LocalPackages/NetworkProtectionMac/Sources/NetworkProtectionUI/Resources/Localizable.xcstrings#L1076
macOS,body,NetworkProtectionMac,network.protection.onboarding.allow.vpn.desc.expanded.suffix,," when prompted to finish setting up VPN.

This adds a shortcut in the menu bar so you can still access the VPN if the browser isn't running.",Non-bold suffix for the onboarding allow-VPN description,,,true,extracted_with_value,,apps/apple/macOS/LocalPackages/NetworkProtectionMac/Sources/NetworkProtectionUI/Resources/Localizable.xcstrings,1136,https://github.com/duckduckgo/apple-browsers/blob/6ba278262f04039a7e24d268dfdc4035bdaf9acb/macOS/LocalPackages/NetworkProtectionMac/Sources/NetworkProtectionUI/Resources/Localizable.xcstrings#L1136
macOS,body,NetworkProtectionMac,network.protection.onboarding.allow.vpn.desc.prefix,,Select ,Non-bold prefix for the onboarding allow-VPN description,,,true,extracted_with_value,,apps/apple/macOS/LocalPackages/NetworkProtectionMac/Sources/NetworkProtectionUI/Resources/Localizable.xcstrings,1196,https://github.com/duckduckgo/apple-browsers/blob/6ba278262f04039a7e24d268dfdc4035bdaf9acb/macOS/LocalPackages/NetworkProtectionMac/Sources/NetworkProtectionUI/Resources/Localizable.xcstrings#L1196
macOS,body,NetworkProtectionMac,network.protection.onboarding.allow.vpn.desc.suffix,, when prompted to finish setting up VPN.,Non-bold suffix for the onboarding allow-VPN description,,,true,extracted_with_value,,apps/apple/macOS/LocalPackages/NetworkProtectionMac/Sources/NetworkProtectionUI/Resources/Localizable.xcstrings,1256,https://github.com/duckduckgo/apple-browsers/blob/6ba278262f04039a7e24d268dfdc4035bdaf9acb/macOS/LocalPackages/NetworkProtectionMac/Sources/NetworkProtectionUI/Resources/Localizable.xcstrings#L1256
macOS,body,NetworkProtectionMac,network.protection.onboarding.move.to.applications.desc,,"To use the VPN, the DuckDuckGo app needs to be in the Applications folder on your Mac. Click the button below to move the app and restart the browser.",Description for the onboarding move-app-to-applications step,,,true,extracted_with_value,,apps/apple/macOS/LocalPackages/NetworkProtectionMac/Sources/NetworkProtectionUI/Resources/Localizable.xcstrings,1496,https://github.com/duckduckgo/apple-browsers/blob/6ba278262f04039a7e24d268dfdc4035bdaf9acb/macOS/LocalPackages/NetworkProtectionMac/Sources/NetworkProtectionUI/Resources/Localizable.xcstrings#L1496
macOS,body,NetworkProtectionMac,network.protection.report.site.issues.description,,Please let us know if you excluded %@ from the VPN because you experienced issues.,Description for report site issues view for website “%@”,,%@,true,extracted_with_value,,apps/apple/macOS/LocalPackages/NetworkProtectionMac/Sources/NetworkProtectionUI/Resources/Localizable.xcstrings,1796,https://github.com/duckduckgo/apple-browsers/blob/6ba278262f04039a7e24d268dfdc4035bdaf9acb/macOS/LocalPackages/NetworkProtectionMac/Sources/NetworkProtectionUI/Resources/Localizable.xcstrings#L1796
macOS,body,NetworkProtectionMac,network.protection.report.site.issues.footer,,Reports only include the domain of the affected website.,Footer for report site issues view,,,true,extracted_with_value,,apps/apple/macOS/LocalPackages/NetworkProtectionMac/Sources/NetworkProtectionUI/Resources/Localizable.xcstrings,1856,https://github.com/duckduckgo/apple-browsers/blob/6ba278262f04039a7e24d268dfdc4035bdaf9acb/macOS/LocalPackages/NetworkProtectionMac/Sources/NetworkProtectionUI/Resources/Localizable.xcstrings#L1856
macOS,body,NetworkProtectionMac,network.protection.server.location.unknown,,Unknown...,When we can't tell the user the location of the NetP server,,,true,extracted_with_value,,apps/apple/macOS/LocalPackages/NetworkProtectionMac/Sources/NetworkProtectionUI/Resources/Localizable.xcstrings,2096,https://github.com/duckduckgo/apple-browsers/blob/6ba278262f04039a7e24d268dfdc4035bdaf9acb/macOS/LocalPackages/NetworkProtectionMac/Sources/NetworkProtectionUI/Resources/Localizable.xcstrings#L2096
macOS,body,NetworkProtectionMac,network.protection.status.header.message.off,,"Connect to secure all of your device’s
Internet traffic.",Message label text for the status view when VPN is disconnected,,,true,extracted_with_value,,apps/apple/macOS/LocalPackages/NetworkProtectionMac/Sources/NetworkProtectionUI/Resources/Localizable.xcstrings,2516,https://github.com/duckduckgo/apple-browsers/blob/6ba278262f04039a7e24d268dfdc4035bdaf9acb/macOS/LocalPackages/NetworkProtectionMac/Sources/NetworkProtectionUI/Resources/Localizable.xcstrings#L2516
macOS,body,NetworkProtectionMac,network.protection.status.header.message.on,,"All device Internet traffic is being secured
through the VPN.",Message label text for the status view when VPN is connected,,,true,extracted_with_value,,apps/apple/macOS/LocalPackages/NetworkProtectionMac/Sources/NetworkProtectionUI/Resources/Localizable.xcstrings,2576,https://github.com/duckduckgo/apple-browsers/blob/6ba278262f04039a7e24d268dfdc4035bdaf9acb/macOS/LocalPackages/NetworkProtectionMac/Sources/NetworkProtectionUI/Resources/Localizable.xcstrings#L2576
macOS,body,NetworkProtectionMac,network.protection.status.header.message.strict.routing.off,,Some traffic may bypass the VPN while Strict Routing is off. Strict Routing is recommended for public networks.,Status view message shown while the VPN is on but Strict routing is off,,,true,extracted_with_value,,apps/apple/macOS/LocalPackages/NetworkProtectionMac/Sources/NetworkProtectionUI/Resources/Localizable.xcstrings,2636,https://github.com/duckduckgo/apple-browsers/blob/6ba278262f04039a7e24d268dfdc4035bdaf9acb/macOS/LocalPackages/NetworkProtectionMac/Sources/NetworkProtectionUI/Resources/Localizable.xcstrings#L2636
macOS,body,NetworkProtectionMac,network.protection.status.view.connection.details,,Connection Details,Connection details label shown in NetworkProtection's status view.,,,true,extracted_with_value,,apps/apple/macOS/LocalPackages/NetworkProtectionMac/Sources/NetworkProtectionUI/Resources/Localizable.xcstrings,2696,https://github.com/duckduckgo/apple-browsers/blob/6ba278262f04039a7e24d268dfdc4035bdaf9acb/macOS/LocalPackages/NetworkProtectionMac/Sources/NetworkProtectionUI/Resources/Localizable.xcstrings#L2696
macOS,body,NetworkProtectionMac,network.protection.subscription.expired.subtitle,,Subscribe to DuckDuckGo to reconnect the VPN.,Subtitle for the prompt that tells the user their subscription expired.,,,true,extracted_with_value,,apps/apple/macOS/LocalPackages/NetworkProtectionMac/Sources/NetworkProtectionUI/Resources/Localizable.xcstrings,3362,https://github.com/duckduckgo/apple-browsers/blob/6ba278262f04039a7e24d268dfdc4035bdaf9acb/macOS/LocalPackages/NetworkProtectionMac/Sources/NetworkProtectionUI/Resources/Localizable.xcstrings#L3362
macOS,body,NetworkProtectionMac,network.protection.vpn.location.connected,,Connected Location,Description of the location type in the VPN status view,,,true,extracted_with_value,,apps/apple/macOS/LocalPackages/NetworkProtectionMac/Sources/NetworkProtectionUI/Resources/Localizable.xcstrings,3842,https://github.com/duckduckgo/apple-browsers/blob/6ba278262f04039a7e24d268dfdc4035bdaf9acb/macOS/LocalPackages/NetworkProtectionMac/Sources/NetworkProtectionUI/Resources/Localizable.xcstrings#L3842
macOS,body,NetworkProtectionMac,network.protection.vpn.location.selected,,Selected Location,Description of the location type in the VPN status view,,,true,extracted_with_value,,apps/apple/macOS/LocalPackages/NetworkProtectionMac/Sources/NetworkProtectionUI/Resources/Localizable.xcstrings,3902,https://github.com/duckduckgo/apple-browsers/blob/6ba278262f04039a7e24d268dfdc4035bdaf9acb/macOS/LocalPackages/NetworkProtectionMac/Sources/NetworkProtectionUI/Resources/Localizable.xcstrings#L3902
macOS,body,NetworkProtectionMac,vpn.appstore.sysex.update.prompt.message,,This update includes the option to exclude sites and apps that aren't compatible with VPNs so you can keep using them while connected.,"Message shown to users to ask them to update the VPN to our System Extension, which requires reinstalling the VPN",,,true,extracted_with_value,,apps/apple/macOS/LocalPackages/NetworkProtectionMac/Sources/NetworkProtectionUI/Resources/Localizable.xcstrings,4082,https://github.com/duckduckgo/apple-browsers/blob/6ba278262f04039a7e24d268dfdc4035bdaf9acb/macOS/LocalPackages/NetworkProtectionMac/Sources/NetworkProtectionUI/Resources/Localizable.xcstrings#L4082
macOS,body,NetworkProtectionMac,vpn.exclusion.suggestion.alert.description,,You can exclude websites and apps from the VPN without turning the VPN off.,Description shown in an alert to suggest using exclusions instead of disabling the VPN,,,true,extracted_with_value,,apps/apple/macOS/LocalPackages/NetworkProtectionMac/Sources/NetworkProtectionUI/Resources/Localizable.xcstrings,4382,https://github.com/duckduckgo/apple-browsers/blob/6ba278262f04039a7e24d268dfdc4035bdaf9acb/macOS/LocalPackages/NetworkProtectionMac/Sources/NetworkProtectionUI/Resources/Localizable.xcstrings#L4382
macOS,body,SubscriptionUI,subscription.add.via.apple.account.description,,Restore your subscription on Apple devices using your Apple Account.,Description of option for restoring subscription using Apple Account,,,true,extracted_with_value,,apps/apple/macOS/LocalPackages/SubscriptionUI/Sources/SubscriptionUI/Resources/Localizable.xcstrings,239,https://github.com/duckduckgo/apple-browsers/blob/6ba278262f04039a7e24d268dfdc4035bdaf9acb/macOS/LocalPackages/SubscriptionUI/Sources/SubscriptionUI/Resources/Localizable.xcstrings#L239
macOS,body,SubscriptionUI,subscription.add.via.email.description,,Link an email address to your subscription to add it to this device.,Description of option for adding subscription using email address,,,true,extracted_with_value,,apps/apple/macOS/LocalPackages/SubscriptionUI/Sources/SubscriptionUI/Resources/Localizable.xcstrings,419,https://github.com/duckduckgo/apple-browsers/blob/6ba278262f04039a7e24d268dfdc4035bdaf9acb/macOS/LocalPackages/SubscriptionUI/Sources/SubscriptionUI/Resources/Localizable.xcstrings#L419
macOS,body,SubscriptionUI,subscription.alert.something.went.wrong.description,,We’re having trouble connecting. Please try again later.,Alert message when unknown error has occurred,,,true,extracted_with_value,,apps/apple/macOS/LocalPackages/SubscriptionUI/Sources/SubscriptionUI/Resources/Localizable.xcstrings,839,https://github.com/duckduckgo/apple-browsers/blob/6ba278262f04039a7e24d268dfdc4035bdaf9acb/macOS/LocalPackages/SubscriptionUI/Sources/SubscriptionUI/Resources/Localizable.xcstrings#L839
macOS,body,SubscriptionUI,subscription.alert.subscription.found.description,,We found a subscription associated with this Apple Account.,Alert message when subscription was found,,,true,extracted_with_value,,apps/apple/macOS/LocalPackages/SubscriptionUI/Sources/SubscriptionUI/Resources/Localizable.xcstrings,1019,https://github.com/duckduckgo/apple-browsers/blob/6ba278262f04039a7e24d268dfdc4035bdaf9acb/macOS/LocalPackages/SubscriptionUI/Sources/SubscriptionUI/Resources/Localizable.xcstrings#L1019
macOS,body,SubscriptionUI,subscription.alert.subscription.inactive.description,,The subscription associated with this Apple Account is no longer active.,Alert message when subscription was inactive,,,true,extracted_with_value,,apps/apple/macOS/LocalPackages/SubscriptionUI/Sources/SubscriptionUI/Resources/Localizable.xcstrings,1139,https://github.com/duckduckgo/apple-browsers/blob/6ba278262f04039a7e24d268dfdc4035bdaf9acb/macOS/LocalPackages/SubscriptionUI/Sources/SubscriptionUI/Resources/Localizable.xcstrings#L1139
macOS,body,SubscriptionUI,subscription.alert.subscription.not.found.description,,We couldn’t find a subscription associated with this Apple Account.,Alert message when subscription was not found,,,true,extracted_with_value,,apps/apple/macOS/LocalPackages/SubscriptionUI/Sources/SubscriptionUI/Resources/Localizable.xcstrings,1259,https://github.com/duckduckgo/apple-browsers/blob/6ba278262f04039a7e24d268dfdc4035bdaf9acb/macOS/LocalPackages/SubscriptionUI/Sources/SubscriptionUI/Resources/Localizable.xcstrings#L1259
macOS,body,SubscriptionUI,subscription.cancel.pending.downgrade.banner.caption,,Your plan will downgrade to %1$@ on %2$@.,Pending downgrade info for monthly plan. Parameters are tier name and effective date. This reads as 'Your plan will downgrade to Plus on (date).',,%1$@ %2$@,true,extracted_with_value,,apps/apple/macOS/LocalPackages/SubscriptionUI/Sources/SubscriptionUI/Resources/Localizable.xcstrings,1379,https://github.com/duckduckgo/apple-browsers/blob/6ba278262f04039a7e24d268dfdc4035bdaf9acb/macOS/LocalPackages/SubscriptionUI/Sources/SubscriptionUI/Resources/Localizable.xcstrings#L1379
macOS,body,SubscriptionUI,subscription.dialog.change.apple.description,,"Your subscription was purchased through the Apple App Store. To change your plan or billing settings, please go to System Settings > Apple Account > Media and Purchases > Subscriptions > Manage on a device signed in to the same Apple Account used to purchase your subscription.",Change plan or billing dialog subtitle description for subscription purchased via Apple,,,true,extracted_with_value,,apps/apple/macOS/LocalPackages/SubscriptionUI/Sources/SubscriptionUI/Resources/Localizable.xcstrings,1439,https://github.com/duckduckgo/apple-browsers/blob/6ba278262f04039a7e24d268dfdc4035bdaf9acb/macOS/LocalPackages/SubscriptionUI/Sources/SubscriptionUI/Resources/Localizable.xcstrings#L1439
macOS,body,SubscriptionUI,subscription.dialog.change.google.description,,"Your subscription was purchased through the Google Play Store. To change your plan or billing settings, please open Google Play Store subscription settings on a device signed in to the same Google Account used to purchase your subscription.",Change plan or billing dialog subtitle description for subscription purchased via Google,,,true,extracted_with_value,,apps/apple/macOS/LocalPackages/SubscriptionUI/Sources/SubscriptionUI/Resources/Localizable.xcstrings,1559,https://github.com/duckduckgo/apple-browsers/blob/6ba278262f04039a7e24d268dfdc4035bdaf9acb/macOS/LocalPackages/SubscriptionUI/Sources/SubscriptionUI/Resources/Localizable.xcstrings#L1559
macOS,body,SubscriptionUI,subscription.dialog.remove.description,,"You will no longer be able to access your DuckDuckGo subscription on this device. This will not cancel your subscription, and it will remain active on your other devices.",Remove subscription from device dialog subtitle description,,,true,extracted_with_value,,apps/apple/macOS/LocalPackages/SubscriptionUI/Sources/SubscriptionUI/Resources/Localizable.xcstrings,1799,https://github.com/duckduckgo/apple-browsers/blob/6ba278262f04039a7e24d268dfdc4035bdaf9acb/macOS/LocalPackages/SubscriptionUI/Sources/SubscriptionUI/Resources/Localizable.xcstrings#L1799
macOS,body,SubscriptionUI,subscription.preferences.paid.ai.chat.configure.duck.ai.description,,Customize Duck.ai and other AI Features of your browser in AI Features Settings,Description of the section of settings that allows user to configure Duck.ai,,,true,extracted_with_value,,apps/apple/macOS/LocalPackages/SubscriptionUI/Sources/SubscriptionUI/Resources/Localizable.xcstrings,2819,https://github.com/duckduckgo/apple-browsers/blob/6ba278262f04039a7e24d268dfdc4035bdaf9acb/macOS/LocalPackages/SubscriptionUI/Sources/SubscriptionUI/Resources/Localizable.xcstrings#L2819
macOS,body,SubscriptionUI,subscription.preferences.paid.ai.chat.enable.duck.ai.description,,Enable Duck.ai in AI Features Settings,Title of the section of settings that allows user to configure Duck.ai,,,true,extracted_with_value,,apps/apple/macOS/LocalPackages/SubscriptionUI/Sources/SubscriptionUI/Resources/Localizable.xcstrings,2939,https://github.com/duckduckgo/apple-browsers/blob/6ba278262f04039a7e24d268dfdc4035bdaf9acb/macOS/LocalPackages/SubscriptionUI/Sources/SubscriptionUI/Resources/Localizable.xcstrings#L2939
macOS,body,SubscriptionUI,subscription.preferences.services.identity.theft.restoration.description,,Restore stolen accounts and financial losses in the event of identity theft.,Description for the Identity Theft Restoration service listed in the subscription preferences pane,,,true,extracted_with_value,,apps/apple/macOS/LocalPackages/SubscriptionUI/Sources/SubscriptionUI/Resources/Localizable.xcstrings,3479,https://github.com/duckduckgo/apple-browsers/blob/6ba278262f04039a7e24d268dfdc4035bdaf9acb/macOS/LocalPackages/SubscriptionUI/Sources/SubscriptionUI/Resources/Localizable.xcstrings#L3479
macOS,body,SubscriptionUI,subscription.preferences.services.paid.ai.chat.description,,Chat privately with advanced AI models exclusive to subscribers.,Description for the Duck.ai premium service listed in the subscription preferences pane,,,true,extracted_with_value,,apps/apple/macOS/LocalPackages/SubscriptionUI/Sources/SubscriptionUI/Resources/Localizable.xcstrings,3599,https://github.com/duckduckgo/apple-browsers/blob/6ba278262f04039a7e24d268dfdc4035bdaf9acb/macOS/LocalPackages/SubscriptionUI/Sources/SubscriptionUI/Resources/Localizable.xcstrings#L3599
macOS,body,SubscriptionUI,subscription.preferences.services.personal.information.removal.description,,Find and remove your personal information from sites that store and sell it.,Description for the Personal Information Removal service listed in the subscription preferences pane,,,true,extracted_with_value,,apps/apple/macOS/LocalPackages/SubscriptionUI/Sources/SubscriptionUI/Resources/Localizable.xcstrings,3779,https://github.com/duckduckgo/apple-browsers/blob/6ba278262f04039a7e24d268dfdc4035bdaf9acb/macOS/LocalPackages/SubscriptionUI/Sources/SubscriptionUI/Resources/Localizable.xcstrings#L3779
macOS,body,SubscriptionUI,subscription.preferences.services.vpn.description,,Full-device protection with the VPN built for speed and security.,Description for the VPN service listed in the subscription preferences pane,,,true,extracted_with_value,,apps/apple/macOS/LocalPackages/SubscriptionUI/Sources/SubscriptionUI/Resources/Localizable.xcstrings,3959,https://github.com/duckduckgo/apple-browsers/blob/6ba278262f04039a7e24d268dfdc4035bdaf9acb/macOS/LocalPackages/SubscriptionUI/Sources/SubscriptionUI/Resources/Localizable.xcstrings#L3959
macOS,body,SubscriptionUI,subscription.preferences.subscription.activate.with.email.caption,,"Use this email to add your subscription to other devices. In the DuckDuckGo browser, go to Settings > DuckDuckGo Subscription > I Have a Subscription.",Caption for the subscription preferences activate section when email is added to subscription,,,true,extracted_with_value,,apps/apple/macOS/LocalPackages/SubscriptionUI/Sources/SubscriptionUI/Resources/Localizable.xcstrings,4205,https://github.com/duckduckgo/apple-browsers/blob/6ba278262f04039a7e24d268dfdc4035bdaf9acb/macOS/LocalPackages/SubscriptionUI/Sources/SubscriptionUI/Resources/Localizable.xcstrings#L4205
macOS,body,SubscriptionUI,subscription.preferences.subscription.active.expiring.monthly.caption,,Your monthly subscription expires on %@.,"Caption for the subscription preferences pane when the monthly subscription is active and will expire, the parameter is date of expiry.",,%@,true,extracted_with_value,,apps/apple/macOS/LocalPackages/SubscriptionUI/Sources/SubscriptionUI/Resources/Localizable.xcstrings,4265,https://github.com/duckduckgo/apple-browsers/blob/6ba278262f04039a7e24d268dfdc4035bdaf9acb/macOS/LocalPackages/SubscriptionUI/Sources/SubscriptionUI/Resources/Localizable.xcstrings#L4265
macOS,body,SubscriptionUI,subscription.preferences.subscription.active.expiring.unknown.caption,,Your subscription expires on %@.,"Caption for the subscription preferences pane when the subscription is active and will expire, the parameter is date of expiry.",,%@,true,extracted_with_value,,apps/apple/macOS/LocalPackages/SubscriptionUI/Sources/SubscriptionUI/Resources/Localizable.xcstrings,4325,https://github.com/duckduckgo/apple-browsers/blob/6ba278262f04039a7e24d268dfdc4035bdaf9acb/macOS/LocalPackages/SubscriptionUI/Sources/SubscriptionUI/Resources/Localizable.xcstrings#L4325
macOS,body,SubscriptionUI,subscription.preferences.subscription.active.expiring.yearly.caption,,Your annual subscription expires on %@.,"Caption for the subscription preferences pane when the annual subscription is active and will expire, the parameter is date of expiry.",,%@,true,extracted_with_value,,apps/apple/macOS/LocalPackages/SubscriptionUI/Sources/SubscriptionUI/Resources/Localizable.xcstrings,4385,https://github.com/duckduckgo/apple-browsers/blob/6ba278262f04039a7e24d268dfdc4035bdaf9acb/macOS/LocalPackages/SubscriptionUI/Sources/SubscriptionUI/Resources/Localizable.xcstrings#L4385
macOS,body,SubscriptionUI,subscription.preferences.subscription.active.renewing.monthly.caption,,Your monthly subscription renews on %@.,"Caption for the subscription preferences pane when the monthly subscription is active and will renew, the parameter is date of renewal.",,%@,true,extracted_with_value,,apps/apple/macOS/LocalPackages/SubscriptionUI/Sources/SubscriptionUI/Resources/Localizable.xcstrings,4445,https://github.com/duckduckgo/apple-browsers/blob/6ba278262f04039a7e24d268dfdc4035bdaf9acb/macOS/LocalPackages/SubscriptionUI/Sources/SubscriptionUI/Resources/Localizable.xcstrings#L4445
macOS,body,SubscriptionUI,subscription.preferences.subscription.active.renewing.trial.monthly.caption,,Your free trial ends on %@ & automatically converts to a monthly paid subscription on that day.,Monthly trial subscription renewal info where parameter is renewal date. This reads as 'Your free trial ends on (date) & automatically converts to a monthly paid subscription on that day.',,%@,true,extracted_with_value,,apps/apple/macOS/LocalPackages/SubscriptionUI/Sources/SubscriptionUI/Resources/Localizable.xcstrings,4505,https://github.com/duckduckgo/apple-browsers/blob/6ba278262f04039a7e24d268dfdc4035bdaf9acb/macOS/LocalPackages/SubscriptionUI/Sources/SubscriptionUI/Resources/Localizable.xcstrings#L4505
macOS,body,SubscriptionUI,subscription.preferences.subscription.active.renewing.trial.yearly.caption,,Your free trial ends on %@ & automatically converts to an annual paid subscription on that day.,Annual trial subscription renewal info where parameter is renewal date. This reads as 'Your free trial ends on (date) & automatically converts to an annual paid subscription on that day.',,%@,true,extracted_with_value,,apps/apple/macOS/LocalPackages/SubscriptionUI/Sources/SubscriptionUI/Resources/Localizable.xcstrings,4565,https://github.com/duckduckgo/apple-browsers/blob/6ba278262f04039a7e24d268dfdc4035bdaf9acb/macOS/LocalPackages/SubscriptionUI/Sources/SubscriptionUI/Resources/Localizable.xcstrings#L4565
macOS,body,SubscriptionUI,subscription.preferences.subscription.active.renewing.unknown.caption,,Your subscription renews on %@.,"Caption for the subscription preferences pane when the subscription is active and will renew, the parameter is date of renewal.",,%@,true,extracted_with_value,,apps/apple/macOS/LocalPackages/SubscriptionUI/Sources/SubscriptionUI/Resources/Localizable.xcstrings,4625,https://github.com/duckduckgo/apple-browsers/blob/6ba278262f04039a7e24d268dfdc4035bdaf9acb/macOS/LocalPackages/SubscriptionUI/Sources/SubscriptionUI/Resources/Localizable.xcstrings#L4625
macOS,body,SubscriptionUI,subscription.preferences.subscription.active.renewing.yearly.caption,,Your annual subscription renews on %@.,"Caption for the subscription preferences pane when the annual subscription is active and will renew, the parameter is date of renewal.",,%@,true,extracted_with_value,,apps/apple/macOS/LocalPackages/SubscriptionUI/Sources/SubscriptionUI/Resources/Localizable.xcstrings,4685,https://github.com/duckduckgo/apple-browsers/blob/6ba278262f04039a7e24d268dfdc4035bdaf9acb/macOS/LocalPackages/SubscriptionUI/Sources/SubscriptionUI/Resources/Localizable.xcstrings#L4685
macOS,body,SubscriptionUI,subscription.preferences.subscription.add.to.device.no.email.app.store.caption,,Add your subscription to your other devices via Apple Account or by linking an email.,Caption for the subscription preferences section for activating subscription on other devices while email is not yet added to subscription,,,true,extracted_with_value,,apps/apple/macOS/LocalPackages/SubscriptionUI/Sources/SubscriptionUI/Resources/Localizable.xcstrings,4865,https://github.com/duckduckgo/apple-browsers/blob/6ba278262f04039a7e24d268dfdc4035bdaf9acb/macOS/LocalPackages/SubscriptionUI/Sources/SubscriptionUI/Resources/Localizable.xcstrings#L4865
macOS,body,SubscriptionUI,subscription.preferences.subscription.add.to.device.no.email.stripe.caption,,Add your subscription to your other devices by linking an email.,Caption for the subscription preferences section for activating subscription on other devices while email is not yet added to subscription,,,true,extracted_with_value,,apps/apple/macOS/LocalPackages/SubscriptionUI/Sources/SubscriptionUI/Resources/Localizable.xcstrings,4925,https://github.com/duckduckgo/apple-browsers/blob/6ba278262f04039a7e24d268dfdc4035bdaf9acb/macOS/LocalPackages/SubscriptionUI/Sources/SubscriptionUI/Resources/Localizable.xcstrings#L4925
macOS,body,SubscriptionUI,subscription.preferences.subscription.expired.caption,,Your DuckDuckGo subscription expired on %@,Caption for the subscription preferences pane when the subscription has expired. The parameter is date of expiry.,,%@,true,extracted_with_value,,apps/apple/macOS/LocalPackages/SubscriptionUI/Sources/SubscriptionUI/Resources/Localizable.xcstrings,5045,https://github.com/duckduckgo/apple-browsers/blob/6ba278262f04039a7e24d268dfdc4035bdaf9acb/macOS/LocalPackages/SubscriptionUI/Sources/SubscriptionUI/Resources/Localizable.xcstrings#L5045
macOS,body,SubscriptionUI,subscription.preferences.subscription.expired.trial.caption,,Your free trial ends on %@ & will not convert to a paid subscription.,Trial subscription expiration info where parameter is expiration date. This reads as 'Your free trial ends on (date) & will not convert to a paid subscription.',,%@,true,extracted_with_value,,apps/apple/macOS/LocalPackages/SubscriptionUI/Sources/SubscriptionUI/Resources/Localizable.xcstrings,5105,https://github.com/duckduckgo/apple-browsers/blob/6ba278262f04039a7e24d268dfdc4035bdaf9acb/macOS/LocalPackages/SubscriptionUI/Sources/SubscriptionUI/Resources/Localizable.xcstrings#L5105
macOS,body,SubscriptionUI,subscription.preferences.subscription.help.footer.caption,,Get answers to frequently asked questions or contact subscription support from our help pages. Feature availability varies by country.,Caption for the subscription preferences pane footer,,,true,extracted_with_value,,apps/apple/macOS/LocalPackages/SubscriptionUI/Sources/SubscriptionUI/Resources/Localizable.xcstrings,5225,https://github.com/duckduckgo/apple-browsers/blob/6ba278262f04039a7e24d268dfdc4035bdaf9acb/macOS/LocalPackages/SubscriptionUI/Sources/SubscriptionUI/Resources/Localizable.xcstrings#L5225
macOS,body,SubscriptionUI,subscription.preferences.subscription.inactive.row.caption,,"Subscribers get our VPN, advanced AI models in Duck.ai, and Identity Theft Restoration.",Caption for the subscription preferences pane when the subscription is inactive,,,true,extracted_with_value,,apps/apple/macOS/LocalPackages/SubscriptionUI/Sources/SubscriptionUI/Resources/Localizable.xcstrings,5405,https://github.com/duckduckgo/apple-browsers/blob/6ba278262f04039a7e24d268dfdc4035bdaf9acb/macOS/LocalPackages/SubscriptionUI/Sources/SubscriptionUI/Resources/Localizable.xcstrings#L5405
macOS,body,SubscriptionUI,subscription.preferences.subscription.inactive.row.caption.deprecated,,Subscribers get our VPN and Identity Theft Restoration.,Caption for the subscription preferences pane when the subscription is inactive,,,true,extracted_with_value,,apps/apple/macOS/LocalPackages/SubscriptionUI/Sources/SubscriptionUI/Resources/Localizable.xcstrings,5465,https://github.com/duckduckgo/apple-browsers/blob/6ba278262f04039a7e24d268dfdc4035bdaf9acb/macOS/LocalPackages/SubscriptionUI/Sources/SubscriptionUI/Resources/Localizable.xcstrings#L5465
macOS,body,SubscriptionUI,subscription.preferences.subscription.inactive.us.caption,,"Subscribers get our VPN, advanced AI models in Duck.ai, Personal Information Removal, and Identity Theft Restoration.",Caption for the subscription preferences pane when the subscription is inactive,,,true,extracted_with_value,,apps/apple/macOS/LocalPackages/SubscriptionUI/Sources/SubscriptionUI/Resources/Localizable.xcstrings,5525,https://github.com/duckduckgo/apple-browsers/blob/6ba278262f04039a7e24d268dfdc4035bdaf9acb/macOS/LocalPackages/SubscriptionUI/Sources/SubscriptionUI/Resources/Localizable.xcstrings#L5525
macOS,body,SubscriptionUI,subscription.preferences.subscription.inactive.us.caption.no.duck.ai,,"Subscribers get our VPN, Personal Information Removal, and Identity Theft Restoration.",Caption for the subscription preferences pane when the subscription is inactive,,,true,extracted_with_value,,apps/apple/macOS/LocalPackages/SubscriptionUI/Sources/SubscriptionUI/Resources/Localizable.xcstrings,5585,https://github.com/duckduckgo/apple-browsers/blob/6ba278262f04039a7e24d268dfdc4035bdaf9acb/macOS/LocalPackages/SubscriptionUI/Sources/SubscriptionUI/Resources/Localizable.xcstrings#L5585
macOS,body,SubscriptionUI,subscription.preferences.subscription.pending.caption,,This is taking longer than usual. Please check back later.,Caption for the subscription preferences pane when the subscription activation is pending,,,true,extracted_with_value,,apps/apple/macOS/LocalPackages/SubscriptionUI/Sources/SubscriptionUI/Resources/Localizable.xcstrings,5645,https://github.com/duckduckgo/apple-browsers/blob/6ba278262f04039a7e24d268dfdc4035bdaf9acb/macOS/LocalPackages/SubscriptionUI/Sources/SubscriptionUI/Resources/Localizable.xcstrings#L5645
macOS,body,SubscriptionUI,subscription.preferences.subscription.pending.downgrade.monthly.caption,,Your plan will downgrade to %1$@ Monthly on %2$@.,Pending downgrade info for monthly plan. Parameters are tier name and effective date. This reads as 'Your plan will downgrade to Plus Monthly on (date).',,%1$@ %2$@,true,extracted_with_value,,apps/apple/macOS/LocalPackages/SubscriptionUI/Sources/SubscriptionUI/Resources/Localizable.xcstrings,5705,https://github.com/duckduckgo/apple-browsers/blob/6ba278262f04039a7e24d268dfdc4035bdaf9acb/macOS/LocalPackages/SubscriptionUI/Sources/SubscriptionUI/Resources/Localizable.xcstrings#L5705
macOS,body,SubscriptionUI,subscription.preferences.subscription.pending.downgrade.unknown.caption,,Your plan will downgrade to %1$@ on %2$@.,Pending downgrade info for unknown billing period. Parameters are tier name and effective date. This reads as 'Your plan will downgrade to Plus on (date).',,%1$@ %2$@,true,extracted_with_value,,apps/apple/macOS/LocalPackages/SubscriptionUI/Sources/SubscriptionUI/Resources/Localizable.xcstrings,5765,https://github.com/duckduckgo/apple-browsers/blob/6ba278262f04039a7e24d268dfdc4035bdaf9acb/macOS/LocalPackages/SubscriptionUI/Sources/SubscriptionUI/Resources/Localizable.xcstrings#L5765
macOS,body,SubscriptionUI,subscription.preferences.subscription.pending.downgrade.yearly.caption,,Your plan will downgrade to %1$@ Yearly on %2$@.,Pending downgrade info for yearly plan. Parameters are tier name and effective date. This reads as 'Your plan will downgrade to Plus Yearly on (date).',,%1$@ %2$@,true,extracted_with_value,,apps/apple/macOS/LocalPackages/SubscriptionUI/Sources/SubscriptionUI/Resources/Localizable.xcstrings,5825,https://github.com/duckduckgo/apple-browsers/blob/6ba278262f04039a7e24d268dfdc4035bdaf9acb/macOS/LocalPackages/SubscriptionUI/Sources/SubscriptionUI/Resources/Localizable.xcstrings#L5825
macOS,body,SubscriptionUI,subscription.upgrade.section.caption,,"Unlock smarter, more powerful AI",Caption text in the upgrade section promoting AI features,,,true,extracted_with_value,,apps/apple/macOS/LocalPackages/SubscriptionUI/Sources/SubscriptionUI/Resources/Localizable.xcstrings,6365,https://github.com/duckduckgo/apple-browsers/blob/6ba278262f04039a7e24d268dfdc4035bdaf9acb/macOS/LocalPackages/SubscriptionUI/Sources/SubscriptionUI/Resources/Localizable.xcstrings#L6365
macOS,body,SubscriptionUI,win-back.campaign.logged-in.preferences.message,,"Stay protected with our VPN, private AI, and more. Resubscribe today and save 25%. Limited time offer.",Message of the message displayed for logged in users to resubscribe during the win-back campaign,,,true,extracted_with_value,,apps/apple/macOS/LocalPackages/SubscriptionUI/Sources/SubscriptionUI/Resources/Localizable.xcstrings,6485,https://github.com/duckduckgo/apple-browsers/blob/6ba278262f04039a7e24d268dfdc4035bdaf9acb/macOS/LocalPackages/SubscriptionUI/Sources/SubscriptionUI/Resources/Localizable.xcstrings#L6485
macOS,body,SyncUI-macOS,alert.sync-already-paired-with-account-description,,These devices are already connected to Sync & Backup.,Description for Sync error shown when both devices are already paired with the same account,,,true,extracted_with_value,,apps/apple/macOS/LocalPackages/SyncUI-macOS/Sources/SyncUI-macOS/Resources/Localizable.xcstrings,182,https://github.com/duckduckgo/apple-browsers/blob/6ba278262f04039a7e24d268dfdc4035bdaf9acb/macOS/LocalPackages/SyncUI-macOS/Sources/SyncUI-macOS/Resources/Localizable.xcstrings#L182
macOS,body,SyncUI-macOS,alert.sync-cancelled-from-other-device-description,,Please try again.,Description for Sync error shown when setup is canceled from the other device,,,true,extracted_with_value,,apps/apple/macOS/LocalPackages/SyncUI-macOS/Sources/SyncUI-macOS/Resources/Localizable.xcstrings,362,https://github.com/duckduckgo/apple-browsers/blob/6ba278262f04039a7e24d268dfdc4035bdaf9acb/macOS/LocalPackages/SyncUI-macOS/Sources/SyncUI-macOS/Resources/Localizable.xcstrings#L362
macOS,body,SyncUI-macOS,alert.sync-code-only-compatible-with-duckai-description,,"In your other browser, visit Duck.ai, go to Settings, then under “Sync & Backup” select “Turn On” and then “Sync with another device”.",Description for Sync error shown when a third-party recovery code can only be used with Duck.ai,,,true,extracted_with_value,,apps/apple/macOS/LocalPackages/SyncUI-macOS/Sources/SyncUI-macOS/Resources/Localizable.xcstrings,482,https://github.com/duckduckgo/apple-browsers/blob/6ba278262f04039a7e24d268dfdc4035bdaf9acb/macOS/LocalPackages/SyncUI-macOS/Sources/SyncUI-macOS/Resources/Localizable.xcstrings#L482
macOS,body,SyncUI-macOS,alert.sync-from-another-connected-device-description,,Please Sync this device from an already-connected DuckDuckGo browser on another device.,Description for Sync error shown when a third-party account already has a native DuckDuckGo Sync credential,,,true,extracted_with_value,,apps/apple/macOS/LocalPackages/SyncUI-macOS/Sources/SyncUI-macOS/Resources/Localizable.xcstrings,902,https://github.com/duckduckgo/apple-browsers/blob/6ba278262f04039a7e24d268dfdc4035bdaf9acb/macOS/LocalPackages/SyncUI-macOS/Sources/SyncUI-macOS/Resources/Localizable.xcstrings#L902
macOS,body,SyncUI-macOS,alert.sync-switch-account-message,,"This device is already synced, are you sure you want to sync it with a different backup or device? Switching won't remove any data already synced to this device.",Description for switching sync accounts when there's two,,,true,extracted_with_value,,apps/apple/macOS/LocalPackages/SyncUI-macOS/Sources/SyncUI-macOS/Resources/Localizable.xcstrings,1082,https://github.com/duckduckgo/apple-browsers/blob/6ba278262f04039a7e24d268dfdc4035bdaf9acb/macOS/LocalPackages/SyncUI-macOS/Sources/SyncUI-macOS/Resources/Localizable.xcstrings#L1082
macOS,body,SyncUI-macOS,alert.unable-to-create-recovery-pdf-description,,Unable to create the recovery PDF.,Description for unable to create recovery pdf error,,,true,extracted_with_value,,apps/apple/macOS/LocalPackages/SyncUI-macOS/Sources/SyncUI-macOS/Resources/Localizable.xcstrings,1322,https://github.com/duckduckgo/apple-browsers/blob/6ba278262f04039a7e24d268dfdc4035bdaf9acb/macOS/LocalPackages/SyncUI-macOS/Sources/SyncUI-macOS/Resources/Localizable.xcstrings#L1322
macOS,body,SyncUI-macOS,alert.unable-to-delete-data-description,,Unable to delete data on the server.,Description for unable to delete data error,,,true,extracted_with_value,,apps/apple/macOS/LocalPackages/SyncUI-macOS/Sources/SyncUI-macOS/Resources/Localizable.xcstrings,1382,https://github.com/duckduckgo/apple-browsers/blob/6ba278262f04039a7e24d268dfdc4035bdaf9acb/macOS/LocalPackages/SyncUI-macOS/Sources/SyncUI-macOS/Resources/Localizable.xcstrings#L1382
macOS,body,SyncUI-macOS,alert.unable-to-merge-two-accounts-description,,"To pair these devices, turn off Sync & Backup on one device then tap ""Sync With Another Device"" on the other device.",Description for unable to merge two accounts error,,,true,extracted_with_value,,apps/apple/macOS/LocalPackages/SyncUI-macOS/Sources/SyncUI-macOS/Resources/Localizable.xcstrings,1442,https://github.com/duckduckgo/apple-browsers/blob/6ba278262f04039a7e24d268dfdc4035bdaf9acb/macOS/LocalPackages/SyncUI-macOS/Sources/SyncUI-macOS/Resources/Localizable.xcstrings#L1442
macOS,body,SyncUI-macOS,alert.unable-to-remove-device-description,,Unable to remove this device from Sync & Backup.,Description for unable to remove device error,,,true,extracted_with_value,,apps/apple/macOS/LocalPackages/SyncUI-macOS/Sources/SyncUI-macOS/Resources/Localizable.xcstrings,1502,https://github.com/duckduckgo/apple-browsers/blob/6ba278262f04039a7e24d268dfdc4035bdaf9acb/macOS/LocalPackages/SyncUI-macOS/Sources/SyncUI-macOS/Resources/Localizable.xcstrings#L1502
macOS,body,SyncUI-macOS,alert.unable-to-scan-qr-code-description,,Please make sure the correct code was entered or scanned.,Description for unable to scan qr code error,,,true,extracted_with_value,,apps/apple/macOS/LocalPackages/SyncUI-macOS/Sources/SyncUI-macOS/Resources/Localizable.xcstrings,1562,https://github.com/duckduckgo/apple-browsers/blob/6ba278262f04039a7e24d268dfdc4035bdaf9acb/macOS/LocalPackages/SyncUI-macOS/Sources/SyncUI-macOS/Resources/Localizable.xcstrings#L1562
macOS,body,SyncUI-macOS,alert.unable-to-sync-to-server-description,,Unable to connect to the server.,Description for unable to sync to server error,,,true,extracted_with_value,,apps/apple/macOS/LocalPackages/SyncUI-macOS/Sources/SyncUI-macOS/Resources/Localizable.xcstrings,1682,https://github.com/duckduckgo/apple-browsers/blob/6ba278262f04039a7e24d268dfdc4035bdaf9acb/macOS/LocalPackages/SyncUI-macOS/Sources/SyncUI-macOS/Resources/Localizable.xcstrings#L1682
macOS,body,SyncUI-macOS,alert.unable-to-turn-sync-off-description,,Unable to turn Sync & Backup off.,Description for unable to turn sync off error,,,true,extracted_with_value,,apps/apple/macOS/LocalPackages/SyncUI-macOS/Sources/SyncUI-macOS/Resources/Localizable.xcstrings,1742,https://github.com/duckduckgo/apple-browsers/blob/6ba278262f04039a7e24d268dfdc4035bdaf9acb/macOS/LocalPackages/SyncUI-macOS/Sources/SyncUI-macOS/Resources/Localizable.xcstrings#L1742
macOS,body,SyncUI-macOS,alert.unable-to-update-device-name-description,,Unable to update the device name.,Description for unable to update device name error,,,true,extracted_with_value,,apps/apple/macOS/LocalPackages/SyncUI-macOS/Sources/SyncUI-macOS/Resources/Localizable.xcstrings,1802,https://github.com/duckduckgo/apple-browsers/blob/6ba278262f04039a7e24d268dfdc4035bdaf9acb/macOS/LocalPackages/SyncUI-macOS/Sources/SyncUI-macOS/Resources/Localizable.xcstrings#L1802
macOS,body,SyncUI-macOS,preferences.begin-sync-v2.card-description,,"Your autofill data, bookmarks, and Duck.ai chats, end-to-end encrypted across your DuckDuckGo apps.",Begin Syncing card description in sync settings (V2),,,true,extracted_with_value,,apps/apple/macOS/LocalPackages/SyncUI-macOS/Sources/SyncUI-macOS/Resources/Localizable.xcstrings,2402,https://github.com/duckduckgo/apple-browsers/blob/6ba278262f04039a7e24d268dfdc4035bdaf9acb/macOS/LocalPackages/SyncUI-macOS/Sources/SyncUI-macOS/Resources/Localizable.xcstrings#L2402
macOS,body,SyncUI-macOS,preferences.begin-sync-v2.card-footer,,Don’t have DuckDuckGo on another device? [Get the DuckDuckGo app?](https://duckduckgo.com/app/devices),Footer under the Begin Syncing card in sync settings (V2). The [text](url) markdown is a link and must be preserved.,,,true,extracted_with_value,,apps/apple/macOS/LocalPackages/SyncUI-macOS/Sources/SyncUI-macOS/Resources/Localizable.xcstrings,2462,https://github.com/duckduckgo/apple-browsers/blob/6ba278262f04039a7e24d268dfdc4035bdaf9acb/macOS/LocalPackages/SyncUI-macOS/Sources/SyncUI-macOS/Resources/Localizable.xcstrings#L2462
macOS,body,SyncUI-macOS,preferences.begin-sync.card-description,,Securely sync bookmarks and passwords between your devices.,Begin Syncing card description in sync settings,,,true,extracted_with_value,,apps/apple/macOS/LocalPackages/SyncUI-macOS/Sources/SyncUI-macOS/Resources/Localizable.xcstrings,2642,https://github.com/duckduckgo/apple-browsers/blob/6ba278262f04039a7e24d268dfdc4035bdaf9acb/macOS/LocalPackages/SyncUI-macOS/Sources/SyncUI-macOS/Resources/Localizable.xcstrings#L2642
macOS,body,SyncUI-macOS,preferences.begin-sync.card-description-updated,,"Securely sync bookmarks, autofill data, and Duck.ai chats between your devices.",Begin Syncing card description in sync settings,,,true,extracted_with_value,,apps/apple/macOS/LocalPackages/SyncUI-macOS/Sources/SyncUI-macOS/Resources/Localizable.xcstrings,2702,https://github.com/duckduckgo/apple-browsers/blob/6ba278262f04039a7e24d268dfdc4035bdaf9acb/macOS/LocalPackages/SyncUI-macOS/Sources/SyncUI-macOS/Resources/Localizable.xcstrings#L2702
macOS,body,SyncUI-macOS,preferences.begin-sync.card-footer,,"Your data is end-to-end encrypted. Nobody but you can see your data, not even us. Support for certain data types depends on the platform. [Learn More](https://duckduckgo.com/duckduckgo-help-pages/sync-and-backup/sync-and-backup-privacy/)",Footer / caption on the Begin Syncing card in sync settings,,,true,extracted_with_value,,apps/apple/macOS/LocalPackages/SyncUI-macOS/Sources/SyncUI-macOS/Resources/Localizable.xcstrings,2762,https://github.com/duckduckgo/apple-browsers/blob/6ba278262f04039a7e24d268dfdc4035bdaf9acb/macOS/LocalPackages/SyncUI-macOS/Sources/SyncUI-macOS/Resources/Localizable.xcstrings#L2762
macOS,body,SyncUI-macOS,preferences.enter-recovery-code.dialog-subtitle,,"Enter the code on your Recovery PDF, or another synced device, to recover your synced data.",Sync enter recovery code dialog subtitle,,,true,extracted_with_value,,apps/apple/macOS/LocalPackages/SyncUI-macOS/Sources/SyncUI-macOS/Resources/Localizable.xcstrings,3002,https://github.com/duckduckgo/apple-browsers/blob/6ba278262f04039a7e24d268dfdc4035bdaf9acb/macOS/LocalPackages/SyncUI-macOS/Sources/SyncUI-macOS/Resources/Localizable.xcstrings#L3002
macOS,body,SyncUI-macOS,preferences.preparing-to-sync.dialog-subtitle,,We're setting up the connection to synchronize your bookmarks and autofill data with the other device.,Preparing to sync dialog subtitle during sync set up,,,true,extracted_with_value,,apps/apple/macOS/LocalPackages/SyncUI-macOS/Sources/SyncUI-macOS/Resources/Localizable.xcstrings,3422,https://github.com/duckduckgo/apple-browsers/blob/6ba278262f04039a7e24d268dfdc4035bdaf9acb/macOS/LocalPackages/SyncUI-macOS/Sources/SyncUI-macOS/Resources/Localizable.xcstrings#L3422
macOS,body,SyncUI-macOS,preferences.preparing-to-sync.dialog-subtitle-updated,,"We're setting up the connection to synchronize your bookmarks, autofill data, and Duck.ai chats with the other device.",Preparing to sync dialog subtitle during sync set up,,,true,extracted_with_value,,apps/apple/macOS/LocalPackages/SyncUI-macOS/Sources/SyncUI-macOS/Resources/Localizable.xcstrings,3482,https://github.com/duckduckgo/apple-browsers/blob/6ba278262f04039a7e24d268dfdc4035bdaf9acb/macOS/LocalPackages/SyncUI-macOS/Sources/SyncUI-macOS/Resources/Localizable.xcstrings#L3482
macOS,body,SyncUI-macOS,preferences.recover-synced-data.dialog-subtitle,,"To restore your synced data, you'll need the Recovery Code you saved when you first set up Sync. This code may have been saved as a PDF on the device you originally used to set up Sync.",Recover synced data during Sync recovery process dialog subtitle,,,true,extracted_with_value,,apps/apple/macOS/LocalPackages/SyncUI-macOS/Sources/SyncUI-macOS/Resources/Localizable.xcstrings,3902,https://github.com/duckduckgo/apple-browsers/blob/6ba278262f04039a7e24d268dfdc4035bdaf9acb/macOS/LocalPackages/SyncUI-macOS/Sources/SyncUI-macOS/Resources/Localizable.xcstrings#L3902
macOS,body,SyncUI-macOS,preferences.sync-enabled-v2.footer,,"Your bookmarks, autofill data, and Duck.ai chats, are being synced with end-to-end encryption. Support for certain data types depends on the platform. [Learn More](https://duckduckgo.com/duckduckgo-help-pages/sync-and-backup/sync-and-backup-privacy/)",Footer describing what is being synced in sync settings when sync is enabled (V2). The [text](url) markdown is a link and must be preserved.,,,true,extracted_with_value,,apps/apple/macOS/LocalPackages/SyncUI-macOS/Sources/SyncUI-macOS/Resources/Localizable.xcstrings,4082,https://github.com/duckduckgo/apple-browsers/blob/6ba278262f04039a7e24d268dfdc4035bdaf9acb/macOS/LocalPackages/SyncUI-macOS/Sources/SyncUI-macOS/Resources/Localizable.xcstrings#L4082
macOS,body,SyncUI-macOS,preferences.sync-enabled-v2.footer-without-ai-chat,,Your bookmarks and autofill data are being synced with end-to-end encryption. Support for certain data types depends on the platform. [Learn More](https://duckduckgo.com/duckduckgo-help-pages/sync-and-backup/sync-and-backup-privacy/),Footer describing what is being synced in sync settings when sync is enabled and Duck.ai chat sync is unavailable (V2). The [text](url) markdown is a link and must be preserved.,,,true,extracted_with_value,,apps/apple/macOS/LocalPackages/SyncUI-macOS/Sources/SyncUI-macOS/Resources/Localizable.xcstrings,4142,https://github.com/duckduckgo/apple-browsers/blob/6ba278262f04039a7e24d268dfdc4035bdaf9acb/macOS/LocalPackages/SyncUI-macOS/Sources/SyncUI-macOS/Resources/Localizable.xcstrings#L4142
macOS,body,SyncUI-macOS,preferences.sync.another-device-prompt-v2.subtitle,,We’ll help you sync your devices.,Subtitle of the prompt asking whether to sync with another device or just this device (V2),,,true,extracted_with_value,,apps/apple/macOS/LocalPackages/SyncUI-macOS/Sources/SyncUI-macOS/Resources/Localizable.xcstrings,4382,https://github.com/duckduckgo/apple-browsers/blob/6ba278262f04039a7e24d268dfdc4035bdaf9acb/macOS/LocalPackages/SyncUI-macOS/Sources/SyncUI-macOS/Resources/Localizable.xcstrings#L4382
macOS,body,SyncUI-macOS,preferences.sync.authentication-cancelled-v2.subtitle,,You need to authenticate to turn on Sync & Backup. macOS will ask for an authentication method.,Subtitle of the alert shown when the user cancels the device authentication prompt while setting up Sync (V2),,,true,extracted_with_value,,apps/apple/macOS/LocalPackages/SyncUI-macOS/Sources/SyncUI-macOS/Resources/Localizable.xcstrings,4622,https://github.com/duckduckgo/apple-browsers/blob/6ba278262f04039a7e24d268dfdc4035bdaf9acb/macOS/LocalPackages/SyncUI-macOS/Sources/SyncUI-macOS/Resources/Localizable.xcstrings#L4622
macOS,body,SyncUI-macOS,preferences.sync.card-footer,,Support for certain data types depends on the platform. [Learn More](https://duckduckgo.com/duckduckgo-help-pages/sync-and-backup/sync-and-backup-privacy/),Footer / caption on the Sync card in sync settings,,,true,extracted_with_value,,apps/apple/macOS/LocalPackages/SyncUI-macOS/Sources/SyncUI-macOS/Resources/Localizable.xcstrings,4862,https://github.com/duckduckgo/apple-browsers/blob/6ba278262f04039a7e24d268dfdc4035bdaf9acb/macOS/LocalPackages/SyncUI-macOS/Sources/SyncUI-macOS/Resources/Localizable.xcstrings#L4862
macOS,body,SyncUI-macOS,preferences.sync.card-footer-updated,,Support for certain data types varies by platform. [Learn More](https://duckduckgo.com/duckduckgo-help-pages/sync-and-backup/sync-and-backup-privacy/),Footer / caption on the Sync card in sync settings,,,true,extracted_with_value,,apps/apple/macOS/LocalPackages/SyncUI-macOS/Sources/SyncUI-macOS/Resources/Localizable.xcstrings,4922,https://github.com/duckduckgo/apple-browsers/blob/6ba278262f04039a7e24d268dfdc4035bdaf9acb/macOS/LocalPackages/SyncUI-macOS/Sources/SyncUI-macOS/Resources/Localizable.xcstrings#L4922
macOS,body,SyncUI-macOS,preferences.sync.current-device-details,,Details...,Sync Settings device details button,,,true,extracted_with_value,,apps/apple/macOS/LocalPackages/SyncUI-macOS/Sources/SyncUI-macOS/Resources/Localizable.xcstrings,5042,https://github.com/duckduckgo/apple-browsers/blob/6ba278262f04039a7e24d268dfdc4035bdaf9acb/macOS/LocalPackages/SyncUI-macOS/Sources/SyncUI-macOS/Resources/Localizable.xcstrings#L5042
macOS,body,SyncUI-macOS,preferences.sync.delete-account-v2.message,,All devices using Sync & Backup will be disconnected and your synced data will be deleted from the server.,Message of the confirmation shown before turning Sync off and deleting the server data (V2),,,true,extracted_with_value,,apps/apple/macOS/LocalPackages/SyncUI-macOS/Sources/SyncUI-macOS/Resources/Localizable.xcstrings,5162,https://github.com/duckduckgo/apple-browsers/blob/6ba278262f04039a7e24d268dfdc4035bdaf9acb/macOS/LocalPackages/SyncUI-macOS/Sources/SyncUI-macOS/Resources/Localizable.xcstrings#L5162
macOS,body,SyncUI-macOS,preferences.sync.fetch-favicons-option-caption-v2,,Loads icons from websites you’ve bookmarked. Icon downloads are exposed to your network.,Caption for the load bookmark icons option in sync settings (V2),,,true,extracted_with_value,,apps/apple/macOS/LocalPackages/SyncUI-macOS/Sources/SyncUI-macOS/Resources/Localizable.xcstrings,5702,https://github.com/duckduckgo/apple-browsers/blob/6ba278262f04039a7e24d268dfdc4035bdaf9acb/macOS/LocalPackages/SyncUI-macOS/Sources/SyncUI-macOS/Resources/Localizable.xcstrings#L5702
macOS,body,SyncUI-macOS,preferences.sync.my-devices-footer-v2,,"Your data is end-to-end encrypted. Nobody but you can see your data, not even us.",Footer under the synced devices section in sync settings (V2),,,true,extracted_with_value,,apps/apple/macOS/LocalPackages/SyncUI-macOS/Sources/SyncUI-macOS/Resources/Localizable.xcstrings,5822,https://github.com/duckduckgo/apple-browsers/blob/6ba278262f04039a7e24d268dfdc4035bdaf9acb/macOS/LocalPackages/SyncUI-macOS/Sources/SyncUI-macOS/Resources/Localizable.xcstrings#L5822
macOS,body,SyncUI-macOS,preferences.sync.recovery-instructions-footer-v2,,Sync & Backup data can’t be recovered after 18 months of inactivity. [Learn more](https://duckduckgo.com/duckduckgo-help-pages/sync-and-backup/recovery-codes-and-troubleshooting),Footer on the recovery code section in sync settings (V2). The [text](url) markdown is a link and must be preserved.,,,true,extracted_with_value,,apps/apple/macOS/LocalPackages/SyncUI-macOS/Sources/SyncUI-macOS/Resources/Localizable.xcstrings,6002,https://github.com/duckduckgo/apple-browsers/blob/6ba278262f04039a7e24d268dfdc4035bdaf9acb/macOS/LocalPackages/SyncUI-macOS/Sources/SyncUI-macOS/Resources/Localizable.xcstrings#L6002
macOS,body,SyncUI-macOS,preferences.sync.recovery-instructions-v2,,Use this code to restore your data if you lose access to this device.,Instructions on how to restore synced data in sync settings (V2),,,true,extracted_with_value,,apps/apple/macOS/LocalPackages/SyncUI-macOS/Sources/SyncUI-macOS/Resources/Localizable.xcstrings,6062,https://github.com/duckduckgo/apple-browsers/blob/6ba278262f04039a7e24d268dfdc4035bdaf9acb/macOS/LocalPackages/SyncUI-macOS/Sources/SyncUI-macOS/Resources/Localizable.xcstrings#L6062
macOS,body,SyncUI-macOS,preferences.sync.recovery-instructions.footer,,Sync & Backup data can’t be recovered after 18 months of inactivity. [Learn More](https://duckduckgo.com/duckduckgo-help-pages/sync-and-backup/recovery-codes-and-troubleshooting),Footer / caption on the restore synced data section in sync settings,,,true,extracted_with_value,,apps/apple/macOS/LocalPackages/SyncUI-macOS/Sources/SyncUI-macOS/Resources/Localizable.xcstrings,6122,https://github.com/duckduckgo/apple-browsers/blob/6ba278262f04039a7e24d268dfdc4035bdaf9acb/macOS/LocalPackages/SyncUI-macOS/Sources/SyncUI-macOS/Resources/Localizable.xcstrings#L6122
macOS,body,SyncUI-macOS,preferences.sync.remove-device-message,,"""%@"" will no longer be able to access your synced data.",Message to confirm the device will no longer be able to access the synced data - devoce name item inserted,,%@,true,extracted_with_value,,apps/apple/macOS/LocalPackages/SyncUI-macOS/Sources/SyncUI-macOS/Resources/Localizable.xcstrings,6302,https://github.com/duckduckgo/apple-browsers/blob/6ba278262f04039a7e24d268dfdc4035bdaf9acb/macOS/LocalPackages/SyncUI-macOS/Sources/SyncUI-macOS/Resources/Localizable.xcstrings#L6302
macOS,body,SyncUI-macOS,preferences.sync.remove-device-v2.message,,"**%@** will no longer be able to access your synced data.

Your autofill data, bookmarks, and duck.ai chats won’t sync across your other devices with DuckDuckGo.","Message of the confirmation shown before removing a synced device (V2). The device name is inserted in place of %@ and the ** markers around it indicate bold styling, which should be preserved.",,%@,true,extracted_with_value,,apps/apple/macOS/LocalPackages/SyncUI-macOS/Sources/SyncUI-macOS/Resources/Localizable.xcstrings,6482,https://github.com/duckduckgo/apple-browsers/blob/6ba278262f04039a7e24d268dfdc4035bdaf9acb/macOS/LocalPackages/SyncUI-macOS/Sources/SyncUI-macOS/Resources/Localizable.xcstrings#L6482
macOS,body,SyncUI-macOS,preferences.sync.rollout-banner.description,,Sync & Backup is rolling out gradually and may not be available yet within DuckDuckGo on your other devices.,Description of rollout banner,,,true,extracted_with_value,,apps/apple/macOS/LocalPackages/SyncUI-macOS/Sources/SyncUI-macOS/Resources/Localizable.xcstrings,6602,https://github.com/duckduckgo/apple-browsers/blob/6ba278262f04039a7e24d268dfdc4035bdaf9acb/macOS/LocalPackages/SyncUI-macOS/Sources/SyncUI-macOS/Resources/Localizable.xcstrings#L6602
macOS,body,SyncUI-macOS,preferences.sync.share-favorite-option-caption-v2,,Use the same favorite bookmarks on mobile and desktop.,Caption for the share favorites option in sync settings (V2),,,true,extracted_with_value,,apps/apple/macOS/LocalPackages/SyncUI-macOS/Sources/SyncUI-macOS/Resources/Localizable.xcstrings,6662,https://github.com/duckduckgo/apple-browsers/blob/6ba278262f04039a7e24d268dfdc4035bdaf9acb/macOS/LocalPackages/SyncUI-macOS/Sources/SyncUI-macOS/Resources/Localizable.xcstrings#L6662
macOS,body,SyncUI-macOS,preferences.sync.success-v2.description,,Use this code to restore your synced data if you lose access to your devices. Keep it safe.,Recovery code explanation in the Sync success dialog (V2),,,true,extracted_with_value,,apps/apple/macOS/LocalPackages/SyncUI-macOS/Sources/SyncUI-macOS/Resources/Localizable.xcstrings,6962,https://github.com/duckduckgo/apple-browsers/blob/6ba278262f04039a7e24d268dfdc4035bdaf9acb/macOS/LocalPackages/SyncUI-macOS/Sources/SyncUI-macOS/Resources/Localizable.xcstrings#L6962
macOS,body,SyncUI-macOS,preferences.sync.sync-with-another-device-v2.copy-confirmation-message,,Open DuckDuckGo on your other device and paste the code.,Message of the reminder shown after copying the sync code (V2),,,true,extracted_with_value,,apps/apple/macOS/LocalPackages/SyncUI-macOS/Sources/SyncUI-macOS/Resources/Localizable.xcstrings,7322,https://github.com/duckduckgo/apple-browsers/blob/6ba278262f04039a7e24d268dfdc4035bdaf9acb/macOS/LocalPackages/SyncUI-macOS/Sources/SyncUI-macOS/Resources/Localizable.xcstrings#L7322
macOS,body,SyncUI-macOS,preferences.sync.sync-with-another-device-v2.enter-step-3,,Copy the QR Text Code and click ‘Paste Code’ below:,Third pairing instruction when entering a code from another device (V2),,,true,extracted_with_value,,apps/apple/macOS/LocalPackages/SyncUI-macOS/Sources/SyncUI-macOS/Resources/Localizable.xcstrings,7442,https://github.com/duckduckgo/apple-browsers/blob/6ba278262f04039a7e24d268dfdc4035bdaf9acb/macOS/LocalPackages/SyncUI-macOS/Sources/SyncUI-macOS/Resources/Localizable.xcstrings#L7442
macOS,body,SyncUI-macOS,preferences.sync.sync-with-another-device-v2.scan-step-1-detail,,DuckDuckGo App,Emphasized DuckDuckGo product name in the first QR scanning instruction (V2),,,true,extracted_with_value,,apps/apple/macOS/LocalPackages/SyncUI-macOS/Sources/SyncUI-macOS/Resources/Localizable.xcstrings,7742,https://github.com/duckduckgo/apple-browsers/blob/6ba278262f04039a7e24d268dfdc4035bdaf9acb/macOS/LocalPackages/SyncUI-macOS/Sources/SyncUI-macOS/Resources/Localizable.xcstrings#L7742
macOS,body,SyncUI-macOS,preferences.sync.sync-with-another-device-v2.scan-step-1-prefix,,"On your phone, open the","First part of the first QR scanning instruction, before the DuckDuckGo product name (V2)",,,true,extracted_with_value,,apps/apple/macOS/LocalPackages/SyncUI-macOS/Sources/SyncUI-macOS/Resources/Localizable.xcstrings,7802,https://github.com/duckduckgo/apple-browsers/blob/6ba278262f04039a7e24d268dfdc4035bdaf9acb/macOS/LocalPackages/SyncUI-macOS/Sources/SyncUI-macOS/Resources/Localizable.xcstrings#L7802
macOS,body,SyncUI-macOS,preferences.sync.sync-with-another-device-v2.scan-step-3,,Scan this QR code from your phone,Third pairing instruction when showing the QR code (V2),,,true,extracted_with_value,,apps/apple/macOS/LocalPackages/SyncUI-macOS/Sources/SyncUI-macOS/Resources/Localizable.xcstrings,7862,https://github.com/duckduckgo/apple-browsers/blob/6ba278262f04039a7e24d268dfdc4035bdaf9acb/macOS/LocalPackages/SyncUI-macOS/Sources/SyncUI-macOS/Resources/Localizable.xcstrings#L7862
macOS,body,SyncUI-macOS,preferences.sync.sync-with-another-device-v2.step-2-detail,,Settings › Sync & Backup › Sync With Another Device,Emphasized Settings path in the second pairing instruction (V2),,,true,extracted_with_value,,apps/apple/macOS/LocalPackages/SyncUI-macOS/Sources/SyncUI-macOS/Resources/Localizable.xcstrings,8042,https://github.com/duckduckgo/apple-browsers/blob/6ba278262f04039a7e24d268dfdc4035bdaf9acb/macOS/LocalPackages/SyncUI-macOS/Sources/SyncUI-macOS/Resources/Localizable.xcstrings#L8042
macOS,body,SyncUI-macOS,preferences.sync.sync-with-another-device-v2.step-2-prefix,,Go to,"First part of the second pairing instruction, before the Settings path (V2)",,,true,extracted_with_value,,apps/apple/macOS/LocalPackages/SyncUI-macOS/Sources/SyncUI-macOS/Resources/Localizable.xcstrings,8102,https://github.com/duckduckgo/apple-browsers/blob/6ba278262f04039a7e24d268dfdc4035bdaf9acb/macOS/LocalPackages/SyncUI-macOS/Sources/SyncUI-macOS/Resources/Localizable.xcstrings#L8102
macOS,body,SyncUI-macOS,preferences.sync.sync-with-another-device-v2.step-4,,Don’t close this window while connecting,"Fourth pairing instruction, reminding the user to keep the dialog open (V2)",,,true,extracted_with_value,,apps/apple/macOS/LocalPackages/SyncUI-macOS/Sources/SyncUI-macOS/Resources/Localizable.xcstrings,8162,https://github.com/duckduckgo/apple-browsers/blob/6ba278262f04039a7e24d268dfdc4035bdaf9acb/macOS/LocalPackages/SyncUI-macOS/Sources/SyncUI-macOS/Resources/Localizable.xcstrings#L8162
macOS,body,SyncUI-macOS,preferences.sync.sync-with-another-device.copy-confirmation.message,,Come back to this device after pasting the code.,Message of the reminder shown after the user copies the sync code.,,,true,extracted_with_value,,apps/apple/macOS/LocalPackages/SyncUI-macOS/Sources/SyncUI-macOS/Resources/Localizable.xcstrings,8222,https://github.com/duckduckgo/apple-browsers/blob/6ba278262f04039a7e24d268dfdc4035bdaf9acb/macOS/LocalPackages/SyncUI-macOS/Sources/SyncUI-macOS/Resources/Localizable.xcstrings#L8222
macOS,body,SyncUI-macOS,preferences.sync.sync-with-another-device.dialog-subtitle1,,Go to %@ in the DuckDuckGo Browser on another device and select Sync With Another Device.,Sync with another device dialog subtitle - Instruction with sync menu path item inserted,,%@,true,stale,,apps/apple/macOS/LocalPackages/SyncUI-macOS/Sources/SyncUI-macOS/Resources/Localizable.xcstrings,8342,https://github.com/duckduckgo/apple-browsers/blob/6ba278262f04039a7e24d268dfdc4035bdaf9acb/macOS/LocalPackages/SyncUI-macOS/Sources/SyncUI-macOS/Resources/Localizable.xcstrings#L8342
macOS,body,SyncUI-macOS,preferences.sync.sync-with-another-device.dialog-subtitle2,,Open the DuckDuckGo app on your other device and go to %@.,Sync with another device dialog subtitle - Instruction with sync menu path item inserted,,%@,true,stale,,apps/apple/macOS/LocalPackages/SyncUI-macOS/Sources/SyncUI-macOS/Resources/Localizable.xcstrings,8402,https://github.com/duckduckgo/apple-browsers/blob/6ba278262f04039a7e24d268dfdc4035bdaf9acb/macOS/LocalPackages/SyncUI-macOS/Sources/SyncUI-macOS/Resources/Localizable.xcstrings#L8402
macOS,body,SyncUI-macOS,preferences.sync.sync-with-another-device.enter-code-explanation,,Paste the code here to sync.,Sync with another device dialog enter code explanation,,,true,extracted_with_value,,apps/apple/macOS/LocalPackages/SyncUI-macOS/Sources/SyncUI-macOS/Resources/Localizable.xcstrings,8582,https://github.com/duckduckgo/apple-browsers/blob/6ba278262f04039a7e24d268dfdc4035bdaf9acb/macOS/LocalPackages/SyncUI-macOS/Sources/SyncUI-macOS/Resources/Localizable.xcstrings#L8582
macOS,body,SyncUI-macOS,preferences.sync.sync-with-another-device.show-code-explanation,,Share this code to connect with a desktop machine.,Sync with another device dialog show code explanation,,,true,extracted_with_value,,apps/apple/macOS/LocalPackages/SyncUI-macOS/Sources/SyncUI-macOS/Resources/Localizable.xcstrings,8762,https://github.com/duckduckgo/apple-browsers/blob/6ba278262f04039a7e24d268dfdc4035bdaf9acb/macOS/LocalPackages/SyncUI-macOS/Sources/SyncUI-macOS/Resources/Localizable.xcstrings#L8762
macOS,body,SyncUI-macOS,preferences.sync.sync-with-another-device.show-code-to-paste-explanation,,Paste code in DuckDuckGo App,Sync with another device dialog show code explanation,,,true,extracted_with_value,,apps/apple/macOS/LocalPackages/SyncUI-macOS/Sources/SyncUI-macOS/Resources/Localizable.xcstrings,8822,https://github.com/duckduckgo/apple-browsers/blob/6ba278262f04039a7e24d268dfdc4035bdaf9acb/macOS/LocalPackages/SyncUI-macOS/Sources/SyncUI-macOS/Resources/Localizable.xcstrings#L8822
macOS,body,SyncUI-macOS,preferences.sync.sync-with-another-device.show-qr-code-explanation,,Scan this QR code to connect.,Sync with another device dialog show qr code explanation,,,true,extracted_with_value,,apps/apple/macOS/LocalPackages/SyncUI-macOS/Sources/SyncUI-macOS/Resources/Localizable.xcstrings,8942,https://github.com/duckduckgo/apple-browsers/blob/6ba278262f04039a7e24d268dfdc4035bdaf9acb/macOS/LocalPackages/SyncUI-macOS/Sources/SyncUI-macOS/Resources/Localizable.xcstrings#L8942
macOS,body,SyncUI-macOS,preferences.sync.sync-with-another-device.show-qr-code-explanation-app,,DuckDuckGo App,Sync with another device dialog show qr code explanation - app name,,,true,stale,,apps/apple/macOS/LocalPackages/SyncUI-macOS/Sources/SyncUI-macOS/Resources/Localizable.xcstrings,9002,https://github.com/duckduckgo/apple-browsers/blob/6ba278262f04039a7e24d268dfdc4035bdaf9acb/macOS/LocalPackages/SyncUI-macOS/Sources/SyncUI-macOS/Resources/Localizable.xcstrings#L9002
macOS,body,SyncUI-macOS,preferences.sync.sync-with-another-device.show-qr-code-explanation-prefix,,Scan using the,Sync with another device dialog show qr code explanation - first part (second part will be the app name),,,true,stale,,apps/apple/macOS/LocalPackages/SyncUI-macOS/Sources/SyncUI-macOS/Resources/Localizable.xcstrings,9062,https://github.com/duckduckgo/apple-browsers/blob/6ba278262f04039a7e24d268dfdc4035bdaf9acb/macOS/LocalPackages/SyncUI-macOS/Sources/SyncUI-macOS/Resources/Localizable.xcstrings#L9062
macOS,body,SyncUI-macOS,preferences.sync.sync-with-another-device.step1,,"On another device, open the [DuckDuckGo App](https://duckduckgo.com/app/devices)","First instruction for setting up 'Sync with another device'. The [text](url) markdown is a link and must be preserved, keeping 'DuckDuckGo App' as the link text and the URL unchanged.",,,true,extracted_with_value,,apps/apple/macOS/LocalPackages/SyncUI-macOS/Sources/SyncUI-macOS/Resources/Localizable.xcstrings,9122,https://github.com/duckduckgo/apple-browsers/blob/6ba278262f04039a7e24d268dfdc4035bdaf9acb/macOS/LocalPackages/SyncUI-macOS/Sources/SyncUI-macOS/Resources/Localizable.xcstrings#L9122
macOS,body,SyncUI-macOS,preferences.sync.sync-with-another-device.step2,,Go to **Settings › Sync & Backup › Sync With Another Device**,"Second instruction for setting up 'Sync with another device'. **text** markers indicate bold styling, which should be kept around the Settings path.",,,true,extracted_with_value,,apps/apple/macOS/LocalPackages/SyncUI-macOS/Sources/SyncUI-macOS/Resources/Localizable.xcstrings,9182,https://github.com/duckduckgo/apple-browsers/blob/6ba278262f04039a7e24d268dfdc4035bdaf9acb/macOS/LocalPackages/SyncUI-macOS/Sources/SyncUI-macOS/Resources/Localizable.xcstrings#L9182
macOS,body,SyncUI-macOS,preferences.sync.sync-with-another-device.step3-enter-code,,"**On your other device, copy the code and paste it below**","Third instruction for setting up 'Sync with another device', shown while entering a code from the other device. The whole sentence is wrapped in **text** bold markers, which should be preserved.",,,true,extracted_with_value,,apps/apple/macOS/LocalPackages/SyncUI-macOS/Sources/SyncUI-macOS/Resources/Localizable.xcstrings,9242,https://github.com/duckduckgo/apple-browsers/blob/6ba278262f04039a7e24d268dfdc4035bdaf9acb/macOS/LocalPackages/SyncUI-macOS/Sources/SyncUI-macOS/Resources/Localizable.xcstrings#L9242
macOS,body,SyncUI-macOS,preferences.sync.sync-with-another-device.step3-scan-qr-code,,**Point your phone at this screen** to scan the QR code,"Third instruction for setting up 'Sync with another device', shown while displaying a QR code. **text** markers indicate bold styling, which should be kept around the emphasized phrase.",,,true,extracted_with_value,,apps/apple/macOS/LocalPackages/SyncUI-macOS/Sources/SyncUI-macOS/Resources/Localizable.xcstrings,9302,https://github.com/duckduckgo/apple-browsers/blob/6ba278262f04039a7e24d268dfdc4035bdaf9acb/macOS/LocalPackages/SyncUI-macOS/Sources/SyncUI-macOS/Resources/Localizable.xcstrings#L9302
macOS,body,SyncUI-macOS,preferences.sync.sync-with-another-device.step3-text-code,,**Copy this code and paste it on your other device**,"Third instruction for setting up 'Sync with another device', shown while displaying a text code to copy. The whole sentence is wrapped in **text** bold markers, which should be preserved.",,,true,extracted_with_value,,apps/apple/macOS/LocalPackages/SyncUI-macOS/Sources/SyncUI-macOS/Resources/Localizable.xcstrings,9362,https://github.com/duckduckgo/apple-browsers/blob/6ba278262f04039a7e24d268dfdc4035bdaf9acb/macOS/LocalPackages/SyncUI-macOS/Sources/SyncUI-macOS/Resources/Localizable.xcstrings#L9362
macOS,body,SyncUI-macOS,preferences.sync.sync-with-another-device.step4,,**Don’t close this window** while connecting,"Fourth instruction for setting up 'Sync with another device'. **text** markers indicate bold styling, which should be kept around the emphasized phrase.",,,true,extracted_with_value,,apps/apple/macOS/LocalPackages/SyncUI-macOS/Sources/SyncUI-macOS/Resources/Localizable.xcstrings,9422,https://github.com/duckduckgo/apple-browsers/blob/6ba278262f04039a7e24d268dfdc4035bdaf9acb/macOS/LocalPackages/SyncUI-macOS/Sources/SyncUI-macOS/Resources/Localizable.xcstrings#L9422
macOS,body,SyncUI-macOS,preferences.sync.sync-with-server-subtitle1,,"This creates an encrypted backup of your bookmarks and autofill data on DuckDuckGo’s secure server, which can be synced with your other devices.",Sync with server dialog first subtitle,,,true,extracted_with_value,,apps/apple/macOS/LocalPackages/SyncUI-macOS/Sources/SyncUI-macOS/Resources/Localizable.xcstrings,9782,https://github.com/duckduckgo/apple-browsers/blob/6ba278262f04039a7e24d268dfdc4035bdaf9acb/macOS/LocalPackages/SyncUI-macOS/Sources/SyncUI-macOS/Resources/Localizable.xcstrings#L9782
macOS,body,SyncUI-macOS,preferences.sync.sync-with-server-subtitle1-updated,,"This creates an encrypted backup of your bookmarks, passwords, credit cards, identities, and Duck.ai chats on DuckDuckGo’s secure server, which can be synced with your other devices.",Sync with server dialog first subtitle,,,true,extracted_with_value,,apps/apple/macOS/LocalPackages/SyncUI-macOS/Sources/SyncUI-macOS/Resources/Localizable.xcstrings,9842,https://github.com/duckduckgo/apple-browsers/blob/6ba278262f04039a7e24d268dfdc4035bdaf9acb/macOS/LocalPackages/SyncUI-macOS/Sources/SyncUI-macOS/Resources/Localizable.xcstrings#L9842
macOS,body,SyncUI-macOS,preferences.sync.sync-with-server-subtitle2,,"The encryption key is only stored on your device, DuckDuckGo cannot access it.",Sync with server dialog second subtitle,,,true,extracted_with_value,,apps/apple/macOS/LocalPackages/SyncUI-macOS/Sources/SyncUI-macOS/Resources/Localizable.xcstrings,9902,https://github.com/duckduckgo/apple-browsers/blob/6ba278262f04039a7e24d268dfdc4035bdaf9acb/macOS/LocalPackages/SyncUI-macOS/Sources/SyncUI-macOS/Resources/Localizable.xcstrings#L9902
macOS,body,SyncUI-macOS,preferences.sync.turn-off.confirm.message,,This device will no longer be able to access your synced data.,Turn off sync confirmation dialog message,,,true,extracted_with_value,,apps/apple/macOS/LocalPackages/SyncUI-macOS/Sources/SyncUI-macOS/Resources/Localizable.xcstrings,10322,https://github.com/duckduckgo/apple-browsers/blob/6ba278262f04039a7e24d268dfdc4035bdaf9acb/macOS/LocalPackages/SyncUI-macOS/Sources/SyncUI-macOS/Resources/Localizable.xcstrings#L10322
macOS,body,SyncUI-macOS,prefrences.sync.bookmarks-limit-exceeded-description,,Bookmark limit exceeded. Delete some to resume syncing.,Description for sync bookmarks limits exceeded warning,,,true,stale,,apps/apple/macOS/LocalPackages/SyncUI-macOS/Sources/SyncUI-macOS/Resources/Localizable.xcstrings,10562,https://github.com/duckduckgo/apple-browsers/blob/6ba278262f04039a7e24d268dfdc4035bdaf9acb/macOS/LocalPackages/SyncUI-macOS/Sources/SyncUI-macOS/Resources/Localizable.xcstrings#L10562
macOS,body,SyncUI-macOS,prefrences.sync.credentials-limit-exceeded-description,,Logins limit exceeded. Delete some to resume syncing.,Description for sync credentials limits exceeded warning,,,true,stale,,apps/apple/macOS/LocalPackages/SyncUI-macOS/Sources/SyncUI-macOS/Resources/Localizable.xcstrings,10682,https://github.com/duckduckgo/apple-browsers/blob/6ba278262f04039a7e24d268dfdc4035bdaf9acb/macOS/LocalPackages/SyncUI-macOS/Sources/SyncUI-macOS/Resources/Localizable.xcstrings#L10682
macOS,body,SyncUI-macOS,prefrences.sync.delete-account.message,,"Your backup will be deleted from the server. All devices will be disconnected from sync, but nothing will be deleted from any device.",Message for delete account confirmation pop up,,,true,extracted_with_value,,apps/apple/macOS/LocalPackages/SyncUI-macOS/Sources/SyncUI-macOS/Resources/Localizable.xcstrings,10862,https://github.com/duckduckgo/apple-browsers/blob/6ba278262f04039a7e24d268dfdc4035bdaf9acb/macOS/LocalPackages/SyncUI-macOS/Sources/SyncUI-macOS/Resources/Localizable.xcstrings#L10862
macOS,body,SyncUI-macOS,prefrences.sync.device-details.prompt,,Device name,The text entry prompt to name the device,,,true,extracted_with_value,,apps/apple/macOS/LocalPackages/SyncUI-macOS/Sources/SyncUI-macOS/Resources/Localizable.xcstrings,11042,https://github.com/duckduckgo/apple-browsers/blob/6ba278262f04039a7e24d268dfdc4035bdaf9acb/macOS/LocalPackages/SyncUI-macOS/Sources/SyncUI-macOS/Resources/Localizable.xcstrings#L11042
macOS,body,SyncUI-macOS,prefrences.sync.fetch-favicons-onboarding-message,,Do you want this device to automatically download icons for any new bookmarks synced from your other devices? This will expose the download to your network any time a bookmark is synced.,Text for fetch favicons onboarding dialog,,,true,extracted_with_value,,apps/apple/macOS/LocalPackages/SyncUI-macOS/Sources/SyncUI-macOS/Resources/Localizable.xcstrings,11222,https://github.com/duckduckgo/apple-browsers/blob/6ba278262f04039a7e24d268dfdc4035bdaf9acb/macOS/LocalPackages/SyncUI-macOS/Sources/SyncUI-macOS/Resources/Localizable.xcstrings#L11222
macOS,body,SyncUI-macOS,prefrences.sync.fetch-favicons-option-caption,,Automatically download icons for synced bookmarks. Icon downloads are exposed to your network.,Caption for fetch favicons option,,,true,extracted_with_value,,apps/apple/macOS/LocalPackages/SyncUI-macOS/Sources/SyncUI-macOS/Resources/Localizable.xcstrings,11342,https://github.com/duckduckgo/apple-browsers/blob/6ba278262f04039a7e24d268dfdc4035bdaf9acb/macOS/LocalPackages/SyncUI-macOS/Sources/SyncUI-macOS/Resources/Localizable.xcstrings#L11342
macOS,body,SyncUI-macOS,prefrences.sync.recovery-instructions,,"If you lose your device, you will need this recovery code to restore your synced data.",Instructions on how to restore synced data,,,true,extracted_with_value,,apps/apple/macOS/LocalPackages/SyncUI-macOS/Sources/SyncUI-macOS/Resources/Localizable.xcstrings,12482,https://github.com/duckduckgo/apple-browsers/blob/6ba278262f04039a7e24d268dfdc4035bdaf9acb/macOS/LocalPackages/SyncUI-macOS/Sources/SyncUI-macOS/Resources/Localizable.xcstrings#L12482
macOS,body,SyncUI-macOS,prefrences.sync.recovery-pdf-explanation,,"If you lose access to your devices, you will need this code to recover your synced data. You can save this code to your device as a PDF.",Sync recovery PDF explanation,,,true,extracted_with_value,,apps/apple/macOS/LocalPackages/SyncUI-macOS/Sources/SyncUI-macOS/Resources/Localizable.xcstrings,12602,https://github.com/duckduckgo/apple-browsers/blob/6ba278262f04039a7e24d268dfdc4035bdaf9acb/macOS/LocalPackages/SyncUI-macOS/Sources/SyncUI-macOS/Resources/Localizable.xcstrings#L12602
macOS,body,SyncUI-macOS,prefrences.sync.recovery-pdf-warning,,Sync & Backup data can’t be recovered after 18 months of inactivity.,Sync recovery PDF warning,,,true,extracted_with_value,,apps/apple/macOS/LocalPackages/SyncUI-macOS/Sources/SyncUI-macOS/Resources/Localizable.xcstrings,12722,https://github.com/duckduckgo/apple-browsers/blob/6ba278262f04039a7e24d268dfdc4035bdaf9acb/macOS/LocalPackages/SyncUI-macOS/Sources/SyncUI-macOS/Resources/Localizable.xcstrings#L12722
macOS,body,SyncUI-macOS,prefrences.sync.share-favorite-option-caption,,Use the same favorite bookmarks on all your devices. Leave off to keep mobile and desktop favorites separate.,Caption for share favorite option,,,true,extracted_with_value,,apps/apple/macOS/LocalPackages/SyncUI-macOS/Sources/SyncUI-macOS/Resources/Localizable.xcstrings,12842,https://github.com/duckduckgo/apple-browsers/blob/6ba278262f04039a7e24d268dfdc4035bdaf9acb/macOS/LocalPackages/SyncUI-macOS/Sources/SyncUI-macOS/Resources/Localizable.xcstrings#L12842
macOS,body,SyncUI-macOS,sync.warning.data-syncing-disabled-upgrade-required,,"Sorry, but Sync & Backup is no longer available in this app version. Please update DuckDuckGo to the latest version to continue.",Data syncing unavailable warning message,,,true,extracted_with_value,,apps/apple/macOS/LocalPackages/SyncUI-macOS/Sources/SyncUI-macOS/Resources/Localizable.xcstrings,13142,https://github.com/duckduckgo/apple-browsers/blob/6ba278262f04039a7e24d268dfdc4035bdaf9acb/macOS/LocalPackages/SyncUI-macOS/Sources/SyncUI-macOS/Resources/Localizable.xcstrings#L13142
macOS,body,SyncUI-macOS,sync.warning.sync-paused,,Sync & Backup is Paused,Title of the warning message that Sync & Backup is Paused,,,true,extracted_with_value,,apps/apple/macOS/LocalPackages/SyncUI-macOS/Sources/SyncUI-macOS/Resources/Localizable.xcstrings,13202,https://github.com/duckduckgo/apple-browsers/blob/6ba278262f04039a7e24d268dfdc4035bdaf9acb/macOS/LocalPackages/SyncUI-macOS/Sources/SyncUI-macOS/Resources/Localizable.xcstrings#L13202
macOS,body,SyncUI-macOS,sync.warning.sync-unavailable,,Sync & Backup is Unavailable,Title of the warning message that sync and backup are unavailable,,,true,extracted_with_value,,apps/apple/macOS/LocalPackages/SyncUI-macOS/Sources/SyncUI-macOS/Resources/Localizable.xcstrings,13262,https://github.com/duckduckgo/apple-browsers/blob/6ba278262f04039a7e24d268dfdc4035bdaf9acb/macOS/LocalPackages/SyncUI-macOS/Sources/SyncUI-macOS/Resources/Localizable.xcstrings#L13262
macOS,body,SyncUI-macOS,sync.warning.sync-unavailable-message,,"Sorry, but Sync & Backup is currently unavailable. Please try again later.",Data syncing unavailable warning message,,,true,extracted_with_value,,apps/apple/macOS/LocalPackages/SyncUI-macOS/Sources/SyncUI-macOS/Resources/Localizable.xcstrings,13322,https://github.com/duckduckgo/apple-browsers/blob/6ba278262f04039a7e24d268dfdc4035bdaf9acb/macOS/LocalPackages/SyncUI-macOS/Sources/SyncUI-macOS/Resources/Localizable.xcstrings#L13322
macOS,body,SyncUI-macOS,sync.with.another.device.path,,Settings › Sync & Backup › Sync With Another Device,Path to Sync with another device,,,true,stale,,apps/apple/macOS/LocalPackages/SyncUI-macOS/Sources/SyncUI-macOS/Resources/Localizable.xcstrings,13382,https://github.com/duckduckgo/apple-browsers/blob/6ba278262f04039a7e24d268dfdc4035bdaf9acb/macOS/LocalPackages/SyncUI-macOS/Sources/SyncUI-macOS/Resources/Localizable.xcstrings#L13382
macOS,body,NetworkProtectionAppExtension,NSHumanReadableCopyright,,Copyright © 2023 DuckDuckGo. All rights reserved.,Copyright (human-readable),,,true,stale,,apps/apple/macOS/NetworkProtectionAppExtension/NetPAppExInfoPlist.xcstrings,124,https://github.com/duckduckgo/apple-browsers/blob/6ba278262f04039a7e24d268dfdc4035bdaf9acb/macOS/NetworkProtectionAppExtension/NetPAppExInfoPlist.xcstrings#L124
macOS,body,NetworkProtectionSystemExtension,NSHumanReadableCopyright,,Copyright © 2023 DuckDuckGo. All rights reserved.,Copyright (human-readable),,,false,extracted_with_value,,apps/apple/macOS/NetworkProtectionSystemExtension/AppStoreInfoPlist.xcstrings,30,https://github.com/duckduckgo/apple-browsers/blob/6ba278262f04039a7e24d268dfdc4035bdaf9acb/macOS/NetworkProtectionSystemExtension/AppStoreInfoPlist.xcstrings#L30
macOS,body,NetworkProtectionSystemExtension,NSSystemExtensionUsageDescription,,DuckDuckGo VPN,Privacy - System Extension Usage Description,,,true,extracted_with_value,,apps/apple/macOS/NetworkProtectionSystemExtension/AppStoreInfoPlist.xcstrings,43,https://github.com/duckduckgo/apple-browsers/blob/6ba278262f04039a7e24d268dfdc4035bdaf9acb/macOS/NetworkProtectionSystemExtension/AppStoreInfoPlist.xcstrings#L43
macOS,body,NetworkProtectionSystemExtension,NSHumanReadableCopyright,,Copyright © 2023 DuckDuckGo. All rights reserved.,Copyright (human-readable),,,false,extracted_with_value,,apps/apple/macOS/NetworkProtectionSystemExtension/InfoPlist.xcstrings,30,https://github.com/duckduckgo/apple-browsers/blob/6ba278262f04039a7e24d268dfdc4035bdaf9acb/macOS/NetworkProtectionSystemExtension/InfoPlist.xcstrings#L30
macOS,body,NetworkProtectionSystemExtension,NSSystemExtensionUsageDescription,,DuckDuckGo VPN,Privacy - System Extension Usage Description,,,true,extracted_with_value,,apps/apple/macOS/NetworkProtectionSystemExtension/InfoPlist.xcstrings,43,https://github.com/duckduckgo/apple-browsers/blob/6ba278262f04039a7e24d268dfdc4035bdaf9acb/macOS/NetworkProtectionSystemExtension/InfoPlist.xcstrings#L43
macOS,body,NetworkProtectionSystemExtension,NSHumanReadableCopyright,,Copyright © 2023 DuckDuckGo. All rights reserved.,Copyright (human-readable),,,false,automatic,,apps/apple/macOS/NetworkProtectionSystemExtension/NetPAppStoreInfoPlist.xcstrings,126,https://github.com/duckduckgo/apple-browsers/blob/6ba278262f04039a7e24d268dfdc4035bdaf9acb/macOS/NetworkProtectionSystemExtension/NetPAppStoreInfoPlist.xcstrings#L126
macOS,body,NetworkProtectionSystemExtension,NSSystemExtensionUsageDescription,,DuckDuckGo VPN,Privacy - System Extension Usage Description,,,true,automatic,,apps/apple/macOS/NetworkProtectionSystemExtension/NetPAppStoreInfoPlist.xcstrings,187,https://github.com/duckduckgo/apple-browsers/blob/6ba278262f04039a7e24d268dfdc4035bdaf9acb/macOS/NetworkProtectionSystemExtension/NetPAppStoreInfoPlist.xcstrings#L187
macOS,body,NetworkProtectionSystemExtension,NSHumanReadableCopyright,,Copyright © 2023 DuckDuckGo. All rights reserved.,Copyright (human-readable),,,false,automatic,,apps/apple/macOS/NetworkProtectionSystemExtension/NetworkProtectionInfoPlist.xcstrings,30,https://github.com/duckduckgo/apple-browsers/blob/6ba278262f04039a7e24d268dfdc4035bdaf9acb/macOS/NetworkProtectionSystemExtension/NetworkProtectionInfoPlist.xcstrings#L30
macOS,body,NetworkProtectionSystemExtension,NSSystemExtensionUsageDescription,,DuckDuckGo VPN,Privacy - System Extension Usage Description,,,true,automatic,,apps/apple/macOS/NetworkProtectionSystemExtension/NetworkProtectionInfoPlist.xcstrings,43,https://github.com/duckduckgo/apple-browsers/blob/6ba278262f04039a7e24d268dfdc4035bdaf9acb/macOS/NetworkProtectionSystemExtension/NetworkProtectionInfoPlist.xcstrings#L43
