platform,content_type,module,key,variant,text,developer_comment,context_comment,placeholders,translatable,state,internal_only,source_file,line,source_url
macOS,buttons,DuckDuckGo,letsmove.dont.move.button,,Do Not Move,Do Not Move to the /Applications folder button title,,,true,stale,,apps/apple/macOS/DuckDuckGo/Localization/DeveloperID.xcstrings,184,https://github.com/duckduckgo/apple-browsers/blob/e33af93ca2cc0ce771de1f12d81e828e50410135/macOS/DuckDuckGo/Localization/DeveloperID.xcstrings#L184
macOS,buttons,DuckDuckGo,letsmove.move.button,,Move to Applications Folder,Move the /Applications folder button title,,,true,stale,,apps/apple/macOS/DuckDuckGo/Localization/DeveloperID.xcstrings,244,https://github.com/duckduckgo/apple-browsers/blob/e33af93ca2cc0ce771de1f12d81e828e50410135/macOS/DuckDuckGo/Localization/DeveloperID.xcstrings#L244
macOS,buttons,DuckDuckGo,`continue`,,Continue,Continue button,,,true,extracted_with_value,,apps/apple/macOS/DuckDuckGo/Localization/Localizable.xcstrings,325,https://github.com/duckduckgo/apple-browsers/blob/e33af93ca2cc0ce771de1f12d81e828e50410135/macOS/DuckDuckGo/Localization/Localizable.xcstrings#L325
macOS,buttons,DuckDuckGo,action-cannot-be-undone,,This action cannot be undone.,Text used in alerts to warn user that a given action cannot be undone,,,true,extracted_with_value,,apps/apple/macOS/DuckDuckGo/Localization/Localizable.xcstrings,661,https://github.com/duckduckgo/apple-browsers/blob/e33af93ca2cc0ce771de1f12d81e828e50410135/macOS/DuckDuckGo/Localization/Localizable.xcstrings#L661
macOS,buttons,DuckDuckGo,add.to.favorites,,Add to Favorites,Button for adding bookmarks to favorites,,,true,extracted_with_value,,apps/apple/macOS/DuckDuckGo/Localization/Localizable.xcstrings,1180,https://github.com/duckduckgo/apple-browsers/blob/e33af93ca2cc0ce771de1f12d81e828e50410135/macOS/DuckDuckGo/Localization/Localizable.xcstrings#L1180
macOS,buttons,DuckDuckGo,ai-chat.preferences.learn-more,,Learn More,AI Chat preferences button to learn more about it,,,true,extracted_with_value,,apps/apple/macOS/DuckDuckGo/Localization/Localizable.xcstrings,1647,https://github.com/duckduckgo/apple-browsers/blob/e33af93ca2cc0ce771de1f12d81e828e50410135/macOS/DuckDuckGo/Localization/Localizable.xcstrings#L1647
macOS,buttons,DuckDuckGo,aichat.address-bar.ask-button.title,,Ask Duck.ai,Title for button to ask Duck.ai,,,true,extracted_with_value,,apps/apple/macOS/DuckDuckGo/Localization/Localizable.xcstrings,1767,https://github.com/duckduckgo/apple-browsers/blob/e33af93ca2cc0ce771de1f12d81e828e50410135/macOS/DuckDuckGo/Localization/Localizable.xcstrings#L1767
macOS,buttons,DuckDuckGo,aichat.address-bar.close-sidebar-button,,Close Duck.ai sidebar,Button to close Duck.ai sidebar,,,true,extracted_with_value,,apps/apple/macOS/DuckDuckGo/Localization/Localizable.xcstrings,1827,https://github.com/duckduckgo/apple-browsers/blob/e33af93ca2cc0ce771de1f12d81e828e50410135/macOS/DuckDuckGo/Localization/Localizable.xcstrings#L1827
macOS,buttons,DuckDuckGo,aichat.address-bar.hide-button,,Hide Duck.ai Shortcut,Button to hide duck.ai shortcut in address bar,,,true,extracted_with_value,,apps/apple/macOS/DuckDuckGo/Localization/Localizable.xcstrings,1887,https://github.com/duckduckgo/apple-browsers/blob/e33af93ca2cc0ce771de1f12d81e828e50410135/macOS/DuckDuckGo/Localization/Localizable.xcstrings#L1887
macOS,buttons,DuckDuckGo,aichat.address-bar.open-new-tab-button,,Open new Duck.ai tab,Button to open Duck.ai in a new tab,,,true,extracted_with_value,,apps/apple/macOS/DuckDuckGo/Localization/Localizable.xcstrings,2007,https://github.com/duckduckgo/apple-browsers/blob/e33af93ca2cc0ce771de1f12d81e828e50410135/macOS/DuckDuckGo/Localization/Localizable.xcstrings#L2007
macOS,buttons,DuckDuckGo,aichat.address-bar.open-settings-button,,AI Settings,Button to open AI settings,,,true,extracted_with_value,,apps/apple/macOS/DuckDuckGo/Localization/Localizable.xcstrings,2067,https://github.com/duckduckgo/apple-browsers/blob/e33af93ca2cc0ce771de1f12d81e828e50410135/macOS/DuckDuckGo/Localization/Localizable.xcstrings#L2067
macOS,buttons,DuckDuckGo,aichat.address-bar.open-sidebar-button,,Open Duck.ai sidebar,Button to open Duck.ai sidebar,,,true,extracted_with_value,,apps/apple/macOS/DuckDuckGo/Localization/Localizable.xcstrings,2127,https://github.com/duckduckgo/apple-browsers/blob/e33af93ca2cc0ce771de1f12d81e828e50410135/macOS/DuckDuckGo/Localization/Localizable.xcstrings#L2127
macOS,buttons,DuckDuckGo,aichat.address-bar.show-button,,Show Duck.ai,Button to bring detached Duck.ai window to front,,,true,extracted_with_value,,apps/apple/macOS/DuckDuckGo/Localization/Localizable.xcstrings,2187,https://github.com/duckduckgo/apple-browsers/blob/e33af93ca2cc0ce771de1f12d81e828e50410135/macOS/DuckDuckGo/Localization/Localizable.xcstrings#L2187
macOS,buttons,DuckDuckGo,aichat.address-bar.toggle-sidebar-button,,Toggle Duck.ai Sidebar,Button to toggle Duck.ai sidebar,,,true,extracted_with_value,,apps/apple/macOS/DuckDuckGo/Localization/Localizable.xcstrings,2247,https://github.com/duckduckgo/apple-browsers/blob/e33af93ca2cc0ce771de1f12d81e828e50410135/macOS/DuckDuckGo/Localization/Localizable.xcstrings#L2247
macOS,buttons,DuckDuckGo,aichat.attach-tabs-modal.attach,,Add,"Confirm button in the AI chat add-tabs modal, adds the selected tabs",,,true,extracted_with_value,,apps/apple/macOS/DuckDuckGo/Localization/Localizable.xcstrings,3027,https://github.com/duckduckgo/apple-browsers/blob/e33af93ca2cc0ce771de1f12d81e828e50410135/macOS/DuckDuckGo/Localization/Localizable.xcstrings#L3027
macOS,buttons,DuckDuckGo,aichat.attach-tabs-modal.update,,Update,"Confirm button in the AI chat add-tabs modal when it opened with tabs already attached, since confirming can remove them as well as add",,,true,extracted_with_value,,apps/apple/macOS/DuckDuckGo/Localization/Localizable.xcstrings,3207,https://github.com/duckduckgo/apple-browsers/blob/e33af93ca2cc0ce771de1f12d81e828e50410135/macOS/DuckDuckGo/Localization/Localizable.xcstrings#L3207
macOS,buttons,DuckDuckGo,aichat.chrome.hide-ask-duckai-button,,Hide Ask Duck.ai Button,Context menu item to hide the Ask Duck.ai menu button in the tab bar,,,true,extracted_with_value,,apps/apple/macOS/DuckDuckGo/Localization/Localizable.xcstrings,4227,https://github.com/duckduckgo/apple-browsers/blob/e33af93ca2cc0ce771de1f12d81e828e50410135/macOS/DuckDuckGo/Localization/Localizable.xcstrings#L4227
macOS,buttons,DuckDuckGo,aichat.chrome.hide-duckai-button,,Hide Duck.ai Shortcut,Context menu item to hide the Duck.ai title button in the tab bar,,,true,extracted_with_value,,apps/apple/macOS/DuckDuckGo/Localization/Localizable.xcstrings,4287,https://github.com/duckduckgo/apple-browsers/blob/e33af93ca2cc0ce771de1f12d81e828e50410135/macOS/DuckDuckGo/Localization/Localizable.xcstrings#L4287
macOS,buttons,DuckDuckGo,aichat.chrome.hide-sidebar-button,,Hide Sidebar Button,Context menu item to hide the Duck.ai sidebar toggle button in the tab bar,,,true,extracted_with_value,,apps/apple/macOS/DuckDuckGo/Localization/Localizable.xcstrings,4347,https://github.com/duckduckgo/apple-browsers/blob/e33af93ca2cc0ce771de1f12d81e828e50410135/macOS/DuckDuckGo/Localization/Localizable.xcstrings#L4347
macOS,buttons,DuckDuckGo,aichat.chrome.show-ask-duckai-button,,Show Ask Duck.ai Button,Context menu item to show the Ask Duck.ai menu button in the tab bar,,,true,extracted_with_value,,apps/apple/macOS/DuckDuckGo/Localization/Localizable.xcstrings,4467,https://github.com/duckduckgo/apple-browsers/blob/e33af93ca2cc0ce771de1f12d81e828e50410135/macOS/DuckDuckGo/Localization/Localizable.xcstrings#L4467
macOS,buttons,DuckDuckGo,aichat.chrome.show-duckai-button,,Show Duck.ai Shortcut,Context menu item to show the Duck.ai title button in the tab bar,,,true,extracted_with_value,,apps/apple/macOS/DuckDuckGo/Localization/Localizable.xcstrings,4527,https://github.com/duckduckgo/apple-browsers/blob/e33af93ca2cc0ce771de1f12d81e828e50410135/macOS/DuckDuckGo/Localization/Localizable.xcstrings#L4527
macOS,buttons,DuckDuckGo,aichat.chrome.show-sidebar-button,,Show Sidebar Button,Context menu item to show the Duck.ai sidebar toggle button in the tab bar,,,true,extracted_with_value,,apps/apple/macOS/DuckDuckGo/Localization/Localizable.xcstrings,4587,https://github.com/duckduckgo/apple-browsers/blob/e33af93ca2cc0ce771de1f12d81e828e50410135/macOS/DuckDuckGo/Localization/Localizable.xcstrings#L4587
macOS,buttons,DuckDuckGo,aichat.customize-button.tooltip,,Customize responses,Tooltip for the customize button in AI chat omnibar,,,true,stale,,apps/apple/macOS/DuckDuckGo/Localization/Localizable.xcstrings,4827,https://github.com/duckduckgo/apple-browsers/blob/e33af93ca2cc0ce771de1f12d81e828e50410135/macOS/DuckDuckGo/Localization/Localizable.xcstrings#L4827
macOS,buttons,DuckDuckGo,aichat.customize-responses-button.label,,Customize Responses,Label for the Customize Responses tool in the AI chat omnibar tools menu,,,true,extracted_with_value,,apps/apple/macOS/DuckDuckGo/Localization/Localizable.xcstrings,4887,https://github.com/duckduckgo/apple-browsers/blob/e33af93ca2cc0ce771de1f12d81e828e50410135/macOS/DuckDuckGo/Localization/Localizable.xcstrings#L4887
macOS,buttons,DuckDuckGo,aichat.floating.close-confirmation.action,,Hold or press again to close tab and Duck.ai chat,Action text shown in Cmd+W confirmation overlay when closing a tab that has detached Duck.ai window.,,,true,extracted_with_value,,apps/apple/macOS/DuckDuckGo/Localization/Localizable.xcstrings,7347,https://github.com/duckduckgo/apple-browsers/blob/e33af93ca2cc0ce771de1f12d81e828e50410135/macOS/DuckDuckGo/Localization/Localizable.xcstrings#L7347
macOS,buttons,DuckDuckGo,aichat.image-gen-button.deactivate-tooltip,,Deactivate image generation,Tooltip for the image generation button when image generation mode is active,,,true,extracted_with_value,,apps/apple/macOS/DuckDuckGo/Localization/Localizable.xcstrings,7527,https://github.com/duckduckgo/apple-browsers/blob/e33af93ca2cc0ce771de1f12d81e828e50410135/macOS/DuckDuckGo/Localization/Localizable.xcstrings#L7527
macOS,buttons,DuckDuckGo,aichat.image-gen-button.label,,Create Image,Label for the image generation toggle button in AI chat omnibar,,,true,extracted_with_value,,apps/apple/macOS/DuckDuckGo/Localization/Localizable.xcstrings,7587,https://github.com/duckduckgo/apple-browsers/blob/e33af93ca2cc0ce771de1f12d81e828e50410135/macOS/DuckDuckGo/Localization/Localizable.xcstrings#L7587
macOS,buttons,DuckDuckGo,aichat.image-upload-button.tooltip,,Add image,Tooltip for the image upload button in AI chat omnibar,,,true,extracted_with_value,,apps/apple/macOS/DuckDuckGo/Localization/Localizable.xcstrings,7707,https://github.com/duckduckgo/apple-browsers/blob/e33af93ca2cc0ce771de1f12d81e828e50410135/macOS/DuckDuckGo/Localization/Localizable.xcstrings#L7707
macOS,buttons,DuckDuckGo,aichat.model-picker-button.tooltip,,Choose model,Tooltip for the model picker button in AI chat omnibar,,,true,extracted_with_value,,apps/apple/macOS/DuckDuckGo/Localization/Localizable.xcstrings,7827,https://github.com/duckduckgo/apple-browsers/blob/e33af93ca2cc0ce771de1f12d81e828e50410135/macOS/DuckDuckGo/Localization/Localizable.xcstrings#L7827
macOS,buttons,DuckDuckGo,aichat.reasoning-effort-picker-button.tooltip,,Choose reasoning effort,Tooltip and accessibility label for the reasoning effort picker button in AI chat omnibar,,,true,extracted_with_value,,apps/apple/macOS/DuckDuckGo/Localization/Localizable.xcstrings,8907,https://github.com/duckduckgo/apple-browsers/blob/e33af93ca2cc0ce771de1f12d81e828e50410135/macOS/DuckDuckGo/Localization/Localizable.xcstrings#L8907
macOS,buttons,DuckDuckGo,aichat.remove-attachment-button.tooltip,,Remove,"Tooltip for the remove button on added items (images, files, tabs) in AI chat",,,true,extracted_with_value,,apps/apple/macOS/DuckDuckGo/Localization/Localizable.xcstrings,9387,https://github.com/duckduckgo/apple-browsers/blob/e33af93ca2cc0ce771de1f12d81e828e50410135/macOS/DuckDuckGo/Localization/Localizable.xcstrings#L9387
macOS,buttons,DuckDuckGo,aichat.search-toggle-button.tooltip,,Search the web,Tooltip for the search toggle button in AI chat omnibar,,,true,extracted_with_value,,apps/apple/macOS/DuckDuckGo/Localization/Localizable.xcstrings,9507,https://github.com/duckduckgo/apple-browsers/blob/e33af93ca2cc0ce771de1f12d81e828e50410135/macOS/DuckDuckGo/Localization/Localizable.xcstrings#L9507
macOS,buttons,DuckDuckGo,aichat.send-button.tooltip,,Send,Tooltip for the send button in AI chat omnibar,,,true,extracted_with_value,,apps/apple/macOS/DuckDuckGo/Localization/Localizable.xcstrings,9567,https://github.com/duckduckgo/apple-browsers/blob/e33af93ca2cc0ce771de1f12d81e828e50410135/macOS/DuckDuckGo/Localization/Localizable.xcstrings#L9567
macOS,buttons,DuckDuckGo,aichat.sidebar.attach-button.tooltip,,Move to sidebar,Tooltip for button to dock the floating duck.ai window back into the sidebar,,,true,extracted_with_value,,apps/apple/macOS/DuckDuckGo/Localization/Localizable.xcstrings,9627,https://github.com/duckduckgo/apple-browsers/blob/e33af93ca2cc0ce771de1f12d81e828e50410135/macOS/DuckDuckGo/Localization/Localizable.xcstrings#L9627
macOS,buttons,DuckDuckGo,aichat.sidebar.close-button.tooltip,,Close,Tooltip for button to close the sidebar with the duck.ai chat,,,true,extracted_with_value,,apps/apple/macOS/DuckDuckGo/Localization/Localizable.xcstrings,9687,https://github.com/duckduckgo/apple-browsers/blob/e33af93ca2cc0ce771de1f12d81e828e50410135/macOS/DuckDuckGo/Localization/Localizable.xcstrings#L9687
macOS,buttons,DuckDuckGo,aichat.sidebar.detach-button.tooltip,,Move to separate window,Tooltip for button to detach the duck.ai sidebar into a floating window,,,true,extracted_with_value,,apps/apple/macOS/DuckDuckGo/Localization/Localizable.xcstrings,9747,https://github.com/duckduckgo/apple-browsers/blob/e33af93ca2cc0ce771de1f12d81e828e50410135/macOS/DuckDuckGo/Localization/Localizable.xcstrings#L9747
macOS,buttons,DuckDuckGo,aichat.sidebar.expand-button.tooltip,,Expand,Tooltip for button to open duck.ai chat from sidebar in a full tab,,,true,extracted_with_value,,apps/apple/macOS/DuckDuckGo/Localization/Localizable.xcstrings,9807,https://github.com/duckduckgo/apple-browsers/blob/e33af93ca2cc0ce771de1f12d81e828e50410135/macOS/DuckDuckGo/Localization/Localizable.xcstrings#L9807
macOS,buttons,DuckDuckGo,aichat.sidebar.title-button.tooltip,,Show tab,Tooltip for the title button in the floating duck.ai window that brings the associated tab to front,,,true,extracted_with_value,,apps/apple/macOS/DuckDuckGo/Localization/Localizable.xcstrings,9927,https://github.com/duckduckgo/apple-browsers/blob/e33af93ca2cc0ce771de1f12d81e828e50410135/macOS/DuckDuckGo/Localization/Localizable.xcstrings#L9927
macOS,buttons,DuckDuckGo,aichat.subscription-upsell-dialog.have-subscription-button,,I Have a Subscription,Button in the subscription upsell dialog for a user who already has a subscription and wants to sign in rather than purchase again,,,true,extracted_with_value,,apps/apple/macOS/DuckDuckGo/Localization/Localizable.xcstrings,9987,https://github.com/duckduckgo/apple-browsers/blob/e33af93ca2cc0ce771de1f12d81e828e50410135/macOS/DuckDuckGo/Localization/Localizable.xcstrings#L9987
macOS,buttons,DuckDuckGo,aichat.subscription-upsell-dialog.not-now-button,,Not Now,Button in the subscription upsell dialog that dismisses it without taking any action,,,true,extracted_with_value,,apps/apple/macOS/DuckDuckGo/Localization/Localizable.xcstrings,10107,https://github.com/duckduckgo/apple-browsers/blob/e33af93ca2cc0ce771de1f12d81e828e50410135/macOS/DuckDuckGo/Localization/Localizable.xcstrings#L10107
macOS,buttons,DuckDuckGo,aichat.subscription-upsell-dialog.try-for-free-button,,Try for Free,"Primary button in the subscription upsell dialog, shown when the user is still eligible for an introductory free trial — matches the badge/tag text",,,true,extracted_with_value,,apps/apple/macOS/DuckDuckGo/Localization/Localizable.xcstrings,10347,https://github.com/duckduckgo/apple-browsers/blob/e33af93ca2cc0ce771de1f12d81e828e50410135/macOS/DuckDuckGo/Localization/Localizable.xcstrings#L10347
macOS,buttons,DuckDuckGo,aichat.subscription-upsell-dialog.upgrade-button,,Upgrade,"Primary button in the subscription upsell dialog, shown when the user already has a subscription or has already used their free trial",,,true,extracted_with_value,,apps/apple/macOS/DuckDuckGo/Localization/Localizable.xcstrings,10407,https://github.com/duckduckgo/apple-browsers/blob/e33af93ca2cc0ce771de1f12d81e828e50410135/macOS/DuckDuckGo/Localization/Localizable.xcstrings#L10407
macOS,buttons,DuckDuckGo,aichat.tools-button.label,,Tools,Label for the tools dropdown button in AI chat omnibar,,,true,extracted_with_value,,apps/apple/macOS/DuckDuckGo/Localization/Localizable.xcstrings,10767,https://github.com/duckduckgo/apple-browsers/blob/e33af93ca2cc0ce771de1f12d81e828e50410135/macOS/DuckDuckGo/Localization/Localizable.xcstrings#L10767
macOS,buttons,DuckDuckGo,aichat.usageWarnings.start-using-weekly-limit,,Start Using Weekly Limit,Button on the Duck.ai usage card letting a paid user keep chatting on their weekly allowance after the daily one is spent,,,true,extracted_with_value,,apps/apple/macOS/DuckDuckGo/Localization/Localizable.xcstrings,11247,https://github.com/duckduckgo/apple-browsers/blob/e33af93ca2cc0ce771de1f12d81e828e50410135/macOS/DuckDuckGo/Localization/Localizable.xcstrings#L11247
macOS,buttons,DuckDuckGo,aichat.usageWarnings.subscribe,,Subscribe,Button on the Duck.ai usage card taking a user who has already used their free trial to the subscription flow,,,true,extracted_with_value,,apps/apple/macOS/DuckDuckGo/Localization/Localizable.xcstrings,11307,https://github.com/duckduckgo/apple-browsers/blob/e33af93ca2cc0ce771de1f12d81e828e50410135/macOS/DuckDuckGo/Localization/Localizable.xcstrings#L11307
macOS,buttons,DuckDuckGo,aichat.usageWarnings.try-for-free,,Try Subscription for Free,Button on the Duck.ai usage card taking a user who is still eligible for a free trial to the subscription flow,,,true,extracted_with_value,,apps/apple/macOS/DuckDuckGo/Localization/Localizable.xcstrings,11547,https://github.com/duckduckgo/apple-browsers/blob/e33af93ca2cc0ce771de1f12d81e828e50410135/macOS/DuckDuckGo/Localization/Localizable.xcstrings#L11547
macOS,buttons,DuckDuckGo,aichat.voice-chat-button.tooltip,,Start a voice chat,Tooltip for the voice chat button shown in the AI chat omnibar when the input is empty,,,true,extracted_with_value,,apps/apple/macOS/DuckDuckGo/Localization/Localizable.xcstrings,11847,https://github.com/duckduckgo/apple-browsers/blob/e33af93ca2cc0ce771de1f12d81e828e50410135/macOS/DuckDuckGo/Localization/Localizable.xcstrings#L11847
macOS,buttons,DuckDuckGo,aichat.web-search-button.deactivate-tooltip,,Deactivate web search,Tooltip for the web search button when web search mode is active,,,true,extracted_with_value,,apps/apple/macOS/DuckDuckGo/Localization/Localizable.xcstrings,11907,https://github.com/duckduckgo/apple-browsers/blob/e33af93ca2cc0ce771de1f12d81e828e50410135/macOS/DuckDuckGo/Localization/Localizable.xcstrings#L11907
macOS,buttons,DuckDuckGo,aichat.web-search-button.label,,Web Search,Label for the web search tool button in AI chat omnibar,,,true,extracted_with_value,,apps/apple/macOS/DuckDuckGo/Localization/Localizable.xcstrings,11967,https://github.com/duckduckgo/apple-browsers/blob/e33af93ca2cc0ce771de1f12d81e828e50410135/macOS/DuckDuckGo/Localization/Localizable.xcstrings#L11967
macOS,buttons,DuckDuckGo,auth.alert.login.button,,Sign In,Authentication Alert Sign In Button,,,true,extracted_with_value,,apps/apple/macOS/DuckDuckGo/Localization/Localizable.xcstrings,13732,https://github.com/duckduckgo/apple-browsers/blob/e33af93ca2cc0ce771de1f12d81e828e50410135/macOS/DuckDuckGo/Localization/Localizable.xcstrings#L13732
macOS,buttons,DuckDuckGo,autoconsent.from.setup.modal.cta.confirm,,Handle Pop-Ups For Me,Confirm button for modal asking the user to auto manage cookies,,,true,extracted_with_value,,apps/apple/macOS/DuckDuckGo/Localization/Localizable.xcstrings,14332,https://github.com/duckduckgo/apple-browsers/blob/e33af93ca2cc0ce771de1f12d81e828e50410135/macOS/DuckDuckGo/Localization/Localizable.xcstrings#L14332
macOS,buttons,DuckDuckGo,autoconsent.modal.cta.confirm,,Manage Cookie Pop-Ups,Confirm button for modal asking the user to auto manage cookies,,,true,extracted_with_value,,apps/apple/macOS/DuckDuckGo/Localization/Localizable.xcstrings,14512,https://github.com/duckduckgo/apple-browsers/blob/e33af93ca2cc0ce771de1f12d81e828e50410135/macOS/DuckDuckGo/Localization/Localizable.xcstrings#L14512
macOS,buttons,DuckDuckGo,autoconsent.modal.cta.deny,,No Thanks,Deny button for modal asking the user to auto manage cookies,,,true,extracted_with_value,,apps/apple/macOS/DuckDuckGo/Localization/Localizable.xcstrings,14572,https://github.com/duckduckgo/apple-browsers/blob/e33af93ca2cc0ce771de1f12d81e828e50410135/macOS/DuckDuckGo/Localization/Localizable.xcstrings#L14572
macOS,buttons,DuckDuckGo,autofill.ask-to-save,,Ask to Save and Autofill,Autofill settings section title,,,true,extracted_with_value,,apps/apple/macOS/DuckDuckGo/Localization/Localizable.xcstrings,14872,https://github.com/duckduckgo/apple-browsers/blob/e33af93ca2cc0ce771de1f12d81e828e50410135/macOS/DuckDuckGo/Localization/Localizable.xcstrings#L14872
macOS,buttons,DuckDuckGo,autofill.copy-password,,Copy password,Tooltip for the Autofill panel's Copy Password button,,,true,extracted_with_value,,apps/apple/macOS/DuckDuckGo/Localization/Localizable.xcstrings,15172,https://github.com/duckduckgo/apple-browsers/blob/e33af93ca2cc0ce771de1f12d81e828e50410135/macOS/DuckDuckGo/Localization/Localizable.xcstrings#L15172
macOS,buttons,DuckDuckGo,autofill.copy-username,,Copy username,Tooltip for the Autofill panel's Copy Username button,,,true,extracted_with_value,,apps/apple/macOS/DuckDuckGo/Localization/Localizable.xcstrings,15232,https://github.com/duckduckgo/apple-browsers/blob/e33af93ca2cc0ce771de1f12d81e828e50410135/macOS/DuckDuckGo/Localization/Localizable.xcstrings#L15232
macOS,buttons,DuckDuckGo,autofill.excluded-sites.reset,,Reset,Button title allowing users to reset their list of excluded sites,,,true,extracted_with_value,,apps/apple/macOS/DuckDuckGo/Localization/Localizable.xcstrings,15472,https://github.com/duckduckgo/apple-browsers/blob/e33af93ca2cc0ce771de1f12d81e828e50410135/macOS/DuckDuckGo/Localization/Localizable.xcstrings#L15472
macOS,buttons,DuckDuckGo,autofill.hide-card-cvv,,Hide CVV,Tooltip for the Autofill panel's Hide CVV button,,,true,extracted_with_value,,apps/apple/macOS/DuckDuckGo/Localization/Localizable.xcstrings,15652,https://github.com/duckduckgo/apple-browsers/blob/e33af93ca2cc0ce771de1f12d81e828e50410135/macOS/DuckDuckGo/Localization/Localizable.xcstrings#L15652
macOS,buttons,DuckDuckGo,autofill.hide-password,,Hide password,Tooltip for the Autofill panel's Hide Password button,,,true,extracted_with_value,,apps/apple/macOS/DuckDuckGo/Localization/Localizable.xcstrings,15712,https://github.com/duckduckgo/apple-browsers/blob/e33af93ca2cc0ce771de1f12d81e828e50410135/macOS/DuckDuckGo/Localization/Localizable.xcstrings#L15712
macOS,buttons,DuckDuckGo,autofill.items.delete-all-passwords-completion-button-texy,,Close,Button text on dialog confirming deletion was completed,,,true,extracted_with_value,,apps/apple/macOS/DuckDuckGo/Localization/Localizable.xcstrings,15832,https://github.com/duckduckgo/apple-browsers/blob/e33af93ca2cc0ce771de1f12d81e828e50410135/macOS/DuckDuckGo/Localization/Localizable.xcstrings#L15832
macOS,buttons,DuckDuckGo,autofill.onboarding.popover.accept,,Add Shortcut,Autofill onboarding CTA for approval,,,true,extracted_with_value,,apps/apple/macOS/DuckDuckGo/Localization/Localizable.xcstrings,16612,https://github.com/duckduckgo/apple-browsers/blob/e33af93ca2cc0ce771de1f12d81e828e50410135/macOS/DuckDuckGo/Localization/Localizable.xcstrings#L16612
macOS,buttons,DuckDuckGo,autofill.onboarding.popover.reject,,No Thanks,Autofill onboarding CTA for rejection,,,true,extracted_with_value,,apps/apple/macOS/DuckDuckGo/Localization/Localizable.xcstrings,16732,https://github.com/duckduckgo/apple-browsers/blob/e33af93ca2cc0ce771de1f12d81e828e50410135/macOS/DuckDuckGo/Localization/Localizable.xcstrings#L16732
macOS,buttons,DuckDuckGo,autofill.popover.autosave.button.text,,View,Button to view the recently autosaved password,,,true,extracted_with_value,,apps/apple/macOS/DuckDuckGo/Localization/Localizable.xcstrings,17272,https://github.com/duckduckgo/apple-browsers/blob/e33af93ca2cc0ce771de1f12d81e828e50410135/macOS/DuckDuckGo/Localization/Localizable.xcstrings#L17272
macOS,buttons,DuckDuckGo,autofill.popover.open-password-manager,,Open %@,Open password manager button,,%@,true,extracted_with_value,,apps/apple/macOS/DuckDuckGo/Localization/Localizable.xcstrings,17452,https://github.com/duckduckgo/apple-browsers/blob/e33af93ca2cc0ce771de1f12d81e828e50410135/macOS/DuckDuckGo/Localization/Localizable.xcstrings#L17452
macOS,buttons,DuckDuckGo,autofill.popover.passwords.pin-prompt.button.text,,Add Shortcut,Button to pin the password manager shortcut to the toolbar,,,true,extracted_with_value,,apps/apple/macOS/DuckDuckGo/Localization/Localizable.xcstrings,17692,https://github.com/duckduckgo/apple-browsers/blob/e33af93ca2cc0ce771de1f12d81e828e50410135/macOS/DuckDuckGo/Localization/Localizable.xcstrings#L17692
macOS,buttons,DuckDuckGo,autofill.popover.settings-button,,Settings,Open Settings Button,,,true,extracted_with_value,,apps/apple/macOS/DuckDuckGo/Localization/Localizable.xcstrings,17812,https://github.com/duckduckgo/apple-browsers/blob/e33af93ca2cc0ce771de1f12d81e828e50410135/macOS/DuckDuckGo/Localization/Localizable.xcstrings#L17812
macOS,buttons,DuckDuckGo,autofill.show-card-cvv,,Show CVV,Tooltip for the Autofill panel's Show CVV button,,,true,extracted_with_value,,apps/apple/macOS/DuckDuckGo/Localization/Localizable.xcstrings,17872,https://github.com/duckduckgo/apple-browsers/blob/e33af93ca2cc0ce771de1f12d81e828e50410135/macOS/DuckDuckGo/Localization/Localizable.xcstrings#L17872
macOS,buttons,DuckDuckGo,autofill.show-password,,Show password,Tooltip for the Autofill panel's Show Password button,,,true,extracted_with_value,,apps/apple/macOS/DuckDuckGo/Localization/Localizable.xcstrings,17932,https://github.com/duckduckgo/apple-browsers/blob/e33af93ca2cc0ce771de1f12d81e828e50410135/macOS/DuckDuckGo/Localization/Localizable.xcstrings#L17932
macOS,buttons,DuckDuckGo,big-sur-end-of-support.dont-show-again,,Don’t Show Again,Button that permanently dismisses the Big Sur end-of-support alert,,,true,extracted_with_value,,apps/apple/macOS/DuckDuckGo/Localization/Localizable.xcstrings,18412,https://github.com/duckduckgo/apple-browsers/blob/e33af93ca2cc0ce771de1f12d81e828e50410135/macOS/DuckDuckGo/Localization/Localizable.xcstrings#L18412
macOS,buttons,DuckDuckGo,big-sur-end-of-support.update-macos,,Update macOS,Primary button on the Big Sur end-of-support alert; matches the RMF message’s primaryActionText,,,true,extracted_with_value,,apps/apple/macOS/DuckDuckGo/Localization/Localizable.xcstrings,18652,https://github.com/duckduckgo/apple-browsers/blob/e33af93ca2cc0ce771de1f12d81e828e50410135/macOS/DuckDuckGo/Localization/Localizable.xcstrings#L18652
macOS,buttons,DuckDuckGo,bitwarden.install,,Install Bitwarden,Button to install Bitwarden app,,,true,extracted_with_value,,apps/apple/macOS/DuckDuckGo/Localization/Localizable.xcstrings,19544,https://github.com/duckduckgo/apple-browsers/blob/e33af93ca2cc0ce771de1f12d81e828e50410135/macOS/DuckDuckGo/Localization/Localizable.xcstrings#L19544
macOS,buttons,DuckDuckGo,bitwarden.preferences.complete-setup,,Complete Setup…,action option that prompts the user to complete the setup process in Bitwarden preferences,,,true,extracted_with_value,,apps/apple/macOS/DuckDuckGo/Localization/Localizable.xcstrings,20083,https://github.com/duckduckgo/apple-browsers/blob/e33af93ca2cc0ce771de1f12d81e828e50410135/macOS/DuckDuckGo/Localization/Localizable.xcstrings#L20083
macOS,buttons,DuckDuckGo,bitwarden.preferences.open-bitwarden,,Open Bitwarden,Button to open Bitwarden app,,,true,extracted_with_value,,apps/apple/macOS/DuckDuckGo/Localization/Localizable.xcstrings,20143,https://github.com/duckduckgo/apple-browsers/blob/e33af93ca2cc0ce771de1f12d81e828e50410135/macOS/DuckDuckGo/Localization/Localizable.xcstrings#L20143
macOS,buttons,DuckDuckGo,bookmark.dialog.add,,Add,Button to confim a bookmark creation,,,true,extracted_with_value,,apps/apple/macOS/DuckDuckGo/Localization/Localizable.xcstrings,20731,https://github.com/duckduckgo/apple-browsers/blob/e33af93ca2cc0ce771de1f12d81e828e50410135/macOS/DuckDuckGo/Localization/Localizable.xcstrings#L20731
macOS,buttons,DuckDuckGo,bookmarks,,Bookmarks,Button for bookmarks,,,true,extracted_with_value,,apps/apple/macOS/DuckDuckGo/Localization/Localizable.xcstrings,20971,https://github.com/duckduckgo/apple-browsers/blob/e33af93ca2cc0ce771de1f12d81e828e50410135/macOS/DuckDuckGo/Localization/Localizable.xcstrings#L20971
macOS,buttons,DuckDuckGo,bookmarks.bar.prompt.accept,,Show,Accept button label on bookmarks bar prompt,,,true,extracted_with_value,,apps/apple/macOS/DuckDuckGo/Localization/Localizable.xcstrings,21499,https://github.com/duckduckgo/apple-browsers/blob/e33af93ca2cc0ce771de1f12d81e828e50410135/macOS/DuckDuckGo/Localization/Localizable.xcstrings#L21499
macOS,buttons,DuckDuckGo,bookmarks.bar.prompt.dismiss,,Hide,Dismiss button label on bookmarks bar prompt,,,true,extracted_with_value,,apps/apple/macOS/DuckDuckGo/Localization/Localizable.xcstrings,21559,https://github.com/duckduckgo/apple-browsers/blob/e33af93ca2cc0ce771de1f12d81e828e50410135/macOS/DuckDuckGo/Localization/Localizable.xcstrings#L21559
macOS,buttons,DuckDuckGo,bookmarks.dialog.action.addAllBookmarks,,Save Bookmarks,CTA title for saving multiple Bookmarks at once,,,true,extracted_with_value,,apps/apple/macOS/DuckDuckGo/Localization/Localizable.xcstrings,21979,https://github.com/duckduckgo/apple-browsers/blob/e33af93ca2cc0ce771de1f12d81e828e50410135/macOS/DuckDuckGo/Localization/Localizable.xcstrings#L21979
macOS,buttons,DuckDuckGo,bookmarks.dialog.action.addBookmark,,Add Bookmark,CTA title for adding a Bookmark,,,true,extracted_with_value,,apps/apple/macOS/DuckDuckGo/Localization/Localizable.xcstrings,22039,https://github.com/duckduckgo/apple-browsers/blob/e33af93ca2cc0ce771de1f12d81e828e50410135/macOS/DuckDuckGo/Localization/Localizable.xcstrings#L22039
macOS,buttons,DuckDuckGo,bookmarks.dialog.action.addFolder,,Add Folder,CTA title for adding a Folder,,,true,extracted_with_value,,apps/apple/macOS/DuckDuckGo/Localization/Localizable.xcstrings,22099,https://github.com/duckduckgo/apple-browsers/blob/e33af93ca2cc0ce771de1f12d81e828e50410135/macOS/DuckDuckGo/Localization/Localizable.xcstrings#L22099
macOS,buttons,DuckDuckGo,bookmarks.dialog.action.syncBookmarks,,Sync Bookmarks Across Devices,CTA title for syncing bookmarks,,,true,extracted_with_value,,apps/apple/macOS/DuckDuckGo/Localization/Localizable.xcstrings,22159,https://github.com/duckduckgo/apple-browsers/blob/e33af93ca2cc0ce771de1f12d81e828e50410135/macOS/DuckDuckGo/Localization/Localizable.xcstrings#L22159
macOS,buttons,DuckDuckGo,bookmarks.empty.state.importButton.title,,Import Bookmarks,,,,true,extracted_with_value,,apps/apple/macOS/DuckDuckGo/Localization/Localizable.xcstrings,23059,https://github.com/duckduckgo/apple-browsers/blob/e33af93ca2cc0ce771de1f12d81e828e50410135/macOS/DuckDuckGo/Localization/Localizable.xcstrings#L23059
macOS,buttons,DuckDuckGo,bookmarks.empty.state.syncButton.title,,Sync Bookmarks,,,,true,extracted_with_value,,apps/apple/macOS/DuckDuckGo/Localization/Localizable.xcstrings,23178,https://github.com/duckduckgo/apple-browsers/blob/e33af93ca2cc0ce771de1f12d81e828e50410135/macOS/DuckDuckGo/Localization/Localizable.xcstrings#L23178
macOS,buttons,DuckDuckGo,bookmarks.import.button.title,,Import,Button text to open bookmark import dialog,,,true,extracted_with_value,,apps/apple/macOS/DuckDuckGo/Localization/Localizable.xcstrings,23297,https://github.com/duckduckgo/apple-browsers/blob/e33af93ca2cc0ce771de1f12d81e828e50410135/macOS/DuckDuckGo/Localization/Localizable.xcstrings#L23297
macOS,buttons,DuckDuckGo,bookmarks.manage,,Manage,Button for opening the bookmarks management interface,,,true,extracted_with_value,,apps/apple/macOS/DuckDuckGo/Localization/Localizable.xcstrings,23657,https://github.com/duckduckgo/apple-browsers/blob/e33af93ca2cc0ce771de1f12d81e828e50410135/macOS/DuckDuckGo/Localization/Localizable.xcstrings#L23657
macOS,buttons,DuckDuckGo,bookmarks.sort.manual,,Manual,Button to sort bookmarks by manual,,,true,extracted_with_value,,apps/apple/macOS/DuckDuckGo/Localization/Localizable.xcstrings,23897,https://github.com/duckduckgo/apple-browsers/blob/e33af93ca2cc0ce771de1f12d81e828e50410135/macOS/DuckDuckGo/Localization/Localizable.xcstrings#L23897
macOS,buttons,DuckDuckGo,cancel,,Cancel,Cancel button,,,true,extracted_with_value,,apps/apple/macOS/DuckDuckGo/Localization/Localizable.xcstrings,24669,https://github.com/duckduckgo/apple-browsers/blob/e33af93ca2cc0ce771de1f12d81e828e50410135/macOS/DuckDuckGo/Localization/Localizable.xcstrings#L24669
macOS,buttons,DuckDuckGo,check.for.update,,Check for Update,Button users can use to check for a new update,,,true,extracted_with_value,,apps/apple/macOS/DuckDuckGo/Localization/Localizable.xcstrings,25075,https://github.com/duckduckgo/apple-browsers/blob/e33af93ca2cc0ce771de1f12d81e828e50410135/macOS/DuckDuckGo/Localization/Localizable.xcstrings#L25075
macOS,buttons,DuckDuckGo,clear,,Clear,Clear button,,,true,extracted_with_value,,apps/apple/macOS/DuckDuckGo/Localization/Localizable.xcstrings,25135,https://github.com/duckduckgo/apple-browsers/blob/e33af93ca2cc0ce771de1f12d81e828e50410135/macOS/DuckDuckGo/Localization/Localizable.xcstrings#L25135
macOS,buttons,DuckDuckGo,clear.and.quit,,Clear and Quit,Button to clear data and quit the application,,,true,extracted_with_value,,apps/apple/macOS/DuckDuckGo/Localization/Localizable.xcstrings,25249,https://github.com/duckduckgo/apple-browsers/blob/e33af93ca2cc0ce771de1f12d81e828e50410135/macOS/DuckDuckGo/Localization/Localizable.xcstrings#L25249
macOS,buttons,DuckDuckGo,click.to.copy.version,,Click to copy version,Description of a button which copies version to clipboard when clicked,,,true,extracted_with_value,,apps/apple/macOS/DuckDuckGo/Localization/Localizable.xcstrings,25309,https://github.com/duckduckgo/apple-browsers/blob/e33af93ca2cc0ce771de1f12d81e828e50410135/macOS/DuckDuckGo/Localization/Localizable.xcstrings#L25309
macOS,buttons,DuckDuckGo,close,,Close,Close button,,,true,extracted_with_value,,apps/apple/macOS/DuckDuckGo/Localization/Localizable.xcstrings,25369,https://github.com/duckduckgo/apple-browsers/blob/e33af93ca2cc0ce771de1f12d81e828e50410135/macOS/DuckDuckGo/Localization/Localizable.xcstrings#L25369
macOS,buttons,DuckDuckGo,close.all.other.tabs,,Close All Other Tabs,Menu item,,,true,extracted_with_value,,apps/apple/macOS/DuckDuckGo/Localization/Localizable.xcstrings,25429,https://github.com/duckduckgo/apple-browsers/blob/e33af93ca2cc0ce771de1f12d81e828e50410135/macOS/DuckDuckGo/Localization/Localizable.xcstrings#L25429
macOS,buttons,DuckDuckGo,close.other.tabs,,Close Other Tabs,Menu item,,,true,extracted_with_value,,apps/apple/macOS/DuckDuckGo/Localization/Localizable.xcstrings,25489,https://github.com/duckduckgo/apple-browsers/blob/e33af93ca2cc0ce771de1f12d81e828e50410135/macOS/DuckDuckGo/Localization/Localizable.xcstrings#L25489
macOS,buttons,DuckDuckGo,close.tabs.to.the.left,,Close Tabs to the Left,Menu item,,,true,extracted_with_value,,apps/apple/macOS/DuckDuckGo/Localization/Localizable.xcstrings,25729,https://github.com/duckduckgo/apple-browsers/blob/e33af93ca2cc0ce771de1f12d81e828e50410135/macOS/DuckDuckGo/Localization/Localizable.xcstrings#L25729
macOS,buttons,DuckDuckGo,close.tabs.to.the.right,,Close Tabs to the Right,Menu item,,,true,extracted_with_value,,apps/apple/macOS/DuckDuckGo/Localization/Localizable.xcstrings,25789,https://github.com/duckduckgo/apple-browsers/blob/e33af93ca2cc0ce771de1f12d81e828e50410135/macOS/DuckDuckGo/Localization/Localizable.xcstrings#L25789
macOS,buttons,DuckDuckGo,confirm.close.action,,Hold or press again to close,Action text shown in the close confirmation overlay,,,true,extracted_with_value,,apps/apple/macOS/DuckDuckGo/Localization/Localizable.xcstrings,25849,https://github.com/duckduckgo/apple-browsers/blob/e33af93ca2cc0ce771de1f12d81e828e50410135/macOS/DuckDuckGo/Localization/Localizable.xcstrings#L25849
macOS,buttons,DuckDuckGo,confirm.dont.show.again,,Don‘t Show Again,Button to disable confirmation dialogs,,,true,extracted_with_value,,apps/apple/macOS/DuckDuckGo/Localization/Localizable.xcstrings,25909,https://github.com/duckduckgo/apple-browsers/blob/e33af93ca2cc0ce771de1f12d81e828e50410135/macOS/DuckDuckGo/Localization/Localizable.xcstrings#L25909
macOS,buttons,DuckDuckGo,confirm.quit.action,,Hold or press again to quit,Action text shown in the quit confirmation overlay,,,true,extracted_with_value,,apps/apple/macOS/DuckDuckGo/Localization/Localizable.xcstrings,25969,https://github.com/duckduckgo/apple-browsers/blob/e33af93ca2cc0ce771de1f12d81e828e50410135/macOS/DuckDuckGo/Localization/Localizable.xcstrings#L25969
macOS,buttons,DuckDuckGo,context.menu.home.button.mode.hide,,Hide,Preferences > Home Button > None item,,,true,extracted_with_value,,apps/apple/macOS/DuckDuckGo/Localization/Localizable.xcstrings,26142,https://github.com/duckduckgo/apple-browsers/blob/e33af93ca2cc0ce771de1f12d81e828e50410135/macOS/DuckDuckGo/Localization/Localizable.xcstrings#L26142
macOS,buttons,DuckDuckGo,context.menu.home.button.mode.left,,Show left of the back button,Preferences > Home Button > left position item,,,true,extracted_with_value,,apps/apple/macOS/DuckDuckGo/Localization/Localizable.xcstrings,26202,https://github.com/duckduckgo/apple-browsers/blob/e33af93ca2cc0ce771de1f12d81e828e50410135/macOS/DuckDuckGo/Localization/Localizable.xcstrings#L26202
macOS,buttons,DuckDuckGo,context.menu.home.button.mode.right,,Show right of the reload button,Preferences > Home Button > right position item,,,true,extracted_with_value,,apps/apple/macOS/DuckDuckGo/Localization/Localizable.xcstrings,26262,https://github.com/duckduckgo/apple-browsers/blob/e33af93ca2cc0ce771de1f12d81e828e50410135/macOS/DuckDuckGo/Localization/Localizable.xcstrings#L26262
macOS,buttons,DuckDuckGo,contextual.onboarding.final-screen.button,,High five!,"Button on the last screen of the onboarding, it will dismiss the onboarding screen.",,,true,extracted_with_value,,apps/apple/macOS/DuckDuckGo/Localization/Localizable.xcstrings,26682,https://github.com/duckduckgo/apple-browsers/blob/e33af93ca2cc0ce771de1f12d81e828e50410135/macOS/DuckDuckGo/Localization/Localizable.xcstrings#L26682
macOS,buttons,DuckDuckGo,contextual.onboarding.got-it.button,,Got it,During onboarding steps this button is shown and takes either to the next steps or closes the onboarding.,,,true,extracted_with_value,,apps/apple/macOS/DuckDuckGo/Localization/Localizable.xcstrings,26982,https://github.com/duckduckgo/apple-browsers/blob/e33af93ca2cc0ce771de1f12d81e828e50410135/macOS/DuckDuckGo/Localization/Localizable.xcstrings#L26982
macOS,buttons,DuckDuckGo,contextual.onboarding.subscription-upsell.accept-button,,Try for free!,"Primary button on the subscription upsell onboarding screen, it opens the subscription purchase page.",,,true,extracted_with_value,,apps/apple/macOS/DuckDuckGo/Localization/Localizable.xcstrings,27102,https://github.com/duckduckgo/apple-browsers/blob/e33af93ca2cc0ce771de1f12d81e828e50410135/macOS/DuckDuckGo/Localization/Localizable.xcstrings#L27102
macOS,buttons,DuckDuckGo,contextual.onboarding.subscription-upsell.decline-button,,No thanks,"Secondary button on the subscription upsell onboarding screen, it dismisses the screen and completes onboarding.",,,true,extracted_with_value,,apps/apple/macOS/DuckDuckGo/Localization/Localizable.xcstrings,27162,https://github.com/duckduckgo/apple-browsers/blob/e33af93ca2cc0ce771de1f12d81e828e50410135/macOS/DuckDuckGo/Localization/Localizable.xcstrings#L27162
macOS,buttons,DuckDuckGo,contextual.onboarding.try-fire-button.button,,Try it,Button on the browser that invites the user to try the Fire Button.,,,true,extracted_with_value,,apps/apple/macOS/DuckDuckGo/Localization/Localizable.xcstrings,27582,https://github.com/duckduckgo/apple-browsers/blob/e33af93ca2cc0ce771de1f12d81e828e50410135/macOS/DuckDuckGo/Localization/Localizable.xcstrings#L27582
macOS,buttons,DuckDuckGo,contextual.onboarding.try-fire-button.message,,Give it a try! 🔥,Message of a popover on the browser that invites the user to try visiting the browser Fire Button.,,,true,extracted_with_value,,apps/apple/macOS/DuckDuckGo/Localization/Localizable.xcstrings,27642,https://github.com/duckduckgo/apple-browsers/blob/e33af93ca2cc0ce771de1f12d81e828e50410135/macOS/DuckDuckGo/Localization/Localizable.xcstrings#L27642
macOS,buttons,DuckDuckGo,contextual.onboarding.try-fire-button.skip,,Skip,Skip button on the Fire Button contextual onboarding dialog that dismisses without firing.,,,true,extracted_with_value,,apps/apple/macOS/DuckDuckGo/Localization/Localizable.xcstrings,27702,https://github.com/duckduckgo/apple-browsers/blob/e33af93ca2cc0ce771de1f12d81e828e50410135/macOS/DuckDuckGo/Localization/Localizable.xcstrings#L27702
macOS,buttons,DuckDuckGo,contextual.onboarding.try-fire-button.title,,"Instantly clear your browsing activity with the *Fire Button*.

%1$@","Message of a popover on the browser that invites the user to try visiting the browser Fire Button, the parameter is another string (do not remove * and %1$@",,%1$@,true,extracted_with_value,,apps/apple/macOS/DuckDuckGo/Localization/Localizable.xcstrings,27762,https://github.com/duckduckgo/apple-browsers/blob/e33af93ca2cc0ce771de1f12d81e828e50410135/macOS/DuckDuckGo/Localization/Localizable.xcstrings#L27762
macOS,buttons,DuckDuckGo,cookie-popup-protection.opt-in.confirm,,Confirm,Confirm button in the Cookie Pop-up Protection opt-in dialog,,,true,extracted_with_value,,apps/apple/macOS/DuckDuckGo/Localization/Localizable.xcstrings,28302,https://github.com/duckduckgo/apple-browsers/blob/e33af93ca2cc0ce771de1f12d81e828e50410135/macOS/DuckDuckGo/Localization/Localizable.xcstrings#L28302
macOS,buttons,DuckDuckGo,copy,,Copy,Copy button,,,true,extracted_with_value,,apps/apple/macOS/DuckDuckGo/Localization/Localizable.xcstrings,28962,https://github.com/duckduckgo/apple-browsers/blob/e33af93ca2cc0ce771de1f12d81e828e50410135/macOS/DuckDuckGo/Localization/Localizable.xcstrings#L28962
macOS,buttons,DuckDuckGo,crash-report.dont-send-button,,Don’t Send,Button the user can press to not send the crash report,,,true,extracted_with_value,,apps/apple/macOS/DuckDuckGo/Localization/Localizable.xcstrings,29435,https://github.com/duckduckgo/apple-browsers/blob/e33af93ca2cc0ce771de1f12d81e828e50410135/macOS/DuckDuckGo/Localization/Localizable.xcstrings#L29435
macOS,buttons,DuckDuckGo,crash-report.send-button,,Send to DuckDuckGo,Button the user can press to send the crash report to DuckDuckGo,,,true,extracted_with_value,,apps/apple/macOS/DuckDuckGo/Localization/Localizable.xcstrings,29495,https://github.com/duckduckgo/apple-browsers/blob/e33af93ca2cc0ce771de1f12d81e828e50410135/macOS/DuckDuckGo/Localization/Localizable.xcstrings#L29495
macOS,buttons,DuckDuckGo,dbp.errorpage.bad.path.cta,,Move App for Me...,Call to action for moving the app to the Applications folder,,,true,extracted_with_value,,apps/apple/macOS/DuckDuckGo/Localization/Localizable.xcstrings,30540,https://github.com/duckduckgo/apple-browsers/blob/e33af93ca2cc0ce771de1f12d81e828e50410135/macOS/DuckDuckGo/Localization/Localizable.xcstrings#L30540
macOS,buttons,DuckDuckGo,dbp.errorpage.no.permission.cta,,Open System Settings...,Call to action for opening system settings,,,true,extracted_with_value,,apps/apple/macOS/DuckDuckGo/Localization/Localizable.xcstrings,30720,https://github.com/duckduckgo/apple-browsers/blob/e33af93ca2cc0ce771de1f12d81e828e50410135/macOS/DuckDuckGo/Localization/Localizable.xcstrings#L30720
macOS,buttons,DuckDuckGo,default.browser.prompt.button,,Set Default…,represents a prompt message asking the user to make DuckDuckGo their default browser.,,,true,extracted_with_value,,apps/apple/macOS/DuckDuckGo/Localization/Localizable.xcstrings,30900,https://github.com/duckduckgo/apple-browsers/blob/e33af93ca2cc0ce771de1f12d81e828e50410135/macOS/DuckDuckGo/Localization/Localizable.xcstrings#L30900
macOS,buttons,DuckDuckGo,delete-bookmark,,Delete Bookmark,Delete Bookmark button,,,true,extracted_with_value,,apps/apple/macOS/DuckDuckGo/Localization/Localizable.xcstrings,31073,https://github.com/duckduckgo/apple-browsers/blob/e33af93ca2cc0ce771de1f12d81e828e50410135/macOS/DuckDuckGo/Localization/Localizable.xcstrings#L31073
macOS,buttons,DuckDuckGo,disable,,Disable,Email protection Disable button text,,,true,extracted_with_value,,apps/apple/macOS/DuckDuckGo/Localization/Localizable.xcstrings,31366,https://github.com/duckduckgo/apple-browsers/blob/e33af93ca2cc0ce771de1f12d81e828e50410135/macOS/DuckDuckGo/Localization/Localizable.xcstrings#L31366
macOS,buttons,DuckDuckGo,done,,Done,Done button,,,true,extracted_with_value,,apps/apple/macOS/DuckDuckGo/Localization/Localizable.xcstrings,31726,https://github.com/duckduckgo/apple-browsers/blob/e33af93ca2cc0ce771de1f12d81e828e50410135/macOS/DuckDuckGo/Localization/Localizable.xcstrings#L31726
macOS,buttons,DuckDuckGo,dont.close,,Don’t Close,Don’t Close the window button title,,,true,extracted_with_value,,apps/apple/macOS/DuckDuckGo/Localization/Localizable.xcstrings,31786,https://github.com/duckduckgo/apple-browsers/blob/e33af93ca2cc0ce771de1f12d81e828e50410135/macOS/DuckDuckGo/Localization/Localizable.xcstrings#L31786
macOS,buttons,DuckDuckGo,dont.quit,,Don’t Quit,Don’t Quit button,,,true,extracted_with_value,,apps/apple/macOS/DuckDuckGo/Localization/Localizable.xcstrings,31846,https://github.com/duckduckgo/apple-browsers/blob/e33af93ca2cc0ce771de1f12d81e828e50410135/macOS/DuckDuckGo/Localization/Localizable.xcstrings#L31846
macOS,buttons,DuckDuckGo,dont.save,,Don't Save,Don't Save button,,,true,extracted_with_value,,apps/apple/macOS/DuckDuckGo/Localization/Localizable.xcstrings,31906,https://github.com/duckduckgo/apple-browsers/blob/e33af93ca2cc0ce771de1f12d81e828e50410135/macOS/DuckDuckGo/Localization/Localizable.xcstrings#L31906
macOS,buttons,DuckDuckGo,dont.update,,Don't Update,Don't Update button,,,true,extracted_with_value,,apps/apple/macOS/DuckDuckGo/Localization/Localizable.xcstrings,31966,https://github.com/duckduckgo/apple-browsers/blob/e33af93ca2cc0ce771de1f12d81e828e50410135/macOS/DuckDuckGo/Localization/Localizable.xcstrings#L31966
macOS,buttons,DuckDuckGo,downloads.change,,Change…,Change downloads directory button,,,true,extracted_with_value,,apps/apple/macOS/DuckDuckGo/Localization/Localizable.xcstrings,32626,https://github.com/duckduckgo/apple-browsers/blob/e33af93ca2cc0ce771de1f12d81e828e50410135/macOS/DuckDuckGo/Localization/Localizable.xcstrings#L32626
macOS,buttons,DuckDuckGo,downloads.error.cta.non-sandbox,,Open Settings,Call to action for the OS specific downloads issue,,,true,extracted_with_value,,apps/apple/macOS/DuckDuckGo/Localization/Localizable.xcstrings,32926,https://github.com/duckduckgo/apple-browsers/blob/e33af93ca2cc0ce771de1f12d81e828e50410135/macOS/DuckDuckGo/Localization/Localizable.xcstrings#L32926
macOS,buttons,DuckDuckGo,downloads.error.cta.sandbox,,How To Update,Call to action for the OS specific downloads issue,,,true,extracted_with_value,,apps/apple/macOS/DuckDuckGo/Localization/Localizable.xcstrings,32986,https://github.com/duckduckgo/apple-browsers/blob/e33af93ca2cc0ce771de1f12d81e828e50410135/macOS/DuckDuckGo/Localization/Localizable.xcstrings#L32986
macOS,buttons,DuckDuckGo,downloads.open-downloads-folder,,Open Downloads Folder,Button in the downloads manager that allows the user to open the downloads folder,,,true,extracted_with_value,,apps/apple/macOS/DuckDuckGo/Localization/Localizable.xcstrings,33406,https://github.com/duckduckgo/apple-browsers/blob/e33af93ca2cc0ce771de1f12d81e828e50410135/macOS/DuckDuckGo/Localization/Localizable.xcstrings#L33406
macOS,buttons,DuckDuckGo,duck-player.show-buttons,,Show option to use Duck Player over YouTube previews on hover,Private YouTube Player option,,,true,extracted_with_value,,apps/apple/macOS/DuckDuckGo/Localization/Localizable.xcstrings,34726,https://github.com/duckduckgo/apple-browsers/blob/e33af93ca2cc0ce771de1f12d81e828e50410135/macOS/DuckDuckGo/Localization/Localizable.xcstrings#L34726
macOS,buttons,DuckDuckGo,duck-player.video-contingency-cta,,Learn More,Button for the message explaining to the user that Duck Player is not available so the user can learn more,,,true,extracted_with_value,,apps/apple/macOS/DuckDuckGo/Localization/Localizable.xcstrings,34906,https://github.com/duckduckgo/apple-browsers/blob/e33af93ca2cc0ce771de1f12d81e828e50410135/macOS/DuckDuckGo/Localization/Localizable.xcstrings#L34906
macOS,buttons,DuckDuckGo,duckai.ai-features.disable-all.button,,Use DuckDuckGo Without AI,Button that turns off all AI features,,,true,extracted_with_value,,apps/apple/macOS/DuckDuckGo/Localization/Localizable.xcstrings,35146,https://github.com/duckduckgo/apple-browsers/blob/e33af93ca2cc0ce771de1f12d81e828e50410135/macOS/DuckDuckGo/Localization/Localizable.xcstrings#L35146
macOS,buttons,DuckDuckGo,duckai.menu.delete-all-chats.confirm-button,,Delete Chats,Confirm button in the Delete All Duck.ai Chats alert,,,true,extracted_with_value,,apps/apple/macOS/DuckDuckGo/Localization/Localizable.xcstrings,36226,https://github.com/duckduckgo/apple-browsers/blob/e33af93ca2cc0ce771de1f12d81e828e50410135/macOS/DuckDuckGo/Localization/Localizable.xcstrings#L36226
macOS,buttons,DuckDuckGo,duckai.show-ask-duckai-button-in-tab-bar.label,,Show Ask Duck.ai shortcut in the tab bar,Label for showing the Ask Duck.ai menu button shortcut in the tab bar (shown when the Ask Duck.ai menu button is enabled),,,true,extracted_with_value,,apps/apple/macOS/DuckDuckGo/Localization/Localizable.xcstrings,37965,https://github.com/duckduckgo/apple-browsers/blob/e33af93ca2cc0ce771de1f12d81e828e50410135/macOS/DuckDuckGo/Localization/Localizable.xcstrings#L37965
macOS,buttons,DuckDuckGo,duckai.show-duckai-button-in-tab-bar.label,,Show Duck.ai shortcut in the tab bar,Label for showing Duck.ai shortcut in tab bar,,,true,extracted_with_value,,apps/apple/macOS/DuckDuckGo/Localization/Localizable.xcstrings,38025,https://github.com/duckduckgo/apple-browsers/blob/e33af93ca2cc0ce771de1f12d81e828e50410135/macOS/DuckDuckGo/Localization/Localizable.xcstrings#L38025
macOS,buttons,DuckDuckGo,duckai.show-sidebar-button-in-tab-bar.label,,Show sidebar button in the tab bar,Label for showing Duck.ai sidebar button in tab bar,,,true,extracted_with_value,,apps/apple/macOS/DuckDuckGo/Localization/Localizable.xcstrings,38625,https://github.com/duckduckgo/apple-browsers/blob/e33af93ca2cc0ce771de1f12d81e828e50410135/macOS/DuckDuckGo/Localization/Localizable.xcstrings#L38625
macOS,buttons,DuckDuckGo,edit,,Edit,Edit button,,,true,extracted_with_value,,apps/apple/macOS/DuckDuckGo/Localization/Localizable.xcstrings,39308,https://github.com/duckduckgo/apple-browsers/blob/e33af93ca2cc0ce771de1f12d81e828e50410135/macOS/DuckDuckGo/Localization/Localizable.xcstrings#L39308
macOS,buttons,DuckDuckGo,feedback.feature.move-browser-buttons,,Move browser buttons,Feature request option,,,true,extracted_with_value,,apps/apple/macOS/DuckDuckGo/Localization/Localizable.xcstrings,41327,https://github.com/duckduckgo/apple-browsers/blob/e33af93ca2cc0ce771de1f12d81e828e50410135/macOS/DuckDuckGo/Localization/Localizable.xcstrings#L41327
macOS,buttons,DuckDuckGo,feedback.form.close,,Close,Close button for feedback forms,,,true,extracted_with_value,,apps/apple/macOS/DuckDuckGo/Localization/Localizable.xcstrings,41927,https://github.com/duckduckgo/apple-browsers/blob/e33af93ca2cc0ce771de1f12d81e828e50410135/macOS/DuckDuckGo/Localization/Localizable.xcstrings#L41927
macOS,buttons,DuckDuckGo,fire.all-sites,,All sites,Configuration option for fire button,,,true,extracted_with_value,,apps/apple/macOS/DuckDuckGo/Localization/Localizable.xcstrings,46007,https://github.com/duckduckgo/apple-browsers/blob/e33af93ca2cc0ce771de1f12d81e828e50410135/macOS/DuckDuckGo/Localization/Localizable.xcstrings#L46007
macOS,buttons,DuckDuckGo,fire.currentWindow,,All sites visited in current window,Configuration option for fire button,,,true,extracted_with_value,,apps/apple/macOS/DuckDuckGo/Localization/Localizable.xcstrings,46307,https://github.com/duckduckgo/apple-browsers/blob/e33af93ca2cc0ce771de1f12d81e828e50410135/macOS/DuckDuckGo/Localization/Localizable.xcstrings#L46307
macOS,buttons,DuckDuckGo,fire.dialog.all-windows-will-close,,All windows will close.,Warning label shown in an expanded view of the fire popover,,,true,extracted_with_value,,apps/apple/macOS/DuckDuckGo/Localization/Localizable.xcstrings,46547,https://github.com/duckduckgo/apple-browsers/blob/e33af93ca2cc0ce771de1f12d81e828e50410135/macOS/DuckDuckGo/Localization/Localizable.xcstrings#L46547
macOS,buttons,DuckDuckGo,fire.dialog.clear.sites,,Selected sites will be cleared,Category of domains in fire button dialog,,,true,extracted_with_value,,apps/apple/macOS/DuckDuckGo/Localization/Localizable.xcstrings,47259,https://github.com/duckduckgo/apple-browsers/blob/e33af93ca2cc0ce771de1f12d81e828e50410135/macOS/DuckDuckGo/Localization/Localizable.xcstrings#L47259
macOS,buttons,DuckDuckGo,fire.dialog.close-burner-window,,Close and Burn This Window,Button that allows the user to close and burn the browser burner window,,,true,extracted_with_value,,apps/apple/macOS/DuckDuckGo/Localization/Localizable.xcstrings,47319,https://github.com/duckduckgo/apple-browsers/blob/e33af93ca2cc0ce771de1f12d81e828e50410135/macOS/DuckDuckGo/Localization/Localizable.xcstrings#L47319
macOS,buttons,DuckDuckGo,fire.dialog.close.all.tabs.windows,,Close all tabs and windows.,Subtitle shown under the Tabs and windows row when scope is ‘Everything’. Means: all browser tabs and windows will be closed.,,,true,extracted_with_value,,apps/apple/macOS/DuckDuckGo/Localization/Localizable.xcstrings,47379,https://github.com/duckduckgo/apple-browsers/blob/e33af93ca2cc0ce771de1f12d81e828e50410135/macOS/DuckDuckGo/Localization/Localizable.xcstrings#L47379
macOS,buttons,DuckDuckGo,fire.dialog.close.all.windows.after.deleting,,"Close all windows after deleting, except pinned tabs.","Checkbox caption for when the data clearing scope is ‘Everything’. Means: all browser tabs and windows will be closed, unless they contain pinned tabs in which case all regular tabs from a window will be closed and pinned tabs reloaeded.",,,true,extracted_with_value,,apps/apple/macOS/DuckDuckGo/Localization/Localizable.xcstrings,47439,https://github.com/duckduckgo/apple-browsers/blob/e33af93ca2cc0ce771de1f12d81e828e50410135/macOS/DuckDuckGo/Localization/Localizable.xcstrings#L47439
macOS,buttons,DuckDuckGo,fire.dialog.close.this.window,,Close this window.,Subtitle shown under the Tabs and windows row when scope is ‘Window’. Means: the current browser window (all tabs inside it) will be closed.,,,true,extracted_with_value,,apps/apple/macOS/DuckDuckGo/Localization/Localizable.xcstrings,47619,https://github.com/duckduckgo/apple-browsers/blob/e33af93ca2cc0ce771de1f12d81e828e50410135/macOS/DuckDuckGo/Localization/Localizable.xcstrings#L47619
macOS,buttons,DuckDuckGo,fire.dialog.delete.and.close,,Delete & Close,Caption for the Fire dialog action button for deleting data and closing tabs and windows,,,true,extracted_with_value,,apps/apple/macOS/DuckDuckGo/Localization/Localizable.xcstrings,48331,https://github.com/duckduckgo/apple-browsers/blob/e33af93ca2cc0ce771de1f12d81e828e50410135/macOS/DuckDuckGo/Localization/Localizable.xcstrings#L48331
macOS,buttons,DuckDuckGo,fire.dialog.fire-window.close-tabs,,Close Tabs and Clear Data,Title of the dialog where the user can close browser tabs and clear data.,,,true,extracted_with_value,,apps/apple/macOS/DuckDuckGo/Localization/Localizable.xcstrings,48631,https://github.com/duckduckgo/apple-browsers/blob/e33af93ca2cc0ce771de1f12d81e828e50410135/macOS/DuckDuckGo/Localization/Localizable.xcstrings#L48631
macOS,buttons,DuckDuckGo,fire.dialog.fire-window.close-tabs-chats,,Close Tabs and Clear Data and Chats,Title of the dialog where the user can close browser tabs and clear data and Duck.ai chat history.,,,true,extracted_with_value,,apps/apple/macOS/DuckDuckGo/Localization/Localizable.xcstrings,48691,https://github.com/duckduckgo/apple-browsers/blob/e33af93ca2cc0ce771de1f12d81e828e50410135/macOS/DuckDuckGo/Localization/Localizable.xcstrings#L48691
macOS,buttons,DuckDuckGo,fire.dialog.fireproof.sites,,Fireproof sites won't be cleared,Category of domains in fire button dialog,,,true,extracted_with_value,,apps/apple/macOS/DuckDuckGo/Localization/Localizable.xcstrings,48931,https://github.com/duckduckgo/apple-browsers/blob/e33af93ca2cc0ce771de1f12d81e828e50410135/macOS/DuckDuckGo/Localization/Localizable.xcstrings#L48931
macOS,buttons,DuckDuckGo,fire.dialog.history.overlay.show.all.history,,Show all history,"Link button shown below the (capped) history overlay list, opens the full History View.",,,true,extracted_with_value,,apps/apple/macOS/DuckDuckGo/Localization/Localizable.xcstrings,50306,https://github.com/duckduckgo/apple-browsers/blob/e33af93ca2cc0ce771de1f12d81e828e50410135/macOS/DuckDuckGo/Localization/Localizable.xcstrings#L50306
macOS,buttons,DuckDuckGo,fire.dialog.manage,,Manage,Button title to manage Fireproof Sites or related settings,,,true,,,apps/apple/macOS/DuckDuckGo/Localization/Localizable.xcstrings,50766,https://github.com/duckduckgo/apple-browsers/blob/e33af93ca2cc0ce771de1f12d81e828e50410135/macOS/DuckDuckGo/Localization/Localizable.xcstrings#L50766
macOS,buttons,DuckDuckGo,fire.dialog.tab-will-close,,Current tab will close.,Warning label shown in an expanded view of the fire popover,,,true,extracted_with_value,,apps/apple/macOS/DuckDuckGo/Localization/Localizable.xcstrings,52057,https://github.com/duckduckgo/apple-browsers/blob/e33af93ca2cc0ce771de1f12d81e828e50410135/macOS/DuckDuckGo/Localization/Localizable.xcstrings#L52057
macOS,buttons,DuckDuckGo,fire.dialog.window-will-close,,Current window will close.,Warning label shown in an expanded view of the fire popover,,,true,extracted_with_value,,apps/apple/macOS/DuckDuckGo/Localization/Localizable.xcstrings,52356,https://github.com/duckduckgo/apple-browsers/blob/e33af93ca2cc0ce771de1f12d81e828e50410135/macOS/DuckDuckGo/Localization/Localizable.xcstrings#L52356
macOS,buttons,DuckDuckGo,fire.select-site-to-clear,,Select a site to clear its data.,Info label in the fire button popover,,,true,extracted_with_value,,apps/apple/macOS/DuckDuckGo/Localization/Localizable.xcstrings,52596,https://github.com/duckduckgo/apple-browsers/blob/e33af93ca2cc0ce771de1f12d81e828e50410135/macOS/DuckDuckGo/Localization/Localizable.xcstrings#L52596
macOS,buttons,DuckDuckGo,fireproof,,Fireproof,Fireproof button,,,true,extracted_with_value,,apps/apple/macOS/DuckDuckGo/Localization/Localizable.xcstrings,52716,https://github.com/duckduckgo/apple-browsers/blob/e33af93ca2cc0ce771de1f12d81e828e50410135/macOS/DuckDuckGo/Localization/Localizable.xcstrings#L52716
macOS,buttons,DuckDuckGo,fireproof.domains.add,,Add,Button adds a new fireproofed website,,,true,extracted_with_value,,apps/apple/macOS/DuckDuckGo/Localization/Localizable.xcstrings,52956,https://github.com/duckduckgo/apple-browsers/blob/e33af93ca2cc0ce771de1f12d81e828e50410135/macOS/DuckDuckGo/Localization/Localizable.xcstrings#L52956
macOS,buttons,DuckDuckGo,fireproof.domains.add.current,,Add Current,Button adds the current website to the fireproofed list,,,true,extracted_with_value,,apps/apple/macOS/DuckDuckGo/Localization/Localizable.xcstrings,53016,https://github.com/duckduckgo/apple-browsers/blob/e33af93ca2cc0ce771de1f12d81e828e50410135/macOS/DuckDuckGo/Localization/Localizable.xcstrings#L53016
macOS,buttons,DuckDuckGo,fireproof.domains.remove.all,,Remove All,Label of a button that allows the user to remove all the websites from the fireproofed list,,,true,extracted_with_value,,apps/apple/macOS/DuckDuckGo/Localization/Localizable.xcstrings,53136,https://github.com/duckduckgo/apple-browsers/blob/e33af93ca2cc0ce771de1f12d81e828e50410135/macOS/DuckDuckGo/Localization/Localizable.xcstrings#L53136
macOS,buttons,DuckDuckGo,fireproof.manage-sites,,Manage Fireproof Sites…,Fireproof settings button caption,,,true,extracted_with_value,,apps/apple/macOS/DuckDuckGo/Localization/Localizable.xcstrings,53256,https://github.com/duckduckgo/apple-browsers/blob/e33af93ca2cc0ce771de1f12d81e828e50410135/macOS/DuckDuckGo/Localization/Localizable.xcstrings#L53256
macOS,buttons,DuckDuckGo,folder.dialog.add,,Add,Button to confim a bookmark folder creation,,,true,extracted_with_value,,apps/apple/macOS/DuckDuckGo/Localization/Localizable.xcstrings,53376,https://github.com/duckduckgo/apple-browsers/blob/e33af93ca2cc0ce771de1f12d81e828e50410135/macOS/DuckDuckGo/Localization/Localizable.xcstrings#L53376
macOS,buttons,DuckDuckGo,generic.delete.button,,Delete,Label of a button that allows the user to delete an item,,,true,extracted_with_value,,apps/apple/macOS/DuckDuckGo/Localization/Localizable.xcstrings,54036,https://github.com/duckduckgo/apple-browsers/blob/e33af93ca2cc0ce771de1f12d81e828e50410135/macOS/DuckDuckGo/Localization/Localizable.xcstrings#L54036
macOS,buttons,DuckDuckGo,generic.discard.button,,Discard,Label of a button that allows the user discard an action/change,,,true,extracted_with_value,,apps/apple/macOS/DuckDuckGo/Localization/Localizable.xcstrings,54096,https://github.com/duckduckgo/apple-browsers/blob/e33af93ca2cc0ce771de1f12d81e828e50410135/macOS/DuckDuckGo/Localization/Localizable.xcstrings#L54096
macOS,buttons,DuckDuckGo,generic.remove.button,,Remove,Label of a button that allows the user to remove an item,,,true,extracted_with_value,,apps/apple/macOS/DuckDuckGo/Localization/Localizable.xcstrings,54156,https://github.com/duckduckgo/apple-browsers/blob/e33af93ca2cc0ce771de1f12d81e828e50410135/macOS/DuckDuckGo/Localization/Localizable.xcstrings#L54156
macOS,buttons,DuckDuckGo,got.it,,Got It!,Got it button,,,true,extracted_with_value,,apps/apple/macOS/DuckDuckGo/Localization/Localizable.xcstrings,54216,https://github.com/duckduckgo/apple-browsers/blob/e33af93ca2cc0ce771de1f12d81e828e50410135/macOS/DuckDuckGo/Localization/Localizable.xcstrings#L54216
macOS,buttons,DuckDuckGo,history.view.onboarding.accept,,View History,Accept button label on the history view onboarding popover,,,true,extracted_with_value,,apps/apple/macOS/DuckDuckGo/Localization/Localizable.xcstrings,56062,https://github.com/duckduckgo/apple-browsers/blob/e33af93ca2cc0ce771de1f12d81e828e50410135/macOS/DuckDuckGo/Localization/Localizable.xcstrings#L56062
macOS,buttons,DuckDuckGo,Home Button,,Home Button,Main Menu > View > Home Button item,,,true,,,apps/apple/macOS/DuckDuckGo/Localization/Localizable.xcstrings,56355,https://github.com/duckduckgo/apple-browsers/blob/e33af93ca2cc0ce771de1f12d81e828e50410135/macOS/DuckDuckGo/Localization/Localizable.xcstrings#L56355
macOS,buttons,DuckDuckGo,home.page.clear.history,,Clear History,Button caption for the burn fireproof website alert,,,true,extracted_with_value,,apps/apple/macOS/DuckDuckGo/Localization/Localizable.xcstrings,56468,https://github.com/duckduckgo/apple-browsers/blob/e33af93ca2cc0ce771de1f12d81e828e50410135/macOS/DuckDuckGo/Localization/Localizable.xcstrings#L56468
macOS,buttons,DuckDuckGo,home.page.promotion.freemium.dbp.button.title,,Free Scan,Title for the Freemium DBP Home Page Promotion Button,,,true,extracted_with_value,,apps/apple/macOS/DuckDuckGo/Localization/Localizable.xcstrings,56768,https://github.com/duckduckgo/apple-browsers/blob/e33af93ca2cc0ce771de1f12d81e828e50410135/macOS/DuckDuckGo/Localization/Localizable.xcstrings#L56768
macOS,buttons,DuckDuckGo,home.page.promotion.freemium.dbp.post.scan.engagement.button.title,,View Results,Title for the Freemium DBP Home Page Post Scan Engagement Promotion Button,,,true,extracted_with_value,,apps/apple/macOS/DuckDuckGo/Localization/Localizable.xcstrings,56948,https://github.com/duckduckgo/apple-browsers/blob/e33af93ca2cc0ce771de1f12d81e828e50410135/macOS/DuckDuckGo/Localization/Localizable.xcstrings#L56948
macOS,buttons,DuckDuckGo,home.page.settings.add.background,,Add Background,Button caption for adding user-provided Home Page background image,,,true,extracted_with_value,,apps/apple/macOS/DuckDuckGo/Localization/Localizable.xcstrings,57488,https://github.com/duckduckgo/apple-browsers/blob/e33af93ca2cc0ce771de1f12d81e828e50410135/macOS/DuckDuckGo/Localization/Localizable.xcstrings#L57488
macOS,buttons,DuckDuckGo,home.page.settings.go.to.settings,,Go to Settings,Settings button caption,,,true,extracted_with_value,,apps/apple/macOS/DuckDuckGo/Localization/Localizable.xcstrings,57668,https://github.com/duckduckgo/apple-browsers/blob/e33af93ca2cc0ce771de1f12d81e828e50410135/macOS/DuckDuckGo/Localization/Localizable.xcstrings#L57668
macOS,buttons,DuckDuckGo,home.page.settings.gradients,,Gradients,Button caption for presenting available Home Page background gradients,,,true,extracted_with_value,,apps/apple/macOS/DuckDuckGo/Localization/Localizable.xcstrings,57728,https://github.com/duckduckgo/apple-browsers/blob/e33af93ca2cc0ce771de1f12d81e828e50410135/macOS/DuckDuckGo/Localization/Localizable.xcstrings#L57728
macOS,buttons,DuckDuckGo,home.page.settings.my.backgrounds,,My Backgrounds,Button caption for presenting available user-provided Home Page background images,,,true,extracted_with_value,,apps/apple/macOS/DuckDuckGo/Localization/Localizable.xcstrings,57848,https://github.com/duckduckgo/apple-browsers/blob/e33af93ca2cc0ce771de1f12d81e828e50410135/macOS/DuckDuckGo/Localization/Localizable.xcstrings#L57848
macOS,buttons,DuckDuckGo,home.page.settings.solid.colors,,Solid Colors,Button caption for presenting available solid-color Home Page backgrounds,,,true,extracted_with_value,,apps/apple/macOS/DuckDuckGo/Localization/Localizable.xcstrings,58088,https://github.com/duckduckgo/apple-browsers/blob/e33af93ca2cc0ce771de1f12d81e828e50410135/macOS/DuckDuckGo/Localization/Localizable.xcstrings#L58088
macOS,buttons,DuckDuckGo,import.bookmarks.safari.permission-button.title,,Select Safari Folder…,Text for the Safari data import permission button,,,true,extracted_with_value,,apps/apple/macOS/DuckDuckGo/Localization/Localizable.xcstrings,58902,https://github.com/duckduckgo/apple-browsers/blob/e33af93ca2cc0ce771de1f12d81e828e50410135/macOS/DuckDuckGo/Localization/Localizable.xcstrings#L58902
macOS,buttons,DuckDuckGo,import.bookmarks.select-html-file,,Select Bookmarks HTML File…,Button text for selecting HTML Bookmarks file,,,true,stale,,apps/apple/macOS/DuckDuckGo/Localization/Localizable.xcstrings,58962,https://github.com/duckduckgo/apple-browsers/blob/e33af93ca2cc0ce771de1f12d81e828e50410135/macOS/DuckDuckGo/Localization/Localizable.xcstrings#L58962
macOS,buttons,DuckDuckGo,import.browser.data.complete.set.up.sync.button.title,,Set Up Sync,Import Browser Data dialog button title to set up data sync at completion stage,,,true,extracted_with_value,,apps/apple/macOS/DuckDuckGo/Localization/Localizable.xcstrings,59142,https://github.com/duckduckgo/apple-browsers/blob/e33af93ca2cc0ce771de1f12d81e828e50410135/macOS/DuckDuckGo/Localization/Localizable.xcstrings#L59142
macOS,buttons,DuckDuckGo,import.browser.data.complete.sync.button.title,,Sync to DuckDuckGo on Mobile,Import Browser Data dialog button title to sync imported data at completion stage,,,true,stale,,apps/apple/macOS/DuckDuckGo/Localization/Localizable.xcstrings,59202,https://github.com/duckduckgo/apple-browsers/blob/e33af93ca2cc0ce771de1f12d81e828e50410135/macOS/DuckDuckGo/Localization/Localizable.xcstrings#L59202
macOS,buttons,DuckDuckGo,import.browser.data.selection.sync.button.title,,Sync from DuckDuckGo on another device,Import Browser Data dialog button title to sync imported data at selection stage,,,true,stale,,apps/apple/macOS/DuckDuckGo/Localization/Localizable.xcstrings,59682,https://github.com/duckduckgo/apple-browsers/blob/e33af93ca2cc0ce771de1f12d81e828e50410135/macOS/DuckDuckGo/Localization/Localizable.xcstrings#L59682
macOS,buttons,DuckDuckGo,import.choose-source.more-button.title,,More,Button text for showing more import options in the data import view,,,true,extracted_with_value,,apps/apple/macOS/DuckDuckGo/Localization/Localizable.xcstrings,60102,https://github.com/duckduckgo/apple-browsers/blob/e33af93ca2cc0ce771de1f12d81e828e50410135/macOS/DuckDuckGo/Localization/Localizable.xcstrings#L60102
macOS,buttons,DuckDuckGo,import.choose-source.sync-button.action,,Sync,Action text for syncing data with another device from the data import view,,,true,extracted_with_value,,apps/apple/macOS/DuckDuckGo/Localization/Localizable.xcstrings,60162,https://github.com/duckduckgo/apple-browsers/blob/e33af93ca2cc0ce771de1f12d81e828e50410135/macOS/DuckDuckGo/Localization/Localizable.xcstrings#L60162
macOS,buttons,DuckDuckGo,import.choose-source.sync-button.title,,Using DuckDuckGo on another device?,Button text for syncing from the data import view,,,true,extracted_with_value,,apps/apple/macOS/DuckDuckGo/Localization/Localizable.xcstrings,60222,https://github.com/duckduckgo/apple-browsers/blob/e33af93ca2cc0ce771de1f12d81e828e50410135/macOS/DuckDuckGo/Localization/Localizable.xcstrings#L60222
macOS,buttons,DuckDuckGo,import.chrome.allow-keychain.allow.button.title,,Allow,Button title of example dialog demonstrating to the user what to click when the system needs to access their Keychain.,,,true,extracted_with_value,,apps/apple/macOS/DuckDuckGo/Localization/Localizable.xcstrings,60342,https://github.com/duckduckgo/apple-browsers/blob/e33af93ca2cc0ce771de1f12d81e828e50410135/macOS/DuckDuckGo/Localization/Localizable.xcstrings#L60342
macOS,buttons,DuckDuckGo,import.data.alert.cancel,,Cancel,Cancel button for data import alerts,,,true,extracted_with_value,,apps/apple/macOS/DuckDuckGo/Localization/Localizable.xcstrings,62802,https://github.com/duckduckgo/apple-browsers/blob/e33af93ca2cc0ce771de1f12d81e828e50410135/macOS/DuckDuckGo/Localization/Localizable.xcstrings#L62802
macOS,buttons,DuckDuckGo,import.data.alert.import,,Import,Import button for data import alerts,,,true,extracted_with_value,,apps/apple/macOS/DuckDuckGo/Localization/Localizable.xcstrings,62862,https://github.com/duckduckgo/apple-browsers/blob/e33af93ca2cc0ce771de1f12d81e828e50410135/macOS/DuckDuckGo/Localization/Localizable.xcstrings#L62862
macOS,buttons,DuckDuckGo,import.data.done,,Done,Button text for finishing the data import,,,true,extracted_with_value,,apps/apple/macOS/DuckDuckGo/Localization/Localizable.xcstrings,62922,https://github.com/duckduckgo/apple-browsers/blob/e33af93ca2cc0ce771de1f12d81e828e50410135/macOS/DuckDuckGo/Localization/Localizable.xcstrings#L62922
macOS,buttons,DuckDuckGo,import.data.initiate,,Import,Button text for importing data,,,true,stale,,apps/apple/macOS/DuckDuckGo/Localization/Localizable.xcstrings,62982,https://github.com/duckduckgo/apple-browsers/blob/e33af93ca2cc0ce771de1f12d81e828e50410135/macOS/DuckDuckGo/Localization/Localizable.xcstrings#L62982
macOS,buttons,DuckDuckGo,import.data.manual,,Manual import…,Button text for initiating manual data import using a HTML or CSV file when automatic import has failed,,,true,extracted_with_value,,apps/apple/macOS/DuckDuckGo/Localization/Localizable.xcstrings,63042,https://github.com/duckduckgo/apple-browsers/blob/e33af93ca2cc0ce771de1f12d81e828e50410135/macOS/DuckDuckGo/Localization/Localizable.xcstrings#L63042
macOS,buttons,DuckDuckGo,import.data.select-file.button.title,,Select File…,Button text for selecting a file,,,true,extracted_with_value,,apps/apple/macOS/DuckDuckGo/Localization/Localizable.xcstrings,63222,https://github.com/duckduckgo/apple-browsers/blob/e33af93ca2cc0ce771de1f12d81e828e50410135/macOS/DuckDuckGo/Localization/Localizable.xcstrings#L63222
macOS,buttons,DuckDuckGo,import.data.skip,,Skip,Button text to skip an import step,,,true,extracted_with_value,,apps/apple/macOS/DuckDuckGo/Localization/Localizable.xcstrings,63282,https://github.com/duckduckgo/apple-browsers/blob/e33af93ca2cc0ce771de1f12d81e828e50410135/macOS/DuckDuckGo/Localization/Localizable.xcstrings#L63282
macOS,buttons,DuckDuckGo,import.data.skip.bookmarks,,Skip bookmarks,Button text to skip bookmarks manual import,,,true,extracted_with_value,,apps/apple/macOS/DuckDuckGo/Localization/Localizable.xcstrings,63342,https://github.com/duckduckgo/apple-browsers/blob/e33af93ca2cc0ce771de1f12d81e828e50410135/macOS/DuckDuckGo/Localization/Localizable.xcstrings#L63342
macOS,buttons,DuckDuckGo,import.data.skip.passwords,,Skip passwords,Button text to skip bookmarks manual import,,,true,extracted_with_value,,apps/apple/macOS/DuckDuckGo/Localization/Localizable.xcstrings,63402,https://github.com/duckduckgo/apple-browsers/blob/e33af93ca2cc0ce771de1f12d81e828e50410135/macOS/DuckDuckGo/Localization/Localizable.xcstrings#L63402
macOS,buttons,DuckDuckGo,import.logins.select-csv-file,,Select Passwords CSV File…,Button text for selecting a CSV file,,,true,stale,,apps/apple/macOS/DuckDuckGo/Localization/Localizable.xcstrings,64902,https://github.com/duckduckgo/apple-browsers/blob/e33af93ca2cc0ce771de1f12d81e828e50410135/macOS/DuckDuckGo/Localization/Localizable.xcstrings#L64902
macOS,buttons,DuckDuckGo,import.logins.select-csv-file.source,,Select %@ CSV File…,Button text for selecting a CSV file exported from (LastPass or Bitwarden or 1Password - %@),,%@,true,stale,,apps/apple/macOS/DuckDuckGo/Localization/Localizable.xcstrings,64962,https://github.com/duckduckgo/apple-browsers/blob/e33af93ca2cc0ce771de1f12d81e828e50410135/macOS/DuckDuckGo/Localization/Localizable.xcstrings#L64962
macOS,buttons,DuckDuckGo,import.now.button.title,,Import Now,Button text for starting the import process,,,true,extracted_with_value,,apps/apple/macOS/DuckDuckGo/Localization/Localizable.xcstrings,65142,https://github.com/duckduckgo/apple-browsers/blob/e33af93ca2cc0ce771de1f12d81e828e50410135/macOS/DuckDuckGo/Localization/Localizable.xcstrings#L65142
macOS,buttons,DuckDuckGo,import.password.entry.help.show.macos.message.button,,Show macOS Message,Button text to trigger the macOS keychain prompt,,,true,extracted_with_value,,apps/apple/macOS/DuckDuckGo/Localization/Localizable.xcstrings,65382,https://github.com/duckduckgo/apple-browsers/blob/e33af93ca2cc0ce771de1f12d81e828e50410135/macOS/DuckDuckGo/Localization/Localizable.xcstrings#L65382
macOS,buttons,DuckDuckGo,import.request-access.button,,Select %1$@ Data,Button opening the folder picker used to grant DuckDuckGo access to another browser's data folder (%1$@ is the browser name),,%1$@,true,extracted_with_value,,apps/apple/macOS/DuckDuckGo/Localization/Localizable.xcstrings,66102,https://github.com/duckduckgo/apple-browsers/blob/e33af93ca2cc0ce771de1f12d81e828e50410135/macOS/DuckDuckGo/Localization/Localizable.xcstrings#L66102
macOS,buttons,DuckDuckGo,import.summary.send.feedback.shows.detail.button.title,,Show details,Button title to show more details about what anonymous data will be sent for diagnostics,,,true,extracted_with_value,,apps/apple/macOS/DuckDuckGo/Localization/Localizable.xcstrings,67662,https://github.com/duckduckgo/apple-browsers/blob/e33af93ca2cc0ce771de1f12d81e828e50410135/macOS/DuckDuckGo/Localization/Localizable.xcstrings#L67662
macOS,buttons,DuckDuckGo,invite.dialog.get.started.button,,Get Started,Get Started button on an invite dialog,,,true,extracted_with_value,,apps/apple/macOS/DuckDuckGo/Localization/Localizable.xcstrings,68135,https://github.com/duckduckgo/apple-browsers/blob/e33af93ca2cc0ce771de1f12d81e828e50410135/macOS/DuckDuckGo/Localization/Localizable.xcstrings#L68135
macOS,buttons,DuckDuckGo,main.menu.home.button.mode.hide,,Hide,Main Menu > View > Home Button > None item,,,true,extracted_with_value,,apps/apple/macOS/DuckDuckGo/Localization/Localizable.xcstrings,71288,https://github.com/duckduckgo/apple-browsers/blob/e33af93ca2cc0ce771de1f12d81e828e50410135/macOS/DuckDuckGo/Localization/Localizable.xcstrings#L71288
macOS,buttons,DuckDuckGo,main.menu.home.button.mode.left,,Show Left of the Back Button,Main Menu > View > Home Button > left position item,,,true,extracted_with_value,,apps/apple/macOS/DuckDuckGo/Localization/Localizable.xcstrings,71348,https://github.com/duckduckgo/apple-browsers/blob/e33af93ca2cc0ce771de1f12d81e828e50410135/macOS/DuckDuckGo/Localization/Localizable.xcstrings#L71348
macOS,buttons,DuckDuckGo,main.menu.home.button.mode.right,,Show Right of the Reload Button,Main Menu > View > Home Button > right position item,,,true,extracted_with_value,,apps/apple/macOS/DuckDuckGo/Localization/Localizable.xcstrings,71408,https://github.com/duckduckgo/apple-browsers/blob/e33af93ca2cc0ce771de1f12d81e828e50410135/macOS/DuckDuckGo/Localization/Localizable.xcstrings#L71408
macOS,buttons,DuckDuckGo,network.protection.status.button.tooltip,,VPN,The tooltip for NetP's nav bar button,,,true,extracted_with_value,,apps/apple/macOS/DuckDuckGo/Localization/Localizable.xcstrings,73233,https://github.com/duckduckgo/apple-browsers/blob/e33af93ca2cc0ce771de1f12d81e828e50410135/macOS/DuckDuckGo/Localization/Localizable.xcstrings#L73233
macOS,buttons,DuckDuckGo,never.for.this.site,,Never Ask for This Site,Never ask to save login credentials for this site button,,,true,extracted_with_value,,apps/apple/macOS/DuckDuckGo/Localization/Localizable.xcstrings,73706,https://github.com/duckduckgo/apple-browsers/blob/e33af93ca2cc0ce771de1f12d81e828e50410135/macOS/DuckDuckGo/Localization/Localizable.xcstrings#L73706
macOS,buttons,DuckDuckGo,next,,Next,Next button,,,true,extracted_with_value,,apps/apple/macOS/DuckDuckGo/Localization/Localizable.xcstrings,74965,https://github.com/duckduckgo/apple-browsers/blob/e33af93ca2cc0ce771de1f12d81e828e50410135/macOS/DuckDuckGo/Localization/Localizable.xcstrings#L74965
macOS,buttons,DuckDuckGo,notnow,,Not Now,Not Now button,,,true,extracted_with_value,,apps/apple/macOS/DuckDuckGo/Localization/Localizable.xcstrings,75805,https://github.com/duckduckgo/apple-browsers/blob/e33af93ca2cc0ce771de1f12d81e828e50410135/macOS/DuckDuckGo/Localization/Localizable.xcstrings#L75805
macOS,buttons,DuckDuckGo,ok,,OK,OK button,,,true,extracted_with_value,,apps/apple/macOS/DuckDuckGo/Localization/Localizable.xcstrings,75865,https://github.com/duckduckgo/apple-browsers/blob/e33af93ca2cc0ce771de1f12d81e828e50410135/macOS/DuckDuckGo/Localization/Localizable.xcstrings#L75865
macOS,buttons,DuckDuckGo,onboarding.addtodock.button,,Keep in Dock,Button label to add application to the macOS system dock,,,true,extracted_with_value,,apps/apple/macOS/DuckDuckGo/Localization/Localizable.xcstrings,76428,https://github.com/duckduckgo/apple-browsers/blob/e33af93ca2cc0ce771de1f12d81e828e50410135/macOS/DuckDuckGo/Localization/Localizable.xcstrings#L76428
macOS,buttons,DuckDuckGo,onboarding.importdata.button,,Import,Launch the import data UI,,,true,extracted_with_value,,apps/apple/macOS/DuckDuckGo/Localization/Localizable.xcstrings,76548,https://github.com/duckduckgo/apple-browsers/blob/e33af93ca2cc0ce771de1f12d81e828e50410135/macOS/DuckDuckGo/Localization/Localizable.xcstrings#L76548
macOS,buttons,DuckDuckGo,onboarding.notnow.button,,Maybe Later,Skip a step of the onboarding flow,,,true,extracted_with_value,,apps/apple/macOS/DuckDuckGo/Localization/Localizable.xcstrings,76668,https://github.com/duckduckgo/apple-browsers/blob/e33af93ca2cc0ce771de1f12d81e828e50410135/macOS/DuckDuckGo/Localization/Localizable.xcstrings#L76668
macOS,buttons,DuckDuckGo,onboarding.setdefault.button,,Let's Do It!,Launch the set default UI,,,true,extracted_with_value,,apps/apple/macOS/DuckDuckGo/Localization/Localizable.xcstrings,76728,https://github.com/duckduckgo/apple-browsers/blob/e33af93ca2cc0ce771de1f12d81e828e50410135/macOS/DuckDuckGo/Localization/Localizable.xcstrings#L76728
macOS,buttons,DuckDuckGo,onboarding.welcome.button,,Get Started,Start the onboarding flow,,,true,extracted_with_value,,apps/apple/macOS/DuckDuckGo/Localization/Localizable.xcstrings,76968,https://github.com/duckduckgo/apple-browsers/blob/e33af93ca2cc0ce771de1f12d81e828e50410135/macOS/DuckDuckGo/Localization/Localizable.xcstrings#L76968
macOS,buttons,DuckDuckGo,open,,Open,Open button,,,true,extracted_with_value,,apps/apple/macOS/DuckDuckGo/Localization/Localizable.xcstrings,77201,https://github.com/duckduckgo/apple-browsers/blob/e33af93ca2cc0ce771de1f12d81e828e50410135/macOS/DuckDuckGo/Localization/Localizable.xcstrings#L77201
macOS,buttons,DuckDuckGo,open.bitwarden,,Open Bitwarden,Button to open Bitwarden app,,,true,extracted_with_value,,apps/apple/macOS/DuckDuckGo/Localization/Localizable.xcstrings,77441,https://github.com/duckduckgo/apple-browsers/blob/e33af93ca2cc0ce771de1f12d81e828e50410135/macOS/DuckDuckGo/Localization/Localizable.xcstrings#L77441
macOS,buttons,DuckDuckGo,open.settings,,Open System Settings…,This string represents a prompt or button label prompting the user to open system settings,,,true,extracted_with_value,,apps/apple/macOS/DuckDuckGo/Localization/Localizable.xcstrings,78341,https://github.com/duckduckgo/apple-browsers/blob/e33af93ca2cc0ce771de1f12d81e828e50410135/macOS/DuckDuckGo/Localization/Localizable.xcstrings#L78341
macOS,buttons,DuckDuckGo,passsword.management.save.address,,Save Address?,Title of dialog that allows the user to save an address method,,,true,extracted_with_value,,apps/apple/macOS/DuckDuckGo/Localization/Localizable.xcstrings,79361,https://github.com/duckduckgo/apple-browsers/blob/e33af93ca2cc0ce771de1f12d81e828e50410135/macOS/DuckDuckGo/Localization/Localizable.xcstrings#L79361
macOS,buttons,DuckDuckGo,passsword.management.save.credentials.unlock.password.manager,,Unlock Bitwarden to Save,"In the password manager dialog, alerts the user that they need to unlock Bitworden before being able to save the credential",,,true,extracted_with_value,,apps/apple/macOS/DuckDuckGo/Localization/Localizable.xcstrings,79661,https://github.com/duckduckgo/apple-browsers/blob/e33af93ca2cc0ce771de1f12d81e828e50410135/macOS/DuckDuckGo/Localization/Localizable.xcstrings#L79661
macOS,buttons,DuckDuckGo,passsword.management.save.payment,,Save Payment Method?,Title of dialog that allows the user to save a payment method,,,true,stale,,apps/apple/macOS/DuckDuckGo/Localization/Localizable.xcstrings,79721,https://github.com/duckduckgo/apple-browsers/blob/e33af93ca2cc0ce771de1f12d81e828e50410135/macOS/DuckDuckGo/Localization/Localizable.xcstrings#L79721
macOS,buttons,DuckDuckGo,passsword.manager.alert.delete,,Delete,"Button of the alert that asks the user to confirm they want to delete an password, login or credential to actually delete",,,true,extracted_with_value,,apps/apple/macOS/DuckDuckGo/Localization/Localizable.xcstrings,79841,https://github.com/duckduckgo/apple-browsers/blob/e33af93ca2cc0ce771de1f12d81e828e50410135/macOS/DuckDuckGo/Localization/Localizable.xcstrings#L79841
macOS,buttons,DuckDuckGo,passsword.manager.alert.save-changes,,Save the changes you made?,Text of the alert that asks the user if the want to save the changes made,,,true,extracted_with_value,,apps/apple/macOS/DuckDuckGo/Localization/Localizable.xcstrings,80261,https://github.com/duckduckgo/apple-browsers/blob/e33af93ca2cc0ce771de1f12d81e828e50410135/macOS/DuckDuckGo/Localization/Localizable.xcstrings#L80261
macOS,buttons,DuckDuckGo,passsword.manager.unlock.autofill,,Unlock your Autofill info,In the password manager text of button to unlock autofill info,,,true,extracted_with_value,,apps/apple/macOS/DuckDuckGo/Localization/Localizable.xcstrings,80441,https://github.com/duckduckgo/apple-browsers/blob/e33af93ca2cc0ce771de1f12d81e828e50410135/macOS/DuckDuckGo/Localization/Localizable.xcstrings#L80441
macOS,buttons,DuckDuckGo,password.management.save.card,,Save Card?,Title of dialog that allows the user to save a credit card,,,true,extracted_with_value,,apps/apple/macOS/DuckDuckGo/Localization/Localizable.xcstrings,80663,https://github.com/duckduckgo/apple-browsers/blob/e33af93ca2cc0ce771de1f12d81e828e50410135/macOS/DuckDuckGo/Localization/Localizable.xcstrings#L80663
macOS,buttons,DuckDuckGo,paste-from-clipboard,,Paste from Clipboard,Paste button,,,true,extracted_with_value,,apps/apple/macOS/DuckDuckGo/Localization/Localizable.xcstrings,81017,https://github.com/duckduckgo/apple-browsers/blob/e33af93ca2cc0ce771de1f12d81e828e50410135/macOS/DuckDuckGo/Localization/Localizable.xcstrings#L81017
macOS,buttons,DuckDuckGo,paste.and.go,,Paste & Go,Paste & Go button,,,true,extracted_with_value,,apps/apple/macOS/DuckDuckGo/Localization/Localizable.xcstrings,81077,https://github.com/duckduckgo/apple-browsers/blob/e33af93ca2cc0ce771de1f12d81e828e50410135/macOS/DuckDuckGo/Localization/Localizable.xcstrings#L81077
macOS,buttons,DuckDuckGo,paste.and.search,,Paste & Search,Paste & Search button,,,true,extracted_with_value,,apps/apple/macOS/DuckDuckGo/Localization/Localizable.xcstrings,81137,https://github.com/duckduckgo/apple-browsers/blob/e33af93ca2cc0ce771de1f12d81e828e50410135/macOS/DuckDuckGo/Localization/Localizable.xcstrings#L81137
macOS,buttons,DuckDuckGo,permission.center.reload.button,,Reload,Button to reload the page to apply permission changes,,,true,extracted_with_value,,apps/apple/macOS/DuckDuckGo/Localization/Localizable.xcstrings,82637,https://github.com/duckduckgo/apple-browsers/blob/e33af93ca2cc0ce771de1f12d81e828e50410135/macOS/DuckDuckGo/Localization/Localizable.xcstrings#L82637
macOS,buttons,DuckDuckGo,permission.popup.allow.button,,Allow,"Button that the user can use to authorise a web site to for, for example access location or camera and microphone etc.",,,true,extracted_with_value,,apps/apple/macOS/DuckDuckGo/Localization/Localizable.xcstrings,83837,https://github.com/duckduckgo/apple-browsers/blob/e33af93ca2cc0ce771de1f12d81e828e50410135/macOS/DuckDuckGo/Localization/Localizable.xcstrings#L83837
macOS,buttons,DuckDuckGo,permission.popup.allow.popups.button,,Allow Pop-ups,Button to allow pop-ups when blocked popup has no URL,,,true,extracted_with_value,,apps/apple/macOS/DuckDuckGo/Localization/Localizable.xcstrings,83897,https://github.com/duckduckgo/apple-browsers/blob/e33af93ca2cc0ce771de1f12d81e828e50410135/macOS/DuckDuckGo/Localization/Localizable.xcstrings#L83897
macOS,buttons,DuckDuckGo,permission.popup.always.allow.button,,Always Allow,Button that grants permission and remembers the decision for future requests,,,true,extracted_with_value,,apps/apple/macOS/DuckDuckGo/Localization/Localizable.xcstrings,84017,https://github.com/duckduckgo/apple-browsers/blob/e33af93ca2cc0ce771de1f12d81e828e50410135/macOS/DuckDuckGo/Localization/Localizable.xcstrings#L84017
macOS,buttons,DuckDuckGo,permission.popup.always.deny.button,,Never Allow,Button that denies permission and remembers the decision for future requests,,,true,extracted_with_value,,apps/apple/macOS/DuckDuckGo/Localization/Localizable.xcstrings,84077,https://github.com/duckduckgo/apple-browsers/blob/e33af93ca2cc0ce771de1f12d81e828e50410135/macOS/DuckDuckGo/Localization/Localizable.xcstrings#L84077
macOS,buttons,DuckDuckGo,permission.popup.deny.button,,Deny,Button that denies permission for this request only,,,true,extracted_with_value,,apps/apple/macOS/DuckDuckGo/Localization/Localizable.xcstrings,84197,https://github.com/duckduckgo/apple-browsers/blob/e33af93ca2cc0ce771de1f12d81e828e50410135/macOS/DuckDuckGo/Localization/Localizable.xcstrings#L84197
macOS,buttons,DuckDuckGo,permission.popup.never.allow.button,,Never Allow,Button that denies permission and remembers the decision for future requests,,,true,extracted_with_value,,apps/apple/macOS/DuckDuckGo/Localization/Localizable.xcstrings,84317,https://github.com/duckduckgo/apple-browsers/blob/e33af93ca2cc0ce771de1f12d81e828e50410135/macOS/DuckDuckGo/Localization/Localizable.xcstrings#L84317
macOS,buttons,DuckDuckGo,permission.popup.open.button,,Open,Button to open a blocked pop-up,,,true,extracted_with_value,,apps/apple/macOS/DuckDuckGo/Localization/Localizable.xcstrings,84377,https://github.com/duckduckgo/apple-browsers/blob/e33af93ca2cc0ce771de1f12d81e828e50410135/macOS/DuckDuckGo/Localization/Localizable.xcstrings#L84377
macOS,buttons,DuckDuckGo,permission.system.location.enable,,Enable System Location,Button to enable system location services,,,true,extracted_with_value,,apps/apple/macOS/DuckDuckGo/Localization/Localizable.xcstrings,85018,https://github.com/duckduckgo/apple-browsers/blob/e33af93ca2cc0ce771de1f12d81e828e50410135/macOS/DuckDuckGo/Localization/Localizable.xcstrings#L85018
macOS,buttons,DuckDuckGo,pinned-tabs.discovery.popover.separate,,Use Separate Pinned Tabs,Button opening Settings,,,true,extracted_with_value,,apps/apple/macOS/DuckDuckGo/Localization/Localizable.xcstrings,85978,https://github.com/duckduckgo/apple-browsers/blob/e33af93ca2cc0ce771de1f12d81e828e50410135/macOS/DuckDuckGo/Localization/Localizable.xcstrings#L85978
macOS,buttons,DuckDuckGo,pinned-tabs.discovery.popover.shared,,Keep Shared Pinned Tabs,Button to close the popover,,,true,extracted_with_value,,apps/apple/macOS/DuckDuckGo/Localization/Localizable.xcstrings,86038,https://github.com/duckduckgo/apple-browsers/blob/e33af93ca2cc0ce771de1f12d81e828e50410135/macOS/DuckDuckGo/Localization/Localizable.xcstrings#L86038
macOS,buttons,DuckDuckGo,pm.activate,,Reactivate,Activate button,,,true,extracted_with_value,,apps/apple/macOS/DuckDuckGo/Localization/Localizable.xcstrings,87292,https://github.com/duckduckgo/apple-browsers/blob/e33af93ca2cc0ce771de1f12d81e828e50410135/macOS/DuckDuckGo/Localization/Localizable.xcstrings#L87292
macOS,buttons,DuckDuckGo,pm.activate.private.email,,Reactivate Duck Address,Activate private email address button,,,true,extracted_with_value,,apps/apple/macOS/DuckDuckGo/Localization/Localizable.xcstrings,87352,https://github.com/duckduckgo/apple-browsers/blob/e33af93ca2cc0ce771de1f12d81e828e50410135/macOS/DuckDuckGo/Localization/Localizable.xcstrings#L87352
macOS,buttons,DuckDuckGo,pm.add.card,,Add Card,Add New Credit Card button,,,true,extracted_with_value,,apps/apple/macOS/DuckDuckGo/Localization/Localizable.xcstrings,87412,https://github.com/duckduckgo/apple-browsers/blob/e33af93ca2cc0ce771de1f12d81e828e50410135/macOS/DuckDuckGo/Localization/Localizable.xcstrings#L87412
macOS,buttons,DuckDuckGo,pm.add.identity,,Add Identity,Add New Identity button,,,true,extracted_with_value,,apps/apple/macOS/DuckDuckGo/Localization/Localizable.xcstrings,87472,https://github.com/duckduckgo/apple-browsers/blob/e33af93ca2cc0ce771de1f12d81e828e50410135/macOS/DuckDuckGo/Localization/Localizable.xcstrings#L87472
macOS,buttons,DuckDuckGo,pm.add.login,,Add Password,Add New Login button,,,true,extracted_with_value,,apps/apple/macOS/DuckDuckGo/Localization/Localizable.xcstrings,87532,https://github.com/duckduckgo/apple-browsers/blob/e33af93ca2cc0ce771de1f12d81e828e50410135/macOS/DuckDuckGo/Localization/Localizable.xcstrings#L87532
macOS,buttons,DuckDuckGo,pm.add.new,,Add New,Add New item button,,,true,extracted_with_value,,apps/apple/macOS/DuckDuckGo/Localization/Localizable.xcstrings,87592,https://github.com/duckduckgo/apple-browsers/blob/e33af93ca2cc0ce771de1f12d81e828e50410135/macOS/DuckDuckGo/Localization/Localizable.xcstrings#L87592
macOS,buttons,DuckDuckGo,pm.cancel,,Cancel,Cancel button,,,true,extracted_with_value,,apps/apple/macOS/DuckDuckGo/Localization/Localizable.xcstrings,88012,https://github.com/duckduckgo/apple-browsers/blob/e33af93ca2cc0ce771de1f12d81e828e50410135/macOS/DuckDuckGo/Localization/Localizable.xcstrings#L88012
macOS,buttons,DuckDuckGo,pm.deactivate,,Deactivate,Deactivate button,,,true,extracted_with_value,,apps/apple/macOS/DuckDuckGo/Localization/Localizable.xcstrings,88792,https://github.com/duckduckgo/apple-browsers/blob/e33af93ca2cc0ce771de1f12d81e828e50410135/macOS/DuckDuckGo/Localization/Localizable.xcstrings#L88792
macOS,buttons,DuckDuckGo,pm.deactivate.private.email,,Deactivate Duck Address,Deactivate private email address button,,,true,extracted_with_value,,apps/apple/macOS/DuckDuckGo/Localization/Localizable.xcstrings,88852,https://github.com/duckduckgo/apple-browsers/blob/e33af93ca2cc0ce771de1f12d81e828e50410135/macOS/DuckDuckGo/Localization/Localizable.xcstrings#L88852
macOS,buttons,DuckDuckGo,pm.delete,,Delete,Delete button,,,true,extracted_with_value,,apps/apple/macOS/DuckDuckGo/Localization/Localizable.xcstrings,88912,https://github.com/duckduckgo/apple-browsers/blob/e33af93ca2cc0ce771de1f12d81e828e50410135/macOS/DuckDuckGo/Localization/Localizable.xcstrings#L88912
macOS,buttons,DuckDuckGo,pm.edit,,Edit,Edit button,,,true,extracted_with_value,,apps/apple/macOS/DuckDuckGo/Localization/Localizable.xcstrings,88972,https://github.com/duckduckgo/apple-browsers/blob/e33af93ca2cc0ce771de1f12d81e828e50410135/macOS/DuckDuckGo/Localization/Localizable.xcstrings#L88972
macOS,buttons,DuckDuckGo,pm.empty.default.button.title,,Import From Another Browser,Import passwords button title for default empty state,,,true,extracted_with_value,,apps/apple/macOS/DuckDuckGo/Localization/Localizable.xcstrings,89152,https://github.com/duckduckgo/apple-browsers/blob/e33af93ca2cc0ce771de1f12d81e828e50410135/macOS/DuckDuckGo/Localization/Localizable.xcstrings#L89152
macOS,buttons,DuckDuckGo,pm.empty.secondary.button.credit-cards.title,,Sync Credit Cards,Sync credit cards button title for default empty state,,,true,extracted_with_value,,apps/apple/macOS/DuckDuckGo/Localization/Localizable.xcstrings,89872,https://github.com/duckduckgo/apple-browsers/blob/e33af93ca2cc0ce771de1f12d81e828e50410135/macOS/DuckDuckGo/Localization/Localizable.xcstrings#L89872
macOS,buttons,DuckDuckGo,pm.empty.secondary.button.identities.title,,Sync Identities,Sync identities button title for default empty state,,,true,extracted_with_value,,apps/apple/macOS/DuckDuckGo/Localization/Localizable.xcstrings,89932,https://github.com/duckduckgo/apple-browsers/blob/e33af93ca2cc0ce771de1f12d81e828e50410135/macOS/DuckDuckGo/Localization/Localizable.xcstrings#L89932
macOS,buttons,DuckDuckGo,pm.empty.secondary.button.passwords.title,,Sync Passwords,Sync passwords button title for default empty state,,,true,extracted_with_value,,apps/apple/macOS/DuckDuckGo/Localization/Localizable.xcstrings,89992,https://github.com/duckduckgo/apple-browsers/blob/e33af93ca2cc0ce771de1f12d81e828e50410135/macOS/DuckDuckGo/Localization/Localizable.xcstrings#L89992
macOS,buttons,DuckDuckGo,pm.empty.secondary.button.title,,Set up Sync & Backup,Import passwords button title for default empty state,,,true,extracted_with_value,,apps/apple/macOS/DuckDuckGo/Localization/Localizable.xcstrings,90052,https://github.com/duckduckgo/apple-browsers/blob/e33af93ca2cc0ce771de1f12d81e828e50410135/macOS/DuckDuckGo/Localization/Localizable.xcstrings#L90052
macOS,buttons,DuckDuckGo,pm.removed.duck.address.button,,Got it,Button text for the alert dialog telling the user an updated username is no longer a private email address,,,true,extracted_with_value,,apps/apple/macOS/DuckDuckGo/Localization/Localizable.xcstrings,92632,https://github.com/duckduckgo/apple-browsers/blob/e33af93ca2cc0ce771de1f12d81e828e50410135/macOS/DuckDuckGo/Localization/Localizable.xcstrings#L92632
macOS,buttons,DuckDuckGo,pm.save,,Save,Save button,,,true,extracted_with_value,,apps/apple/macOS/DuckDuckGo/Localization/Localizable.xcstrings,92812,https://github.com/duckduckgo/apple-browsers/blob/e33af93ca2cc0ce771de1f12d81e828e50410135/macOS/DuckDuckGo/Localization/Localizable.xcstrings#L92812
macOS,buttons,DuckDuckGo,ppro.feedback-form.button.cancel,,Cancel,Title for the Cancel button of the PPro feedback form,,,true,extracted_with_value,,apps/apple/macOS/DuckDuckGo/Localization/Localizable.xcstrings,93831,https://github.com/duckduckgo/apple-browsers/blob/e33af93ca2cc0ce771de1f12d81e828e50410135/macOS/DuckDuckGo/Localization/Localizable.xcstrings#L93831
macOS,buttons,DuckDuckGo,ppro.feedback-form.button.done,,Done,Title for the Done button of the PPro feedback form,,,true,extracted_with_value,,apps/apple/macOS/DuckDuckGo/Localization/Localizable.xcstrings,93891,https://github.com/duckduckgo/apple-browsers/blob/e33af93ca2cc0ce771de1f12d81e828e50410135/macOS/DuckDuckGo/Localization/Localizable.xcstrings#L93891
macOS,buttons,DuckDuckGo,ppro.feedback-form.button.submit,,Submit,Title for the Submit button of the PPro feedback form,,,true,extracted_with_value,,apps/apple/macOS/DuckDuckGo/Localization/Localizable.xcstrings,93951,https://github.com/duckduckgo/apple-browsers/blob/e33af93ca2cc0ce771de1f12d81e828e50410135/macOS/DuckDuckGo/Localization/Localizable.xcstrings#L93951
macOS,buttons,DuckDuckGo,ppro.feedback-form.button.submitting,,Submitting…,Title for the Submitting state of the PPro feedback form,,,true,extracted_with_value,,apps/apple/macOS/DuckDuckGo/Localization/Localizable.xcstrings,94011,https://github.com/duckduckgo/apple-browsers/blob/e33af93ca2cc0ce771de1f12d81e828e50410135/macOS/DuckDuckGo/Localization/Localizable.xcstrings#L94011
macOS,buttons,DuckDuckGo,preferences.about.send-feedback,,Send Feedback,Feedback button in the about preferences page,,,true,extracted_with_value,,apps/apple/macOS/DuckDuckGo/Localization/Localizable.xcstrings,96291,https://github.com/duckduckgo/apple-browsers/blob/e33af93ca2cc0ce771de1f12d81e828e50410135/macOS/DuckDuckGo/Localization/Localizable.xcstrings#L96291
macOS,buttons,DuckDuckGo,preferences.add-DuckDuckGo-to-dock,,Add DuckDuckGo To Dock,Action button to add the app to the Dock,,,true,extracted_with_value,,apps/apple/macOS/DuckDuckGo/Localization/Localizable.xcstrings,97191,https://github.com/duckduckgo/apple-browsers/blob/e33af93ca2cc0ce771de1f12d81e828e50410135/macOS/DuckDuckGo/Localization/Localizable.xcstrings#L97191
macOS,buttons,DuckDuckGo,preferences.add-to-dock,,Add to Dock,Action button to add the app to the Dock,,,true,extracted_with_value,,apps/apple/macOS/DuckDuckGo/Localization/Localizable.xcstrings,97251,https://github.com/duckduckgo/apple-browsers/blob/e33af93ca2cc0ce771de1f12d81e828e50410135/macOS/DuckDuckGo/Localization/Localizable.xcstrings#L97251
macOS,buttons,DuckDuckGo,preferences.appearance.customize-background,,Customize Background,Button to open home page background customization options,,,true,extracted_with_value,,apps/apple/macOS/DuckDuckGo/Localization/Localizable.xcstrings,97731,https://github.com/duckduckgo/apple-browsers/blob/e33af93ca2cc0ce771de1f12d81e828e50410135/macOS/DuckDuckGo/Localization/Localizable.xcstrings#L97731
macOS,buttons,DuckDuckGo,preferences.default-browser.button.make-default,,Make DuckDuckGo Default…,represents a prompt message asking the user to make DuckDuckGo their default browser.,,,true,extracted_with_value,,apps/apple/macOS/DuckDuckGo/Localization/Localizable.xcstrings,99291,https://github.com/duckduckgo/apple-browsers/blob/e33af93ca2cc0ce771de1f12d81e828e50410135/macOS/DuckDuckGo/Localization/Localizable.xcstrings#L99291
macOS,buttons,DuckDuckGo,preferences.duckduckgo-on-other-platforms,,DuckDuckGo on Other Platforms,Button presented to users to navigate them to our product page which presents all other products for other platforms,,,true,extracted_with_value,,apps/apple/macOS/DuckDuckGo/Localization/Localizable.xcstrings,99591,https://github.com/duckduckgo/apple-browsers/blob/e33af93ca2cc0ce771de1f12d81e828e50410135/macOS/DuckDuckGo/Localization/Localizable.xcstrings#L99591
macOS,buttons,DuckDuckGo,preferences.youtube-ad-blocking.learn-more,,Learn More,Learn more button shown below the YouTube ad blocking toggle description,,,true,extracted_with_value,,apps/apple/macOS/DuckDuckGo/Localization/Localizable.xcstrings,101991,https://github.com/duckduckgo/apple-browsers/blob/e33af93ca2cc0ce771de1f12d81e828e50410135/macOS/DuckDuckGo/Localization/Localizable.xcstrings#L101991
macOS,buttons,DuckDuckGo,preferences.youtube-ad-blocking.popover.breakage-report.send-button,,Send Report,Button label that sends a breakage report from the YouTube Ad Blocking popover,,,true,extracted_with_value,,apps/apple/macOS/DuckDuckGo/Localization/Localizable.xcstrings,102231,https://github.com/duckduckgo/apple-browsers/blob/e33af93ca2cc0ce771de1f12d81e828e50410135/macOS/DuckDuckGo/Localization/Localizable.xcstrings#L102231
macOS,buttons,DuckDuckGo,prefrences.sync.bookmarks-limit-exceeded-action,,Manage Bookmarks,Button title for sync bookmarks limits exceeded warning to go to manage bookmarks,,,true,stale,,apps/apple/macOS/DuckDuckGo/Localization/Localizable.xcstrings,102831,https://github.com/duckduckgo/apple-browsers/blob/e33af93ca2cc0ce771de1f12d81e828e50410135/macOS/DuckDuckGo/Localization/Localizable.xcstrings#L102831
macOS,buttons,DuckDuckGo,prefrences.sync.credentials-limit-exceeded-action,,Manage passwords…,Button title for sync credentials limits exceeded warning to go to manage passwords,,,true,stale,,apps/apple/macOS/DuckDuckGo/Localization/Localizable.xcstrings,103011,https://github.com/duckduckgo/apple-browsers/blob/e33af93ca2cc0ce771de1f12d81e828e50410135/macOS/DuckDuckGo/Localization/Localizable.xcstrings#L103011
macOS,buttons,DuckDuckGo,prefrences.sync.credit-cards-limit-exceeded-action,,Manage credit cards…,Button title for sync credit cards limits exceeded warning to go to manage payment methods,,,true,stale,,apps/apple/macOS/DuckDuckGo/Localization/Localizable.xcstrings,103191,https://github.com/duckduckgo/apple-browsers/blob/e33af93ca2cc0ce771de1f12d81e828e50410135/macOS/DuckDuckGo/Localization/Localizable.xcstrings#L103191
macOS,buttons,DuckDuckGo,prefrences.sync.identities-limit-exceeded-action,,Manage identities…,Button title for sync identities limits exceeded warning to go to manage identities,,,true,stale,,apps/apple/macOS/DuckDuckGo/Localization/Localizable.xcstrings,103371,https://github.com/duckduckgo/apple-browsers/blob/e33af93ca2cc0ce771de1f12d81e828e50410135/macOS/DuckDuckGo/Localization/Localizable.xcstrings#L103371
macOS,buttons,DuckDuckGo,quit,,Quit,Quit button,,,true,extracted_with_value,,apps/apple/macOS/DuckDuckGo/Localization/Localizable.xcstrings,103791,https://github.com/duckduckgo/apple-browsers/blob/e33af93ca2cc0ce771de1f12d81e828e50410135/macOS/DuckDuckGo/Localization/Localizable.xcstrings#L103791
macOS,buttons,DuckDuckGo,quit-survey.close-and-quit,,Close and Quit,Button to close survey and quit the browser,,,true,extracted_with_value,,apps/apple/macOS/DuckDuckGo/Localization/Localizable.xcstrings,104151,https://github.com/duckduckgo/apple-browsers/blob/e33af93ca2cc0ce771de1f12d81e828e50410135/macOS/DuckDuckGo/Localization/Localizable.xcstrings#L104151
macOS,buttons,DuckDuckGo,quit-survey.option.couldnt-skip-onboarding,,Couldn't skip onboarding,Quit survey feedback option - onboarding,,,true,stale,,apps/apple/macOS/DuckDuckGo/Localization/Localizable.xcstrings,105231,https://github.com/duckduckgo/apple-browsers/blob/e33af93ca2cc0ce771de1f12d81e828e50410135/macOS/DuckDuckGo/Localization/Localizable.xcstrings#L105231
macOS,buttons,DuckDuckGo,quit-survey.option.fire-button-removed-too-much,,Fire Button deleted too much,Quit survey feedback option - Fire Button,,,true,stale,,apps/apple/macOS/DuckDuckGo/Localization/Localizable.xcstrings,105291,https://github.com/duckduckgo/apple-browsers/blob/e33af93ca2cc0ce771de1f12d81e828e50410135/macOS/DuckDuckGo/Localization/Localizable.xcstrings#L105291
macOS,buttons,DuckDuckGo,quit-survey.quit-now,,Close Now,Button to quit immediately,,,true,extracted_with_value,,apps/apple/macOS/DuckDuckGo/Localization/Localizable.xcstrings,107031,https://github.com/duckduckgo/apple-browsers/blob/e33af93ca2cc0ce771de1f12d81e828e50410135/macOS/DuckDuckGo/Localization/Localizable.xcstrings#L107031
macOS,buttons,DuckDuckGo,quit-survey.submit-and-quit,,Submit and Quit,Button to submit feedback and quit,,,true,extracted_with_value,,apps/apple/macOS/DuckDuckGo/Localization/Localizable.xcstrings,107151,https://github.com/duckduckgo/apple-browsers/blob/e33af93ca2cc0ce771de1f12d81e828e50410135/macOS/DuckDuckGo/Localization/Localizable.xcstrings#L107151
macOS,buttons,DuckDuckGo,quit-survey.submitting,,Submitting...,Button text shown while feedback is being submitted,,,true,extracted_with_value,,apps/apple/macOS/DuckDuckGo/Localization/Localizable.xcstrings,107211,https://github.com/duckduckgo/apple-browsers/blob/e33af93ca2cc0ce771de1f12d81e828e50410135/macOS/DuckDuckGo/Localization/Localizable.xcstrings#L107211
macOS,buttons,DuckDuckGo,quit.without.clearing,,Quit Without Clearing,Button to quit the application without clearing data,,,true,extracted_with_value,,apps/apple/macOS/DuckDuckGo/Localization/Localizable.xcstrings,107451,https://github.com/duckduckgo/apple-browsers/blob/e33af93ca2cc0ce771de1f12d81e828e50410135/macOS/DuckDuckGo/Localization/Localizable.xcstrings#L107451
macOS,buttons,DuckDuckGo,remove-favorite,,Remove Favorite,Remove Favorite button,,,true,extracted_with_value,,apps/apple/macOS/DuckDuckGo/Localization/Localizable.xcstrings,107737,https://github.com/duckduckgo/apple-browsers/blob/e33af93ca2cc0ce771de1f12d81e828e50410135/macOS/DuckDuckGo/Localization/Localizable.xcstrings#L107737
macOS,buttons,DuckDuckGo,remove.from.favorites,,Remove from Favorites,Button for removing bookmarks from favorites,,,true,extracted_with_value,,apps/apple/macOS/DuckDuckGo/Localization/Localizable.xcstrings,107797,https://github.com/duckduckgo/apple-browsers/blob/e33af93ca2cc0ce771de1f12d81e828e50410135/macOS/DuckDuckGo/Localization/Localizable.xcstrings#L107797
macOS,buttons,DuckDuckGo,remove.recent.chat.confirmation.button,,Delete,Button title to confirm deleting a recent Duck.ai chat,,,true,extracted_with_value,,apps/apple/macOS/DuckDuckGo/Localization/Localizable.xcstrings,107857,https://github.com/duckduckgo/apple-browsers/blob/e33af93ca2cc0ce771de1f12d81e828e50410135/macOS/DuckDuckGo/Localization/Localizable.xcstrings#L107857
macOS,buttons,DuckDuckGo,reopen.last.closed.window,,Reopen Last Closed Window,This string represents an action to reopen the last closed window in the browser,,,true,extracted_with_value,,apps/apple/macOS/DuckDuckGo/Localization/Localizable.xcstrings,108270,https://github.com/duckduckgo/apple-browsers/blob/e33af93ca2cc0ce771de1f12d81e828e50410135/macOS/DuckDuckGo/Localization/Localizable.xcstrings#L108270
macOS,buttons,DuckDuckGo,reset-zoom,,Reset,Button that allows the user to reset the zoom level of the browser page,,,true,extracted_with_value,,apps/apple/macOS/DuckDuckGo/Localization/Localizable.xcstrings,108510,https://github.com/duckduckgo/apple-browsers/blob/e33af93ca2cc0ce771de1f12d81e828e50410135/macOS/DuckDuckGo/Localization/Localizable.xcstrings#L108510
macOS,buttons,DuckDuckGo,restart.bitwarden,,Restart Bitwarden,Button to restart Bitwarden application,,,true,extracted_with_value,,apps/apple/macOS/DuckDuckGo/Localization/Localizable.xcstrings,108570,https://github.com/duckduckgo/apple-browsers/blob/e33af93ca2cc0ce771de1f12d81e828e50410135/macOS/DuckDuckGo/Localization/Localizable.xcstrings#L108570
macOS,buttons,DuckDuckGo,sad.att.banner.button.permanently-dismiss,,Don’t Ask Again,Button action title that appears on a prompt that prevents the prompt from being shown again.,,,true,extracted_with_value,,apps/apple/macOS/DuckDuckGo/Localization/Localizable.xcstrings,109050,https://github.com/duckduckgo/apple-browsers/blob/e33af93ca2cc0ce771de1f12d81e828e50410135/macOS/DuckDuckGo/Localization/Localizable.xcstrings#L109050
macOS,buttons,DuckDuckGo,sad.att.inactive-user.dismiss,,No Thanks,Button action title that appears on a prompt that dismisses the prompt.,,,true,extracted_with_value,,apps/apple/macOS/DuckDuckGo/Localization/Localizable.xcstrings,109470,https://github.com/duckduckgo/apple-browsers/blob/e33af93ca2cc0ce771de1f12d81e828e50410135/macOS/DuckDuckGo/Localization/Localizable.xcstrings#L109470
macOS,buttons,DuckDuckGo,save,,Save,Save button,,,true,extracted_with_value,,apps/apple/macOS/DuckDuckGo/Localization/Localizable.xcstrings,110010,https://github.com/duckduckgo/apple-browsers/blob/e33af93ca2cc0ce771de1f12d81e828e50410135/macOS/DuckDuckGo/Localization/Localizable.xcstrings#L110010
macOS,buttons,DuckDuckGo,save.image.as,,Save Image As…,Context menu item,,,true,extracted_with_value,,apps/apple/macOS/DuckDuckGo/Localization/Localizable.xcstrings,110070,https://github.com/duckduckgo/apple-browsers/blob/e33af93ca2cc0ce771de1f12d81e828e50410135/macOS/DuckDuckGo/Localization/Localizable.xcstrings#L110070
macOS,buttons,DuckDuckGo,session.restore.prompt.button.accept,,Restore Session,Button the user can press to restore the previous browser session after a crash,,,true,extracted_with_value,,apps/apple/macOS/DuckDuckGo/Localization/Localizable.xcstrings,111022,https://github.com/duckduckgo/apple-browsers/blob/e33af93ca2cc0ce771de1f12d81e828e50410135/macOS/DuckDuckGo/Localization/Localizable.xcstrings#L111022
macOS,buttons,DuckDuckGo,session.restore.prompt.button.reject,,No Thanks,Button the user can press to not restore the previous browser session after a crash,,,true,extracted_with_value,,apps/apple/macOS/DuckDuckGo/Localization/Localizable.xcstrings,111082,https://github.com/duckduckgo/apple-browsers/blob/e33af93ca2cc0ce771de1f12d81e828e50410135/macOS/DuckDuckGo/Localization/Localizable.xcstrings#L111082
macOS,buttons,DuckDuckGo,settings.more-search-settings,,More Search Settings,The button name in preferences for More Search Settings,,,true,extracted_with_value,,apps/apple/macOS/DuckDuckGo/Localization/Localizable.xcstrings,112215,https://github.com/duckduckgo/apple-browsers/blob/e33af93ca2cc0ce771de1f12d81e828e50410135/macOS/DuckDuckGo/Localization/Localizable.xcstrings#L112215
macOS,buttons,DuckDuckGo,settings.restart.to.update,,Restart To Update,Button label triggering restart and update of the application.,,,true,extracted_with_value,,apps/apple/macOS/DuckDuckGo/Localization/Localizable.xcstrings,112635,https://github.com/duckduckgo/apple-browsers/blob/e33af93ca2cc0ce771de1f12d81e828e50410135/macOS/DuckDuckGo/Localization/Localizable.xcstrings#L112635
macOS,buttons,DuckDuckGo,settings.retry.update,,Retry Update,Button label triggering a retry of the update.,,,true,extracted_with_value,,apps/apple/macOS/DuckDuckGo/Localization/Localizable.xcstrings,112695,https://github.com/duckduckgo/apple-browsers/blob/e33af93ca2cc0ce771de1f12d81e828e50410135/macOS/DuckDuckGo/Localization/Localizable.xcstrings#L112695
macOS,buttons,DuckDuckGo,settings.run.update,,Update DuckDuckGo,Button label triggering update of the application.,,,true,extracted_with_value,,apps/apple/macOS/DuckDuckGo/Localization/Localizable.xcstrings,112755,https://github.com/duckduckgo/apple-browsers/blob/e33af93ca2cc0ce771de1f12d81e828e50410135/macOS/DuckDuckGo/Localization/Localizable.xcstrings#L112755
macOS,buttons,DuckDuckGo,show.data.clearing.settings,,Go to Data Clearing Settings,Button in Settings. It navigates user to Data Clearing Settings. The Data Clearing string should match the string with the preferences.data-clearing key,,,true,extracted_with_value,,apps/apple/macOS/DuckDuckGo/Localization/Localizable.xcstrings,113765,https://github.com/duckduckgo/apple-browsers/blob/e33af93ca2cc0ce771de1f12d81e828e50410135/macOS/DuckDuckGo/Localization/Localizable.xcstrings#L113765
macOS,buttons,DuckDuckGo,show.startup.settings,,Go to Startup Settings,Button in Data Clearing Settings. It navigates user to Startup Settings.,,,true,extracted_with_value,,apps/apple/macOS/DuckDuckGo/Localization/Localizable.xcstrings,113885,https://github.com/duckduckgo/apple-browsers/blob/e33af93ca2cc0ce771de1f12d81e828e50410135/macOS/DuckDuckGo/Localization/Localizable.xcstrings#L113885
macOS,buttons,DuckDuckGo,site.not.working.button.title,,Let Us Know,Button title that appears on a dialog asking users about possible breakage of a site,,,true,extracted_with_value,,apps/apple/macOS/DuckDuckGo/Localization/Localizable.xcstrings,113945,https://github.com/duckduckgo/apple-browsers/blob/e33af93ca2cc0ce771de1f12d81e828e50410135/macOS/DuckDuckGo/Localization/Localizable.xcstrings#L113945
macOS,buttons,DuckDuckGo,submit,,Submit,Submit button,,,true,extracted_with_value,,apps/apple/macOS/DuckDuckGo/Localization/Localizable.xcstrings,115029,https://github.com/duckduckgo/apple-browsers/blob/e33af93ca2cc0ce771de1f12d81e828e50410135/macOS/DuckDuckGo/Localization/Localizable.xcstrings#L115029
macOS,buttons,DuckDuckGo,submit.report,,Submit Report,Submit Report button,,,true,extracted_with_value,,apps/apple/macOS/DuckDuckGo/Localization/Localizable.xcstrings,115089,https://github.com/duckduckgo/apple-browsers/blob/e33af93ca2cc0ce771de1f12d81e828e50410135/macOS/DuckDuckGo/Localization/Localizable.xcstrings#L115089
macOS,buttons,DuckDuckGo,subscription.upsell.popover.button.no.thanks,,No Thanks,Title for the no thanks button in VPN Upsell popover (will dismiss the popover),,,true,extracted_with_value,,apps/apple/macOS/DuckDuckGo/Localization/Localizable.xcstrings,115749,https://github.com/duckduckgo/apple-browsers/blob/e33af93ca2cc0ce771de1f12d81e828e50410135/macOS/DuckDuckGo/Localization/Localizable.xcstrings#L115749
macOS,buttons,DuckDuckGo,subscription.upsell.popover.cta.free.trial,,Try For Free,Title for the main CTA button in VPN Upsell popover if user is eligible for free trial,,,true,extracted_with_value,,apps/apple/macOS/DuckDuckGo/Localization/Localizable.xcstrings,115809,https://github.com/duckduckgo/apple-browsers/blob/e33af93ca2cc0ce771de1f12d81e828e50410135/macOS/DuckDuckGo/Localization/Localizable.xcstrings#L115809
macOS,buttons,DuckDuckGo,subscription.upsell.popover.cta.learn.more,,Learn More,Title for the main CTA button in VPN Upsell popover if user is not eligible for free trial,,,true,extracted_with_value,,apps/apple/macOS/DuckDuckGo/Localization/Localizable.xcstrings,115869,https://github.com/duckduckgo/apple-browsers/blob/e33af93ca2cc0ce771de1f12d81e828e50410135/macOS/DuckDuckGo/Localization/Localizable.xcstrings#L115869
macOS,buttons,DuckDuckGo,sync.close-setup-v2.confirmation.action,,Close,Button that confirms closing the Sync setup dialog before the devices finished connecting (V2),,,true,extracted_with_value,,apps/apple/macOS/DuckDuckGo/Localization/Localizable.xcstrings,116649,https://github.com/duckduckgo/apple-browsers/blob/e33af93ca2cc0ce771de1f12d81e828e50410135/macOS/DuckDuckGo/Localization/Localizable.xcstrings#L116649
macOS,buttons,DuckDuckGo,sync.pairing-v2.confirmation.action,,Sync Now,Caption for a button to confirm sync setup with another device,,,true,extracted_with_value,,apps/apple/macOS/DuckDuckGo/Localization/Localizable.xcstrings,116829,https://github.com/duckduckgo/apple-browsers/blob/e33af93ca2cc0ce771de1f12d81e828e50410135/macOS/DuckDuckGo/Localization/Localizable.xcstrings#L116829
macOS,buttons,DuckDuckGo,sync.promo.confirm.action,,Set Up Sync,Title for a button in the Sync Promotion banner to set up Sync,,,true,extracted_with_value,,apps/apple/macOS/DuckDuckGo/Localization/Localizable.xcstrings,117249,https://github.com/duckduckgo/apple-browsers/blob/e33af93ca2cc0ce771de1f12d81e828e50410135/macOS/DuckDuckGo/Localization/Localizable.xcstrings#L117249
macOS,buttons,DuckDuckGo,sync.promo.dismiss.action,,No Thanks,Title for a button in the Sync Promotion banner to dismiss Sync promotion banner,,,true,extracted_with_value,,apps/apple/macOS/DuckDuckGo/Localization/Localizable.xcstrings,117369,https://github.com/duckduckgo/apple-browsers/blob/e33af93ca2cc0ce771de1f12d81e828e50410135/macOS/DuckDuckGo/Localization/Localizable.xcstrings#L117369
macOS,buttons,DuckDuckGo,title.privacy-dashboard.button,,Privacy Dashboard,Title for the Privacy Dashboard button,,,true,extracted_with_value,,apps/apple/macOS/DuckDuckGo/Localization/Localizable.xcstrings,118483,https://github.com/duckduckgo/apple-browsers/blob/e33af93ca2cc0ce771de1f12d81e828e50410135/macOS/DuckDuckGo/Localization/Localizable.xcstrings#L118483
macOS,buttons,DuckDuckGo,tooltip.home.button,,Home,Tooltip for the home button,,,true,extracted_with_value,,apps/apple/macOS/DuckDuckGo/Localization/Localizable.xcstrings,120096,https://github.com/duckduckgo/apple-browsers/blob/e33af93ca2cc0ce771de1f12d81e828e50410135/macOS/DuckDuckGo/Localization/Localizable.xcstrings#L120096
macOS,buttons,DuckDuckGo,uninstall,,Uninstall,Uninstall button,,,true,extracted_with_value,,apps/apple/macOS/DuckDuckGo/Localization/Localizable.xcstrings,122009,https://github.com/duckduckgo/apple-browsers/blob/e33af93ca2cc0ce771de1f12d81e828e50410135/macOS/DuckDuckGo/Localization/Localizable.xcstrings#L122009
macOS,buttons,DuckDuckGo,update,,Update,Update button,,,true,extracted_with_value,,apps/apple/macOS/DuckDuckGo/Localization/Localizable.xcstrings,122249,https://github.com/duckduckgo/apple-browsers/blob/e33af93ca2cc0ce771de1f12d81e828e50410135/macOS/DuckDuckGo/Localization/Localizable.xcstrings#L122249
macOS,buttons,DuckDuckGo,view.details.button,,View Details,Button title to open more details about the update,,,true,extracted_with_value,,apps/apple/macOS/DuckDuckGo/Localization/Localizable.xcstrings,122654,https://github.com/duckduckgo/apple-browsers/blob/e33af93ca2cc0ce771de1f12d81e828e50410135/macOS/DuckDuckGo/Localization/Localizable.xcstrings#L122654
macOS,buttons,DuckDuckGo,vpn.button.title.open.vpn,,Open VPN…,Uninstall VPN button title,,,true,extracted_with_value,,apps/apple/macOS/DuckDuckGo/Localization/Localizable.xcstrings,122774,https://github.com/duckduckgo/apple-browsers/blob/e33af93ca2cc0ce771de1f12d81e828e50410135/macOS/DuckDuckGo/Localization/Localizable.xcstrings#L122774
macOS,buttons,DuckDuckGo,vpn.button.title.uninstall.vpn,,Uninstall DuckDuckGo VPN…,Open VPN button title,,,true,extracted_with_value,,apps/apple/macOS/DuckDuckGo/Localization/Localizable.xcstrings,122834,https://github.com/duckduckgo/apple-browsers/blob/e33af93ca2cc0ce771de1f12d81e828e50410135/macOS/DuckDuckGo/Localization/Localizable.xcstrings#L122834
macOS,buttons,DuckDuckGo,vpn.dns.server.apply.button.title,,Apply,Title for the Apply custom DNS server button,,,true,extracted_with_value,,apps/apple/macOS/DuckDuckGo/Localization/Localizable.xcstrings,122894,https://github.com/duckduckgo/apple-browsers/blob/e33af93ca2cc0ce771de1f12d81e828e50410135/macOS/DuckDuckGo/Localization/Localizable.xcstrings#L122894
macOS,buttons,DuckDuckGo,vpn.dns.server.picker.custom.button.title,,Change…,Button title of the custom DNS server option,,,true,extracted_with_value,,apps/apple/macOS/DuckDuckGo/Localization/Localizable.xcstrings,123194,https://github.com/duckduckgo/apple-browsers/blob/e33af93ca2cc0ce771de1f12d81e828e50410135/macOS/DuckDuckGo/Localization/Localizable.xcstrings#L123194
macOS,buttons,DuckDuckGo,vpn.excluded.apps.add.app,,Browse Applications,Add Application button for the excluded apps view,,,true,extracted_with_value,,apps/apple/macOS/DuckDuckGo/Localization/Localizable.xcstrings,123494,https://github.com/duckduckgo/apple-browsers/blob/e33af93ca2cc0ce771de1f12d81e828e50410135/macOS/DuckDuckGo/Localization/Localizable.xcstrings#L123494
macOS,buttons,DuckDuckGo,vpn.excluded.domains.add.domain,,Add Website,Add Domain button for the excluded sites view,,,true,extracted_with_value,,apps/apple/macOS/DuckDuckGo/Localization/Localizable.xcstrings,123674,https://github.com/duckduckgo/apple-browsers/blob/e33af93ca2cc0ce771de1f12d81e828e50410135/macOS/DuckDuckGo/Localization/Localizable.xcstrings#L123674
macOS,buttons,DuckDuckGo,vpn.feedback-form.button.cancel,,Cancel,Title for the Cancel button of the VPN feedback form,,,true,extracted_with_value,,apps/apple/macOS/DuckDuckGo/Localization/Localizable.xcstrings,123914,https://github.com/duckduckgo/apple-browsers/blob/e33af93ca2cc0ce771de1f12d81e828e50410135/macOS/DuckDuckGo/Localization/Localizable.xcstrings#L123914
macOS,buttons,DuckDuckGo,vpn.feedback-form.button.done,,Done,Title for the Done button of the VPN feedback form,,,true,extracted_with_value,,apps/apple/macOS/DuckDuckGo/Localization/Localizable.xcstrings,123974,https://github.com/duckduckgo/apple-browsers/blob/e33af93ca2cc0ce771de1f12d81e828e50410135/macOS/DuckDuckGo/Localization/Localizable.xcstrings#L123974
macOS,buttons,DuckDuckGo,vpn.feedback-form.button.submit,,Submit,Title for the Submit button of the VPN feedback form,,,true,extracted_with_value,,apps/apple/macOS/DuckDuckGo/Localization/Localizable.xcstrings,124034,https://github.com/duckduckgo/apple-browsers/blob/e33af93ca2cc0ce771de1f12d81e828e50410135/macOS/DuckDuckGo/Localization/Localizable.xcstrings#L124034
macOS,buttons,DuckDuckGo,vpn.feedback-form.button.submitting,,Submitting…,Title for the Submitting state of the VPN feedback form,,,true,extracted_with_value,,apps/apple/macOS/DuckDuckGo/Localization/Localizable.xcstrings,124094,https://github.com/duckduckgo/apple-browsers/blob/e33af93ca2cc0ce771de1f12d81e828e50410135/macOS/DuckDuckGo/Localization/Localizable.xcstrings#L124094
macOS,buttons,DuckDuckGo,vpn.location.cancel.button.title,,Cancel,"Title of the VPN location list cancel button (Note: seems like a duplicate key with a different purpose, please check)",,,true,extracted_with_value,,apps/apple/macOS/DuckDuckGo/Localization/Localizable.xcstrings,125294,https://github.com/duckduckgo/apple-browsers/blob/e33af93ca2cc0ce771de1f12d81e828e50410135/macOS/DuckDuckGo/Localization/Localizable.xcstrings#L125294
macOS,buttons,DuckDuckGo,vpn.location.change.button.title,,Change...,Title of the VPN location preference change button,,,true,extracted_with_value,,apps/apple/macOS/DuckDuckGo/Localization/Localizable.xcstrings,125354,https://github.com/duckduckgo/apple-browsers/blob/e33af93ca2cc0ce771de1f12d81e828e50410135/macOS/DuckDuckGo/Localization/Localizable.xcstrings#L125354
macOS,buttons,DuckDuckGo,vpn.location.submit.button.title,,Update Location,Title of the VPN location list submit button,,,true,extracted_with_value,,apps/apple/macOS/DuckDuckGo/Localization/Localizable.xcstrings,125774,https://github.com/duckduckgo/apple-browsers/blob/e33af93ca2cc0ce771de1f12d81e828e50410135/macOS/DuckDuckGo/Localization/Localizable.xcstrings#L125774
macOS,buttons,DuckDuckGo,vpn.preferences.copy-diagnostics-copied.button.title,,Copied to clipboard,Temporary VPN settings button title shown after VPN diagnostic information is copied to the clipboard.,,,true,extracted_with_value,,apps/apple/macOS/DuckDuckGo/Localization/Localizable.xcstrings,126074,https://github.com/duckduckgo/apple-browsers/blob/e33af93ca2cc0ce771de1f12d81e828e50410135/macOS/DuckDuckGo/Localization/Localizable.xcstrings#L126074
macOS,buttons,DuckDuckGo,vpn.preferences.copy-diagnostics-failed.button.title,,Couldn't copy to clipboard,Temporary VPN settings button title shown when VPN diagnostic information could not be copied to the clipboard.,,,true,extracted_with_value,,apps/apple/macOS/DuckDuckGo/Localization/Localizable.xcstrings,126134,https://github.com/duckduckgo/apple-browsers/blob/e33af93ca2cc0ce771de1f12d81e828e50410135/macOS/DuckDuckGo/Localization/Localizable.xcstrings#L126134
macOS,buttons,DuckDuckGo,vpn.preferences.copy-diagnostics.button.title,,Copy VPN Diagnostics,The VPN settings button that copies VPN diagnostic information to the clipboard.,,,true,extracted_with_value,,apps/apple/macOS/DuckDuckGo/Localization/Localizable.xcstrings,126194,https://github.com/duckduckgo/apple-browsers/blob/e33af93ca2cc0ce771de1f12d81e828e50410135/macOS/DuckDuckGo/Localization/Localizable.xcstrings#L126194
macOS,buttons,DuckDuckGo,vpn.setting.add.excluded.domain.action.button.title,,Exclude Website,Add excluded domain button title,,,true,extracted_with_value,,apps/apple/macOS/DuckDuckGo/Localization/Localizable.xcstrings,126314,https://github.com/duckduckgo/apple-browsers/blob/e33af93ca2cc0ce771de1f12d81e828e50410135/macOS/DuckDuckGo/Localization/Localizable.xcstrings#L126314
macOS,buttons,DuckDuckGo,vpn.setting.add.excluded.domain.cancel.button.title,,Cancel,Add excluded domain cancel button title,,,true,extracted_with_value,,apps/apple/macOS/DuckDuckGo/Localization/Localizable.xcstrings,126374,https://github.com/duckduckgo/apple-browsers/blob/e33af93ca2cc0ce771de1f12d81e828e50410135/macOS/DuckDuckGo/Localization/Localizable.xcstrings#L126374
macOS,buttons,DuckDuckGo,vpn.setting.exclusions.manage.button.title,,Manage...,Title for the button to manage exclusions,,,true,extracted_with_value,,apps/apple/macOS/DuckDuckGo/Localization/Localizable.xcstrings,126854,https://github.com/duckduckgo/apple-browsers/blob/e33af93ca2cc0ce771de1f12d81e828e50410135/macOS/DuckDuckGo/Localization/Localizable.xcstrings#L126854
macOS,buttons,DuckDuckGo,win-back.campaign.last-day.message.cta,,See Offer,CTA of the message displayed on the last day of the win-back campaign,,,true,extracted_with_value,,apps/apple/macOS/DuckDuckGo/Localization/Localizable.xcstrings,128744,https://github.com/duckduckgo/apple-browsers/blob/e33af93ca2cc0ce771de1f12d81e828e50410135/macOS/DuckDuckGo/Localization/Localizable.xcstrings#L128744
macOS,buttons,DuckDuckGo,win-back.campaign.modal.cta,,See Offer,CTA of the modal dialog promoting the win-back campaign,,,true,extracted_with_value,,apps/apple/macOS/DuckDuckGo/Localization/Localizable.xcstrings,128984,https://github.com/duckduckgo/apple-browsers/blob/e33af93ca2cc0ce771de1f12d81e828e50410135/macOS/DuckDuckGo/Localization/Localizable.xcstrings#L128984
macOS,buttons,DuckDuckGo,win-back.campaign.modal.dismiss,,Not Now,Dismiss of the modal dialog promoting the win-back campaign,,,true,extracted_with_value,,apps/apple/macOS/DuckDuckGo/Localization/Localizable.xcstrings,129044,https://github.com/duckduckgo/apple-browsers/blob/e33af93ca2cc0ce771de1f12d81e828e50410135/macOS/DuckDuckGo/Localization/Localizable.xcstrings#L129044
macOS,buttons,NetworkProtectionMac,network.protection.onboarding.allow.extension.action,,Open System Settings...,Action button title for the onboarding allow-extension view,,,true,extracted_with_value,,apps/apple/macOS/LocalPackages/NetworkProtectionMac/Sources/NetworkProtectionUI/Resources/Localizable.xcstrings,596,https://github.com/duckduckgo/apple-browsers/blob/e33af93ca2cc0ce771de1f12d81e828e50410135/macOS/LocalPackages/NetworkProtectionMac/Sources/NetworkProtectionUI/Resources/Localizable.xcstrings#L596
macOS,buttons,NetworkProtectionMac,network.protection.onboarding.allow.vpn.action,,Add VPN Configuration...,Action button title for the onboarding allow-VPN view,,,true,extracted_with_value,,apps/apple/macOS/LocalPackages/NetworkProtectionMac/Sources/NetworkProtectionUI/Resources/Localizable.xcstrings,1016,https://github.com/duckduckgo/apple-browsers/blob/e33af93ca2cc0ce771de1f12d81e828e50410135/macOS/LocalPackages/NetworkProtectionMac/Sources/NetworkProtectionUI/Resources/Localizable.xcstrings#L1016
macOS,buttons,NetworkProtectionMac,network.protection.onboarding.move.to.applications.action,,Move App for Me and Restart…,Action button title for the onboarding move-app-to-applications step,,,true,extracted_with_value,,apps/apple/macOS/LocalPackages/NetworkProtectionMac/Sources/NetworkProtectionUI/Resources/Localizable.xcstrings,1436,https://github.com/duckduckgo/apple-browsers/blob/e33af93ca2cc0ce771de1f12d81e828e50410135/macOS/LocalPackages/NetworkProtectionMac/Sources/NetworkProtectionUI/Resources/Localizable.xcstrings#L1436
macOS,buttons,NetworkProtectionMac,network.protection.report.site.issues.button.cancel,,Not Now,Report site issues view cancel button,,,true,extracted_with_value,,apps/apple/macOS/LocalPackages/NetworkProtectionMac/Sources/NetworkProtectionUI/Resources/Localizable.xcstrings,1616,https://github.com/duckduckgo/apple-browsers/blob/e33af93ca2cc0ce771de1f12d81e828e50410135/macOS/LocalPackages/NetworkProtectionMac/Sources/NetworkProtectionUI/Resources/Localizable.xcstrings#L1616
macOS,buttons,NetworkProtectionMac,network.protection.report.site.issues.button.dontask,,Don't Ask Again,Report site issues view button not to ask again,,,true,extracted_with_value,,apps/apple/macOS/LocalPackages/NetworkProtectionMac/Sources/NetworkProtectionUI/Resources/Localizable.xcstrings,1676,https://github.com/duckduckgo/apple-browsers/blob/e33af93ca2cc0ce771de1f12d81e828e50410135/macOS/LocalPackages/NetworkProtectionMac/Sources/NetworkProtectionUI/Resources/Localizable.xcstrings#L1676
macOS,buttons,NetworkProtectionMac,network.protection.report.site.issues.button.report,,Report,Report site issues confirmation button to send report,,,true,extracted_with_value,,apps/apple/macOS/LocalPackages/NetworkProtectionMac/Sources/NetworkProtectionUI/Resources/Localizable.xcstrings,1736,https://github.com/duckduckgo/apple-browsers/blob/e33af93ca2cc0ce771de1f12d81e828e50410135/macOS/LocalPackages/NetworkProtectionMac/Sources/NetworkProtectionUI/Resources/Localizable.xcstrings#L1736
macOS,buttons,NetworkProtectionMac,network.protection.subscription.expired.resubscribe.button,,Subscribe to DuckDuckGo,Button for the prompt that takes the user to the page to resubscribe.,,,true,extracted_with_value,,apps/apple/macOS/LocalPackages/NetworkProtectionMac/Sources/NetworkProtectionUI/Resources/Localizable.xcstrings,3302,https://github.com/duckduckgo/apple-browsers/blob/e33af93ca2cc0ce771de1f12d81e828e50410135/macOS/LocalPackages/NetworkProtectionMac/Sources/NetworkProtectionUI/Resources/Localizable.xcstrings#L3302
macOS,buttons,NetworkProtectionMac,network.protection.subscription.expired.uninstall.button,,Uninstall DuckDuckGo VPN,Button for the prompt that uninstalls the VPN.,,,true,extracted_with_value,,apps/apple/macOS/LocalPackages/NetworkProtectionMac/Sources/NetworkProtectionUI/Resources/Localizable.xcstrings,3482,https://github.com/duckduckgo/apple-browsers/blob/e33af93ca2cc0ce771de1f12d81e828e50410135/macOS/LocalPackages/NetworkProtectionMac/Sources/NetworkProtectionUI/Resources/Localizable.xcstrings#L3482
macOS,buttons,NetworkProtectionMac,network.protection.vpn.send-feedback,,Send Feedback…,Action button title for the Send feedback option,,,true,extracted_with_value,,apps/apple/macOS/LocalPackages/NetworkProtectionMac/Sources/NetworkProtectionUI/Resources/Localizable.xcstrings,3962,https://github.com/duckduckgo/apple-browsers/blob/e33af93ca2cc0ce771de1f12d81e828e50410135/macOS/LocalPackages/NetworkProtectionMac/Sources/NetworkProtectionUI/Resources/Localizable.xcstrings#L3962
macOS,buttons,NetworkProtectionMac,vpn.appstore.sysex.update.prompt.action.button.title,,Get the Update,Action button title for the prompt that asks users to update the VPN to our System Extension. Pressing this button reinstalls the VPN.,,,true,extracted_with_value,,apps/apple/macOS/LocalPackages/NetworkProtectionMac/Sources/NetworkProtectionUI/Resources/Localizable.xcstrings,4022,https://github.com/duckduckgo/apple-browsers/blob/e33af93ca2cc0ce771de1f12d81e828e50410135/macOS/LocalPackages/NetworkProtectionMac/Sources/NetworkProtectionUI/Resources/Localizable.xcstrings#L4022
macOS,buttons,NetworkProtectionMac,vpn.exclusion.suggestion.alert.action.exclude.a.website,,Exclude a Website,Action button title for an alert to suggest using exclusions instead of disabling the VPN,,,true,extracted_with_value,,apps/apple/macOS/LocalPackages/NetworkProtectionMac/Sources/NetworkProtectionUI/Resources/Localizable.xcstrings,4202,https://github.com/duckduckgo/apple-browsers/blob/e33af93ca2cc0ce771de1f12d81e828e50410135/macOS/LocalPackages/NetworkProtectionMac/Sources/NetworkProtectionUI/Resources/Localizable.xcstrings#L4202
macOS,buttons,NetworkProtectionMac,vpn.exclusion.suggestion.alert.action.exclude.an.app,,Exclude an App,Action button title for an alert to suggest using exclusions instead of disabling the VPN,,,true,extracted_with_value,,apps/apple/macOS/LocalPackages/NetworkProtectionMac/Sources/NetworkProtectionUI/Resources/Localizable.xcstrings,4262,https://github.com/duckduckgo/apple-browsers/blob/e33af93ca2cc0ce771de1f12d81e828e50410135/macOS/LocalPackages/NetworkProtectionMac/Sources/NetworkProtectionUI/Resources/Localizable.xcstrings#L4262
macOS,buttons,NetworkProtectionMac,vpn.exclusion.suggestion.alert.action.turn.off.vpn,,Turn off VPN,Action button title for an alert to suggest using exclusions instead of disabling the VPN,,,true,extracted_with_value,,apps/apple/macOS/LocalPackages/NetworkProtectionMac/Sources/NetworkProtectionUI/Resources/Localizable.xcstrings,4322,https://github.com/duckduckgo/apple-browsers/blob/e33af93ca2cc0ce771de1f12d81e828e50410135/macOS/LocalPackages/NetworkProtectionMac/Sources/NetworkProtectionUI/Resources/Localizable.xcstrings#L4322
macOS,buttons,SubscriptionUI,black-friday.campaign.preferences.cta,,Save %d%% on First Year,CTA of the message displayed for logged in users during the Black Friday campaign,,%d,true,extracted_with_value,,apps/apple/macOS/LocalPackages/SubscriptionUI/Sources/SubscriptionUI/Resources/Localizable.xcstrings,4,https://github.com/duckduckgo/apple-browsers/blob/e33af93ca2cc0ce771de1f12d81e828e50410135/macOS/LocalPackages/SubscriptionUI/Sources/SubscriptionUI/Resources/Localizable.xcstrings#L4
macOS,buttons,SubscriptionUI,Close,,Close,,,,true,,,apps/apple/macOS/LocalPackages/SubscriptionUI/Sources/SubscriptionUI/Resources/Localizable.xcstrings,67,https://github.com/duckduckgo/apple-browsers/blob/e33af93ca2cc0ce771de1f12d81e828e50410135/macOS/LocalPackages/SubscriptionUI/Sources/SubscriptionUI/Resources/Localizable.xcstrings#L67
macOS,buttons,SubscriptionUI,subscription.add.via.apple.account.button.title,,Restore Purchase,Button title for option for restoring subscription using Apple Account,,,true,extracted_with_value,,apps/apple/macOS/LocalPackages/SubscriptionUI/Sources/SubscriptionUI/Resources/Localizable.xcstrings,179,https://github.com/duckduckgo/apple-browsers/blob/e33af93ca2cc0ce771de1f12d81e828e50410135/macOS/LocalPackages/SubscriptionUI/Sources/SubscriptionUI/Resources/Localizable.xcstrings#L179
macOS,buttons,SubscriptionUI,subscription.add.via.email.button.title,,Get Started,Button title for option for adding subscription using email address,,,true,extracted_with_value,,apps/apple/macOS/LocalPackages/SubscriptionUI/Sources/SubscriptionUI/Resources/Localizable.xcstrings,359,https://github.com/duckduckgo/apple-browsers/blob/e33af93ca2cc0ce771de1f12d81e828e50410135/macOS/LocalPackages/SubscriptionUI/Sources/SubscriptionUI/Resources/Localizable.xcstrings#L359
macOS,buttons,SubscriptionUI,subscription.alert.button.cancel,,Cancel,Alert button for dismissing it,,,true,extracted_with_value,,apps/apple/macOS/LocalPackages/SubscriptionUI/Sources/SubscriptionUI/Resources/Localizable.xcstrings,539,https://github.com/duckduckgo/apple-browsers/blob/e33af93ca2cc0ce771de1f12d81e828e50410135/macOS/LocalPackages/SubscriptionUI/Sources/SubscriptionUI/Resources/Localizable.xcstrings#L539
macOS,buttons,SubscriptionUI,subscription.alert.button.ok,,OK,Alert button for confirming it,,,true,extracted_with_value,,apps/apple/macOS/LocalPackages/SubscriptionUI/Sources/SubscriptionUI/Resources/Localizable.xcstrings,599,https://github.com/duckduckgo/apple-browsers/blob/e33af93ca2cc0ce771de1f12d81e828e50410135/macOS/LocalPackages/SubscriptionUI/Sources/SubscriptionUI/Resources/Localizable.xcstrings#L599
macOS,buttons,SubscriptionUI,subscription.alert.button.restore,,Restore,Alert button for restoring past subscription purchases,,,true,extracted_with_value,,apps/apple/macOS/LocalPackages/SubscriptionUI/Sources/SubscriptionUI/Resources/Localizable.xcstrings,659,https://github.com/duckduckgo/apple-browsers/blob/e33af93ca2cc0ce771de1f12d81e828e50410135/macOS/LocalPackages/SubscriptionUI/Sources/SubscriptionUI/Resources/Localizable.xcstrings#L659
macOS,buttons,SubscriptionUI,subscription.alert.button.retry,,Continue,Alert button for continue action,,,true,extracted_with_value,,apps/apple/macOS/LocalPackages/SubscriptionUI/Sources/SubscriptionUI/Resources/Localizable.xcstrings,719,https://github.com/duckduckgo/apple-browsers/blob/e33af93ca2cc0ce771de1f12d81e828e50410135/macOS/LocalPackages/SubscriptionUI/Sources/SubscriptionUI/Resources/Localizable.xcstrings#L719
macOS,buttons,SubscriptionUI,subscription.alert.button.view.plans,,View Plans,Alert button for viewing subscription plans,,,true,extracted_with_value,,apps/apple/macOS/LocalPackages/SubscriptionUI/Sources/SubscriptionUI/Resources/Localizable.xcstrings,779,https://github.com/duckduckgo/apple-browsers/blob/e33af93ca2cc0ce771de1f12d81e828e50410135/macOS/LocalPackages/SubscriptionUI/Sources/SubscriptionUI/Resources/Localizable.xcstrings#L779
macOS,buttons,SubscriptionUI,subscription.dialog.change.done.button,,Done,Button to close the change subscription dialog,,,true,extracted_with_value,,apps/apple/macOS/LocalPackages/SubscriptionUI/Sources/SubscriptionUI/Resources/Localizable.xcstrings,1499,https://github.com/duckduckgo/apple-browsers/blob/e33af93ca2cc0ce771de1f12d81e828e50410135/macOS/LocalPackages/SubscriptionUI/Sources/SubscriptionUI/Resources/Localizable.xcstrings#L1499
macOS,buttons,SubscriptionUI,subscription.dialog.remove.cancel.button,,Cancel,Button to cancel removing subscription from device,,,true,extracted_with_value,,apps/apple/macOS/LocalPackages/SubscriptionUI/Sources/SubscriptionUI/Resources/Localizable.xcstrings,1679,https://github.com/duckduckgo/apple-browsers/blob/e33af93ca2cc0ce771de1f12d81e828e50410135/macOS/LocalPackages/SubscriptionUI/Sources/SubscriptionUI/Resources/Localizable.xcstrings#L1679
macOS,buttons,SubscriptionUI,subscription.dialog.remove.confirm,,Remove Subscription,Button to confirm removing subscription from device,,,true,extracted_with_value,,apps/apple/macOS/LocalPackages/SubscriptionUI/Sources/SubscriptionUI/Resources/Localizable.xcstrings,1739,https://github.com/duckduckgo/apple-browsers/blob/e33af93ca2cc0ce771de1f12d81e828e50410135/macOS/LocalPackages/SubscriptionUI/Sources/SubscriptionUI/Resources/Localizable.xcstrings#L1739
macOS,buttons,SubscriptionUI,subscription.modal.restore.purchase.button,,Restore Purchase,Button for restoring past subscription purchase,,,true,extracted_with_value,,apps/apple/macOS/LocalPackages/SubscriptionUI/Sources/SubscriptionUI/Resources/Localizable.xcstrings,1919,https://github.com/duckduckgo/apple-browsers/blob/e33af93ca2cc0ce771de1f12d81e828e50410135/macOS/LocalPackages/SubscriptionUI/Sources/SubscriptionUI/Resources/Localizable.xcstrings#L1919
macOS,buttons,SubscriptionUI,subscription.preferences.button.view.all.plans,,View All Plans,Button for viewing all available subscription plans,,,true,extracted_with_value,,apps/apple/macOS/LocalPackages/SubscriptionUI/Sources/SubscriptionUI/Resources/Localizable.xcstrings,2039,https://github.com/duckduckgo/apple-browsers/blob/e33af93ca2cc0ce771de1f12d81e828e50410135/macOS/LocalPackages/SubscriptionUI/Sources/SubscriptionUI/Resources/Localizable.xcstrings#L2039
macOS,buttons,SubscriptionUI,subscription.preferences.button.view.plans,,View Plans,Button for viewing subscription plans on expired subscription,,,true,extracted_with_value,,apps/apple/macOS/LocalPackages/SubscriptionUI/Sources/SubscriptionUI/Resources/Localizable.xcstrings,2099,https://github.com/duckduckgo/apple-browsers/blob/e33af93ca2cc0ce771de1f12d81e828e50410135/macOS/LocalPackages/SubscriptionUI/Sources/SubscriptionUI/Resources/Localizable.xcstrings#L2099
macOS,buttons,SubscriptionUI,subscription.preferences.cancel.downgrade.button,,Cancel Downgrade,Button to cancel a pending downgrade of the subscription,,,true,extracted_with_value,,apps/apple/macOS/LocalPackages/SubscriptionUI/Sources/SubscriptionUI/Resources/Localizable.xcstrings,2159,https://github.com/duckduckgo/apple-browsers/blob/e33af93ca2cc0ce771de1f12d81e828e50410135/macOS/LocalPackages/SubscriptionUI/Sources/SubscriptionUI/Resources/Localizable.xcstrings#L2159
macOS,buttons,SubscriptionUI,subscription.preferences.feedback.button,,Send Feedback,Title for the subscription feedback button,,,true,extracted_with_value,,apps/apple/macOS/LocalPackages/SubscriptionUI/Sources/SubscriptionUI/Resources/Localizable.xcstrings,2219,https://github.com/duckduckgo/apple-browsers/blob/e33af93ca2cc0ce771de1f12d81e828e50410135/macOS/LocalPackages/SubscriptionUI/Sources/SubscriptionUI/Resources/Localizable.xcstrings#L2219
macOS,buttons,SubscriptionUI,subscription.preferences.i.have.a.subscription.button,,I Have a Subscription,Button enabling user to activate a subscription user bought earlier or on another device,,,true,extracted_with_value,,apps/apple/macOS/LocalPackages/SubscriptionUI/Sources/SubscriptionUI/Resources/Localizable.xcstrings,2339,https://github.com/duckduckgo/apple-browsers/blob/e33af93ca2cc0ce771de1f12d81e828e50410135/macOS/LocalPackages/SubscriptionUI/Sources/SubscriptionUI/Resources/Localizable.xcstrings#L2339
macOS,buttons,SubscriptionUI,subscription.preferences.manage.payment.or.cancel.button,,Manage Payment or Cancel,Button to manage payment or cancel subscription,,,true,extracted_with_value,,apps/apple/macOS/LocalPackages/SubscriptionUI/Sources/SubscriptionUI/Resources/Localizable.xcstrings,2459,https://github.com/duckduckgo/apple-browsers/blob/e33af93ca2cc0ce771de1f12d81e828e50410135/macOS/LocalPackages/SubscriptionUI/Sources/SubscriptionUI/Resources/Localizable.xcstrings#L2459
macOS,buttons,SubscriptionUI,subscription.preferences.manage.subscription.button,,Manage Subscription,Button to manage subscription,,,true,extracted_with_value,,apps/apple/macOS/LocalPackages/SubscriptionUI/Sources/SubscriptionUI/Resources/Localizable.xcstrings,2519,https://github.com/duckduckgo/apple-browsers/blob/e33af93ca2cc0ce771de1f12d81e828e50410135/macOS/LocalPackages/SubscriptionUI/Sources/SubscriptionUI/Resources/Localizable.xcstrings#L2519
macOS,buttons,SubscriptionUI,subscription.preferences.open.identity.theft.restoration.button,,Open Identity Theft Restoration...,Title for the preferences pane button to open Identity Theft Restoration,,,true,extracted_with_value,,apps/apple/macOS/LocalPackages/SubscriptionUI/Sources/SubscriptionUI/Resources/Localizable.xcstrings,2579,https://github.com/duckduckgo/apple-browsers/blob/e33af93ca2cc0ce771de1f12d81e828e50410135/macOS/LocalPackages/SubscriptionUI/Sources/SubscriptionUI/Resources/Localizable.xcstrings#L2579
macOS,buttons,SubscriptionUI,subscription.preferences.open.personal.information.removal.button,,Open Personal Information Removal...,Title for the preferences pane button to open Personal Information Removal,,,true,extracted_with_value,,apps/apple/macOS/LocalPackages/SubscriptionUI/Sources/SubscriptionUI/Resources/Localizable.xcstrings,2639,https://github.com/duckduckgo/apple-browsers/blob/e33af93ca2cc0ce771de1f12d81e828e50410135/macOS/LocalPackages/SubscriptionUI/Sources/SubscriptionUI/Resources/Localizable.xcstrings#L2639
macOS,buttons,SubscriptionUI,subscription.preferences.paid.ai.chat.button,,Open Duck.ai,Title for the preferences pane button to open Duck.ai Pro,,,true,extracted_with_value,,apps/apple/macOS/LocalPackages/SubscriptionUI/Sources/SubscriptionUI/Resources/Localizable.xcstrings,2759,https://github.com/duckduckgo/apple-browsers/blob/e33af93ca2cc0ce771de1f12d81e828e50410135/macOS/LocalPackages/SubscriptionUI/Sources/SubscriptionUI/Resources/Localizable.xcstrings#L2759
macOS,buttons,SubscriptionUI,subscription.preferences.privacypolicy.button,,Privacy Policy and Terms of Service,Title for the privacy policy button,,,true,extracted_with_value,,apps/apple/macOS/LocalPackages/SubscriptionUI/Sources/SubscriptionUI/Resources/Localizable.xcstrings,3119,https://github.com/duckduckgo/apple-browsers/blob/e33af93ca2cc0ce771de1f12d81e828e50410135/macOS/LocalPackages/SubscriptionUI/Sources/SubscriptionUI/Resources/Localizable.xcstrings#L3119
macOS,buttons,SubscriptionUI,subscription.preferences.purchase.button,,Subscribe to DuckDuckGo,Button to open a page where user can learn more and purchase the subscription,,,true,extracted_with_value,,apps/apple/macOS/LocalPackages/SubscriptionUI/Sources/SubscriptionUI/Resources/Localizable.xcstrings,3179,https://github.com/duckduckgo/apple-browsers/blob/e33af93ca2cc0ce771de1f12d81e828e50410135/macOS/LocalPackages/SubscriptionUI/Sources/SubscriptionUI/Resources/Localizable.xcstrings#L3179
macOS,buttons,SubscriptionUI,subscription.preferences.purchase.free-trial.button,,Try Free,Button to open a page where user can learn more and purchase the subscription,,,true,extracted_with_value,,apps/apple/macOS/LocalPackages/SubscriptionUI/Sources/SubscriptionUI/Resources/Localizable.xcstrings,3239,https://github.com/duckduckgo/apple-browsers/blob/e33af93ca2cc0ce771de1f12d81e828e50410135/macOS/LocalPackages/SubscriptionUI/Sources/SubscriptionUI/Resources/Localizable.xcstrings#L3239
macOS,buttons,SubscriptionUI,subscription.preferences.remove.from.this.device.button,,Remove From This Device,Button to remove subscription from this device,,,true,extracted_with_value,,apps/apple/macOS/LocalPackages/SubscriptionUI/Sources/SubscriptionUI/Resources/Localizable.xcstrings,3359,https://github.com/duckduckgo/apple-browsers/blob/e33af93ca2cc0ce771de1f12d81e828e50410135/macOS/LocalPackages/SubscriptionUI/Sources/SubscriptionUI/Resources/Localizable.xcstrings#L3359
macOS,buttons,SubscriptionUI,subscription.preferences.services.identity.theft.restoration.button.title,,View,Title for the Identity Theft Restoration service button to open its settings,,,true,extracted_with_value,,apps/apple/macOS/LocalPackages/SubscriptionUI/Sources/SubscriptionUI/Resources/Localizable.xcstrings,3419,https://github.com/duckduckgo/apple-browsers/blob/e33af93ca2cc0ce771de1f12d81e828e50410135/macOS/LocalPackages/SubscriptionUI/Sources/SubscriptionUI/Resources/Localizable.xcstrings#L3419
macOS,buttons,SubscriptionUI,subscription.preferences.services.personal.information.removal.button.title,,Open,Title for the Personal Information Removal service button to open its settings,,,true,extracted_with_value,,apps/apple/macOS/LocalPackages/SubscriptionUI/Sources/SubscriptionUI/Resources/Localizable.xcstrings,3719,https://github.com/duckduckgo/apple-browsers/blob/e33af93ca2cc0ce771de1f12d81e828e50410135/macOS/LocalPackages/SubscriptionUI/Sources/SubscriptionUI/Resources/Localizable.xcstrings#L3719
macOS,buttons,SubscriptionUI,subscription.preferences.services.vpn.button.title,,Open,Title for the VPN service button to open its settings,,,true,extracted_with_value,,apps/apple/macOS/LocalPackages/SubscriptionUI/Sources/SubscriptionUI/Resources/Localizable.xcstrings,3899,https://github.com/duckduckgo/apple-browsers/blob/e33af93ca2cc0ce771de1f12d81e828e50410135/macOS/LocalPackages/SubscriptionUI/Sources/SubscriptionUI/Resources/Localizable.xcstrings#L3899
macOS,buttons,SubscriptionUI,subscription.preferences.subscription.activate.edit.email.button,,Edit,Button for editing email address added to subscription,,,true,extracted_with_value,,apps/apple/macOS/LocalPackages/SubscriptionUI/Sources/SubscriptionUI/Resources/Localizable.xcstrings,4085,https://github.com/duckduckgo/apple-browsers/blob/e33af93ca2cc0ce771de1f12d81e828e50410135/macOS/LocalPackages/SubscriptionUI/Sources/SubscriptionUI/Resources/Localizable.xcstrings#L4085
macOS,buttons,SubscriptionUI,subscription.preferences.subscription.activate.learn.more.button,,Learn More,Button that opens help pages explaining subscription activation via email,,,true,extracted_with_value,,apps/apple/macOS/LocalPackages/SubscriptionUI/Sources/SubscriptionUI/Resources/Localizable.xcstrings,4145,https://github.com/duckduckgo/apple-browsers/blob/e33af93ca2cc0ce771de1f12d81e828e50410135/macOS/LocalPackages/SubscriptionUI/Sources/SubscriptionUI/Resources/Localizable.xcstrings#L4145
macOS,buttons,SubscriptionUI,subscription.preferences.subscription.add.to.device.button.title,,Add to Device...,Button for adding subscription to other devices,,,true,extracted_with_value,,apps/apple/macOS/LocalPackages/SubscriptionUI/Sources/SubscriptionUI/Resources/Localizable.xcstrings,4745,https://github.com/duckduckgo/apple-browsers/blob/e33af93ca2cc0ce771de1f12d81e828e50410135/macOS/LocalPackages/SubscriptionUI/Sources/SubscriptionUI/Resources/Localizable.xcstrings#L4745
macOS,buttons,SubscriptionUI,subscription.preferences.update.plan.or.cancel.button,,Update Plan or Cancel,Button to update subscription plan or cancel,,,true,extracted_with_value,,apps/apple/macOS/LocalPackages/SubscriptionUI/Sources/SubscriptionUI/Resources/Localizable.xcstrings,6185,https://github.com/duckduckgo/apple-browsers/blob/e33af93ca2cc0ce771de1f12d81e828e50410135/macOS/LocalPackages/SubscriptionUI/Sources/SubscriptionUI/Resources/Localizable.xcstrings#L6185
macOS,buttons,SubscriptionUI,subscription.preferences.view.faqs.button,,FAQs and Support,Button to open page for FAQs,,,true,extracted_with_value,,apps/apple/macOS/LocalPackages/SubscriptionUI/Sources/SubscriptionUI/Resources/Localizable.xcstrings,6245,https://github.com/duckduckgo/apple-browsers/blob/e33af93ca2cc0ce771de1f12d81e828e50410135/macOS/LocalPackages/SubscriptionUI/Sources/SubscriptionUI/Resources/Localizable.xcstrings#L6245
macOS,buttons,SubscriptionUI,subscription.upgrade.button,,Upgrade to %@,"Button to upgrade subscription. Parameter is the tier name (e.g., 'Pro')",,%@,true,extracted_with_value,,apps/apple/macOS/LocalPackages/SubscriptionUI/Sources/SubscriptionUI/Resources/Localizable.xcstrings,6305,https://github.com/duckduckgo/apple-browsers/blob/e33af93ca2cc0ce771de1f12d81e828e50410135/macOS/LocalPackages/SubscriptionUI/Sources/SubscriptionUI/Resources/Localizable.xcstrings#L6305
macOS,buttons,SubscriptionUI,win-back.campaign.logged-in.preferences.cta,,Resubscribe and Save 25%,CTA of the message displayed for logged in users to resubscribe during the win-back campaign,,,true,extracted_with_value,,apps/apple/macOS/LocalPackages/SubscriptionUI/Sources/SubscriptionUI/Resources/Localizable.xcstrings,6425,https://github.com/duckduckgo/apple-browsers/blob/e33af93ca2cc0ce771de1f12d81e828e50410135/macOS/LocalPackages/SubscriptionUI/Sources/SubscriptionUI/Resources/Localizable.xcstrings#L6425
macOS,buttons,SubscriptionUI,win-back.campaign.logged-out.preferences.cta,,See Offer,CTA of the message displayed for logged out users to resubscribe during the win-back campaign,,,true,extracted_with_value,,apps/apple/macOS/LocalPackages/SubscriptionUI/Sources/SubscriptionUI/Resources/Localizable.xcstrings,6545,https://github.com/duckduckgo/apple-browsers/blob/e33af93ca2cc0ce771de1f12d81e828e50410135/macOS/LocalPackages/SubscriptionUI/Sources/SubscriptionUI/Resources/Localizable.xcstrings#L6545
macOS,buttons,SubscriptionUI,win-back.campaign.logged-out.preferences.existing.subscription.button,,I Have a Subscription,Button for logged out users to resubscribe during the win-back campaign,,,true,extracted_with_value,,apps/apple/macOS/LocalPackages/SubscriptionUI/Sources/SubscriptionUI/Resources/Localizable.xcstrings,6605,https://github.com/duckduckgo/apple-browsers/blob/e33af93ca2cc0ce771de1f12d81e828e50410135/macOS/LocalPackages/SubscriptionUI/Sources/SubscriptionUI/Resources/Localizable.xcstrings#L6605
macOS,buttons,SyncUI-macOS,alert.sync-already-paired-with-account-button,,Got It,Button title for Sync error shown when both devices are already paired with the same account,,,true,extracted_with_value,,apps/apple/macOS/LocalPackages/SyncUI-macOS/Sources/SyncUI-macOS/Resources/Localizable.xcstrings,122,https://github.com/duckduckgo/apple-browsers/blob/e33af93ca2cc0ce771de1f12d81e828e50410135/macOS/LocalPackages/SyncUI-macOS/Sources/SyncUI-macOS/Resources/Localizable.xcstrings#L122
macOS,buttons,SyncUI-macOS,alert.sync-cancelled-from-other-device-button,,Got It,Button title for Sync error shown when setup is canceled from the other device,,,true,extracted_with_value,,apps/apple/macOS/LocalPackages/SyncUI-macOS/Sources/SyncUI-macOS/Resources/Localizable.xcstrings,302,https://github.com/duckduckgo/apple-browsers/blob/e33af93ca2cc0ce771de1f12d81e828e50410135/macOS/LocalPackages/SyncUI-macOS/Sources/SyncUI-macOS/Resources/Localizable.xcstrings#L302
macOS,buttons,SyncUI-macOS,alert.sync-device-auth-error-button,,Go to Settings,Button Title of an error alert,,,true,extracted_with_value,,apps/apple/macOS/LocalPackages/SyncUI-macOS/Sources/SyncUI-macOS/Resources/Localizable.xcstrings,662,https://github.com/duckduckgo/apple-browsers/blob/e33af93ca2cc0ce771de1f12d81e828e50410135/macOS/LocalPackages/SyncUI-macOS/Sources/SyncUI-macOS/Resources/Localizable.xcstrings#L662
macOS,buttons,SyncUI-macOS,alert.sync-setup-error-got-it-button,,Got It,Button title for Sync setup error alerts,,,true,extracted_with_value,,apps/apple/macOS/LocalPackages/SyncUI-macOS/Sources/SyncUI-macOS/Resources/Localizable.xcstrings,962,https://github.com/duckduckgo/apple-browsers/blob/e33af93ca2cc0ce771de1f12d81e828e50410135/macOS/LocalPackages/SyncUI-macOS/Sources/SyncUI-macOS/Resources/Localizable.xcstrings#L962
macOS,buttons,SyncUI-macOS,alert.sync-switch-account-button,,Switch to a different Sync?,Switch account title in alert,,,true,extracted_with_value,,apps/apple/macOS/LocalPackages/SyncUI-macOS/Sources/SyncUI-macOS/Resources/Localizable.xcstrings,1022,https://github.com/duckduckgo/apple-browsers/blob/e33af93ca2cc0ce771de1f12d81e828e50410135/macOS/LocalPackages/SyncUI-macOS/Sources/SyncUI-macOS/Resources/Localizable.xcstrings#L1022
macOS,buttons,SyncUI-macOS,alert.sync-switch-sync-button,,Switch Sync,Switch account button in alert,,,true,extracted_with_value,,apps/apple/macOS/LocalPackages/SyncUI-macOS/Sources/SyncUI-macOS/Resources/Localizable.xcstrings,1142,https://github.com/duckduckgo/apple-browsers/blob/e33af93ca2cc0ce771de1f12d81e828e50410135/macOS/LocalPackages/SyncUI-macOS/Sources/SyncUI-macOS/Resources/Localizable.xcstrings#L1142
macOS,buttons,SyncUI-macOS,cancel,,Cancel,Cancel button,,,true,extracted_with_value,,apps/apple/macOS/LocalPackages/SyncUI-macOS/Sources/SyncUI-macOS/Resources/Localizable.xcstrings,1862,https://github.com/duckduckgo/apple-browsers/blob/e33af93ca2cc0ce771de1f12d81e828e50410135/macOS/LocalPackages/SyncUI-macOS/Sources/SyncUI-macOS/Resources/Localizable.xcstrings#L1862
macOS,buttons,SyncUI-macOS,copy,,Copy,Copy button,,,true,extracted_with_value,,apps/apple/macOS/LocalPackages/SyncUI-macOS/Sources/SyncUI-macOS/Resources/Localizable.xcstrings,1922,https://github.com/duckduckgo/apple-browsers/blob/e33af93ca2cc0ce771de1f12d81e828e50410135/macOS/LocalPackages/SyncUI-macOS/Sources/SyncUI-macOS/Resources/Localizable.xcstrings#L1922
macOS,buttons,SyncUI-macOS,done,,Done,Done button,,,true,extracted_with_value,,apps/apple/macOS/LocalPackages/SyncUI-macOS/Sources/SyncUI-macOS/Resources/Localizable.xcstrings,1982,https://github.com/duckduckgo/apple-browsers/blob/e33af93ca2cc0ce771de1f12d81e828e50410135/macOS/LocalPackages/SyncUI-macOS/Sources/SyncUI-macOS/Resources/Localizable.xcstrings#L1982
macOS,buttons,SyncUI-macOS,next,,Next,Next button,,,true,extracted_with_value,,apps/apple/macOS/LocalPackages/SyncUI-macOS/Sources/SyncUI-macOS/Resources/Localizable.xcstrings,2042,https://github.com/duckduckgo/apple-browsers/blob/e33af93ca2cc0ce771de1f12d81e828e50410135/macOS/LocalPackages/SyncUI-macOS/Sources/SyncUI-macOS/Resources/Localizable.xcstrings#L2042
macOS,buttons,SyncUI-macOS,notnow,,Not Now,Not Now button,,,true,extracted_with_value,,apps/apple/macOS/LocalPackages/SyncUI-macOS/Sources/SyncUI-macOS/Resources/Localizable.xcstrings,2102,https://github.com/duckduckgo/apple-browsers/blob/e33af93ca2cc0ce771de1f12d81e828e50410135/macOS/LocalPackages/SyncUI-macOS/Sources/SyncUI-macOS/Resources/Localizable.xcstrings#L2102
macOS,buttons,SyncUI-macOS,ok,,OK,OK button,,,true,extracted_with_value,,apps/apple/macOS/LocalPackages/SyncUI-macOS/Sources/SyncUI-macOS/Resources/Localizable.xcstrings,2162,https://github.com/duckduckgo/apple-browsers/blob/e33af93ca2cc0ce771de1f12d81e828e50410135/macOS/LocalPackages/SyncUI-macOS/Sources/SyncUI-macOS/Resources/Localizable.xcstrings#L2162
macOS,buttons,SyncUI-macOS,paste,,Paste,Paste button,,,true,extracted_with_value,,apps/apple/macOS/LocalPackages/SyncUI-macOS/Sources/SyncUI-macOS/Resources/Localizable.xcstrings,2222,https://github.com/duckduckgo/apple-browsers/blob/e33af93ca2cc0ce771de1f12d81e828e50410135/macOS/LocalPackages/SyncUI-macOS/Sources/SyncUI-macOS/Resources/Localizable.xcstrings#L2222
macOS,buttons,SyncUI-macOS,paste-from-clipboard,,Paste from Clipboard,Paste from Clipboard button,,,true,extracted_with_value,,apps/apple/macOS/LocalPackages/SyncUI-macOS/Sources/SyncUI-macOS/Resources/Localizable.xcstrings,2282,https://github.com/duckduckgo/apple-browsers/blob/e33af93ca2cc0ce771de1f12d81e828e50410135/macOS/LocalPackages/SyncUI-macOS/Sources/SyncUI-macOS/Resources/Localizable.xcstrings#L2282
macOS,buttons,SyncUI-macOS,preferences.begin-sync-v2.card-button,,Sync With Another Device,Button text on the Begin Syncing card in sync settings (V2),,,true,extracted_with_value,,apps/apple/macOS/LocalPackages/SyncUI-macOS/Sources/SyncUI-macOS/Resources/Localizable.xcstrings,2342,https://github.com/duckduckgo/apple-browsers/blob/e33af93ca2cc0ce771de1f12d81e828e50410135/macOS/LocalPackages/SyncUI-macOS/Sources/SyncUI-macOS/Resources/Localizable.xcstrings#L2342
macOS,buttons,SyncUI-macOS,preferences.begin-sync.card-button,,Sync With Another Device,Button text on the Begin Syncing card in sync settings,,,true,extracted_with_value,,apps/apple/macOS/LocalPackages/SyncUI-macOS/Sources/SyncUI-macOS/Resources/Localizable.xcstrings,2582,https://github.com/duckduckgo/apple-browsers/blob/e33af93ca2cc0ce771de1f12d81e828e50410135/macOS/LocalPackages/SyncUI-macOS/Sources/SyncUI-macOS/Resources/Localizable.xcstrings#L2582
macOS,buttons,SyncUI-macOS,preferences.enter-recovery-code.dialog-action1,,Paste Code Here,Sync enter recovery code dialog first possible action,,,true,extracted_with_value,,apps/apple/macOS/LocalPackages/SyncUI-macOS/Sources/SyncUI-macOS/Resources/Localizable.xcstrings,2882,https://github.com/duckduckgo/apple-browsers/blob/e33af93ca2cc0ce771de1f12d81e828e50410135/macOS/LocalPackages/SyncUI-macOS/Sources/SyncUI-macOS/Resources/Localizable.xcstrings#L2882
macOS,buttons,SyncUI-macOS,preferences.enter-recovery-code.dialog-action2,,or scan QR code with a device that is still connected,Sync enter recovery code dialog second possible action,,,true,extracted_with_value,,apps/apple/macOS/LocalPackages/SyncUI-macOS/Sources/SyncUI-macOS/Resources/Localizable.xcstrings,2942,https://github.com/duckduckgo/apple-browsers/blob/e33af93ca2cc0ce771de1f12d81e828e50410135/macOS/LocalPackages/SyncUI-macOS/Sources/SyncUI-macOS/Resources/Localizable.xcstrings#L2942
macOS,buttons,SyncUI-macOS,preferences.preparing-to-sync-v2.dialog-action,,Connecting...,Status text while preparing to sync (V2),,,true,extracted_with_value,,apps/apple/macOS/LocalPackages/SyncUI-macOS/Sources/SyncUI-macOS/Resources/Localizable.xcstrings,3242,https://github.com/duckduckgo/apple-browsers/blob/e33af93ca2cc0ce771de1f12d81e828e50410135/macOS/LocalPackages/SyncUI-macOS/Sources/SyncUI-macOS/Resources/Localizable.xcstrings#L3242
macOS,buttons,SyncUI-macOS,preferences.preparing-to-sync.dialog-action,,Connecting…,Sync preparing to sync dialog action,,,true,extracted_with_value,,apps/apple/macOS/LocalPackages/SyncUI-macOS/Sources/SyncUI-macOS/Resources/Localizable.xcstrings,3362,https://github.com/duckduckgo/apple-browsers/blob/e33af93ca2cc0ce771de1f12d81e828e50410135/macOS/LocalPackages/SyncUI-macOS/Sources/SyncUI-macOS/Resources/Localizable.xcstrings#L3362
macOS,buttons,SyncUI-macOS,preferences.recover-synced-data-v2.button,,I Have a Recovery Code,Button to recover synced data with a recovery code in sync settings (V2),,,true,extracted_with_value,,apps/apple/macOS/LocalPackages/SyncUI-macOS/Sources/SyncUI-macOS/Resources/Localizable.xcstrings,3722,https://github.com/duckduckgo/apple-browsers/blob/e33af93ca2cc0ce771de1f12d81e828e50410135/macOS/LocalPackages/SyncUI-macOS/Sources/SyncUI-macOS/Resources/Localizable.xcstrings#L3722
macOS,buttons,SyncUI-macOS,preferences.recover-synced-data.dialog-button,,Get Started,Sync recover synced data dialog button,,,true,extracted_with_value,,apps/apple/macOS/LocalPackages/SyncUI-macOS/Sources/SyncUI-macOS/Resources/Localizable.xcstrings,3842,https://github.com/duckduckgo/apple-browsers/blob/e33af93ca2cc0ce771de1f12d81e828e50410135/macOS/LocalPackages/SyncUI-macOS/Sources/SyncUI-macOS/Resources/Localizable.xcstrings#L3842
macOS,buttons,SyncUI-macOS,preferences.sync.another-device-prompt-v2.another-device-button,,Sync With Another Device,Button to continue to the pairing screen to sync with another device (V2),,,true,extracted_with_value,,apps/apple/macOS/LocalPackages/SyncUI-macOS/Sources/SyncUI-macOS/Resources/Localizable.xcstrings,4322,https://github.com/duckduckgo/apple-browsers/blob/e33af93ca2cc0ce771de1f12d81e828e50410135/macOS/LocalPackages/SyncUI-macOS/Sources/SyncUI-macOS/Resources/Localizable.xcstrings#L4322
macOS,buttons,SyncUI-macOS,preferences.sync.another-device-prompt-v2.this-device-only-button,,Sync This Device Only,"Button to enable Sync & Backup on the current device only, without pairing another device (V2)",,,true,extracted_with_value,,apps/apple/macOS/LocalPackages/SyncUI-macOS/Sources/SyncUI-macOS/Resources/Localizable.xcstrings,4442,https://github.com/duckduckgo/apple-browsers/blob/e33af93ca2cc0ce771de1f12d81e828e50410135/macOS/LocalPackages/SyncUI-macOS/Sources/SyncUI-macOS/Resources/Localizable.xcstrings#L4442
macOS,buttons,SyncUI-macOS,preferences.sync.authentication-cancelled-v2.close-button,,Close,Button to dismiss the alert shown when the user cancels the device authentication prompt while setting up Sync (V2),,,true,extracted_with_value,,apps/apple/macOS/LocalPackages/SyncUI-macOS/Sources/SyncUI-macOS/Resources/Localizable.xcstrings,4562,https://github.com/duckduckgo/apple-browsers/blob/e33af93ca2cc0ce771de1f12d81e828e50410135/macOS/LocalPackages/SyncUI-macOS/Sources/SyncUI-macOS/Resources/Localizable.xcstrings#L4562
macOS,buttons,SyncUI-macOS,preferences.sync.authentication-cancelled-v2.try-again-button,,Try Again,Button to retry device authentication from the alert shown when the user cancels the device authentication prompt while setting up Sync (V2),,,true,extracted_with_value,,apps/apple/macOS/LocalPackages/SyncUI-macOS/Sources/SyncUI-macOS/Resources/Localizable.xcstrings,4742,https://github.com/duckduckgo/apple-browsers/blob/e33af93ca2cc0ce771de1f12d81e828e50410135/macOS/LocalPackages/SyncUI-macOS/Sources/SyncUI-macOS/Resources/Localizable.xcstrings#L4742
macOS,buttons,SyncUI-macOS,preferences.sync.delete-account-v2.button,,Delete Server Data,Button that confirms turning Sync off and deleting the server data (V2),,,true,extracted_with_value,,apps/apple/macOS/LocalPackages/SyncUI-macOS/Sources/SyncUI-macOS/Resources/Localizable.xcstrings,5102,https://github.com/duckduckgo/apple-browsers/blob/e33af93ca2cc0ce771de1f12d81e828e50410135/macOS/LocalPackages/SyncUI-macOS/Sources/SyncUI-macOS/Resources/Localizable.xcstrings#L5102
macOS,buttons,SyncUI-macOS,preferences.sync.device-details-v2.close-button,,Close,Button that dismisses the details dialog of another synced device (V2),,,true,extracted_with_value,,apps/apple/macOS/LocalPackages/SyncUI-macOS/Sources/SyncUI-macOS/Resources/Localizable.xcstrings,5282,https://github.com/duckduckgo/apple-browsers/blob/e33af93ca2cc0ce771de1f12d81e828e50410135/macOS/LocalPackages/SyncUI-macOS/Sources/SyncUI-macOS/Resources/Localizable.xcstrings#L5282
macOS,buttons,SyncUI-macOS,preferences.sync.device-details-v2.done-button,,Done,Button that saves the device name and dismisses the device details dialog (V2),,,true,extracted_with_value,,apps/apple/macOS/LocalPackages/SyncUI-macOS/Sources/SyncUI-macOS/Resources/Localizable.xcstrings,5342,https://github.com/duckduckgo/apple-browsers/blob/e33af93ca2cc0ce771de1f12d81e828e50410135/macOS/LocalPackages/SyncUI-macOS/Sources/SyncUI-macOS/Resources/Localizable.xcstrings#L5342
macOS,buttons,SyncUI-macOS,preferences.sync.device-details-v2.remove-device-button,,Remove Device,"Button that removes another synced device, on the device details dialog (V2)",,,true,extracted_with_value,,apps/apple/macOS/LocalPackages/SyncUI-macOS/Sources/SyncUI-macOS/Resources/Localizable.xcstrings,5462,https://github.com/duckduckgo/apple-browsers/blob/e33af93ca2cc0ce771de1f12d81e828e50410135/macOS/LocalPackages/SyncUI-macOS/Sources/SyncUI-macOS/Resources/Localizable.xcstrings#L5462
macOS,buttons,SyncUI-macOS,preferences.sync.device-details-v2.turn-off-sync-button,,Turn Off Sync & Backup,"Button that turns Sync & Backup off for the current device, on the device details dialog (V2)",,,true,extracted_with_value,,apps/apple/macOS/LocalPackages/SyncUI-macOS/Sources/SyncUI-macOS/Resources/Localizable.xcstrings,5582,https://github.com/duckduckgo/apple-browsers/blob/e33af93ca2cc0ce771de1f12d81e828e50410135/macOS/LocalPackages/SyncUI-macOS/Sources/SyncUI-macOS/Resources/Localizable.xcstrings#L5582
macOS,buttons,SyncUI-macOS,preferences.sync.download-recovery-code-v2,,Download Recovery Code,Button to download the recovery code in sync settings (V2),,,true,extracted_with_value,,apps/apple/macOS/LocalPackages/SyncUI-macOS/Sources/SyncUI-macOS/Resources/Localizable.xcstrings,5642,https://github.com/duckduckgo/apple-browsers/blob/e33af93ca2cc0ce771de1f12d81e828e50410135/macOS/LocalPackages/SyncUI-macOS/Sources/SyncUI-macOS/Resources/Localizable.xcstrings#L5642
macOS,buttons,SyncUI-macOS,preferences.sync.remove-device,,Remove...,Button to remove a device,,,true,extracted_with_value,,apps/apple/macOS/LocalPackages/SyncUI-macOS/Sources/SyncUI-macOS/Resources/Localizable.xcstrings,6182,https://github.com/duckduckgo/apple-browsers/blob/e33af93ca2cc0ce771de1f12d81e828e50410135/macOS/LocalPackages/SyncUI-macOS/Sources/SyncUI-macOS/Resources/Localizable.xcstrings#L6182
macOS,buttons,SyncUI-macOS,preferences.sync.remove-device-button,,Remove Device,Button text on remove a device confirmation button,,,true,extracted_with_value,,apps/apple/macOS/LocalPackages/SyncUI-macOS/Sources/SyncUI-macOS/Resources/Localizable.xcstrings,6242,https://github.com/duckduckgo/apple-browsers/blob/e33af93ca2cc0ce771de1f12d81e828e50410135/macOS/LocalPackages/SyncUI-macOS/Sources/SyncUI-macOS/Resources/Localizable.xcstrings#L6242
macOS,buttons,SyncUI-macOS,preferences.sync.remove-device-v2.button,,Remove Device,Button that confirms removing a synced device (V2),,,true,extracted_with_value,,apps/apple/macOS/LocalPackages/SyncUI-macOS/Sources/SyncUI-macOS/Resources/Localizable.xcstrings,6422,https://github.com/duckduckgo/apple-browsers/blob/e33af93ca2cc0ce771de1f12d81e828e50410135/macOS/LocalPackages/SyncUI-macOS/Sources/SyncUI-macOS/Resources/Localizable.xcstrings#L6422
macOS,buttons,SyncUI-macOS,preferences.sync.single-device-setup.action,,Sync & Back Up This Device Only,Button to turn on sync and backup for a single device,,,true,extracted_with_value,,apps/apple/macOS/LocalPackages/SyncUI-macOS/Sources/SyncUI-macOS/Resources/Localizable.xcstrings,6782,https://github.com/duckduckgo/apple-browsers/blob/e33af93ca2cc0ce771de1f12d81e828e50410135/macOS/LocalPackages/SyncUI-macOS/Sources/SyncUI-macOS/Resources/Localizable.xcstrings#L6782
macOS,buttons,SyncUI-macOS,preferences.sync.success-v2.copied-code-button,,Copied,Confirmation shown on the copy button after copying the recovery code in the Sync success dialog (V2),,,true,extracted_with_value,,apps/apple/macOS/LocalPackages/SyncUI-macOS/Sources/SyncUI-macOS/Resources/Localizable.xcstrings,6842,https://github.com/duckduckgo/apple-browsers/blob/e33af93ca2cc0ce771de1f12d81e828e50410135/macOS/LocalPackages/SyncUI-macOS/Sources/SyncUI-macOS/Resources/Localizable.xcstrings#L6842
macOS,buttons,SyncUI-macOS,preferences.sync.success-v2.copy-code-button,,Copy Code,Button to copy the recovery code in the Sync success dialog (V2),,,true,extracted_with_value,,apps/apple/macOS/LocalPackages/SyncUI-macOS/Sources/SyncUI-macOS/Resources/Localizable.xcstrings,6902,https://github.com/duckduckgo/apple-browsers/blob/e33af93ca2cc0ce771de1f12d81e828e50410135/macOS/LocalPackages/SyncUI-macOS/Sources/SyncUI-macOS/Resources/Localizable.xcstrings#L6902
macOS,buttons,SyncUI-macOS,preferences.sync.success-v2.download-pdf-button,,Download as PDF,Button to download the recovery code as a PDF in the Sync success dialog (V2),,,true,extracted_with_value,,apps/apple/macOS/LocalPackages/SyncUI-macOS/Sources/SyncUI-macOS/Resources/Localizable.xcstrings,7022,https://github.com/duckduckgo/apple-browsers/blob/e33af93ca2cc0ce771de1f12d81e828e50410135/macOS/LocalPackages/SyncUI-macOS/Sources/SyncUI-macOS/Resources/Localizable.xcstrings#L7022
macOS,buttons,SyncUI-macOS,preferences.sync.sync-with-another-device-v2.paste-code,,Paste Code,Button that pastes a sync code from the clipboard (V2),,,true,extracted_with_value,,apps/apple/macOS/LocalPackages/SyncUI-macOS/Sources/SyncUI-macOS/Resources/Localizable.xcstrings,7682,https://github.com/duckduckgo/apple-browsers/blob/e33af93ca2cc0ce771de1f12d81e828e50410135/macOS/LocalPackages/SyncUI-macOS/Sources/SyncUI-macOS/Resources/Localizable.xcstrings#L7682
macOS,buttons,SyncUI-macOS,preferences.sync.sync-with-another-device.enter-code-button,,Enter Code,Text on enter code button on Sync with another device dialog,,,true,extracted_with_value,,apps/apple/macOS/LocalPackages/SyncUI-macOS/Sources/SyncUI-macOS/Resources/Localizable.xcstrings,8522,https://github.com/duckduckgo/apple-browsers/blob/e33af93ca2cc0ce771de1f12d81e828e50410135/macOS/LocalPackages/SyncUI-macOS/Sources/SyncUI-macOS/Resources/Localizable.xcstrings#L8522
macOS,buttons,SyncUI-macOS,preferences.sync.sync-with-another-device.scan-qr-code-button,,Scan This QR Code,Text on scan QR code button on Sync with another device dialog,,,true,extracted_with_value,,apps/apple/macOS/LocalPackages/SyncUI-macOS/Sources/SyncUI-macOS/Resources/Localizable.xcstrings,8642,https://github.com/duckduckgo/apple-browsers/blob/e33af93ca2cc0ce771de1f12d81e828e50410135/macOS/LocalPackages/SyncUI-macOS/Sources/SyncUI-macOS/Resources/Localizable.xcstrings#L8642
macOS,buttons,SyncUI-macOS,preferences.sync.sync-with-another-device.show-code-button,,Show Code,Text on show code button on Sync with another device dialog,,,true,extracted_with_value,,apps/apple/macOS/LocalPackages/SyncUI-macOS/Sources/SyncUI-macOS/Resources/Localizable.xcstrings,8702,https://github.com/duckduckgo/apple-browsers/blob/e33af93ca2cc0ce771de1f12d81e828e50410135/macOS/LocalPackages/SyncUI-macOS/Sources/SyncUI-macOS/Resources/Localizable.xcstrings#L8702
macOS,buttons,SyncUI-macOS,preferences.sync.sync-with-another-device.show-qr-code-button,,Scan This QR Code,Text on scan QR code button on Sync with another device dialog,,,true,stale,,apps/apple/macOS/LocalPackages/SyncUI-macOS/Sources/SyncUI-macOS/Resources/Localizable.xcstrings,8882,https://github.com/duckduckgo/apple-browsers/blob/e33af93ca2cc0ce771de1f12d81e828e50410135/macOS/LocalPackages/SyncUI-macOS/Sources/SyncUI-macOS/Resources/Localizable.xcstrings#L8882
macOS,buttons,SyncUI-macOS,preferences.sync.sync-with-server-button,,Turn On Sync & Backup,Sync with server dialog button,,,true,extracted_with_value,,apps/apple/macOS/LocalPackages/SyncUI-macOS/Sources/SyncUI-macOS/Resources/Localizable.xcstrings,9722,https://github.com/duckduckgo/apple-browsers/blob/e33af93ca2cc0ce771de1f12d81e828e50410135/macOS/LocalPackages/SyncUI-macOS/Sources/SyncUI-macOS/Resources/Localizable.xcstrings#L9722
macOS,buttons,SyncUI-macOS,preferences.sync.turn-off,,Turn Off,Turn off sync confirmation dialog button title,,,true,extracted_with_value,,apps/apple/macOS/LocalPackages/SyncUI-macOS/Sources/SyncUI-macOS/Resources/Localizable.xcstrings,10142,https://github.com/duckduckgo/apple-browsers/blob/e33af93ca2cc0ce771de1f12d81e828e50410135/macOS/LocalPackages/SyncUI-macOS/Sources/SyncUI-macOS/Resources/Localizable.xcstrings#L10142
macOS,buttons,SyncUI-macOS,preferences.sync.turn-off-and-delete-data,,Turn Off and Delete Server Data…,Disable and delete data sync button caption,,,true,extracted_with_value,,apps/apple/macOS/LocalPackages/SyncUI-macOS/Sources/SyncUI-macOS/Resources/Localizable.xcstrings,10202,https://github.com/duckduckgo/apple-browsers/blob/e33af93ca2cc0ce771de1f12d81e828e50410135/macOS/LocalPackages/SyncUI-macOS/Sources/SyncUI-macOS/Resources/Localizable.xcstrings#L10202
macOS,buttons,SyncUI-macOS,preferences.sync.turn-off-and-delete-data-v2,,Turn Off and Delete Server Data,Disable and delete data sync button caption,,,true,extracted_with_value,,apps/apple/macOS/LocalPackages/SyncUI-macOS/Sources/SyncUI-macOS/Resources/Localizable.xcstrings,10262,https://github.com/duckduckgo/apple-browsers/blob/e33af93ca2cc0ce771de1f12d81e828e50410135/macOS/LocalPackages/SyncUI-macOS/Sources/SyncUI-macOS/Resources/Localizable.xcstrings#L10262
macOS,buttons,SyncUI-macOS,preferences.sync.turn-off.ellipsis,,Turn Off Sync…,Disable sync button caption,,,true,extracted_with_value,,apps/apple/macOS/LocalPackages/SyncUI-macOS/Sources/SyncUI-macOS/Resources/Localizable.xcstrings,10442,https://github.com/duckduckgo/apple-browsers/blob/e33af93ca2cc0ce771de1f12d81e828e50410135/macOS/LocalPackages/SyncUI-macOS/Sources/SyncUI-macOS/Resources/Localizable.xcstrings#L10442
macOS,buttons,SyncUI-macOS,prefrences.sync.bookmarks-limit-exceeded-action,,Manage Bookmarks,Button title for sync bookmarks limits exceeded warning to go to manage bookmarks,,,true,extracted_with_value,,apps/apple/macOS/LocalPackages/SyncUI-macOS/Sources/SyncUI-macOS/Resources/Localizable.xcstrings,10502,https://github.com/duckduckgo/apple-browsers/blob/e33af93ca2cc0ce771de1f12d81e828e50410135/macOS/LocalPackages/SyncUI-macOS/Sources/SyncUI-macOS/Resources/Localizable.xcstrings#L10502
macOS,buttons,SyncUI-macOS,prefrences.sync.credentials-limit-exceeded-action,,Manage passwords…,Button title for sync credentials limits exceeded warning to go to manage passwords,,,true,extracted_with_value,,apps/apple/macOS/LocalPackages/SyncUI-macOS/Sources/SyncUI-macOS/Resources/Localizable.xcstrings,10622,https://github.com/duckduckgo/apple-browsers/blob/e33af93ca2cc0ce771de1f12d81e828e50410135/macOS/LocalPackages/SyncUI-macOS/Sources/SyncUI-macOS/Resources/Localizable.xcstrings#L10622
macOS,buttons,SyncUI-macOS,prefrences.sync.credit-cards-limit-exceeded-action,,Manage credit cards…,Button title for sync credit cards limits exceeded warning to go to manage payment methods,,,true,extracted_with_value,,apps/apple/macOS/LocalPackages/SyncUI-macOS/Sources/SyncUI-macOS/Resources/Localizable.xcstrings,10742,https://github.com/duckduckgo/apple-browsers/blob/e33af93ca2cc0ce771de1f12d81e828e50410135/macOS/LocalPackages/SyncUI-macOS/Sources/SyncUI-macOS/Resources/Localizable.xcstrings#L10742
macOS,buttons,SyncUI-macOS,prefrences.sync.delete-account.button,,Delete Data,Label for delete account button,,,true,extracted_with_value,,apps/apple/macOS/LocalPackages/SyncUI-macOS/Sources/SyncUI-macOS/Resources/Localizable.xcstrings,10802,https://github.com/duckduckgo/apple-browsers/blob/e33af93ca2cc0ce771de1f12d81e828e50410135/macOS/LocalPackages/SyncUI-macOS/Sources/SyncUI-macOS/Resources/Localizable.xcstrings#L10802
macOS,buttons,SyncUI-macOS,prefrences.sync.identities-limit-exceeded-action,,Manage identities…,Button title for sync identities limits exceeded warning to go to manage identities,,,true,extracted_with_value,,apps/apple/macOS/LocalPackages/SyncUI-macOS/Sources/SyncUI-macOS/Resources/Localizable.xcstrings,11462,https://github.com/duckduckgo/apple-browsers/blob/e33af93ca2cc0ce771de1f12d81e828e50410135/macOS/LocalPackages/SyncUI-macOS/Sources/SyncUI-macOS/Resources/Localizable.xcstrings#L11462
macOS,buttons,SyncUI-macOS,prefrences.sync.keep-favicons-updated,,Keep Bookmarks Icons Updated,Title of the confirmation button for favicons fetching,,,true,extracted_with_value,,apps/apple/macOS/LocalPackages/SyncUI-macOS/Sources/SyncUI-macOS/Resources/Localizable.xcstrings,12242,https://github.com/duckduckgo/apple-browsers/blob/e33af93ca2cc0ce771de1f12d81e828e50410135/macOS/LocalPackages/SyncUI-macOS/Sources/SyncUI-macOS/Resources/Localizable.xcstrings#L12242
macOS,buttons,SyncUI-macOS,prefrences.sync.recovery-pdf-copy-code-button,,Copy Code,Sync recovery PDF copy code button,,,true,extracted_with_value,,apps/apple/macOS/LocalPackages/SyncUI-macOS/Sources/SyncUI-macOS/Resources/Localizable.xcstrings,12542,https://github.com/duckduckgo/apple-browsers/blob/e33af93ca2cc0ce771de1f12d81e828e50410135/macOS/LocalPackages/SyncUI-macOS/Sources/SyncUI-macOS/Resources/Localizable.xcstrings#L12542
macOS,buttons,SyncUI-macOS,prefrences.sync.recovery-pdf-save-pdf-button,,Save PDF,Sync recovery PDF save pdf button,,,true,extracted_with_value,,apps/apple/macOS/LocalPackages/SyncUI-macOS/Sources/SyncUI-macOS/Resources/Localizable.xcstrings,12662,https://github.com/duckduckgo/apple-browsers/blob/e33af93ca2cc0ce771de1f12d81e828e50410135/macOS/LocalPackages/SyncUI-macOS/Sources/SyncUI-macOS/Resources/Localizable.xcstrings#L12662
macOS,buttons,SyncUI-macOS,prefrences.sync.save-recovery-pdf,,Save Your Recovery Code,Caption for a button to save Sync recovery PDF,,,true,extracted_with_value,,apps/apple/macOS/LocalPackages/SyncUI-macOS/Sources/SyncUI-macOS/Resources/Localizable.xcstrings,12782,https://github.com/duckduckgo/apple-browsers/blob/e33af93ca2cc0ce771de1f12d81e828e50410135/macOS/LocalPackages/SyncUI-macOS/Sources/SyncUI-macOS/Resources/Localizable.xcstrings#L12782
macOS,buttons,SyncUI-macOS,share,,Share,Share button,,,true,extracted_with_value,,apps/apple/macOS/LocalPackages/SyncUI-macOS/Sources/SyncUI-macOS/Resources/Localizable.xcstrings,12962,https://github.com/duckduckgo/apple-browsers/blob/e33af93ca2cc0ce771de1f12d81e828e50410135/macOS/LocalPackages/SyncUI-macOS/Sources/SyncUI-macOS/Resources/Localizable.xcstrings#L12962
macOS,buttons,SyncUI-macOS,submit,,Submit,Submit button,,,true,extracted_with_value,,apps/apple/macOS/LocalPackages/SyncUI-macOS/Sources/SyncUI-macOS/Resources/Localizable.xcstrings,13022,https://github.com/duckduckgo/apple-browsers/blob/e33af93ca2cc0ce771de1f12d81e828e50410135/macOS/LocalPackages/SyncUI-macOS/Sources/SyncUI-macOS/Resources/Localizable.xcstrings#L13022
