platform,content_type,module,key,variant,text,developer_comment,context_comment,placeholders,translatable,state,internal_only,source_file,line,source_url
macOS,headings,DuckDuckGo,letsmove.alert.title,,You‘re almost there,Title of the alert shown if the app is launched not from the /Applications folder – suggesting to move it there,,,true,stale,,apps/apple/macOS/DuckDuckGo/Localization/DeveloperID.xcstrings,64,https://github.com/duckduckgo/apple-browsers/blob/1c727171068b75ff8f1cc97be9ef2d9efa008e97/macOS/DuckDuckGo/Localization/DeveloperID.xcstrings#L64
macOS,headings,DuckDuckGo,action.title.chats,,Chats,Open Duck.ai chat history from the tab-bar menu,,,true,extracted_with_value,,apps/apple/macOS/DuckDuckGo/Localization/Localizable.xcstrings,721,https://github.com/duckduckgo/apple-browsers/blob/1c727171068b75ff8f1cc97be9ef2d9efa008e97/macOS/DuckDuckGo/Localization/Localizable.xcstrings#L721
macOS,headings,DuckDuckGo,Address,,Address,"Title of the section of the Identities manager where the user can add/modify an address (street city etc,)",,,true,,,apps/apple/macOS/DuckDuckGo/Localization/Localizable.xcstrings,1240,https://github.com/duckduckgo/apple-browsers/blob/1c727171068b75ff8f1cc97be9ef2d9efa008e97/macOS/DuckDuckGo/Localization/Localizable.xcstrings#L1240
macOS,headings,DuckDuckGo,aichat.attach-tabs-modal.count,,%1$d of %2$d,"Counter in the header of the AI chat add-tabs modal, reading e.g. '2 of 3'. First parameter is how many tabs are selected, second is the maximum allowed.",,%1$d %2$d,true,extracted_with_value,,apps/apple/macOS/DuckDuckGo/Localization/Localizable.xcstrings,3087,https://github.com/duckduckgo/apple-browsers/blob/1c727171068b75ff8f1cc97be9ef2d9efa008e97/macOS/DuckDuckGo/Localization/Localizable.xcstrings#L3087
macOS,headings,DuckDuckGo,aichat.createImage.modelSwitch.title,,Now using %@,Title of the Duck.ai input card shown after switching to an image-capable model. Parameter is the new model's short name.,,%@,true,extracted_with_value,,apps/apple/macOS/DuckDuckGo/Localization/Localizable.xcstrings,4887,https://github.com/duckduckgo/apple-browsers/blob/1c727171068b75ff8f1cc97be9ef2d9efa008e97/macOS/DuckDuckGo/Localization/Localizable.xcstrings#L4887
macOS,headings,DuckDuckGo,aichat.floating.close-warning.title,,Close tab and Duck.ai chat,Title shown in popover warning when closing a tab that has detached Duck.ai window.,,,true,extracted_with_value,,apps/apple/macOS/DuckDuckGo/Localization/Localizable.xcstrings,7587,https://github.com/duckduckgo/apple-browsers/blob/1c727171068b75ff8f1cc97be9ef2d9efa008e97/macOS/DuckDuckGo/Localization/Localizable.xcstrings#L7587
macOS,headings,DuckDuckGo,aichat.model-picker.advanced-models-section-header,,Advanced Models,Section header in the model picker menu for advanced models when user has an active subscription,,,true,extracted_with_value,,apps/apple/macOS/DuckDuckGo/Localization/Localizable.xcstrings,8007,https://github.com/duckduckgo/apple-browsers/blob/1c727171068b75ff8f1cc97be9ef2d9efa008e97/macOS/DuckDuckGo/Localization/Localizable.xcstrings#L8007
macOS,headings,DuckDuckGo,aichat.model-picker.advanced-section-header,,Advanced Models - DuckDuckGo subscription,Section header in the model picker menu for premium models that require a subscription,,,true,stale,,apps/apple/macOS/DuckDuckGo/Localization/Localizable.xcstrings,8067,https://github.com/duckduckgo/apple-browsers/blob/1c727171068b75ff8f1cc97be9ef2d9efa008e97/macOS/DuckDuckGo/Localization/Localizable.xcstrings#L8067
macOS,headings,DuckDuckGo,aichat.model-picker.basic-models-section-header,,Basic Models,Section header in the model picker menu for basic/free models when user has an active subscription,,,true,stale,,apps/apple/macOS/DuckDuckGo/Localization/Localizable.xcstrings,8127,https://github.com/duckduckgo/apple-browsers/blob/1c727171068b75ff8f1cc97be9ef2d9efa008e97/macOS/DuckDuckGo/Localization/Localizable.xcstrings#L8127
macOS,headings,DuckDuckGo,aichat.reasoning-effort.fast.title,,Fast,Title of the 'Fast' option in the reasoning effort picker menu in AI chat omnibar,,,true,extracted_with_value,,apps/apple/macOS/DuckDuckGo/Localization/Localizable.xcstrings,9147,https://github.com/duckduckgo/apple-browsers/blob/1c727171068b75ff8f1cc97be9ef2d9efa008e97/macOS/DuckDuckGo/Localization/Localizable.xcstrings#L9147
macOS,headings,DuckDuckGo,aichat.reasoning-effort.low.title,,Reasoning,Title of the 'Reasoning' option in the reasoning effort picker menu in AI chat omnibar,,,true,extracted_with_value,,apps/apple/macOS/DuckDuckGo/Localization/Localizable.xcstrings,9267,https://github.com/duckduckgo/apple-browsers/blob/1c727171068b75ff8f1cc97be9ef2d9efa008e97/macOS/DuckDuckGo/Localization/Localizable.xcstrings#L9267
macOS,headings,DuckDuckGo,aichat.reasoning-effort.medium.title,,Extended Reasoning,Title of the 'Extended Reasoning' option in the reasoning effort picker menu in AI chat omnibar,,,true,extracted_with_value,,apps/apple/macOS/DuckDuckGo/Localization/Localizable.xcstrings,9387,https://github.com/duckduckgo/apple-browsers/blob/1c727171068b75ff8f1cc97be9ef2d9efa008e97/macOS/DuckDuckGo/Localization/Localizable.xcstrings#L9387
macOS,headings,DuckDuckGo,aichat.sidebar.title,,Duck.ai,Title for the Duck.ai sidebar,,,true,extracted_with_value,,apps/apple/macOS/DuckDuckGo/Localization/Localizable.xcstrings,9987,https://github.com/duckduckgo/apple-browsers/blob/1c727171068b75ff8f1cc97be9ef2d9efa008e97/macOS/DuckDuckGo/Localization/Localizable.xcstrings#L9987
macOS,headings,DuckDuckGo,aichat.subscription-upsell-dialog.pro-title,,Upgrade to Pro,"Title of the subscription upsell dialog, shown to an existing Plus subscriber",,,true,extracted_with_value,,apps/apple/macOS/DuckDuckGo/Localization/Localizable.xcstrings,10347,https://github.com/duckduckgo/apple-browsers/blob/1c727171068b75ff8f1cc97be9ef2d9efa008e97/macOS/DuckDuckGo/Localization/Localizable.xcstrings#L10347
macOS,headings,DuckDuckGo,aichat.subscription-upsell-dialog.title,,Upgrade Duck.ai with a DuckDuckGo subscription,Title of the dialog shown when the user taps a gated reasoning effort,,,true,extracted_with_value,,apps/apple/macOS/DuckDuckGo/Localization/Localizable.xcstrings,10407,https://github.com/duckduckgo/apple-browsers/blob/1c727171068b75ff8f1cc97be9ef2d9efa008e97/macOS/DuckDuckGo/Localization/Localizable.xcstrings#L10407
macOS,headings,DuckDuckGo,aichat.usageWarnings.advanced-models-limit-reached,,Advanced AI models limit reached,"Headline on the Duck.ai usage card when the allowance for advanced AI models specifically is spent, while free models remain available",,,true,extracted_with_value,,apps/apple/macOS/DuckDuckGo/Localization/Localizable.xcstrings,10947,https://github.com/duckduckgo/apple-browsers/blob/1c727171068b75ff8f1cc97be9ef2d9efa008e97/macOS/DuckDuckGo/Localization/Localizable.xcstrings#L10947
macOS,headings,DuckDuckGo,aichat.usageWarnings.daily-limit-reached,,Daily limit reached,Headline on the Duck.ai usage card when the user's daily allowance is fully spent,,,true,extracted_with_value,,apps/apple/macOS/DuckDuckGo/Localization/Localizable.xcstrings,11007,https://github.com/duckduckgo/apple-browsers/blob/1c727171068b75ff8f1cc97be9ef2d9efa008e97/macOS/DuckDuckGo/Localization/Localizable.xcstrings#L11007
macOS,headings,DuckDuckGo,aichat.usageWarnings.daily-usage,,%d%% of daily limit,Headline on the Duck.ai usage card as the user approaches their daily limit. Parameter is the percentage of the daily allowance already used.,,%d,true,extracted_with_value,,apps/apple/macOS/DuckDuckGo/Localization/Localizable.xcstrings,11067,https://github.com/duckduckgo/apple-browsers/blob/1c727171068b75ff8f1cc97be9ef2d9efa008e97/macOS/DuckDuckGo/Localization/Localizable.xcstrings#L11067
macOS,headings,DuckDuckGo,aichat.usageWarnings.weekly-limit-reached,,Weekly usage limit reached,Headline on the Duck.ai usage card when the user's weekly allowance is fully spent,,,true,extracted_with_value,,apps/apple/macOS/DuckDuckGo/Localization/Localizable.xcstrings,11727,https://github.com/duckduckgo/apple-browsers/blob/1c727171068b75ff8f1cc97be9ef2d9efa008e97/macOS/DuckDuckGo/Localization/Localizable.xcstrings#L11727
macOS,headings,DuckDuckGo,aichat.usageWarnings.weekly-usage,,%d%% of weekly limit,Headline on the Duck.ai usage card as the user approaches their weekly limit. Parameter is the percentage of the weekly allowance already used.,,%d,true,extracted_with_value,,apps/apple/macOS/DuckDuckGo/Localization/Localizable.xcstrings,11787,https://github.com/duckduckgo/apple-browsers/blob/1c727171068b75ff8f1cc97be9ef2d9efa008e97/macOS/DuckDuckGo/Localization/Localizable.xcstrings#L11787
macOS,headings,DuckDuckGo,alert.sync-bookmarks-paused-title,,Bookmark Sync is Paused,Title for alert shown when sync bookmarks paused for too many items,,,true,extracted_with_value,,apps/apple/macOS/DuckDuckGo/Localization/Localizable.xcstrings,12327,https://github.com/duckduckgo/apple-browsers/blob/1c727171068b75ff8f1cc97be9ef2d9efa008e97/macOS/DuckDuckGo/Localization/Localizable.xcstrings#L12327
macOS,headings,DuckDuckGo,alert.sync-credentials-paused-title,,Password Sync is Paused,Title for alert shown when sync credentials paused for too many items,,,true,extracted_with_value,,apps/apple/macOS/DuckDuckGo/Localization/Localizable.xcstrings,12507,https://github.com/duckduckgo/apple-browsers/blob/1c727171068b75ff8f1cc97be9ef2d9efa008e97/macOS/DuckDuckGo/Localization/Localizable.xcstrings#L12507
macOS,headings,DuckDuckGo,alert.sync-credit-cards-paused-title,,Credit Cards Sync is Paused,Title for alert shown when sync credit cards paused for too many items,,,true,extracted_with_value,,apps/apple/macOS/DuckDuckGo/Localization/Localizable.xcstrings,12687,https://github.com/duckduckgo/apple-browsers/blob/1c727171068b75ff8f1cc97be9ef2d9efa008e97/macOS/DuckDuckGo/Localization/Localizable.xcstrings#L12687
macOS,headings,DuckDuckGo,alert.sync-identities-paused-title,,Identities Sync is Paused,Title for alert shown when sync identities paused for too many items,,,true,extracted_with_value,,apps/apple/macOS/DuckDuckGo/Localization/Localizable.xcstrings,12987,https://github.com/duckduckgo/apple-browsers/blob/1c727171068b75ff8f1cc97be9ef2d9efa008e97/macOS/DuckDuckGo/Localization/Localizable.xcstrings#L12987
macOS,headings,DuckDuckGo,alert.sync-paused-title,,Sync is Paused,Title for alert shown when sync paused for an error,,,true,extracted_with_value,,apps/apple/macOS/DuckDuckGo/Localization/Localizable.xcstrings,13107,https://github.com/duckduckgo/apple-browsers/blob/1c727171068b75ff8f1cc97be9ef2d9efa008e97/macOS/DuckDuckGo/Localization/Localizable.xcstrings#L13107
macOS,headings,DuckDuckGo,alert.title,,A message from %@,Title formatted with presenting domain,,%@,true,extracted_with_value,,apps/apple/macOS/DuckDuckGo/Localization/Localizable.xcstrings,13467,https://github.com/duckduckgo/apple-browsers/blob/1c727171068b75ff8f1cc97be9ef2d9efa008e97/macOS/DuckDuckGo/Localization/Localizable.xcstrings#L13467
macOS,headings,DuckDuckGo,Always On,,Always On,Web tracking protection Always on title,,,true,,,apps/apple/macOS/DuckDuckGo/Localization/Localizable.xcstrings,13746,https://github.com/duckduckgo/apple-browsers/blob/1c727171068b75ff8f1cc97be9ef2d9efa008e97/macOS/DuckDuckGo/Localization/Localizable.xcstrings#L13746
macOS,headings,DuckDuckGo,auth.alert.title,,Authentication Required,Authentication Alert Title,,,true,extracted_with_value,,apps/apple/macOS/DuckDuckGo/Localization/Localizable.xcstrings,14092,https://github.com/duckduckgo/apple-browsers/blob/1c727171068b75ff8f1cc97be9ef2d9efa008e97/macOS/DuckDuckGo/Localization/Localizable.xcstrings#L14092
macOS,headings,DuckDuckGo,auto.clear,,Auto-Clear,Header of a section in Settings. The setting configures clearing data automatically after quitting the app.,,,true,stale,,apps/apple/macOS/DuckDuckGo/Localization/Localizable.xcstrings,14212,https://github.com/duckduckgo/apple-browsers/blob/1c727171068b75ff8f1cc97be9ef2d9efa008e97/macOS/DuckDuckGo/Localization/Localizable.xcstrings#L14212
macOS,headings,DuckDuckGo,auto.delete,,Automatically Delete Data,Header of a section in Settings. The setting configures deleting data automatically after quitting the app.,,,true,extracted_with_value,,apps/apple/macOS/DuckDuckGo/Localization/Localizable.xcstrings,14272,https://github.com/duckduckgo/apple-browsers/blob/1c727171068b75ff8f1cc97be9ef2d9efa008e97/macOS/DuckDuckGo/Localization/Localizable.xcstrings#L14272
macOS,headings,DuckDuckGo,autoconsent.from.setup.modal.title,,Want DuckDuckGo to handle cookie pop-ups?,Title for modal asking the user to auto manage cookies,,,true,extracted_with_value,,apps/apple/macOS/DuckDuckGo/Localization/Localizable.xcstrings,14512,https://github.com/duckduckgo/apple-browsers/blob/1c727171068b75ff8f1cc97be9ef2d9efa008e97/macOS/DuckDuckGo/Localization/Localizable.xcstrings#L14512
macOS,headings,DuckDuckGo,autoconsent.modal.title,,Looks like this site has a cookie pop-up 👇,Title for modal asking the user to auto manage cookies,,,true,extracted_with_value,,apps/apple/macOS/DuckDuckGo/Localization/Localizable.xcstrings,14752,https://github.com/duckduckgo/apple-browsers/blob/1c727171068b75ff8f1cc97be9ef2d9efa008e97/macOS/DuckDuckGo/Localization/Localizable.xcstrings#L14752
macOS,headings,DuckDuckGo,autoconsent.stats.popover.title,,%d cookie pop-ups blocked,Title for autoconsent stats popover showing number of blocked cookie pop-ups,,%d,true,extracted_with_value,,apps/apple/macOS/DuckDuckGo/Localization/Localizable.xcstrings,14872,https://github.com/duckduckgo/apple-browsers/blob/1c727171068b75ff8f1cc97be9ef2d9efa008e97/macOS/DuckDuckGo/Localization/Localizable.xcstrings#L14872
macOS,headings,DuckDuckGo,autofill.auto-lock,,Auto-lock,Autofill settings section title,,,true,extracted_with_value,,apps/apple/macOS/DuckDuckGo/Localization/Localizable.xcstrings,15112,https://github.com/duckduckgo/apple-browsers/blob/1c727171068b75ff8f1cc97be9ef2d9efa008e97/macOS/DuckDuckGo/Localization/Localizable.xcstrings#L15112
macOS,headings,DuckDuckGo,autofill.excluded-sites,,Excluded Sites,Autofill settings section title,,,true,extracted_with_value,,apps/apple/macOS/DuckDuckGo/Localization/Localizable.xcstrings,15472,https://github.com/duckduckgo/apple-browsers/blob/1c727171068b75ff8f1cc97be9ef2d9efa008e97/macOS/DuckDuckGo/Localization/Localizable.xcstrings#L15472
macOS,headings,DuckDuckGo,autofill.excluded-sites.reset.action.title,,Reset Excluded Sites?,Alert title,,,true,extracted_with_value,,apps/apple/macOS/DuckDuckGo/Localization/Localizable.xcstrings,15712,https://github.com/duckduckgo/apple-browsers/blob/1c727171068b75ff8f1cc97be9ef2d9efa008e97/macOS/DuckDuckGo/Localization/Localizable.xcstrings#L15712
macOS,headings,DuckDuckGo,autofill.onboarding.popover.title,,Add passwords shortcut?,Autofill onboarding popover title,,,true,extracted_with_value,,apps/apple/macOS/DuckDuckGo/Localization/Localizable.xcstrings,16912,https://github.com/duckduckgo/apple-browsers/blob/1c727171068b75ff8f1cc97be9ef2d9efa008e97/macOS/DuckDuckGo/Localization/Localizable.xcstrings#L16912
macOS,headings,DuckDuckGo,autofill.password-manager,,Password Manager,Autofill settings section title,,,true,extracted_with_value,,apps/apple/macOS/DuckDuckGo/Localization/Localizable.xcstrings,16972,https://github.com/duckduckgo/apple-browsers/blob/1c727171068b75ff8f1cc97be9ef2d9efa008e97/macOS/DuckDuckGo/Localization/Localizable.xcstrings#L16972
macOS,headings,DuckDuckGo,autofill.popover.password-manager-title,,You're using %@ to manage passwords,Explanation of what password manager is being used,,%@,true,extracted_with_value,,apps/apple/macOS/DuckDuckGo/Localization/Localizable.xcstrings,17692,https://github.com/duckduckgo/apple-browsers/blob/1c727171068b75ff8f1cc97be9ef2d9efa008e97/macOS/DuckDuckGo/Localization/Localizable.xcstrings#L17692
macOS,headings,DuckDuckGo,big-sur-end-of-support.title,,Big Sur support has ended,Title of the on-launch alert shown to users running macOS Big Sur after support has ended,,,true,extracted_with_value,,apps/apple/macOS/DuckDuckGo/Localization/Localizable.xcstrings,18712,https://github.com/duckduckgo/apple-browsers/blob/1c727171068b75ff8f1cc97be9ef2d9efa008e97/macOS/DuckDuckGo/Localization/Localizable.xcstrings#L18712
macOS,headings,DuckDuckGo,Birthday,,Birthday,Title of the section of the Identities manager where the user can add/modify a date of birth,,,true,,,apps/apple/macOS/DuckDuckGo/Localization/Localizable.xcstrings,18832,https://github.com/duckduckgo/apple-browsers/blob/1c727171068b75ff8f1cc97be9ef2d9efa008e97/macOS/DuckDuckGo/Localization/Localizable.xcstrings#L18832
macOS,headings,DuckDuckGo,bitwarden.connect.title,,Connect to Bitwarden,Title for the Bitwarden onboarding flow,,,true,extracted_with_value,,apps/apple/macOS/DuckDuckGo/Localization/Localizable.xcstrings,19244,https://github.com/duckduckgo/apple-browsers/blob/1c727171068b75ff8f1cc97be9ef2d9efa008e97/macOS/DuckDuckGo/Localization/Localizable.xcstrings#L19244
macOS,headings,DuckDuckGo,bookmarks.add.dialog.title,,New Bookmark,Bookmark creation dialog title,,,true,extracted_with_value,,apps/apple/macOS/DuckDuckGo/Localization/Localizable.xcstrings,21259,https://github.com/duckduckgo/apple-browsers/blob/1c727171068b75ff8f1cc97be9ef2d9efa008e97/macOS/DuckDuckGo/Localization/Localizable.xcstrings#L21259
macOS,headings,DuckDuckGo,bookmarks.bar.prompt.title,,Show Bookmarks Bar?,Title for bookmarks bar prompt,,,true,extracted_with_value,,apps/apple/macOS/DuckDuckGo/Localization/Localizable.xcstrings,21859,https://github.com/duckduckgo/apple-browsers/blob/1c727171068b75ff8f1cc97be9ef2d9efa008e97/macOS/DuckDuckGo/Localization/Localizable.xcstrings#L21859
macOS,headings,DuckDuckGo,bookmarks.dialog.allTabs.title.add,,Bookmark Open Tabs (%d),Title of dialog to bookmark all open tabs. E.g. 'Bookmark Open Tabs (42)',,%d,true,extracted_with_value,,apps/apple/macOS/DuckDuckGo/Localization/Localizable.xcstrings,22399,https://github.com/duckduckgo/apple-browsers/blob/1c727171068b75ff8f1cc97be9ef2d9efa008e97/macOS/DuckDuckGo/Localization/Localizable.xcstrings#L22399
macOS,headings,DuckDuckGo,bookmarks.dialog.folder.title.add,,Add Folder,Bookmark folder creation dialog title,,,true,extracted_with_value,,apps/apple/macOS/DuckDuckGo/Localization/Localizable.xcstrings,22759,https://github.com/duckduckgo/apple-browsers/blob/1c727171068b75ff8f1cc97be9ef2d9efa008e97/macOS/DuckDuckGo/Localization/Localizable.xcstrings#L22759
macOS,headings,DuckDuckGo,bookmarks.dialog.folder.title.edit,,Edit Folder,Bookmark folder edit dialog title,,,true,extracted_with_value,,apps/apple/macOS/DuckDuckGo/Localization/Localizable.xcstrings,22819,https://github.com/duckduckgo/apple-browsers/blob/1c727171068b75ff8f1cc97be9ef2d9efa008e97/macOS/DuckDuckGo/Localization/Localizable.xcstrings#L22819
macOS,headings,DuckDuckGo,bookmarks.dialog.title.add,,Add Bookmark,Bookmark creation dialog title,,,true,extracted_with_value,,apps/apple/macOS/DuckDuckGo/Localization/Localizable.xcstrings,22879,https://github.com/duckduckgo/apple-browsers/blob/1c727171068b75ff8f1cc97be9ef2d9efa008e97/macOS/DuckDuckGo/Localization/Localizable.xcstrings#L22879
macOS,headings,DuckDuckGo,bookmarks.dialog.title.added,,Bookmark Added,Bookmark added popover title,,,true,extracted_with_value,,apps/apple/macOS/DuckDuckGo/Localization/Localizable.xcstrings,22939,https://github.com/duckduckgo/apple-browsers/blob/1c727171068b75ff8f1cc97be9ef2d9efa008e97/macOS/DuckDuckGo/Localization/Localizable.xcstrings#L22939
macOS,headings,DuckDuckGo,bookmarks.dialog.title.edit,,Edit Bookmark,Bookmark edit dialog title,,,true,extracted_with_value,,apps/apple/macOS/DuckDuckGo/Localization/Localizable.xcstrings,22999,https://github.com/duckduckgo/apple-browsers/blob/1c727171068b75ff8f1cc97be9ef2d9efa008e97/macOS/DuckDuckGo/Localization/Localizable.xcstrings#L22999
macOS,headings,DuckDuckGo,bookmarks.empty.search.resukt..state.title,,No bookmarks found,Title displayed in Bookmark Panel when there is no bookmarks that match the search query,,,true,extracted_with_value,,apps/apple/macOS/DuckDuckGo/Localization/Localizable.xcstrings,23059,https://github.com/duckduckgo/apple-browsers/blob/1c727171068b75ff8f1cc97be9ef2d9efa008e97/macOS/DuckDuckGo/Localization/Localizable.xcstrings#L23059
macOS,headings,DuckDuckGo,bookmarks.empty.state.title,,No bookmarks yet,Title displayed in Bookmark Manager when there is no bookmarks yet,,,true,extracted_with_value,,apps/apple/macOS/DuckDuckGo/Localization/Localizable.xcstrings,23357,https://github.com/duckduckgo/apple-browsers/blob/1c727171068b75ff8f1cc97be9ef2d9efa008e97/macOS/DuckDuckGo/Localization/Localizable.xcstrings#L23357
macOS,headings,DuckDuckGo,bookmarks.imported.folder.title,,Bookmarks,"Name of the ""Bookmarks"" folder for bookmarks imported from other browser",,,true,extracted_with_value,,apps/apple/macOS/DuckDuckGo/Localization/Localizable.xcstrings,23477,https://github.com/duckduckgo/apple-browsers/blob/1c727171068b75ff8f1cc97be9ef2d9efa008e97/macOS/DuckDuckGo/Localization/Localizable.xcstrings#L23477
macOS,headings,DuckDuckGo,bookmarks.imported.mobile.folder.title,,Mobile bookmarks,"Name of the ""Mobile bookmarks"" folder imported from other browser",,,true,extracted_with_value,,apps/apple/macOS/DuckDuckGo/Localization/Localizable.xcstrings,23657,https://github.com/duckduckgo/apple-browsers/blob/1c727171068b75ff8f1cc97be9ef2d9efa008e97/macOS/DuckDuckGo/Localization/Localizable.xcstrings#L23657
macOS,headings,DuckDuckGo,bookmarks.imported.other.folder.title,,Other bookmarks,"Name of the ""Other bookmarks"" folder imported from other browser",,,true,extracted_with_value,,apps/apple/macOS/DuckDuckGo/Localization/Localizable.xcstrings,23717,https://github.com/duckduckgo/apple-browsers/blob/1c727171068b75ff8f1cc97be9ef2d9efa008e97/macOS/DuckDuckGo/Localization/Localizable.xcstrings#L23717
macOS,headings,DuckDuckGo,burner.tab.home.title,,New Fire Tab,Tab title for Fire Tab,,,true,extracted_with_value,,apps/apple/macOS/DuckDuckGo/Localization/Localizable.xcstrings,24669,https://github.com/duckduckgo/apple-browsers/blob/1c727171068b75ff8f1cc97be9ef2d9efa008e97/macOS/DuckDuckGo/Localization/Localizable.xcstrings#L24669
macOS,headings,DuckDuckGo,burner.window.header,,Fire Window,Header shown on the hompage of the Fire Window,,,true,extracted_with_value,,apps/apple/macOS/DuckDuckGo/Localization/Localizable.xcstrings,24729,https://github.com/duckduckgo/apple-browsers/blob/1c727171068b75ff8f1cc97be9ef2d9efa008e97/macOS/DuckDuckGo/Localization/Localizable.xcstrings#L24729
macOS,headings,DuckDuckGo,cannot.open.file.alert.header,,Cannot Open File,Header of the alert dialog informing user it is not possible to open the file,,,true,extracted_with_value,,apps/apple/macOS/DuckDuckGo/Localization/Localizable.xcstrings,24849,https://github.com/duckduckgo/apple-browsers/blob/1c727171068b75ff8f1cc97be9ef2d9efa008e97/macOS/DuckDuckGo/Localization/Localizable.xcstrings#L24849
macOS,headings,DuckDuckGo,Contact Info,,Contact Info,"Title of the section of the Identities manager where the user can add/modify contact info (phone, email address)",,,true,,,apps/apple/macOS/DuckDuckGo/Localization/Localizable.xcstrings,26209,https://github.com/duckduckgo/apple-browsers/blob/1c727171068b75ff8f1cc97be9ef2d9efa008e97/macOS/DuckDuckGo/Localization/Localizable.xcstrings#L26209
macOS,headings,DuckDuckGo,contextual.onboarding.final-screen.title,,You’ve got this!,Title of the last screen of the onboarding to the browser app,,,true,extracted_with_value,,apps/apple/macOS/DuckDuckGo/Localization/Localizable.xcstrings,26922,https://github.com/duckduckgo/apple-browsers/blob/1c727171068b75ff8f1cc97be9ef2d9efa008e97/macOS/DuckDuckGo/Localization/Localizable.xcstrings#L26922
macOS,headings,DuckDuckGo,contextual.onboarding.first-search-done.title,,That’s DuckDuckGo Search!,"After the user performs their first search using the browser, this dialog explains the advantages of using DuckDuckGo",,,true,extracted_with_value,,apps/apple/macOS/DuckDuckGo/Localization/Localizable.xcstrings,27042,https://github.com/duckduckgo/apple-browsers/blob/1c727171068b75ff8f1cc97be9ef2d9efa008e97/macOS/DuckDuckGo/Localization/Localizable.xcstrings#L27042
macOS,headings,DuckDuckGo,contextual.onboarding.ntp.try-a-site.title,,Try visiting a site!,Title of a popover on the new tab page browser that invites the user to try a visiting a website,,,true,extracted_with_value,,apps/apple/macOS/DuckDuckGo/Localization/Localizable.xcstrings,27162,https://github.com/duckduckgo/apple-browsers/blob/1c727171068b75ff8f1cc97be9ef2d9efa008e97/macOS/DuckDuckGo/Localization/Localizable.xcstrings#L27162
macOS,headings,DuckDuckGo,contextual.onboarding.subscription-upsell.title,,"Oh, before I forget...",Title of the onboarding screen promoting the optional paid subscription.,,,true,extracted_with_value,,apps/apple/macOS/DuckDuckGo/Localization/Localizable.xcstrings,27402,https://github.com/duckduckgo/apple-browsers/blob/1c727171068b75ff8f1cc97be9ef2d9efa008e97/macOS/DuckDuckGo/Localization/Localizable.xcstrings#L27402
macOS,headings,DuckDuckGo,contextual.onboarding.try-a-search.title,,Try a search!,Title of a popover on the browser that invites the user to try a search,,,true,extracted_with_value,,apps/apple/macOS/DuckDuckGo/Localization/Localizable.xcstrings,27522,https://github.com/duckduckgo/apple-browsers/blob/1c727171068b75ff8f1cc97be9ef2d9efa008e97/macOS/DuckDuckGo/Localization/Localizable.xcstrings#L27522
macOS,headings,DuckDuckGo,contextual.onboarding.try-a-site.title,,"Next, try visiting a site!",Title of a popover on the browser that invites the user to try a visiting a website,,,true,extracted_with_value,,apps/apple/macOS/DuckDuckGo/Localization/Localizable.xcstrings,27642,https://github.com/duckduckgo/apple-browsers/blob/1c727171068b75ff8f1cc97be9ef2d9efa008e97/macOS/DuckDuckGo/Localization/Localizable.xcstrings#L27642
macOS,headings,DuckDuckGo,contextual.onboarding.try-search.surprise-me-title,,Surprise me!,Title for a button that triggers an unknown search query for the user.,,,true,extracted_with_value,,apps/apple/macOS/DuckDuckGo/Localization/Localizable.xcstrings,28302,https://github.com/duckduckgo/apple-browsers/blob/1c727171068b75ff8f1cc97be9ef2d9efa008e97/macOS/DuckDuckGo/Localization/Localizable.xcstrings#L28302
macOS,headings,DuckDuckGo,cookie-popup-protection.opt-in.disabled.title,,"Tired of cookie pop-ups
that won't leave you alone?",Title of the opt-in dialog when cookie pop-up protection is off. \n is an intentional line break for English; translations can omit it.,,,true,extracted_with_value,,apps/apple/macOS/DuckDuckGo/Localization/Localizable.xcstrings,28662,https://github.com/duckduckgo/apple-browsers/blob/1c727171068b75ff8f1cc97be9ef2d9efa008e97/macOS/DuckDuckGo/Localization/Localizable.xcstrings#L28662
macOS,headings,DuckDuckGo,cookie-popup-protection.opt-in.enabled.title,,"Tired of cookie pop-ups
that don't let you opt out?",Title of the opt-in dialog when cookie pop-up protection is already enabled. \n is an intentional line break for English; translations can omit it.,,,true,extracted_with_value,,apps/apple/macOS/DuckDuckGo/Localization/Localizable.xcstrings,28902,https://github.com/duckduckgo/apple-browsers/blob/1c727171068b75ff8f1cc97be9ef2d9efa008e97/macOS/DuckDuckGo/Localization/Localizable.xcstrings#L28902
macOS,headings,DuckDuckGo,cookie-popup-protection.opt-in.header,,Cookie Pop-up Protection,Header of the Cookie Pop-up Protection opt-in dialog,,,true,stale,,apps/apple/macOS/DuckDuckGo/Localization/Localizable.xcstrings,29022,https://github.com/duckduckgo/apple-browsers/blob/1c727171068b75ff8f1cc97be9ef2d9efa008e97/macOS/DuckDuckGo/Localization/Localizable.xcstrings#L29022
macOS,headings,DuckDuckGo,Country,,Country,"Title of the section of the Identities manager where the user can add/modify a country (US,UK, Italy etc...)",,,true,,,apps/apple/macOS/DuckDuckGo/Localization/Localizable.xcstrings,29442,https://github.com/duckduckgo/apple-browsers/blob/1c727171068b75ff8f1cc97be9ef2d9efa008e97/macOS/DuckDuckGo/Localization/Localizable.xcstrings#L29442
macOS,headings,DuckDuckGo,crash-report.textfield.title,,Problem Details,Title of the text field where the problems that caused the crashed are detailed,,,true,extracted_with_value,,apps/apple/macOS/DuckDuckGo/Localization/Localizable.xcstrings,29675,https://github.com/duckduckgo/apple-browsers/blob/1c727171068b75ff8f1cc97be9ef2d9efa008e97/macOS/DuckDuckGo/Localization/Localizable.xcstrings#L29675
macOS,headings,DuckDuckGo,crash-report.title,,DuckDuckGo Privacy Browser quit unexpectedly.,Title of the dialog where the user can send a crash report,,,true,extracted_with_value,,apps/apple/macOS/DuckDuckGo/Localization/Localizable.xcstrings,29735,https://github.com/duckduckgo/apple-browsers/blob/1c727171068b75ff8f1cc97be9ef2d9efa008e97/macOS/DuckDuckGo/Localization/Localizable.xcstrings#L29735
macOS,headings,DuckDuckGo,dbp.errorpage.bad.path.title,,Move DuckDuckGo App to Applications,Title for Personal Information Removal bad path error screen,,,true,extracted_with_value,,apps/apple/macOS/DuckDuckGo/Localization/Localizable.xcstrings,30780,https://github.com/duckduckgo/apple-browsers/blob/1c727171068b75ff8f1cc97be9ef2d9efa008e97/macOS/DuckDuckGo/Localization/Localizable.xcstrings#L30780
macOS,headings,DuckDuckGo,dbp.errorpage.no.permission.title,,Change System Setting,Title for error screen when there is no permission,,,true,extracted_with_value,,apps/apple/macOS/DuckDuckGo/Localization/Localizable.xcstrings,30960,https://github.com/duckduckgo/apple-browsers/blob/1c727171068b75ff8f1cc97be9ef2d9efa008e97/macOS/DuckDuckGo/Localization/Localizable.xcstrings#L30960
macOS,headings,DuckDuckGo,disable.email.protection.title,,Disable Email Protection Autofill?,Title for alert shown when user disables email protection,,,true,extracted_with_value,,apps/apple/macOS/DuckDuckGo/Localization/Localizable.xcstrings,31726,https://github.com/duckduckgo/apple-browsers/blob/1c727171068b75ff8f1cc97be9ef2d9efa008e97/macOS/DuckDuckGo/Localization/Localizable.xcstrings#L31726
macOS,headings,DuckDuckGo,downloads.active.alert.title,,A download is in progress.,Alert title when trying to quit application while files are being downloaded,,,true,extracted_with_value,,apps/apple/macOS/DuckDuckGo/Localization/Localizable.xcstrings,32566,https://github.com/duckduckgo/apple-browsers/blob/1c727171068b75ff8f1cc97be9ef2d9efa008e97/macOS/DuckDuckGo/Localization/Localizable.xcstrings#L32566
macOS,headings,DuckDuckGo,downloads.dialog.title,,Downloads,Title of the dialog that manages the Downloads in the browser,,,true,extracted_with_value,,apps/apple/macOS/DuckDuckGo/Localization/Localizable.xcstrings,32926,https://github.com/duckduckgo/apple-browsers/blob/1c727171068b75ff8f1cc97be9ef2d9efa008e97/macOS/DuckDuckGo/Localization/Localizable.xcstrings#L32926
macOS,headings,DuckDuckGo,duck-player.contingency-title,,Duck Player Unavailable,Title for message explaining to the user that Duck Player is not available,,,true,extracted_with_value,,apps/apple/macOS/DuckDuckGo/Localization/Localizable.xcstrings,34426,https://github.com/duckduckgo/apple-browsers/blob/1c727171068b75ff8f1cc97be9ef2d9efa008e97/macOS/DuckDuckGo/Localization/Localizable.xcstrings#L34426
macOS,headings,DuckDuckGo,duck-player.title,,Duck Player,Private YouTube Player settings title,,,true,extracted_with_value,,apps/apple/macOS/DuckDuckGo/Localization/Localizable.xcstrings,34906,https://github.com/duckduckgo/apple-browsers/blob/1c727171068b75ff8f1cc97be9ef2d9efa008e97/macOS/DuckDuckGo/Localization/Localizable.xcstrings#L34906
macOS,headings,DuckDuckGo,duck-player.video-preferences-title,,Video Preferences,Video Preferences title in settings,,,true,extracted_with_value,,apps/apple/macOS/DuckDuckGo/Localization/Localizable.xcstrings,35146,https://github.com/duckduckgo/apple-browsers/blob/1c727171068b75ff8f1cc97be9ef2d9efa008e97/macOS/DuckDuckGo/Localization/Localizable.xcstrings#L35146
macOS,headings,DuckDuckGo,duckai.open-new-chats.section.title,,Open New Chats,Section title for Duck.ai new chat location settings,,,true,extracted_with_value,,apps/apple/macOS/DuckDuckGo/Localization/Localizable.xcstrings,37125,https://github.com/duckduckgo/apple-browsers/blob/1c727171068b75ff8f1cc97be9ef2d9efa008e97/macOS/DuckDuckGo/Localization/Localizable.xcstrings#L37125
macOS,headings,DuckDuckGo,duckai.shortcuts.section.title,,Duck.ai Shortcuts,Section title for Duck.ai shortcuts settings,,,true,extracted_with_value,,apps/apple/macOS/DuckDuckGo/Localization/Localizable.xcstrings,38025,https://github.com/duckduckgo/apple-browsers/blob/1c727171068b75ff8f1cc97be9ef2d9efa008e97/macOS/DuckDuckGo/Localization/Localizable.xcstrings#L38025
macOS,headings,DuckDuckGo,duckai.text-selection.context-title,,Text selection,Generic title shown on the Duck.ai sidebar attachment chip when the attached content is a user text selection rather than a full web page,,,true,extracted_with_value,,apps/apple/macOS/DuckDuckGo/Localization/Localizable.xcstrings,38865,https://github.com/duckduckgo/apple-browsers/blob/1c727171068b75ff8f1cc97be9ef2d9efa008e97/macOS/DuckDuckGo/Localization/Localizable.xcstrings#L38865
macOS,headings,DuckDuckGo,duckai.title,,Duck.ai,Title for Duck.ai feature,,,true,extracted_with_value,,apps/apple/macOS/DuckDuckGo/Localization/Localizable.xcstrings,38925,https://github.com/duckduckgo/apple-browsers/blob/1c727171068b75ff8f1cc97be9ef2d9efa008e97/macOS/DuckDuckGo/Localization/Localizable.xcstrings#L38925
macOS,headings,DuckDuckGo,edit.favorite,,Edit Favorite,Header of the view that edits a favorite bookmark,,,true,extracted_with_value,,apps/apple/macOS/DuckDuckGo/Localization/Localizable.xcstrings,39488,https://github.com/duckduckgo/apple-browsers/blob/1c727171068b75ff8f1cc97be9ef2d9efa008e97/macOS/DuckDuckGo/Localization/Localizable.xcstrings#L39488
macOS,headings,DuckDuckGo,Error message & code,,Error message & code,Title of the section of a dialog (form where the user can report feedback) where the error message and the error code are shown,,,true,,,apps/apple/macOS/DuckDuckGo/Localization/Localizable.xcstrings,40021,https://github.com/duckduckgo/apple-browsers/blob/1c727171068b75ff8f1cc97be9ef2d9efa008e97/macOS/DuckDuckGo/Localization/Localizable.xcstrings#L40021
macOS,headings,DuckDuckGo,feedback-form.title,,Help Improve the DuckDuckGo Subscription,Title for each screen of the feedback form,,,true,extracted_with_value,,apps/apple/macOS/DuckDuckGo/Localization/Localizable.xcstrings,40787,https://github.com/duckduckgo/apple-browsers/blob/1c727171068b75ff8f1cc97be9ef2d9efa008e97/macOS/DuckDuckGo/Localization/Localizable.xcstrings#L40787
macOS,headings,DuckDuckGo,feedback.incognito-info.title,,Have you tried our Fire Window?,Title for incognito feature information box,,,true,extracted_with_value,,apps/apple/macOS/DuckDuckGo/Localization/Localizable.xcstrings,42167,https://github.com/duckduckgo/apple-browsers/blob/1c727171068b75ff8f1cc97be9ef2d9efa008e97/macOS/DuckDuckGo/Localization/Localizable.xcstrings#L42167
macOS,headings,DuckDuckGo,feedback.report-problem.title,,Report a Problem,Title for the report problem feedback form,,,true,extracted_with_value,,apps/apple/macOS/DuckDuckGo/Localization/Localizable.xcstrings,45167,https://github.com/duckduckgo/apple-browsers/blob/1c727171068b75ff8f1cc97be9ef2d9efa008e97/macOS/DuckDuckGo/Localization/Localizable.xcstrings#L45167
macOS,headings,DuckDuckGo,feedback.request-feature.title,,Request a New Feature,Title for the request new feature feedback form,,,true,extracted_with_value,,apps/apple/macOS/DuckDuckGo/Localization/Localizable.xcstrings,45407,https://github.com/duckduckgo/apple-browsers/blob/1c727171068b75ff8f1cc97be9ef2d9efa008e97/macOS/DuckDuckGo/Localization/Localizable.xcstrings#L45407
macOS,headings,DuckDuckGo,feedback.thank-you.title,,Thanks for your feedback!,Title for thank you screen after feedback submission,,,true,extracted_with_value,,apps/apple/macOS/DuckDuckGo/Localization/Localizable.xcstrings,45647,https://github.com/duckduckgo/apple-browsers/blob/1c727171068b75ff8f1cc97be9ef2d9efa008e97/macOS/DuckDuckGo/Localization/Localizable.xcstrings#L45647
macOS,headings,DuckDuckGo,fire.dialog.chats.overlay.title2,,**%#@chats@** will be deleted,"Simplified Fire dialog's chats overlay title, stating the number of chats affected.",,%#@chats@,true,,,apps/apple/macOS/DuckDuckGo/Localization/Localizable.xcstrings,46918,https://github.com/duckduckgo/apple-browsers/blob/1c727171068b75ff8f1cc97be9ef2d9efa008e97/macOS/DuckDuckGo/Localization/Localizable.xcstrings#L46918
macOS,headings,DuckDuckGo,fire.dialog.chats.overlay.title2,chats.plural:one,%arg Duck.ai chat,"Simplified Fire dialog's chats overlay title, stating the number of chats affected.",,%arg,true,,,apps/apple/macOS/DuckDuckGo/Localization/Localizable.xcstrings,46918,https://github.com/duckduckgo/apple-browsers/blob/1c727171068b75ff8f1cc97be9ef2d9efa008e97/macOS/DuckDuckGo/Localization/Localizable.xcstrings#L46918
macOS,headings,DuckDuckGo,fire.dialog.chats.overlay.title2,chats.plural:other,%arg Duck.ai chats,"Simplified Fire dialog's chats overlay title, stating the number of chats affected.",,%arg,true,,,apps/apple/macOS/DuckDuckGo/Localization/Localizable.xcstrings,46918,https://github.com/duckduckgo/apple-browsers/blob/1c727171068b75ff8f1cc97be9ef2d9efa008e97/macOS/DuckDuckGo/Localization/Localizable.xcstrings#L46918
macOS,headings,DuckDuckGo,fire.dialog.chats.title,,Duck.ai chats,Section title. Toggle that controls whether Duck.ai chat history is deleted.,,,true,extracted_with_value,,apps/apple/macOS/DuckDuckGo/Localization/Localizable.xcstrings,47259,https://github.com/duckduckgo/apple-browsers/blob/1c727171068b75ff8f1cc97be9ef2d9efa008e97/macOS/DuckDuckGo/Localization/Localizable.xcstrings#L47259
macOS,headings,DuckDuckGo,fire.dialog.cookies.and.other.data.title,,Cookies & other data,Section title. Toggle that controls whether website cookies and storage (site data) are deleted.,,,true,extracted_with_value,,apps/apple/macOS/DuckDuckGo/Localization/Localizable.xcstrings,47799,https://github.com/duckduckgo/apple-browsers/blob/1c727171068b75ff8f1cc97be9ef2d9efa008e97/macOS/DuckDuckGo/Localization/Localizable.xcstrings#L47799
macOS,headings,DuckDuckGo,fire.dialog.cookies.title,,Cookies and site data,Section title. Toggle that controls whether website cookies and storage (site data) are deleted.,,,true,extracted_with_value,,apps/apple/macOS/DuckDuckGo/Localization/Localizable.xcstrings,48391,https://github.com/duckduckgo/apple-browsers/blob/1c727171068b75ff8f1cc97be9ef2d9efa008e97/macOS/DuckDuckGo/Localization/Localizable.xcstrings#L48391
macOS,headings,DuckDuckGo,fire.dialog.fire-window.title,,Open New Fire Window,Title of the part of the dialog where the user can open a fire window.,,,true,extracted_with_value,,apps/apple/macOS/DuckDuckGo/Localization/Localizable.xcstrings,48931,https://github.com/duckduckgo/apple-browsers/blob/1c727171068b75ff8f1cc97be9ef2d9efa008e97/macOS/DuckDuckGo/Localization/Localizable.xcstrings#L48931
macOS,headings,DuckDuckGo,fire.dialog.history.items.title,,Delete %#@historyItems@?,"Dialog title. Shows the exact number of browsing history entries that will be deleted in this operation, using plural substitutions for the count and noun (%#@historyItems@).",,%#@historyItems@,true,,,apps/apple/macOS/DuckDuckGo/Localization/Localizable.xcstrings,50145,https://github.com/duckduckgo/apple-browsers/blob/1c727171068b75ff8f1cc97be9ef2d9efa008e97/macOS/DuckDuckGo/Localization/Localizable.xcstrings#L50145
macOS,headings,DuckDuckGo,fire.dialog.history.items.title,historyItems.plural:one,%arg History item,"Dialog title. Shows the exact number of browsing history entries that will be deleted in this operation, using plural substitutions for the count and noun (%#@historyItems@).",,%arg,true,,,apps/apple/macOS/DuckDuckGo/Localization/Localizable.xcstrings,50145,https://github.com/duckduckgo/apple-browsers/blob/1c727171068b75ff8f1cc97be9ef2d9efa008e97/macOS/DuckDuckGo/Localization/Localizable.xcstrings#L50145
macOS,headings,DuckDuckGo,fire.dialog.history.items.title,historyItems.plural:other,%arg History items,"Dialog title. Shows the exact number of browsing history entries that will be deleted in this operation, using plural substitutions for the count and noun (%#@historyItems@).",,%arg,true,,,apps/apple/macOS/DuckDuckGo/Localization/Localizable.xcstrings,50145,https://github.com/duckduckgo/apple-browsers/blob/1c727171068b75ff8f1cc97be9ef2d9efa008e97/macOS/DuckDuckGo/Localization/Localizable.xcstrings#L50145
macOS,headings,DuckDuckGo,fire.dialog.history.overlay.title,,**%#@items@** will be deleted,"Simplified Fire dialog's history overlay title, stating the number of history items affected.",,%#@items@,true,,,apps/apple/macOS/DuckDuckGo/Localization/Localizable.xcstrings,50486,https://github.com/duckduckgo/apple-browsers/blob/1c727171068b75ff8f1cc97be9ef2d9efa008e97/macOS/DuckDuckGo/Localization/Localizable.xcstrings#L50486
macOS,headings,DuckDuckGo,fire.dialog.history.overlay.title,items.plural:one,%arg history item,"Simplified Fire dialog's history overlay title, stating the number of history items affected.",,%arg,true,,,apps/apple/macOS/DuckDuckGo/Localization/Localizable.xcstrings,50486,https://github.com/duckduckgo/apple-browsers/blob/1c727171068b75ff8f1cc97be9ef2d9efa008e97/macOS/DuckDuckGo/Localization/Localizable.xcstrings#L50486
macOS,headings,DuckDuckGo,fire.dialog.history.overlay.title,items.plural:other,%arg history items,"Simplified Fire dialog's history overlay title, stating the number of history items affected.",,%arg,true,,,apps/apple/macOS/DuckDuckGo/Localization/Localizable.xcstrings,50486,https://github.com/duckduckgo/apple-browsers/blob/1c727171068b75ff8f1cc97be9ef2d9efa008e97/macOS/DuckDuckGo/Localization/Localizable.xcstrings#L50486
macOS,headings,DuckDuckGo,fire.dialog.history.title,,History,Section title. Toggle that controls whether browsing history entries are deleted.,,,true,,,apps/apple/macOS/DuckDuckGo/Localization/Localizable.xcstrings,50767,https://github.com/duckduckgo/apple-browsers/blob/1c727171068b75ff8f1cc97be9ef2d9efa008e97/macOS/DuckDuckGo/Localization/Localizable.xcstrings#L50767
macOS,headings,DuckDuckGo,fire.dialog.include.cookies.and.other.data.title,,Include cookies & other data,Section title. Toggle that controls whether website cookies and storage (site data) are deleted.,,,true,extracted_with_value,,apps/apple/macOS/DuckDuckGo/Localization/Localizable.xcstrings,50826,https://github.com/duckduckgo/apple-browsers/blob/1c727171068b75ff8f1cc97be9ef2d9efa008e97/macOS/DuckDuckGo/Localization/Localizable.xcstrings#L50826
macOS,headings,DuckDuckGo,fire.dialog.single.title.all,,Delete browsing data?,Title asking user to confirm deleting browsing data (all time),,,true,,,apps/apple/macOS/DuckDuckGo/Localization/Localizable.xcstrings,51483,https://github.com/duckduckgo/apple-browsers/blob/1c727171068b75ff8f1cc97be9ef2d9efa008e97/macOS/DuckDuckGo/Localization/Localizable.xcstrings#L51483
macOS,headings,DuckDuckGo,fire.dialog.single.title.date,,Delete browsing data from %@?,"Title asking user to confirm deleting browsing data from a specific date label (e.g., Monday, April 1)",,%@,true,,,apps/apple/macOS/DuckDuckGo/Localization/Localizable.xcstrings,51542,https://github.com/duckduckgo/apple-browsers/blob/1c727171068b75ff8f1cc97be9ef2d9efa008e97/macOS/DuckDuckGo/Localization/Localizable.xcstrings#L51542
macOS,headings,DuckDuckGo,fire.dialog.single.title.site,,Delete browsing data from %@?,Title asking user to confirm deleting browsing data from a specific site/domain,,%@,true,,,apps/apple/macOS/DuckDuckGo/Localization/Localizable.xcstrings,51601,https://github.com/duckduckgo/apple-browsers/blob/1c727171068b75ff8f1cc97be9ef2d9efa008e97/macOS/DuckDuckGo/Localization/Localizable.xcstrings#L51601
macOS,headings,DuckDuckGo,fire.dialog.single.title.today,,Delete browsing data from today?,Title asking user to confirm deleting browsing data from today,,,true,,,apps/apple/macOS/DuckDuckGo/Localization/Localizable.xcstrings,51660,https://github.com/duckduckgo/apple-browsers/blob/1c727171068b75ff8f1cc97be9ef2d9efa008e97/macOS/DuckDuckGo/Localization/Localizable.xcstrings#L51660
macOS,headings,DuckDuckGo,fire.dialog.single.title.yesterday,,Delete browsing data from yesterday?,Title asking user to confirm deleting browsing data from yesterday,,,true,,,apps/apple/macOS/DuckDuckGo/Localization/Localizable.xcstrings,51719,https://github.com/duckduckgo/apple-browsers/blob/1c727171068b75ff8f1cc97be9ef2d9efa008e97/macOS/DuckDuckGo/Localization/Localizable.xcstrings#L51719
macOS,headings,DuckDuckGo,fire.dialog.sites.overlay.title,,Site Details,Header of in-dialog overlay listing domains affected by deletion,,,true,,,apps/apple/macOS/DuckDuckGo/Localization/Localizable.xcstrings,51837,https://github.com/duckduckgo/apple-browsers/blob/1c727171068b75ff8f1cc97be9ef2d9efa008e97/macOS/DuckDuckGo/Localization/Localizable.xcstrings#L51837
macOS,headings,DuckDuckGo,fire.dialog.sites.overlay.title2,,**Cookies & other data from %#@sites@** will be deleted,"Simplified Fire dialog's sites overlay title, stating the number of sites affected.",,%#@sites@,true,,,apps/apple/macOS/DuckDuckGo/Localization/Localizable.xcstrings,51896,https://github.com/duckduckgo/apple-browsers/blob/1c727171068b75ff8f1cc97be9ef2d9efa008e97/macOS/DuckDuckGo/Localization/Localizable.xcstrings#L51896
macOS,headings,DuckDuckGo,fire.dialog.sites.overlay.title2,sites.plural:one,%arg site,"Simplified Fire dialog's sites overlay title, stating the number of sites affected.",,%arg,true,,,apps/apple/macOS/DuckDuckGo/Localization/Localizable.xcstrings,51896,https://github.com/duckduckgo/apple-browsers/blob/1c727171068b75ff8f1cc97be9ef2d9efa008e97/macOS/DuckDuckGo/Localization/Localizable.xcstrings#L51896
macOS,headings,DuckDuckGo,fire.dialog.sites.overlay.title2,sites.plural:other,%arg sites,"Simplified Fire dialog's sites overlay title, stating the number of sites affected.",,%arg,true,,,apps/apple/macOS/DuckDuckGo/Localization/Localizable.xcstrings,51896,https://github.com/duckduckgo/apple-browsers/blob/1c727171068b75ff8f1cc97be9ef2d9efa008e97/macOS/DuckDuckGo/Localization/Localizable.xcstrings#L51896
macOS,headings,DuckDuckGo,fire.dialog.tabs.and.windows,,Tabs and windows,Section title. Refers to the scope option that affects open tabs and/or browser windows; keep short and title-cased.,,,true,extracted_with_value,,apps/apple/macOS/DuckDuckGo/Localization/Localizable.xcstrings,52357,https://github.com/duckduckgo/apple-browsers/blob/1c727171068b75ff8f1cc97be9ef2d9efa008e97/macOS/DuckDuckGo/Localization/Localizable.xcstrings#L52357
macOS,headings,DuckDuckGo,fire.dialog.title,,Delete Browsing Data,Title of the Fire dialog,,,true,,,apps/apple/macOS/DuckDuckGo/Localization/Localizable.xcstrings,52417,https://github.com/duckduckgo/apple-browsers/blob/1c727171068b75ff8f1cc97be9ef2d9efa008e97/macOS/DuckDuckGo/Localization/Localizable.xcstrings#L52417
macOS,headings,DuckDuckGo,fire.info.dialog.title,,Leave No Trace,Title of the dialog that explains the Fire feature.,,,true,extracted_with_value,,apps/apple/macOS/DuckDuckGo/Localization/Localizable.xcstrings,52596,https://github.com/duckduckgo/apple-browsers/blob/1c727171068b75ff8f1cc97be9ef2d9efa008e97/macOS/DuckDuckGo/Localization/Localizable.xcstrings#L52596
macOS,headings,DuckDuckGo,fireproof.checkbox.title,,Ask to Fireproof websites when signing in,Fireproof settings checkbox title,,,true,extracted_with_value,,apps/apple/macOS/DuckDuckGo/Localization/Localizable.xcstrings,52896,https://github.com/duckduckgo/apple-browsers/blob/1c727171068b75ff8f1cc97be9ef2d9efa008e97/macOS/DuckDuckGo/Localization/Localizable.xcstrings#L52896
macOS,headings,DuckDuckGo,fireproof.confirmation.title,,Would you like to Fireproof %@?,Fireproof confirmation title,,%@,true,extracted_with_value,,apps/apple/macOS/DuckDuckGo/Localization/Localizable.xcstrings,53016,https://github.com/duckduckgo/apple-browsers/blob/1c727171068b75ff8f1cc97be9ef2d9efa008e97/macOS/DuckDuckGo/Localization/Localizable.xcstrings#L53016
macOS,headings,DuckDuckGo,fireproof.domains.add.title,,Add Fireproof Site,Title for the alert to add a fireproof site,,,true,extracted_with_value,,apps/apple/macOS/DuckDuckGo/Localization/Localizable.xcstrings,53196,https://github.com/duckduckgo/apple-browsers/blob/1c727171068b75ff8f1cc97be9ef2d9efa008e97/macOS/DuckDuckGo/Localization/Localizable.xcstrings#L53196
macOS,headings,DuckDuckGo,fireproof.sites,,Fireproof Sites,Fireproof sites list title,,,true,extracted_with_value,,apps/apple/macOS/DuckDuckGo/Localization/Localizable.xcstrings,53436,https://github.com/duckduckgo/apple-browsers/blob/1c727171068b75ff8f1cc97be9ef2d9efa008e97/macOS/DuckDuckGo/Localization/Localizable.xcstrings#L53436
macOS,headings,DuckDuckGo,gpc.checkbox.title,,Enable Global Privacy Control,GPC settings checkbox title,,,true,extracted_with_value,,apps/apple/macOS/DuckDuckGo/Localization/Localizable.xcstrings,54396,https://github.com/duckduckgo/apple-browsers/blob/1c727171068b75ff8f1cc97be9ef2d9efa008e97/macOS/DuckDuckGo/Localization/Localizable.xcstrings#L54396
macOS,headings,DuckDuckGo,history.delete.all.dialog.title,,Delete all history?,Title of a dialog asking the user to confirm deleting all history,,,true,extracted_with_value,,apps/apple/macOS/DuckDuckGo/Localization/Localizable.xcstrings,54622,https://github.com/duckduckgo/apple-browsers/blob/1c727171068b75ff8f1cc97be9ef2d9efa008e97/macOS/DuckDuckGo/Localization/Localizable.xcstrings#L54622
macOS,headings,DuckDuckGo,history.delete.date.dialog.title,,"Delete all history from
%@?",Title of a dialog asking the user to confirm deleting history for a given date. %@ represents the date,,%@,true,extracted_with_value,,apps/apple/macOS/DuckDuckGo/Localization/Localizable.xcstrings,54682,https://github.com/duckduckgo/apple-browsers/blob/1c727171068b75ff8f1cc97be9ef2d9efa008e97/macOS/DuckDuckGo/Localization/Localizable.xcstrings#L54682
macOS,headings,DuckDuckGo,history.delete.dialog.title1,,Delete history?,Title of a dialog asking the user to confirm deleting history,,,true,extracted_with_value,,apps/apple/macOS/DuckDuckGo/Localization/Localizable.xcstrings,55162,https://github.com/duckduckgo/apple-browsers/blob/1c727171068b75ff8f1cc97be9ef2d9efa008e97/macOS/DuckDuckGo/Localization/Localizable.xcstrings#L55162
macOS,headings,DuckDuckGo,history.delete.older.dialog.title,,Delete older history?,Title of a dialog asking the user to confirm deleting older history (more than a week old),,,true,extracted_with_value,,apps/apple/macOS/DuckDuckGo/Localization/Localizable.xcstrings,55222,https://github.com/duckduckgo/apple-browsers/blob/1c727171068b75ff8f1cc97be9ef2d9efa008e97/macOS/DuckDuckGo/Localization/Localizable.xcstrings#L55222
macOS,headings,DuckDuckGo,history.delete.today.dialog.title,,Delete all history from today?,Title of a dialog asking the user to confirm deleting history from today,,,true,extracted_with_value,,apps/apple/macOS/DuckDuckGo/Localization/Localizable.xcstrings,55282,https://github.com/duckduckgo/apple-browsers/blob/1c727171068b75ff8f1cc97be9ef2d9efa008e97/macOS/DuckDuckGo/Localization/Localizable.xcstrings#L55282
macOS,headings,DuckDuckGo,history.delete.yesterday.dialog.title,,Delete all history from yesterday?,Title of a dialog asking the user to confirm deleting history from yesterday,,,true,extracted_with_value,,apps/apple/macOS/DuckDuckGo/Localization/Localizable.xcstrings,55342,https://github.com/duckduckgo/apple-browsers/blob/1c727171068b75ff8f1cc97be9ef2d9efa008e97/macOS/DuckDuckGo/Localization/Localizable.xcstrings#L55342
macOS,headings,DuckDuckGo,history.view.onboarding.title,,Easier History Management,Title for the history view onboarding popover,,,true,extracted_with_value,,apps/apple/macOS/DuckDuckGo/Localization/Localizable.xcstrings,56362,https://github.com/duckduckgo/apple-browsers/blob/1c727171068b75ff8f1cc97be9ef2d9efa008e97/macOS/DuckDuckGo/Localization/Localizable.xcstrings#L56362
macOS,headings,DuckDuckGo,home.page.empty.state.item.title,,Recently visited sites appear here,"This string represents the title for an empty state item on the home page, indicating that recently visited sites will appear here",,,true,extracted_with_value,,apps/apple/macOS/DuckDuckGo/Localization/Localizable.xcstrings,56708,https://github.com/duckduckgo/apple-browsers/blob/1c727171068b75ff8f1cc97be9ef2d9efa008e97/macOS/DuckDuckGo/Localization/Localizable.xcstrings#L56708
macOS,headings,DuckDuckGo,home.page.promotion.freemium.dbp.title,,Personal Information Removal,Title for the Freemium DBP Home Page Promotion,,,true,extracted_with_value,,apps/apple/macOS/DuckDuckGo/Localization/Localizable.xcstrings,57368,https://github.com/duckduckgo/apple-browsers/blob/1c727171068b75ff8f1cc97be9ef2d9efa008e97/macOS/DuckDuckGo/Localization/Localizable.xcstrings#L57368
macOS,headings,DuckDuckGo,home.page.settings.header,,Customize,Home Page Settings title,,,true,extracted_with_value,,apps/apple/macOS/DuckDuckGo/Localization/Localizable.xcstrings,57908,https://github.com/duckduckgo/apple-browsers/blob/1c727171068b75ff8f1cc97be9ef2d9efa008e97/macOS/DuckDuckGo/Localization/Localizable.xcstrings#L57908
macOS,headings,DuckDuckGo,home.page.settings.onboarding.title,,"New search box, custom backgrounds & more!",Home Page Settings Onboarding message title,,,true,extracted_with_value,,apps/apple/macOS/DuckDuckGo/Localization/Localizable.xcstrings,58148,https://github.com/duckduckgo/apple-browsers/blob/1c727171068b75ff8f1cc97be9ef2d9efa008e97/macOS/DuckDuckGo/Localization/Localizable.xcstrings#L58148
macOS,headings,DuckDuckGo,Import Bookmarks,,Import Bookmarks,Title of dialog with instruction for the user to import bookmarks from another browser,,,true,stale,,apps/apple/macOS/DuckDuckGo/Localization/Localizable.xcstrings,58268,https://github.com/duckduckgo/apple-browsers/blob/1c727171068b75ff8f1cc97be9ef2d9efa008e97/macOS/DuckDuckGo/Localization/Localizable.xcstrings#L58268
macOS,headings,DuckDuckGo,Import Passwords,,Import Passwords,Title of dialog with instruction for the user to import passwords from another browser,,,true,stale,,apps/apple/macOS/DuckDuckGo/Localization/Localizable.xcstrings,58374,https://github.com/duckduckgo/apple-browsers/blob/1c727171068b75ff8f1cc97be9ef2d9efa008e97/macOS/DuckDuckGo/Localization/Localizable.xcstrings#L58374
macOS,headings,DuckDuckGo,import.bookmarks.bookmarks,,Bookmarks,Title text for the Bookmarks import option,,,true,extracted_with_value,,apps/apple/macOS/DuckDuckGo/Localization/Localizable.xcstrings,58602,https://github.com/duckduckgo/apple-browsers/blob/1c727171068b75ff8f1cc97be9ef2d9efa008e97/macOS/DuckDuckGo/Localization/Localizable.xcstrings#L58602
macOS,headings,DuckDuckGo,import.bookmarks.html.short.title,,HTML Bookmarks,Short title text for the HTML Bookmarks importer,,,true,extracted_with_value,,apps/apple/macOS/DuckDuckGo/Localization/Localizable.xcstrings,58722,https://github.com/duckduckgo/apple-browsers/blob/1c727171068b75ff8f1cc97be9ef2d9efa008e97/macOS/DuckDuckGo/Localization/Localizable.xcstrings#L58722
macOS,headings,DuckDuckGo,import.bookmarks.html.title,,HTML Bookmarks File (for other browsers),Title text for the HTML Bookmarks importer,,,true,extracted_with_value,,apps/apple/macOS/DuckDuckGo/Localization/Localizable.xcstrings,58782,https://github.com/duckduckgo/apple-browsers/blob/1c727171068b75ff8f1cc97be9ef2d9efa008e97/macOS/DuckDuckGo/Localization/Localizable.xcstrings#L58782
macOS,headings,DuckDuckGo,import.bookmarks.manually.title,,Import your bookmarks manually,Title for the option to manually import bookmarks,,,true,extracted_with_value,,apps/apple/macOS/DuckDuckGo/Localization/Localizable.xcstrings,58902,https://github.com/duckduckgo/apple-browsers/blob/1c727171068b75ff8f1cc97be9ef2d9efa008e97/macOS/DuckDuckGo/Localization/Localizable.xcstrings#L58902
macOS,headings,DuckDuckGo,import.browser.data,,Import to DuckDuckGo,Import Browser Data dialog title,,,true,stale,,apps/apple/macOS/DuckDuckGo/Localization/Localizable.xcstrings,59142,https://github.com/duckduckgo/apple-browsers/blob/1c727171068b75ff8f1cc97be9ef2d9efa008e97/macOS/DuckDuckGo/Localization/Localizable.xcstrings#L59142
macOS,headings,DuckDuckGo,import.browser.data.import-type.title.collapsed,,Import selected data,Import Browser Data dialog title for option to choose what to import in collapsed state,,,true,extracted_with_value,,apps/apple/macOS/DuckDuckGo/Localization/Localizable.xcstrings,59502,https://github.com/duckduckgo/apple-browsers/blob/1c727171068b75ff8f1cc97be9ef2d9efa008e97/macOS/DuckDuckGo/Localization/Localizable.xcstrings#L59502
macOS,headings,DuckDuckGo,import.browser.data.import-type.title.collapsed.all,,Import all available data,Import Browser Data dialog title for option to choose what to import in collapsed state,,,true,stale,,apps/apple/macOS/DuckDuckGo/Localization/Localizable.xcstrings,59562,https://github.com/duckduckgo/apple-browsers/blob/1c727171068b75ff8f1cc97be9ef2d9efa008e97/macOS/DuckDuckGo/Localization/Localizable.xcstrings#L59562
macOS,headings,DuckDuckGo,import.browser.data.onboarding,,"Great, let’s keep this simple!",Import Browser Data dialog title,,,true,stale,,apps/apple/macOS/DuckDuckGo/Localization/Localizable.xcstrings,59622,https://github.com/duckduckgo/apple-browsers/blob/1c727171068b75ff8f1cc97be9ef2d9efa008e97/macOS/DuckDuckGo/Localization/Localizable.xcstrings#L59622
macOS,headings,DuckDuckGo,import.browser.data.select.profile.title,,Select profile:,Title for the data import browser profile picker,,,true,stale,,apps/apple/macOS/DuckDuckGo/Localization/Localizable.xcstrings,59742,https://github.com/duckduckgo/apple-browsers/blob/1c727171068b75ff8f1cc97be9ef2d9efa008e97/macOS/DuckDuckGo/Localization/Localizable.xcstrings#L59742
macOS,headings,DuckDuckGo,import.browser.data.shortcuts,,Almost done!,Import Browser Data dialog title for final stage when choosing shortcuts to enable,,,true,stale,,apps/apple/macOS/DuckDuckGo/Localization/Localizable.xcstrings,59862,https://github.com/duckduckgo/apple-browsers/blob/1c727171068b75ff8f1cc97be9ef2d9efa008e97/macOS/DuckDuckGo/Localization/Localizable.xcstrings#L59862
macOS,headings,DuckDuckGo,import.browser.data.source.title,,Where do you want to import from?,Import Browser Data title for option to choose source browser to import from,,,true,stale,,apps/apple/macOS/DuckDuckGo/Localization/Localizable.xcstrings,60042,https://github.com/duckduckgo/apple-browsers/blob/1c727171068b75ff8f1cc97be9ef2d9efa008e97/macOS/DuckDuckGo/Localization/Localizable.xcstrings#L60042
macOS,headings,DuckDuckGo,import.browser.data.success.title,,Import complete!,message about Passwords and or bookmarks Data Import completion,,,true,stale,,apps/apple/macOS/DuckDuckGo/Localization/Localizable.xcstrings,60102,https://github.com/duckduckgo/apple-browsers/blob/1c727171068b75ff8f1cc97be9ef2d9efa008e97/macOS/DuckDuckGo/Localization/Localizable.xcstrings#L60102
macOS,headings,DuckDuckGo,import.browser.data.summary.title,,Import Summary,Title for screen shown after importing data (passwords / bookmarks),,,true,extracted_with_value,,apps/apple/macOS/DuckDuckGo/Localization/Localizable.xcstrings,60162,https://github.com/duckduckgo/apple-browsers/blob/1c727171068b75ff8f1cc97be9ef2d9efa008e97/macOS/DuckDuckGo/Localization/Localizable.xcstrings#L60162
macOS,headings,DuckDuckGo,import.choose-source.title,,Choose where to import from,"Title text for the import dialog, before the user selects a source",,,true,extracted_with_value,,apps/apple/macOS/DuckDuckGo/Localization/Localizable.xcstrings,60402,https://github.com/duckduckgo/apple-browsers/blob/1c727171068b75ff8f1cc97be9ef2d9efa008e97/macOS/DuckDuckGo/Localization/Localizable.xcstrings#L60402
macOS,headings,DuckDuckGo,import.credit-cards,,Credit Cards,Title text for the Credit Card import option,,,true,extracted_with_value,,apps/apple/macOS/DuckDuckGo/Localization/Localizable.xcstrings,60822,https://github.com/duckduckgo/apple-browsers/blob/1c727171068b75ff8f1cc97be9ef2d9efa008e97/macOS/DuckDuckGo/Localization/Localizable.xcstrings#L60822
macOS,headings,DuckDuckGo,import.data.requires-password.title,,Enter Primary Password for %@,Alert title text when the data import needs a password,,%@,true,extracted_with_value,,apps/apple/macOS/DuckDuckGo/Localization/Localizable.xcstrings,63282,https://github.com/duckduckgo/apple-browsers/blob/1c727171068b75ff8f1cc97be9ef2d9efa008e97/macOS/DuckDuckGo/Localization/Localizable.xcstrings#L63282
macOS,headings,DuckDuckGo,import.from.file.title,,Import from %@,"Title text for the file import screen, after the user selects a source",,%@,true,extracted_with_value,,apps/apple/macOS/DuckDuckGo/Localization/Localizable.xcstrings,63642,https://github.com/duckduckgo/apple-browsers/blob/1c727171068b75ff8f1cc97be9ef2d9efa008e97/macOS/DuckDuckGo/Localization/Localizable.xcstrings#L63642
macOS,headings,DuckDuckGo,import.logins.csv.short.title,,CSV Passwords,Short title text for the CSV importer,,,true,extracted_with_value,,apps/apple/macOS/DuckDuckGo/Localization/Localizable.xcstrings,64662,https://github.com/duckduckgo/apple-browsers/blob/1c727171068b75ff8f1cc97be9ef2d9efa008e97/macOS/DuckDuckGo/Localization/Localizable.xcstrings#L64662
macOS,headings,DuckDuckGo,import.logins.csv.title,,CSV Passwords File (for other browsers),Title text for the CSV importer,,,true,extracted_with_value,,apps/apple/macOS/DuckDuckGo/Localization/Localizable.xcstrings,64722,https://github.com/duckduckgo/apple-browsers/blob/1c727171068b75ff8f1cc97be9ef2d9efa008e97/macOS/DuckDuckGo/Localization/Localizable.xcstrings#L64722
macOS,headings,DuckDuckGo,import.logins.passwords,,Passwords,Title text for the Passwords import option,,,true,extracted_with_value,,apps/apple/macOS/DuckDuckGo/Localization/Localizable.xcstrings,64782,https://github.com/duckduckgo/apple-browsers/blob/1c727171068b75ff8f1cc97be9ef2d9efa008e97/macOS/DuckDuckGo/Localization/Localizable.xcstrings#L64782
macOS,headings,DuckDuckGo,import.password.entry.help.title,,Want to try again? macOS needs your permission to finish importing.,Title for the password entry help screen,,,true,extracted_with_value,,apps/apple/macOS/DuckDuckGo/Localization/Localizable.xcstrings,65562,https://github.com/duckduckgo/apple-browsers/blob/1c727171068b75ff8f1cc97be9ef2d9efa008e97/macOS/DuckDuckGo/Localization/Localizable.xcstrings#L65562
macOS,headings,DuckDuckGo,import.passwords.manually.title,,Import your passwords manually,Title for the option to manually import passwords,,,true,extracted_with_value,,apps/apple/macOS/DuckDuckGo/Localization/Localizable.xcstrings,65742,https://github.com/duckduckgo/apple-browsers/blob/1c727171068b75ff8f1cc97be9ef2d9efa008e97/macOS/DuckDuckGo/Localization/Localizable.xcstrings#L65742
macOS,headings,DuckDuckGo,import.request-access-denied.cancel.title,,Cancel,Button that aborts the data import flow and closes the import dialog,,,true,extracted_with_value,,apps/apple/macOS/DuckDuckGo/Localization/Localizable.xcstrings,65862,https://github.com/duckduckgo/apple-browsers/blob/1c727171068b75ff8f1cc97be9ef2d9efa008e97/macOS/DuckDuckGo/Localization/Localizable.xcstrings#L65862
macOS,headings,DuckDuckGo,import.request-access-denied.title,,Want to try again? DuckDuckGo needs access to your %1$@ data to finish importing.,"Title of the screen shown after the user declined to grant DuckDuckGo access to another browser's data folder, asking them to try again (%1$@ is the browser name)",,%1$@,true,extracted_with_value,,apps/apple/macOS/DuckDuckGo/Localization/Localizable.xcstrings,65922,https://github.com/duckduckgo/apple-browsers/blob/1c727171068b75ff8f1cc97be9ef2d9efa008e97/macOS/DuckDuckGo/Localization/Localizable.xcstrings#L65922
macOS,headings,DuckDuckGo,import.request-access.title,,DuckDuckGo needs access to your %1$@ data to finish importing.,Title of the screen asking the user to grant DuckDuckGo access to another browser's data folder (%1$@ is the browser name),,%1$@,true,extracted_with_value,,apps/apple/macOS/DuckDuckGo/Localization/Localizable.xcstrings,66342,https://github.com/duckduckgo/apple-browsers/blob/1c727171068b75ff8f1cc97be9ef2d9efa008e97/macOS/DuckDuckGo/Localization/Localizable.xcstrings#L66342
macOS,headings,DuckDuckGo,import.select-profile.title,,Select profile to import,Title text for the dialog to select which browser profile to import,,,true,extracted_with_value,,apps/apple/macOS/DuckDuckGo/Localization/Localizable.xcstrings,66402,https://github.com/duckduckgo/apple-browsers/blob/1c727171068b75ff8f1cc97be9ef2d9efa008e97/macOS/DuckDuckGo/Localization/Localizable.xcstrings#L66402
macOS,headings,DuckDuckGo,import.select-profiles.title,,Select profiles to import,Title text for the dialog to select which browser profiles to import,,,true,extracted_with_value,,apps/apple/macOS/DuckDuckGo/Localization/Localizable.xcstrings,66462,https://github.com/duckduckgo/apple-browsers/blob/1c727171068b75ff8f1cc97be9ef2d9efa008e97/macOS/DuckDuckGo/Localization/Localizable.xcstrings#L66462
macOS,headings,DuckDuckGo,import.selected-data.title,,Import Selected Data,"Title text for the dialog to confirm which data to import (e.g passwords, bookmarks)",,,true,extracted_with_value,,apps/apple/macOS/DuckDuckGo/Localization/Localizable.xcstrings,66522,https://github.com/duckduckgo/apple-browsers/blob/1c727171068b75ff8f1cc97be9ef2d9efa008e97/macOS/DuckDuckGo/Localization/Localizable.xcstrings#L66522
macOS,headings,DuckDuckGo,import.shortcuts.bookmarks.title,,Show Bookmarks Bar,Title for the setting to enable the bookmarks bar,,,true,extracted_with_value,,apps/apple/macOS/DuckDuckGo/Localization/Localizable.xcstrings,66642,https://github.com/duckduckgo/apple-browsers/blob/1c727171068b75ff8f1cc97be9ef2d9efa008e97/macOS/DuckDuckGo/Localization/Localizable.xcstrings#L66642
macOS,headings,DuckDuckGo,import.shortcuts.passwords.title,,Show Passwords Shortcut,Title for the setting to enable the passwords shortcut,,,true,extracted_with_value,,apps/apple/macOS/DuckDuckGo/Localization/Localizable.xcstrings,66762,https://github.com/duckduckgo/apple-browsers/blob/1c727171068b75ff8f1cc97be9ef2d9efa008e97/macOS/DuckDuckGo/Localization/Localizable.xcstrings#L66762
macOS,headings,DuckDuckGo,import.summary.details.passwords.title,,Password Import Details,Title for the passwords import summary details screen,,,true,extracted_with_value,,apps/apple/macOS/DuckDuckGo/Localization/Localizable.xcstrings,67302,https://github.com/duckduckgo/apple-browsers/blob/1c727171068b75ff8f1cc97be9ef2d9efa008e97/macOS/DuckDuckGo/Localization/Localizable.xcstrings#L67302
macOS,headings,DuckDuckGo,import.summary.send.feedback.title,,Report an issue,Title for feedback dialog,,,true,extracted_with_value,,apps/apple/macOS/DuckDuckGo/Localization/Localizable.xcstrings,67842,https://github.com/duckduckgo/apple-browsers/blob/1c727171068b75ff8f1cc97be9ef2d9efa008e97/macOS/DuckDuckGo/Localization/Localizable.xcstrings#L67842
macOS,headings,DuckDuckGo,import.type-selection.title.all,,Import Bookmarks & Passwords,"Title text for the button to select the type of data to import (e.g passwords, bookmarks)",,,true,extracted_with_value,,apps/apple/macOS/DuckDuckGo/Localization/Localizable.xcstrings,67962,https://github.com/duckduckgo/apple-browsers/blob/1c727171068b75ff8f1cc97be9ef2d9efa008e97/macOS/DuckDuckGo/Localization/Localizable.xcstrings#L67962
macOS,headings,DuckDuckGo,import.type-selection.title.bookmarks,,Import Bookmarks,Title text for the button to select the type of data to import when bookmarks selected,,,true,extracted_with_value,,apps/apple/macOS/DuckDuckGo/Localization/Localizable.xcstrings,68022,https://github.com/duckduckgo/apple-browsers/blob/1c727171068b75ff8f1cc97be9ef2d9efa008e97/macOS/DuckDuckGo/Localization/Localizable.xcstrings#L68022
macOS,headings,DuckDuckGo,import.type-selection.title.passwords,,Import Passwords,Title text for the button to select the type of data to import when passwords selected,,,true,extracted_with_value,,apps/apple/macOS/DuckDuckGo/Localization/Localizable.xcstrings,68082,https://github.com/duckduckgo/apple-browsers/blob/1c727171068b75ff8f1cc97be9ef2d9efa008e97/macOS/DuckDuckGo/Localization/Localizable.xcstrings#L68082
macOS,headings,DuckDuckGo,network.protection.invite.dialog.title,,Enter your invite code,Title for the VPN invite dialog,,,true,extracted_with_value,,apps/apple/macOS/DuckDuckGo/Localization/Localizable.xcstrings,72933,https://github.com/duckduckgo/apple-browsers/blob/1c727171068b75ff8f1cc97be9ef2d9efa008e97/macOS/DuckDuckGo/Localization/Localizable.xcstrings#L72933
macOS,headings,DuckDuckGo,network.protection.invite.success.title,,Success! You’re in.,Title for the VPN invite success view,,,true,extracted_with_value,,apps/apple/macOS/DuckDuckGo/Localization/Localizable.xcstrings,73113,https://github.com/duckduckgo/apple-browsers/blob/1c727171068b75ff8f1cc97be9ef2d9efa008e97/macOS/DuckDuckGo/Localization/Localizable.xcstrings#L73113
macOS,headings,DuckDuckGo,newTab.aichat.section.title,,Duck.ai,Title of the Duck.ai section in the home page,,,true,extracted_with_value,,apps/apple/macOS/DuckDuckGo/Localization/Localizable.xcstrings,74066,https://github.com/duckduckgo/apple-browsers/blob/1c727171068b75ff8f1cc97be9ef2d9efa008e97/macOS/DuckDuckGo/Localization/Localizable.xcstrings#L74066
macOS,headings,DuckDuckGo,newTab.bottom.popover.title,,New Tab Page,Title of the popover that appears when pressing the bottom right button,,,true,extracted_with_value,,apps/apple/macOS/DuckDuckGo/Localization/Localizable.xcstrings,74126,https://github.com/duckduckgo/apple-browsers/blob/1c727171068b75ff8f1cc97be9ef2d9efa008e97/macOS/DuckDuckGo/Localization/Localizable.xcstrings#L74126
macOS,headings,DuckDuckGo,newTab.favorites.section.title,,Favorites,Title of the Favorites section in the home page,,,true,extracted_with_value,,apps/apple/macOS/DuckDuckGo/Localization/Localizable.xcstrings,74246,https://github.com/duckduckgo/apple-browsers/blob/1c727171068b75ff8f1cc97be9ef2d9efa008e97/macOS/DuckDuckGo/Localization/Localizable.xcstrings#L74246
macOS,headings,DuckDuckGo,newTab.privacy.stats.section.title,,Protection Stats,Title of the Privacy Stats section in the home page,,,true,,,apps/apple/macOS/DuckDuckGo/Localization/Localizable.xcstrings,74546,https://github.com/duckduckgo/apple-browsers/blob/1c727171068b75ff8f1cc97be9ef2d9efa008e97/macOS/DuckDuckGo/Localization/Localizable.xcstrings#L74546
macOS,headings,DuckDuckGo,newTab.protections.section.title,,Protections Report,Title of the Protections Report section in the home page,,,true,extracted_with_value,,apps/apple/macOS/DuckDuckGo/Localization/Localizable.xcstrings,74605,https://github.com/duckduckgo/apple-browsers/blob/1c727171068b75ff8f1cc97be9ef2d9efa008e97/macOS/DuckDuckGo/Localization/Localizable.xcstrings#L74605
macOS,headings,DuckDuckGo,newTab.recent.activity.section.title,,Recent Activity,Title of the RecentActivity section in the home page,,,true,extracted_with_value,,apps/apple/macOS/DuckDuckGo/Localization/Localizable.xcstrings,74725,https://github.com/duckduckgo/apple-browsers/blob/1c727171068b75ff8f1cc97be9ef2d9efa008e97/macOS/DuckDuckGo/Localization/Localizable.xcstrings#L74725
macOS,headings,DuckDuckGo,no.access.to.downloads.folder.header,,DuckDuckGo needs permission to access your Downloads folder,Header of the alert dialog warning the user they need to give the browser permission to access the Downloads folder,,,true,extracted_with_value,,apps/apple/macOS/DuckDuckGo/Localization/Localizable.xcstrings,75145,https://github.com/duckduckgo/apple-browsers/blob/1c727171068b75ff8f1cc97be9ef2d9efa008e97/macOS/DuckDuckGo/Localization/Localizable.xcstrings#L75145
macOS,headings,DuckDuckGo,onboarding.welcome.title,,Welcome to DuckDuckGo!,General welcome to the app title,,,true,extracted_with_value,,apps/apple/macOS/DuckDuckGo/Localization/Localizable.xcstrings,77208,https://github.com/duckduckgo/apple-browsers/blob/1c727171068b75ff8f1cc97be9ef2d9efa008e97/macOS/DuckDuckGo/Localization/Localizable.xcstrings#L77208
macOS,headings,DuckDuckGo,open.multiple.tabs.alert.title,,Open %d items in new tabs?,"Title of a dialog warning the user before opening multiple tabs with history items. NOTE: This term is only for English. For other languages, please translate the following term: 'Open multiple items (%d) in new tabs?'",,%d,true,extracted_with_value,,apps/apple/macOS/DuckDuckGo/Localization/Localizable.xcstrings,78341,https://github.com/duckduckgo/apple-browsers/blob/1c727171068b75ff8f1cc97be9ef2d9efa008e97/macOS/DuckDuckGo/Localization/Localizable.xcstrings#L78341
macOS,headings,DuckDuckGo,page.crash.header,,This webpage has crashed.,Error page heading text shown when a Web Page process had crashed,,,true,extracted_with_value,,apps/apple/macOS/DuckDuckGo/Localization/Localizable.xcstrings,78701,https://github.com/duckduckgo/apple-browsers/blob/1c727171068b75ff8f1cc97be9ef2d9efa008e97/macOS/DuckDuckGo/Localization/Localizable.xcstrings#L78701
macOS,headings,DuckDuckGo,passsword.management.all-items,,All Items,Used as title for the Autofill All Items option,,,true,extracted_with_value,,apps/apple/macOS/DuckDuckGo/Localization/Localizable.xcstrings,79121,https://github.com/duckduckgo/apple-browsers/blob/1c727171068b75ff8f1cc97be9ef2d9efa008e97/macOS/DuckDuckGo/Localization/Localizable.xcstrings#L79121
macOS,headings,DuckDuckGo,passsword.management.credit-cards,,Credit Cards,Used as title for the Autofill Credit Cards option,,,true,extracted_with_value,,apps/apple/macOS/DuckDuckGo/Localization/Localizable.xcstrings,79181,https://github.com/duckduckgo/apple-browsers/blob/1c727171068b75ff8f1cc97be9ef2d9efa008e97/macOS/DuckDuckGo/Localization/Localizable.xcstrings#L79181
macOS,headings,DuckDuckGo,passsword.management.identities,,Identities,Used as title for the Autofill Identities option,,,true,extracted_with_value,,apps/apple/macOS/DuckDuckGo/Localization/Localizable.xcstrings,79241,https://github.com/duckduckgo/apple-browsers/blob/1c727171068b75ff8f1cc97be9ef2d9efa008e97/macOS/DuckDuckGo/Localization/Localizable.xcstrings#L79241
macOS,headings,DuckDuckGo,passsword.management.logins,,Passwords,Used as title for the Autofill Logins option,,,true,extracted_with_value,,apps/apple/macOS/DuckDuckGo/Localization/Localizable.xcstrings,79361,https://github.com/duckduckgo/apple-browsers/blob/1c727171068b75ff8f1cc97be9ef2d9efa008e97/macOS/DuckDuckGo/Localization/Localizable.xcstrings#L79361
macOS,headings,DuckDuckGo,passsword.management.notes,,Notes,Used as title for the Autofill Notes option,,,true,extracted_with_value,,apps/apple/macOS/DuckDuckGo/Localization/Localizable.xcstrings,79421,https://github.com/duckduckgo/apple-browsers/blob/1c727171068b75ff8f1cc97be9ef2d9efa008e97/macOS/DuckDuckGo/Localization/Localizable.xcstrings#L79421
macOS,headings,DuckDuckGo,passsword.management.save.credentials.fireproof.checkbox.title,,Fireproof this website,"In the password manager dialog, title of the section that allows the user to fireproof a website via a checkbox",,,true,extracted_with_value,,apps/apple/macOS/DuckDuckGo/Localization/Localizable.xcstrings,79661,https://github.com/duckduckgo/apple-browsers/blob/1c727171068b75ff8f1cc97be9ef2d9efa008e97/macOS/DuckDuckGo/Localization/Localizable.xcstrings#L79661
macOS,headings,DuckDuckGo,passsword.management.save.credentials.password.manager.title,,Save password to Bitwarden?,Title of the passwored manager section of dialog that allows the user to save credentials,,,true,extracted_with_value,,apps/apple/macOS/DuckDuckGo/Localization/Localizable.xcstrings,79721,https://github.com/duckduckgo/apple-browsers/blob/1c727171068b75ff8f1cc97be9ef2d9efa008e97/macOS/DuckDuckGo/Localization/Localizable.xcstrings#L79721
macOS,headings,DuckDuckGo,passsword.manager.alert.duplicate.password,,Duplicate Password,Title of the alert that the password inserted already exists,,,true,extracted_with_value,,apps/apple/macOS/DuckDuckGo/Localization/Localizable.xcstrings,80021,https://github.com/duckduckgo/apple-browsers/blob/1c727171068b75ff8f1cc97be9ef2d9efa008e97/macOS/DuckDuckGo/Localization/Localizable.xcstrings#L80021
macOS,headings,DuckDuckGo,passsword.manager.empty.state.title,,No logins or credit card info yet,In the password manager title when there are no items,,,true,extracted_with_value,,apps/apple/macOS/DuckDuckGo/Localization/Localizable.xcstrings,80501,https://github.com/duckduckgo/apple-browsers/blob/1c727171068b75ff8f1cc97be9ef2d9efa008e97/macOS/DuckDuckGo/Localization/Localizable.xcstrings#L80501
macOS,headings,DuckDuckGo,password.management.title,,Passwords & Autofill,Used as the title for menu item and related Settings page,,,true,extracted_with_value,,apps/apple/macOS/DuckDuckGo/Localization/Localizable.xcstrings,80843,https://github.com/duckduckgo/apple-browsers/blob/1c727171068b75ff8f1cc97be9ef2d9efa008e97/macOS/DuckDuckGo/Localization/Localizable.xcstrings#L80843
macOS,headings,DuckDuckGo,password.manager,,Password Manager,Section header,,,true,extracted_with_value,,apps/apple/macOS/DuckDuckGo/Localization/Localizable.xcstrings,80903,https://github.com/duckduckgo/apple-browsers/blob/1c727171068b75ff8f1cc97be9ef2d9efa008e97/macOS/DuckDuckGo/Localization/Localizable.xcstrings#L80903
macOS,headings,DuckDuckGo,password.manager.alert.missing.website.or.username.title,,Website or Username Required,Title of alert shown when saving a password that has neither a website nor a username,,,true,extracted_with_value,,apps/apple/macOS/DuckDuckGo/Localization/Localizable.xcstrings,81023,https://github.com/duckduckgo/apple-browsers/blob/1c727171068b75ff8f1cc97be9ef2d9efa008e97/macOS/DuckDuckGo/Localization/Localizable.xcstrings#L81023
macOS,headings,DuckDuckGo,permission.center.autoplay.disclaimer.title,,Video autoplay,Title of the informational card explaining autoplay blocking in the Permission Center,,,true,extracted_with_value,,apps/apple/macOS/DuckDuckGo/Localization/Localizable.xcstrings,82457,https://github.com/duckduckgo/apple-browsers/blob/1c727171068b75ff8f1cc97be9ef2d9efa008e97/macOS/DuckDuckGo/Localization/Localizable.xcstrings#L82457
macOS,headings,DuckDuckGo,permission.center.external.apps,,External apps,Permission center header for external app permissions,,,true,extracted_with_value,,apps/apple/macOS/DuckDuckGo/Localization/Localizable.xcstrings,82517,https://github.com/duckduckgo/apple-browsers/blob/1c727171068b75ff8f1cc97be9ef2d9efa008e97/macOS/DuckDuckGo/Localization/Localizable.xcstrings#L82517
macOS,headings,DuckDuckGo,permission.center.title,,Permissions for “%@”,"Title for permission center popover, %@ is the domain name",,%@,true,extracted_with_value,,apps/apple/macOS/DuckDuckGo/Localization/Localizable.xcstrings,83117,https://github.com/duckduckgo/apple-browsers/blob/1c727171068b75ff8f1cc97be9ef2d9efa008e97/macOS/DuckDuckGo/Localization/Localizable.xcstrings#L83117
macOS,headings,DuckDuckGo,permission.popup.title,,Blocked %#@popups@,Title showing number of blocked pop-ups,,%#@popups@,true,,,apps/apple/macOS/DuckDuckGo/Localization/Localizable.xcstrings,84617,https://github.com/duckduckgo/apple-browsers/blob/1c727171068b75ff8f1cc97be9ef2d9efa008e97/macOS/DuckDuckGo/Localization/Localizable.xcstrings#L84617
macOS,headings,DuckDuckGo,permission.popup.title,popups.plural:one,%arg pop-up,Title showing number of blocked pop-ups,,%arg,true,,,apps/apple/macOS/DuckDuckGo/Localization/Localizable.xcstrings,84617,https://github.com/duckduckgo/apple-browsers/blob/1c727171068b75ff8f1cc97be9ef2d9efa008e97/macOS/DuckDuckGo/Localization/Localizable.xcstrings#L84617
macOS,headings,DuckDuckGo,permission.popup.title,popups.plural:other,%arg pop-ups,Title showing number of blocked pop-ups,,%arg,true,,,apps/apple/macOS/DuckDuckGo/Localization/Localizable.xcstrings,84617,https://github.com/duckduckgo/apple-browsers/blob/1c727171068b75ff8f1cc97be9ef2d9efa008e97/macOS/DuckDuckGo/Localization/Localizable.xcstrings#L84617
macOS,headings,DuckDuckGo,phishing-detection.enabled.header,,Site Safety Warnings,Header for phishing site protection section in the settings page,,,true,extracted_with_value,,apps/apple/macOS/DuckDuckGo/Localization/Localizable.xcstrings,85798,https://github.com/duckduckgo/apple-browsers/blob/1c727171068b75ff8f1cc97be9ef2d9efa008e97/macOS/DuckDuckGo/Localization/Localizable.xcstrings#L85798
macOS,headings,DuckDuckGo,pinned-tabs.discovery.popover.title,,New Pinned Tab Settings,Title for pinned tabs discovery dialog,,,true,extracted_with_value,,apps/apple/macOS/DuckDuckGo/Localization/Localizable.xcstrings,86218,https://github.com/duckduckgo/apple-browsers/blob/1c727171068b75ff8f1cc97be9ef2d9efa008e97/macOS/DuckDuckGo/Localization/Localizable.xcstrings#L86218
macOS,headings,DuckDuckGo,pm.empty.cards.title,,No credit cards saved yet,Label for cards empty state title,,,true,extracted_with_value,,apps/apple/macOS/DuckDuckGo/Localization/Localizable.xcstrings,89212,https://github.com/duckduckgo/apple-browsers/blob/1c727171068b75ff8f1cc97be9ef2d9efa008e97/macOS/DuckDuckGo/Localization/Localizable.xcstrings#L89212
macOS,headings,DuckDuckGo,pm.empty.default.title2,,Nothing added yet,Label for default empty state title,,,true,extracted_with_value,,apps/apple/macOS/DuckDuckGo/Localization/Localizable.xcstrings,89692,https://github.com/duckduckgo/apple-browsers/blob/1c727171068b75ff8f1cc97be9ef2d9efa008e97/macOS/DuckDuckGo/Localization/Localizable.xcstrings#L89692
macOS,headings,DuckDuckGo,pm.empty.identities.title,,No Identities,Label for identities empty state title,,,true,extracted_with_value,,apps/apple/macOS/DuckDuckGo/Localization/Localizable.xcstrings,89752,https://github.com/duckduckgo/apple-browsers/blob/1c727171068b75ff8f1cc97be9ef2d9efa008e97/macOS/DuckDuckGo/Localization/Localizable.xcstrings#L89752
macOS,headings,DuckDuckGo,pm.empty.logins.title2,,No passwords added yet,Label for logins empty state title,,,true,extracted_with_value,,apps/apple/macOS/DuckDuckGo/Localization/Localizable.xcstrings,89872,https://github.com/duckduckgo/apple-browsers/blob/1c727171068b75ff8f1cc97be9ef2d9efa008e97/macOS/DuckDuckGo/Localization/Localizable.xcstrings#L89872
macOS,headings,DuckDuckGo,pm.empty.notes.title,,No Notes,Label for notes empty state title,,,true,extracted_with_value,,apps/apple/macOS/DuckDuckGo/Localization/Localizable.xcstrings,89932,https://github.com/duckduckgo/apple-browsers/blob/1c727171068b75ff8f1cc97be9ef2d9efa008e97/macOS/DuckDuckGo/Localization/Localizable.xcstrings#L89932
macOS,headings,DuckDuckGo,pm.identity.autofill.title.default,,Address,Default title for Addresses/Identities,,,true,extracted_with_value,,apps/apple/macOS/DuckDuckGo/Localization/Localizable.xcstrings,90412,https://github.com/duckduckgo/apple-browsers/blob/1c727171068b75ff8f1cc97be9ef2d9efa008e97/macOS/DuckDuckGo/Localization/Localizable.xcstrings#L90412
macOS,headings,DuckDuckGo,pm.private.email.mesage.activate.confirm.title,,Reactivate Private Duck Address?,Title for the confirmation message displayed when a user tries activate a Private Email Address,,,true,extracted_with_value,,apps/apple/macOS/DuckDuckGo/Localization/Localizable.xcstrings,92392,https://github.com/duckduckgo/apple-browsers/blob/1c727171068b75ff8f1cc97be9ef2d9efa008e97/macOS/DuckDuckGo/Localization/Localizable.xcstrings#L92392
macOS,headings,DuckDuckGo,pm.private.email.mesage.deactivate.confirm.title,,Deactivate Private Duck Address?,Title for the confirmation message displayed when a user tries deactivate a Private Email Address,,,true,extracted_with_value,,apps/apple/macOS/DuckDuckGo/Localization/Localizable.xcstrings,92572,https://github.com/duckduckgo/apple-browsers/blob/1c727171068b75ff8f1cc97be9ef2d9efa008e97/macOS/DuckDuckGo/Localization/Localizable.xcstrings#L92572
macOS,headings,DuckDuckGo,pm.removed.duck.address.title,,Private Duck Address username was removed,Title for the alert dialog telling the user an updated username is no longer a private email address,,,true,extracted_with_value,,apps/apple/macOS/DuckDuckGo/Localization/Localizable.xcstrings,92872,https://github.com/duckduckgo/apple-browsers/blob/1c727171068b75ff8f1cc97be9ef2d9efa008e97/macOS/DuckDuckGo/Localization/Localizable.xcstrings#L92872
macOS,headings,DuckDuckGo,pm.save-credentials.editable.title,,Save password in DuckDuckGo?,Title for the editable Save Credentials popover,,,true,extracted_with_value,,apps/apple/macOS/DuckDuckGo/Localization/Localizable.xcstrings,92992,https://github.com/duckduckgo/apple-browsers/blob/1c727171068b75ff8f1cc97be9ef2d9efa008e97/macOS/DuckDuckGo/Localization/Localizable.xcstrings#L92992
macOS,headings,DuckDuckGo,pm.save-credentials.non-editable.title,,New password saved,Title for the non-editable Save Credentials popover,,,true,extracted_with_value,,apps/apple/macOS/DuckDuckGo/Localization/Localizable.xcstrings,93052,https://github.com/duckduckgo/apple-browsers/blob/1c727171068b75ff8f1cc97be9ef2d9efa008e97/macOS/DuckDuckGo/Localization/Localizable.xcstrings#L93052
macOS,headings,DuckDuckGo,pm.sort.parameter.title,,Title,Label for Title sort parameter,,,true,extracted_with_value,,apps/apple/macOS/DuckDuckGo/Localization/Localizable.xcstrings,93531,https://github.com/duckduckgo/apple-browsers/blob/1c727171068b75ff8f1cc97be9ef2d9efa008e97/macOS/DuckDuckGo/Localization/Localizable.xcstrings#L93531
macOS,headings,DuckDuckGo,pm.update-credentials.title,,Update password?,Title for the Update Credentials popover,,,true,extracted_with_value,,apps/apple/macOS/DuckDuckGo/Localization/Localizable.xcstrings,93711,https://github.com/duckduckgo/apple-browsers/blob/1c727171068b75ff8f1cc97be9ef2d9efa008e97/macOS/DuckDuckGo/Localization/Localizable.xcstrings#L93711
macOS,headings,DuckDuckGo,ppro.feedback-form.sending-confirmation.title,,Thank you!,Title for the feedback sent view title of the feedback form,,,true,extracted_with_value,,apps/apple/macOS/DuckDuckGo/Localization/Localizable.xcstrings,94851,https://github.com/duckduckgo/apple-browsers/blob/1c727171068b75ff8f1cc97be9ef2d9efa008e97/macOS/DuckDuckGo/Localization/Localizable.xcstrings#L94851
macOS,headings,DuckDuckGo,preferences-homepage-set-homePage,,Set Homepage,Set Homepage dialog title,,,true,extracted_with_value,,apps/apple/macOS/DuckDuckGo/Localization/Localizable.xcstrings,95451,https://github.com/duckduckgo/apple-browsers/blob/1c727171068b75ff8f1cc97be9ef2d9efa008e97/macOS/DuckDuckGo/Localization/Localizable.xcstrings#L95451
macOS,headings,DuckDuckGo,preferences-homepage.title,,Homepage,Title for Homepage section in settings,,,true,extracted_with_value,,apps/apple/macOS/DuckDuckGo/Localization/Localizable.xcstrings,95631,https://github.com/duckduckgo/apple-browsers/blob/1c727171068b75ff8f1cc97be9ef2d9efa008e97/macOS/DuckDuckGo/Localization/Localizable.xcstrings#L95631
macOS,headings,DuckDuckGo,preferences-pinned-tabs-warning-title,,Are you sure you want to share pinned tabs across all windows?,Title of warning before switching from per window pinned tabs to shared pinned tabs,,,true,extracted_with_value,,apps/apple/macOS/DuckDuckGo/Localization/Localizable.xcstrings,95751,https://github.com/duckduckgo/apple-browsers/blob/1c727171068b75ff8f1cc97be9ef2d9efa008e97/macOS/DuckDuckGo/Localization/Localizable.xcstrings#L95751
macOS,headings,DuckDuckGo,preferences-pinned-tabs.title,,Pinned tabs are,Beginning of the setting for pinned tabs. It's either 'Pinned tabs are shared across all windows' or 'Pinned tabs are different in each window',,,true,extracted_with_value,,apps/apple/macOS/DuckDuckGo/Localization/Localizable.xcstrings,95811,https://github.com/duckduckgo/apple-browsers/blob/1c727171068b75ff8f1cc97be9ef2d9efa008e97/macOS/DuckDuckGo/Localization/Localizable.xcstrings#L95811
macOS,headings,DuckDuckGo,preferences-tabs.new.tab.position.title,,When creating a new tab,Title for new tab positioning,,,true,extracted_with_value,,apps/apple/macOS/DuckDuckGo/Localization/Localizable.xcstrings,95871,https://github.com/duckduckgo/apple-browsers/blob/1c727171068b75ff8f1cc97be9ef2d9efa008e97/macOS/DuckDuckGo/Localization/Localizable.xcstrings#L95871
macOS,headings,DuckDuckGo,preferences-tabs.title,,Tabs,Title for tabs section in settings,,,true,extracted_with_value,,apps/apple/macOS/DuckDuckGo/Localization/Localizable.xcstrings,96051,https://github.com/duckduckgo/apple-browsers/blob/1c727171068b75ff8f1cc97be9ef2d9efa008e97/macOS/DuckDuckGo/Localization/Localizable.xcstrings#L96051
macOS,headings,DuckDuckGo,preferences.about,,About,Title of the option to show the About screen,,,true,extracted_with_value,,apps/apple/macOS/DuckDuckGo/Localization/Localizable.xcstrings,96111,https://github.com/duckduckgo/apple-browsers/blob/1c727171068b75ff8f1cc97be9ef2d9efa008e97/macOS/DuckDuckGo/Localization/Localizable.xcstrings#L96111
macOS,headings,DuckDuckGo,preferences.about.will-soon-be-unsupported-device-info-alert-header,,Your version of macOS will soon be unsupported.,This string represents the header for an alert informing the user that their version of macOS will soon be unsupported,,,true,stale,,apps/apple/macOS/DuckDuckGo/Localization/Localizable.xcstrings,96951,https://github.com/duckduckgo/apple-browsers/blob/1c727171068b75ff8f1cc97be9ef2d9efa008e97/macOS/DuckDuckGo/Localization/Localizable.xcstrings#L96951
macOS,headings,DuckDuckGo,preferences.ad-blocking.youtube-section-header,,YouTube Ad Blocking,Section header for YouTube-specific ad blocking settings,,,true,extracted_with_value,,apps/apple/macOS/DuckDuckGo/Localization/Localizable.xcstrings,97251,https://github.com/duckduckgo/apple-browsers/blob/1c727171068b75ff8f1cc97be9ef2d9efa008e97/macOS/DuckDuckGo/Localization/Localizable.xcstrings#L97251
macOS,headings,DuckDuckGo,preferences.aiFeatures,,AI Features,Title of the option to show AI features in preferences,,,true,extracted_with_value,,apps/apple/macOS/DuckDuckGo/Localization/Localizable.xcstrings,97671,https://github.com/duckduckgo/apple-browsers/blob/1c727171068b75ff8f1cc97be9ef2d9efa008e97/macOS/DuckDuckGo/Localization/Localizable.xcstrings#L97671
macOS,headings,DuckDuckGo,preferences.appearance,,Appearance,Title of the option to show the Appearance preferences,,,true,extracted_with_value,,apps/apple/macOS/DuckDuckGo/Localization/Localizable.xcstrings,97731,https://github.com/duckduckgo/apple-browsers/blob/1c727171068b75ff8f1cc97be9ef2d9efa008e97/macOS/DuckDuckGo/Localization/Localizable.xcstrings#L97731
macOS,headings,DuckDuckGo,preferences.cookie-pop-up-protection,,Cookie Pop-Up Protection,Title of the option to show the Cookie Pop-Up Protection preferences,,,true,extracted_with_value,,apps/apple/macOS/DuckDuckGo/Localization/Localizable.xcstrings,99171,https://github.com/duckduckgo/apple-browsers/blob/1c727171068b75ff8f1cc97be9ef2d9efa008e97/macOS/DuckDuckGo/Localization/Localizable.xcstrings#L99171
macOS,headings,DuckDuckGo,preferences.data-clearing,,Data Clearing,Title of the option to show the Data Clearing preferences,,,true,extracted_with_value,,apps/apple/macOS/DuckDuckGo/Localization/Localizable.xcstrings,99231,https://github.com/duckduckgo/apple-browsers/blob/1c727171068b75ff8f1cc97be9ef2d9efa008e97/macOS/DuckDuckGo/Localization/Localizable.xcstrings#L99231
macOS,headings,DuckDuckGo,preferences.default-browser,,Default Browser,Title of the option to show the Default Browser Preferences,,,true,extracted_with_value,,apps/apple/macOS/DuckDuckGo/Localization/Localizable.xcstrings,99291,https://github.com/duckduckgo/apple-browsers/blob/1c727171068b75ff8f1cc97be9ef2d9efa008e97/macOS/DuckDuckGo/Localization/Localizable.xcstrings#L99291
macOS,headings,DuckDuckGo,preferences.downloads,,Downloads,Title of the downloads browser preferences,,,true,extracted_with_value,,apps/apple/macOS/DuckDuckGo/Localization/Localizable.xcstrings,99531,https://github.com/duckduckgo/apple-browsers/blob/1c727171068b75ff8f1cc97be9ef2d9efa008e97/macOS/DuckDuckGo/Localization/Localizable.xcstrings#L99531
macOS,headings,DuckDuckGo,preferences.duck-ai-shortcuts,,Duck.ai Shortcuts,Title of a subsection in preferences containing shortcut preferences,,,true,extracted_with_value,,apps/apple/macOS/DuckDuckGo/Localization/Localizable.xcstrings,99591,https://github.com/duckduckgo/apple-browsers/blob/1c727171068b75ff8f1cc97be9ef2d9efa008e97/macOS/DuckDuckGo/Localization/Localizable.xcstrings#L99591
macOS,headings,DuckDuckGo,preferences.duck-player,,Duck Player,Title of the option to show the Duck Player browser preferences,,,true,extracted_with_value,,apps/apple/macOS/DuckDuckGo/Localization/Localizable.xcstrings,99651,https://github.com/duckduckgo/apple-browsers/blob/1c727171068b75ff8f1cc97be9ef2d9efa008e97/macOS/DuckDuckGo/Localization/Localizable.xcstrings#L99651
macOS,headings,DuckDuckGo,preferences.email-protection,,Email Protection,Title of the option to show the Email Protection preferences,,,true,extracted_with_value,,apps/apple/macOS/DuckDuckGo/Localization/Localizable.xcstrings,99771,https://github.com/duckduckgo/apple-browsers/blob/1c727171068b75ff8f1cc97be9ef2d9efa008e97/macOS/DuckDuckGo/Localization/Localizable.xcstrings#L99771
macOS,headings,DuckDuckGo,preferences.fire-window-section,,Fire Window,Section title for Fire Window preferences,,,true,extracted_with_value,,apps/apple/macOS/DuckDuckGo/Localization/Localizable.xcstrings,99831,https://github.com/duckduckgo/apple-browsers/blob/1c727171068b75ff8f1cc97be9ef2d9efa008e97/macOS/DuckDuckGo/Localization/Localizable.xcstrings#L99831
macOS,headings,DuckDuckGo,preferences.general,,General,Title of the option to show the General preferences,,,true,extracted_with_value,,apps/apple/macOS/DuckDuckGo/Localization/Localizable.xcstrings,99891,https://github.com/duckduckgo/apple-browsers/blob/1c727171068b75ff8f1cc97be9ef2d9efa008e97/macOS/DuckDuckGo/Localization/Localizable.xcstrings#L99891
macOS,headings,DuckDuckGo,preferences.identityTheftRestoration,,Identity Theft Restoration,Title of the option to show the Identity Theft Restoration preferences,,,true,extracted_with_value,,apps/apple/macOS/DuckDuckGo/Localization/Localizable.xcstrings,99951,https://github.com/duckduckgo/apple-browsers/blob/1c727171068b75ff8f1cc97be9ef2d9efa008e97/macOS/DuckDuckGo/Localization/Localizable.xcstrings#L99951
macOS,headings,DuckDuckGo,preferences.main-settings,,Main Settings,Section header in Preferences for main settings,,,true,extracted_with_value,,apps/apple/macOS/DuckDuckGo/Localization/Localizable.xcstrings,100071,https://github.com/duckduckgo/apple-browsers/blob/1c727171068b75ff8f1cc97be9ef2d9efa008e97/macOS/DuckDuckGo/Localization/Localizable.xcstrings#L100071
macOS,headings,DuckDuckGo,preferences.paidAIChat,,Duck.ai,Title of the option to show the Duck.ai Pro preferences,,,true,extracted_with_value,,apps/apple/macOS/DuckDuckGo/Localization/Localizable.xcstrings,100371,https://github.com/duckduckgo/apple-browsers/blob/1c727171068b75ff8f1cc97be9ef2d9efa008e97/macOS/DuckDuckGo/Localization/Localizable.xcstrings#L100371
macOS,headings,DuckDuckGo,preferences.permissions.section,,Permissions,Section header for the Permissions section in General preferences,,,true,extracted_with_value,,apps/apple/macOS/DuckDuckGo/Localization/Localizable.xcstrings,100431,https://github.com/duckduckgo/apple-browsers/blob/1c727171068b75ff8f1cc97be9ef2d9efa008e97/macOS/DuckDuckGo/Localization/Localizable.xcstrings#L100431
macOS,headings,DuckDuckGo,preferences.personalInformationRemoval,,Personal Information Removal,Title of the option to show the Personal Information Removal preferences,,,true,extracted_with_value,,apps/apple/macOS/DuckDuckGo/Localization/Localizable.xcstrings,100491,https://github.com/duckduckgo/apple-browsers/blob/1c727171068b75ff8f1cc97be9ef2d9efa008e97/macOS/DuckDuckGo/Localization/Localizable.xcstrings#L100491
macOS,headings,DuckDuckGo,preferences.privacy-protections,,Privacy Protections,The section header in Preferences representing browser features related to privacy protection,,,true,extracted_with_value,,apps/apple/macOS/DuckDuckGo/Localization/Localizable.xcstrings,100551,https://github.com/duckduckgo/apple-browsers/blob/1c727171068b75ff8f1cc97be9ef2d9efa008e97/macOS/DuckDuckGo/Localization/Localizable.xcstrings#L100551
macOS,headings,DuckDuckGo,preferences.private-search,,Private Search,Title of the option to show the Private Search preferences,,,true,extracted_with_value,,apps/apple/macOS/DuckDuckGo/Localization/Localizable.xcstrings,100611,https://github.com/duckduckgo/apple-browsers/blob/1c727171068b75ff8f1cc97be9ef2d9efa008e97/macOS/DuckDuckGo/Localization/Localizable.xcstrings#L100611
macOS,headings,DuckDuckGo,preferences.scam-blocker.title,,Scam Blocker,Title of the section of a setting page that shows Scam Blocking preferences (weather warning in case of scam sites),,,true,extracted_with_value,,apps/apple/macOS/DuckDuckGo/Localization/Localizable.xcstrings,100731,https://github.com/duckduckgo/apple-browsers/blob/1c727171068b75ff8f1cc97be9ef2d9efa008e97/macOS/DuckDuckGo/Localization/Localizable.xcstrings#L100731
macOS,headings,DuckDuckGo,preferences.smarter-encryption.title,,Smarter Encryption,Title of the section of a setting page that shows Smarter Encryption preferences,,,true,extracted_with_value,,apps/apple/macOS/DuckDuckGo/Localization/Localizable.xcstrings,101151,https://github.com/duckduckgo/apple-browsers/blob/1c727171068b75ff8f1cc97be9ef2d9efa008e97/macOS/DuckDuckGo/Localization/Localizable.xcstrings#L101151
macOS,headings,DuckDuckGo,preferences.subscription.header,,DuckDuckGo Subscription,The section header in Preferences representing subscription features,,,true,extracted_with_value,,apps/apple/macOS/DuckDuckGo/Localization/Localizable.xcstrings,101391,https://github.com/duckduckgo/apple-browsers/blob/1c727171068b75ff8f1cc97be9ef2d9efa008e97/macOS/DuckDuckGo/Localization/Localizable.xcstrings#L101391
macOS,headings,DuckDuckGo,preferences.subscriptionSettings,,Subscription Settings,Title of the option to show the Subscription Settings preferences,,,true,extracted_with_value,,apps/apple/macOS/DuckDuckGo/Localization/Localizable.xcstrings,101451,https://github.com/duckduckgo/apple-browsers/blob/1c727171068b75ff8f1cc97be9ef2d9efa008e97/macOS/DuckDuckGo/Localization/Localizable.xcstrings#L101451
macOS,headings,DuckDuckGo,preferences.sync,,Sync & Backup,Title of the option to show the Sync preferences,,,true,extracted_with_value,,apps/apple/macOS/DuckDuckGo/Localization/Localizable.xcstrings,101571,https://github.com/duckduckgo/apple-browsers/blob/1c727171068b75ff8f1cc97be9ef2d9efa008e97/macOS/DuckDuckGo/Localization/Localizable.xcstrings#L101571
macOS,headings,DuckDuckGo,preferences.threat-protection,,Threat Protection,Title of the option to show the Threat Protection preferences,,,true,extracted_with_value,,apps/apple/macOS/DuckDuckGo/Localization/Localizable.xcstrings,101691,https://github.com/duckduckgo/apple-browsers/blob/1c727171068b75ff8f1cc97be9ef2d9efa008e97/macOS/DuckDuckGo/Localization/Localizable.xcstrings#L101691
macOS,headings,DuckDuckGo,preferences.vpn,,VPN,Title of the option to show the VPN preferences,,,true,extracted_with_value,,apps/apple/macOS/DuckDuckGo/Localization/Localizable.xcstrings,101811,https://github.com/duckduckgo/apple-browsers/blob/1c727171068b75ff8f1cc97be9ef2d9efa008e97/macOS/DuckDuckGo/Localization/Localizable.xcstrings#L101811
macOS,headings,DuckDuckGo,preferences.web-tracking-protection,,Web Tracking Protection,Title of the option to show the Web Tracking Protection preferences,,,true,extracted_with_value,,apps/apple/macOS/DuckDuckGo/Localization/Localizable.xcstrings,101871,https://github.com/duckduckgo/apple-browsers/blob/1c727171068b75ff8f1cc97be9ef2d9efa008e97/macOS/DuckDuckGo/Localization/Localizable.xcstrings#L101871
macOS,headings,DuckDuckGo,preferences.youtube-ad-blocking,,Ad Blocking,Title of the option to show the Ad Blocking preferences,,,true,extracted_with_value,,apps/apple/macOS/DuckDuckGo/Localization/Localizable.xcstrings,101931,https://github.com/duckduckgo/apple-browsers/blob/1c727171068b75ff8f1cc97be9ef2d9efa008e97/macOS/DuckDuckGo/Localization/Localizable.xcstrings#L101931
macOS,headings,DuckDuckGo,preferences.youtube-ad-blocking.popover.breakage-report.title,,YouTube Ad Blocking not working?,Title of the breakage report card shown in the YouTube Ad Blocking popover after the user disables ad blocking,,,true,extracted_with_value,,apps/apple/macOS/DuckDuckGo/Localization/Localizable.xcstrings,102411,https://github.com/duckduckgo/apple-browsers/blob/1c727171068b75ff8f1cc97be9ef2d9efa008e97/macOS/DuckDuckGo/Localization/Localizable.xcstrings#L102411
macOS,headings,DuckDuckGo,preferences.youtube-ad-blocking.popover.row-title,,YouTube Ad Blocking,"Title row in the YouTube Ad Blocking address bar popover, next to the on/off dropdown",,,true,extracted_with_value,,apps/apple/macOS/DuckDuckGo/Localization/Localizable.xcstrings,102591,https://github.com/duckduckgo/apple-browsers/blob/1c727171068b75ff8f1cc97be9ef2d9efa008e97/macOS/DuckDuckGo/Localization/Localizable.xcstrings#L102591
macOS,headings,DuckDuckGo,preferences.youtube-ad-blocking.unavailable.title,,YouTube Ad Blocking Unavailable,Title of the message shown when YouTube Ad Blocking is currently unavailable due to remote changes,,,true,extracted_with_value,,apps/apple/macOS/DuckDuckGo/Localization/Localizable.xcstrings,102831,https://github.com/duckduckgo/apple-browsers/blob/1c727171068b75ff8f1cc97be9ef2d9efa008e97/macOS/DuckDuckGo/Localization/Localizable.xcstrings#L102831
macOS,headings,DuckDuckGo,prefrences.sync.limit-exceeded-title,,Sync Paused,Title for sync limits exceeded warning,,,true,extracted_with_value,,apps/apple/macOS/DuckDuckGo/Localization/Localizable.xcstrings,103731,https://github.com/duckduckgo/apple-browsers/blob/1c727171068b75ff8f1cc97be9ef2d9efa008e97/macOS/DuckDuckGo/Localization/Localizable.xcstrings#L103731
macOS,headings,DuckDuckGo,quit-survey.affected-domains.title,,Which websites have issues? (optional),Title for quit survey domain selection screen,,,true,extracted_with_value,,apps/apple/macOS/DuckDuckGo/Localization/Localizable.xcstrings,104151,https://github.com/duckduckgo/apple-browsers/blob/1c727171068b75ff8f1cc97be9ef2d9efa008e97/macOS/DuckDuckGo/Localization/Localizable.xcstrings#L104151
macOS,headings,DuckDuckGo,quit-survey.negative-title,,Help us understand how we missed the mark,Title for negative feedback form in quit survey,,,true,extracted_with_value,,apps/apple/macOS/DuckDuckGo/Localization/Localizable.xcstrings,104511,https://github.com/duckduckgo/apple-browsers/blob/1c727171068b75ff8f1cc97be9ef2d9efa008e97/macOS/DuckDuckGo/Localization/Localizable.xcstrings#L104511
macOS,headings,DuckDuckGo,quit-survey.positive-title,,Thanks for sharing your thoughts!,Title shown after positive response in quit survey,,,true,extracted_with_value,,apps/apple/macOS/DuckDuckGo/Localization/Localizable.xcstrings,107091,https://github.com/duckduckgo/apple-browsers/blob/1c727171068b75ff8f1cc97be9ef2d9efa008e97/macOS/DuckDuckGo/Localization/Localizable.xcstrings#L107091
macOS,headings,DuckDuckGo,remove.recent.chat.confirmation.title,,Delete this chat?,Title for the confirmation alert when deleting a recent Duck.ai chat,,,true,extracted_with_value,,apps/apple/macOS/DuckDuckGo/Localization/Localizable.xcstrings,108097,https://github.com/duckduckgo/apple-browsers/blob/1c727171068b75ff8f1cc97be9ef2d9efa008e97/macOS/DuckDuckGo/Localization/Localizable.xcstrings#L108097
macOS,headings,DuckDuckGo,sad.att.add-to-dock.popover.title,,Add DuckDuckGo to Your Dock,Title of a popover that invites users to add DuckDuckGo to their Dock,,,true,extracted_with_value,,apps/apple/macOS/DuckDuckGo/Localization/Localizable.xcstrings,109110,https://github.com/duckduckgo/apple-browsers/blob/1c727171068b75ff8f1cc97be9ef2d9efa008e97/macOS/DuckDuckGo/Localization/Localizable.xcstrings#L109110
macOS,headings,DuckDuckGo,sad.att.both.popover.title,,Make DuckDuckGo Your Primary Browser,Title of the popover that invites users to set DuckDuckGo as their default browser and add to their Dock,,,true,extracted_with_value,,apps/apple/macOS/DuckDuckGo/Localization/Localizable.xcstrings,109470,https://github.com/duckduckgo/apple-browsers/blob/1c727171068b75ff8f1cc97be9ef2d9efa008e97/macOS/DuckDuckGo/Localization/Localizable.xcstrings#L109470
macOS,headings,DuckDuckGo,sad.att.default.popover.title,,Make DuckDuckGo Your Default Browser,Title of the popover that invites users to set DuckDuckGo as their default browser,,,true,extracted_with_value,,apps/apple/macOS/DuckDuckGo/Localization/Localizable.xcstrings,109530,https://github.com/duckduckgo/apple-browsers/blob/1c727171068b75ff8f1cc97be9ef2d9efa008e97/macOS/DuckDuckGo/Localization/Localizable.xcstrings#L109530
macOS,headings,DuckDuckGo,send.browser.feedback.title,,Help Improve the DuckDuckGo Browser,Title of the interface to send feedback on the browser,,,true,extracted_with_value,,apps/apple/macOS/DuckDuckGo/Localization/Localizable.xcstrings,111022,https://github.com/duckduckgo/apple-browsers/blob/1c727171068b75ff8f1cc97be9ef2d9efa008e97/macOS/DuckDuckGo/Localization/Localizable.xcstrings#L111022
macOS,headings,DuckDuckGo,session.restore.prompt.title,,The browser didn’t quit as expected,Title of the prompt where the user can choose to restore the previous browser session after a crash,,,true,extracted_with_value,,apps/apple/macOS/DuckDuckGo/Localization/Localizable.xcstrings,111442,https://github.com/duckduckgo/apple-browsers/blob/1c727171068b75ff8f1cc97be9ef2d9efa008e97/macOS/DuckDuckGo/Localization/Localizable.xcstrings#L111442
macOS,headings,DuckDuckGo,settings.automatic.updates,,Automatically install updates (recommended),Title of the checkbox item to set up automatic updates of the browser,,,true,extracted_with_value,,apps/apple/macOS/DuckDuckGo/Localization/Localizable.xcstrings,111615,https://github.com/duckduckgo/apple-browsers/blob/1c727171068b75ff8f1cc97be9ef2d9efa008e97/macOS/DuckDuckGo/Localization/Localizable.xcstrings#L111615
macOS,headings,DuckDuckGo,settings.browser.updates.title,,Browser Updates,Title of the section in Settings where people set up automatic vs manual updates,,,true,extracted_with_value,,apps/apple/macOS/DuckDuckGo/Localization/Localizable.xcstrings,111675,https://github.com/duckduckgo/apple-browsers/blob/1c727171068b75ff8f1cc97be9ef2d9efa008e97/macOS/DuckDuckGo/Localization/Localizable.xcstrings#L111675
macOS,headings,DuckDuckGo,settings.cookie.auto-manage.title,,Reject optional cookies,Title for the auto-manage cookie pop-ups toggle in settings,,,true,extracted_with_value,,apps/apple/macOS/DuckDuckGo/Localization/Localizable.xcstrings,111975,https://github.com/duckduckgo/apple-browsers/blob/1c727171068b75ff8f1cc97be9ef2d9efa008e97/macOS/DuckDuckGo/Localization/Localizable.xcstrings#L111975
macOS,headings,DuckDuckGo,settings.cookie.popups-without-opt-outs.title,,Accept cookies that can’t be rejected,Title for the pop-ups without opt-outs toggle in settings,,,true,extracted_with_value,,apps/apple/macOS/DuckDuckGo/Localization/Localizable.xcstrings,112095,https://github.com/duckduckgo/apple-browsers/blob/1c727171068b75ff8f1cc97be9ef2d9efa008e97/macOS/DuckDuckGo/Localization/Localizable.xcstrings#L112095
macOS,headings,DuckDuckGo,settings.manual.updates,,Check for updates but let you choose to install them,Title of the checkbox item to set up manual updates of the browser,,,true,extracted_with_value,,apps/apple/macOS/DuckDuckGo/Localization/Localizable.xcstrings,112275,https://github.com/duckduckgo/apple-browsers/blob/1c727171068b75ff8f1cc97be9ef2d9efa008e97/macOS/DuckDuckGo/Localization/Localizable.xcstrings#L112275
macOS,headings,DuckDuckGo,settings.on.quit.section,,On Quit,Settings section header for quit-related preferences,,,true,extracted_with_value,,apps/apple/macOS/DuckDuckGo/Localization/Localizable.xcstrings,112635,https://github.com/duckduckgo/apple-browsers/blob/1c727171068b75ff8f1cc97be9ef2d9efa008e97/macOS/DuckDuckGo/Localization/Localizable.xcstrings#L112635
macOS,headings,DuckDuckGo,site.not.working.title,,Site not working?,Title that appears on a dialog asking users about possible breakage of a site,,,true,extracted_with_value,,apps/apple/macOS/DuckDuckGo/Localization/Localizable.xcstrings,114125,https://github.com/duckduckgo/apple-browsers/blob/1c727171068b75ff8f1cc97be9ef2d9efa008e97/macOS/DuckDuckGo/Localization/Localizable.xcstrings#L114125
macOS,headings,DuckDuckGo,storage.access.prompt.header,,Share data like login info between two sites?,Header of an alert asking users whether to share data between websites,,,true,extracted_with_value,,apps/apple/macOS/DuckDuckGo/Localization/Localizable.xcstrings,114789,https://github.com/duckduckgo/apple-browsers/blob/1c727171068b75ff8f1cc97be9ef2d9efa008e97/macOS/DuckDuckGo/Localization/Localizable.xcstrings#L114789
macOS,headings,DuckDuckGo,storage.access.prompt.quirk.domains.header,,Share site data like login info between related sites?,Header of an alert asking users whether to share data between websites,,,true,extracted_with_value,,apps/apple/macOS/DuckDuckGo/Localization/Localizable.xcstrings,114969,https://github.com/duckduckgo/apple-browsers/blob/1c727171068b75ff8f1cc97be9ef2d9efa008e97/macOS/DuckDuckGo/Localization/Localizable.xcstrings#L114969
macOS,headings,DuckDuckGo,subscription.progress.view.completing.plan.change,,Completing plan change…,Progress view title when completing a plan change with the backend,,,true,extracted_with_value,,apps/apple/macOS/DuckDuckGo/Localization/Localizable.xcstrings,115449,https://github.com/duckduckgo/apple-browsers/blob/1c727171068b75ff8f1cc97be9ef2d9efa008e97/macOS/DuckDuckGo/Localization/Localizable.xcstrings#L115449
macOS,headings,DuckDuckGo,subscription.progress.view.completing.purchase,,Completing purchase...,Progress view title when completing the purchase,,,true,extracted_with_value,,apps/apple/macOS/DuckDuckGo/Localization/Localizable.xcstrings,115509,https://github.com/duckduckgo/apple-browsers/blob/1c727171068b75ff8f1cc97be9ef2d9efa008e97/macOS/DuckDuckGo/Localization/Localizable.xcstrings#L115509
macOS,headings,DuckDuckGo,subscription.progress.view.plan.change.in.progress,,Plan change in progress…,"Progress view title when starting a plan change (upgrade, downgrade, or cancel downgrade)",,,true,manual,,apps/apple/macOS/DuckDuckGo/Localization/Localizable.xcstrings,115569,https://github.com/duckduckgo/apple-browsers/blob/1c727171068b75ff8f1cc97be9ef2d9efa008e97/macOS/DuckDuckGo/Localization/Localizable.xcstrings#L115569
macOS,headings,DuckDuckGo,subscription.progress.view.purchasing.subscription,,Purchase in progress...,Progress view title when starting the purchase,,,true,extracted_with_value,,apps/apple/macOS/DuckDuckGo/Localization/Localizable.xcstrings,115629,https://github.com/duckduckgo/apple-browsers/blob/1c727171068b75ff8f1cc97be9ef2d9efa008e97/macOS/DuckDuckGo/Localization/Localizable.xcstrings#L115629
macOS,headings,DuckDuckGo,subscription.progress.view.restoring.subscription,,Restoring subscription...,Progress view title when restoring past subscription purchase,,,true,extracted_with_value,,apps/apple/macOS/DuckDuckGo/Localization/Localizable.xcstrings,115689,https://github.com/duckduckgo/apple-browsers/blob/1c727171068b75ff8f1cc97be9ef2d9efa008e97/macOS/DuckDuckGo/Localization/Localizable.xcstrings#L115689
macOS,headings,DuckDuckGo,subscription.upsell.popover.features.ai.chat.title,,Chat privately with advanced AI models,Title for the AI chat feature listed in the VPN Upsell popover,,,true,extracted_with_value,,apps/apple/macOS/DuckDuckGo/Localization/Localizable.xcstrings,116049,https://github.com/duckduckgo/apple-browsers/blob/1c727171068b75ff8f1cc97be9ef2d9efa008e97/macOS/DuckDuckGo/Localization/Localizable.xcstrings#L116049
macOS,headings,DuckDuckGo,subscription.upsell.popover.features.block.harmful.sites.title,,Block harmful sites & online scams,Title for the block harmful sites feature listed in the VPN Upsell popover,,,true,extracted_with_value,,apps/apple/macOS/DuckDuckGo/Localization/Localizable.xcstrings,116109,https://github.com/duckduckgo/apple-browsers/blob/1c727171068b75ff8f1cc97be9ef2d9efa008e97/macOS/DuckDuckGo/Localization/Localizable.xcstrings#L116109
macOS,headings,DuckDuckGo,subscription.upsell.popover.features.hide.ip.address.title,,Hide your IP address from sites,Title for the hide IP address feature listed in the VPN Upsell popover,,,true,extracted_with_value,,apps/apple/macOS/DuckDuckGo/Localization/Localizable.xcstrings,116169,https://github.com/duckduckgo/apple-browsers/blob/1c727171068b75ff8f1cc97be9ef2d9efa008e97/macOS/DuckDuckGo/Localization/Localizable.xcstrings#L116169
macOS,headings,DuckDuckGo,subscription.upsell.popover.features.identity.theft.protection.title,,Restore your identity if it's stolen,Title for the identity theft protection feature listed in the VPN Upsell popover,,,true,extracted_with_value,,apps/apple/macOS/DuckDuckGo/Localization/Localizable.xcstrings,116229,https://github.com/duckduckgo/apple-browsers/blob/1c727171068b75ff8f1cc97be9ef2d9efa008e97/macOS/DuckDuckGo/Localization/Localizable.xcstrings#L116229
macOS,headings,DuckDuckGo,subscription.upsell.popover.features.shield.online.activity.title,,Shield your online activity from others,Title for the shield online activity feature listed in the VPN Upsell popover,,,true,extracted_with_value,,apps/apple/macOS/DuckDuckGo/Localization/Localizable.xcstrings,116289,https://github.com/duckduckgo/apple-browsers/blob/1c727171068b75ff8f1cc97be9ef2d9efa008e97/macOS/DuckDuckGo/Localization/Localizable.xcstrings#L116289
macOS,headings,DuckDuckGo,subscription.upsell.popover.plus.features.pir.title,,Remove info from sites that sell it,Title for the Private Information Removal feature listed in the VPN Upsell popover,,,true,extracted_with_value,,apps/apple/macOS/DuckDuckGo/Localization/Localizable.xcstrings,116349,https://github.com/duckduckgo/apple-browsers/blob/1c727171068b75ff8f1cc97be9ef2d9efa008e97/macOS/DuckDuckGo/Localization/Localizable.xcstrings#L116349
macOS,headings,DuckDuckGo,subscription.upsell.popover.plus.features.section.title,,Plus,Section title for plus features listed in the VPN Upsell popover,,,true,extracted_with_value,,apps/apple/macOS/DuckDuckGo/Localization/Localizable.xcstrings,116409,https://github.com/duckduckgo/apple-browsers/blob/1c727171068b75ff8f1cc97be9ef2d9efa008e97/macOS/DuckDuckGo/Localization/Localizable.xcstrings#L116409
macOS,headings,DuckDuckGo,subscription.upsell.popover.title,,"A VPN to secure your
Wi-Fi & personal info",Title shown in VPN Upsell popover,,,true,extracted_with_value,,apps/apple/macOS/DuckDuckGo/Localization/Localizable.xcstrings,116589,https://github.com/duckduckgo/apple-browsers/blob/1c727171068b75ff8f1cc97be9ef2d9efa008e97/macOS/DuckDuckGo/Localization/Localizable.xcstrings#L116589
macOS,headings,DuckDuckGo,sync.close-setup-v2.confirmation.title,,Are you sure you want to close this window?,Title of the confirmation shown when closing the Sync setup dialog before the devices finished connecting (V2),,,true,extracted_with_value,,apps/apple/macOS/DuckDuckGo/Localization/Localizable.xcstrings,116889,https://github.com/duckduckgo/apple-browsers/blob/1c727171068b75ff8f1cc97be9ef2d9efa008e97/macOS/DuckDuckGo/Localization/Localizable.xcstrings#L116889
macOS,headings,DuckDuckGo,sync.pairing-v2.confirmation.title,,Sync new device?,Title of the dialog to confirm sync setup with another device,,,true,extracted_with_value,,apps/apple/macOS/DuckDuckGo/Localization/Localizable.xcstrings,117129,https://github.com/duckduckgo/apple-browsers/blob/1c727171068b75ff8f1cc97be9ef2d9efa008e97/macOS/DuckDuckGo/Localization/Localizable.xcstrings#L117129
macOS,headings,DuckDuckGo,sync.promo.autofill.title,,Sync & Back Up Your Autofill Data,Title for the Sync Promotion banner,,,true,extracted_with_value,,apps/apple/macOS/DuckDuckGo/Localization/Localizable.xcstrings,117249,https://github.com/duckduckgo/apple-browsers/blob/1c727171068b75ff8f1cc97be9ef2d9efa008e97/macOS/DuckDuckGo/Localization/Localizable.xcstrings#L117249
macOS,headings,DuckDuckGo,sync.promo.bookmarks.title,,Sync & Back Up Your Bookmarks,Title for the Sync Promotion banner,,,true,extracted_with_value,,apps/apple/macOS/DuckDuckGo/Localization/Localizable.xcstrings,117309,https://github.com/duckduckgo/apple-browsers/blob/1c727171068b75ff8f1cc97be9ef2d9efa008e97/macOS/DuckDuckGo/Localization/Localizable.xcstrings#L117309
macOS,headings,DuckDuckGo,sync.promo.creditcards.title,,Sync & Back Up Your Credit Cards,Title for the Sync Promotion banner,,,true,extracted_with_value,,apps/apple/macOS/DuckDuckGo/Localization/Localizable.xcstrings,117429,https://github.com/duckduckgo/apple-browsers/blob/1c727171068b75ff8f1cc97be9ef2d9efa008e97/macOS/DuckDuckGo/Localization/Localizable.xcstrings#L117429
macOS,headings,DuckDuckGo,sync.promo.identities.title,,Sync & Back Up Your Identities,Title for the Sync Promotion banner,,,true,extracted_with_value,,apps/apple/macOS/DuckDuckGo/Localization/Localizable.xcstrings,117549,https://github.com/duckduckgo/apple-browsers/blob/1c727171068b75ff8f1cc97be9ef2d9efa008e97/macOS/DuckDuckGo/Localization/Localizable.xcstrings#L117549
macOS,headings,DuckDuckGo,sync.promo.passwords.side.panel.title,,Setup,Title for the Sync Promotion in passwords side panel,,,true,extracted_with_value,,apps/apple/macOS/DuckDuckGo/Localization/Localizable.xcstrings,117729,https://github.com/duckduckgo/apple-browsers/blob/1c727171068b75ff8f1cc97be9ef2d9efa008e97/macOS/DuckDuckGo/Localization/Localizable.xcstrings#L117729
macOS,headings,DuckDuckGo,sync.promo.passwords.title,,Sync & Back Up Your Passwords,Title for the Sync Promotion banner,,,true,extracted_with_value,,apps/apple/macOS/DuckDuckGo/Localization/Localizable.xcstrings,117789,https://github.com/duckduckgo/apple-browsers/blob/1c727171068b75ff8f1cc97be9ef2d9efa008e97/macOS/DuckDuckGo/Localization/Localizable.xcstrings#L117789
macOS,headings,DuckDuckGo,tab.bookmarks.title,,Bookmarks,Tab bookmarks title,,,true,extracted_with_value,,apps/apple/macOS/DuckDuckGo/Localization/Localizable.xcstrings,117849,https://github.com/duckduckgo/apple-browsers/blob/1c727171068b75ff8f1cc97be9ef2d9efa008e97/macOS/DuckDuckGo/Localization/Localizable.xcstrings#L117849
macOS,headings,DuckDuckGo,tab.crash.popover.title,,This tab has crashed,The title of an info popover informing the user about a tab crash,,,true,extracted_with_value,,apps/apple/macOS/DuckDuckGo/Localization/Localizable.xcstrings,117969,https://github.com/duckduckgo/apple-browsers/blob/1c727171068b75ff8f1cc97be9ef2d9efa008e97/macOS/DuckDuckGo/Localization/Localizable.xcstrings#L117969
macOS,headings,DuckDuckGo,tab.empty.title,,Untitled,Title for an empty tab without a title,,,true,extracted_with_value,,apps/apple/macOS/DuckDuckGo/Localization/Localizable.xcstrings,118029,https://github.com/duckduckgo/apple-browsers/blob/1c727171068b75ff8f1cc97be9ef2d9efa008e97/macOS/DuckDuckGo/Localization/Localizable.xcstrings#L118029
macOS,headings,DuckDuckGo,tab.home.title,,New Tab,Tab home title,,,true,extracted_with_value,,apps/apple/macOS/DuckDuckGo/Localization/Localizable.xcstrings,118149,https://github.com/duckduckgo/apple-browsers/blob/1c727171068b75ff8f1cc97be9ef2d9efa008e97/macOS/DuckDuckGo/Localization/Localizable.xcstrings#L118149
macOS,headings,DuckDuckGo,tab.onboarding.title,,Welcome,Tab onboarding title,,,true,extracted_with_value,,apps/apple/macOS/DuckDuckGo/Localization/Localizable.xcstrings,118209,https://github.com/duckduckgo/apple-browsers/blob/1c727171068b75ff8f1cc97be9ef2d9efa008e97/macOS/DuckDuckGo/Localization/Localizable.xcstrings#L118209
macOS,headings,DuckDuckGo,tab.preferences.title,,Settings,Tab preferences title,,,true,extracted_with_value,,apps/apple/macOS/DuckDuckGo/Localization/Localizable.xcstrings,118269,https://github.com/duckduckgo/apple-browsers/blob/1c727171068b75ff8f1cc97be9ef2d9efa008e97/macOS/DuckDuckGo/Localization/Localizable.xcstrings#L118269
macOS,headings,DuckDuckGo,tab.releaseNotes.title,,Release Notes,Title of deticated tab for Release Notes,,,true,extracted_with_value,,apps/apple/macOS/DuckDuckGo/Localization/Localizable.xcstrings,118329,https://github.com/duckduckgo/apple-browsers/blob/1c727171068b75ff8f1cc97be9ef2d9efa008e97/macOS/DuckDuckGo/Localization/Localizable.xcstrings#L118329
macOS,headings,DuckDuckGo,tracking.protection.cname.cloaking.title,,Protects against DNS CNAME cloaking,Feature box title,,,true,extracted_with_value,,apps/apple/macOS/DuckDuckGo/Localization/Localizable.xcstrings,120936,https://github.com/duckduckgo/apple-browsers/blob/1c727171068b75ff8f1cc97be9ef2d9efa008e97/macOS/DuckDuckGo/Localization/Localizable.xcstrings#L120936
macOS,headings,DuckDuckGo,tracking.protection.facebook.title,,Facebook tracking protection,Feature box title,,,true,extracted_with_value,,apps/apple/macOS/DuckDuckGo/Localization/Localizable.xcstrings,121056,https://github.com/duckduckgo/apple-browsers/blob/1c727171068b75ff8f1cc97be9ef2d9efa008e97/macOS/DuckDuckGo/Localization/Localizable.xcstrings#L121056
macOS,headings,DuckDuckGo,tracking.protection.fingerprinting.title,,Prevents fingerprint tracking,Feature box title,,,true,extracted_with_value,,apps/apple/macOS/DuckDuckGo/Localization/Localizable.xcstrings,121176,https://github.com/duckduckgo/apple-browsers/blob/1c727171068b75ff8f1cc97be9ef2d9efa008e97/macOS/DuckDuckGo/Localization/Localizable.xcstrings#L121176
macOS,headings,DuckDuckGo,tracking.protection.first.party.cookies.title,,Expires 1st-party cookies,Feature box title,,,true,extracted_with_value,,apps/apple/macOS/DuckDuckGo/Localization/Localizable.xcstrings,121296,https://github.com/duckduckgo/apple-browsers/blob/1c727171068b75ff8f1cc97be9ef2d9efa008e97/macOS/DuckDuckGo/Localization/Localizable.xcstrings#L121296
macOS,headings,DuckDuckGo,tracking.protection.google.amp.title,,Blocks Google's AMP Tracking,Feature box title,,,true,extracted_with_value,,apps/apple/macOS/DuckDuckGo/Localization/Localizable.xcstrings,121416,https://github.com/duckduckgo/apple-browsers/blob/1c727171068b75ff8f1cc97be9ef2d9efa008e97/macOS/DuckDuckGo/Localization/Localizable.xcstrings#L121416
macOS,headings,DuckDuckGo,tracking.protection.google.sign.in.title,,Blocks Google's sign-in pop-ups,Feature box title,,,true,extracted_with_value,,apps/apple/macOS/DuckDuckGo/Localization/Localizable.xcstrings,121536,https://github.com/duckduckgo/apple-browsers/blob/1c727171068b75ff8f1cc97be9ef2d9efa008e97/macOS/DuckDuckGo/Localization/Localizable.xcstrings#L121536
macOS,headings,DuckDuckGo,tracking.protection.link.tracking.title,,Blocks link tracking,Feature box title,,,true,extracted_with_value,,apps/apple/macOS/DuckDuckGo/Localization/Localizable.xcstrings,121656,https://github.com/duckduckgo/apple-browsers/blob/1c727171068b75ff8f1cc97be9ef2d9efa008e97/macOS/DuckDuckGo/Localization/Localizable.xcstrings#L121656
macOS,headings,DuckDuckGo,tracking.protection.referrer.title,,Protects against referrer tracking,Feature box title,,,true,extracted_with_value,,apps/apple/macOS/DuckDuckGo/Localization/Localizable.xcstrings,121776,https://github.com/duckduckgo/apple-browsers/blob/1c727171068b75ff8f1cc97be9ef2d9efa008e97/macOS/DuckDuckGo/Localization/Localizable.xcstrings#L121776
macOS,headings,DuckDuckGo,tracking.protection.targeted.ads.title,,Blocks targeted ads,Feature box title,,,true,extracted_with_value,,apps/apple/macOS/DuckDuckGo/Localization/Localizable.xcstrings,121896,https://github.com/duckduckgo/apple-browsers/blob/1c727171068b75ff8f1cc97be9ef2d9efa008e97/macOS/DuckDuckGo/Localization/Localizable.xcstrings#L121896
macOS,headings,DuckDuckGo,tracking.protection.third.party.trackers.title,,Blocks 3rd-party trackers,Feature box title,,,true,extracted_with_value,,apps/apple/macOS/DuckDuckGo/Localization/Localizable.xcstrings,122016,https://github.com/duckduckgo/apple-browsers/blob/1c727171068b75ff8f1cc97be9ef2d9efa008e97/macOS/DuckDuckGo/Localization/Localizable.xcstrings#L122016
macOS,headings,DuckDuckGo,unsupported.device.info.alert.header,,Your version of macOS is no longer supported.,his string represents the header for an alert informing the user that their version of macOS is no longer supported,,,true,extracted_with_value,,apps/apple/macOS/DuckDuckGo/Localization/Localizable.xcstrings,122309,https://github.com/duckduckgo/apple-browsers/blob/1c727171068b75ff8f1cc97be9ef2d9efa008e97/macOS/DuckDuckGo/Localization/Localizable.xcstrings#L122309
macOS,headings,DuckDuckGo,vpn.advanced.settings.title,,Advanced,VPN Advanced section title in VPN settings,,,true,extracted_with_value,,apps/apple/macOS/DuckDuckGo/Localization/Localizable.xcstrings,122834,https://github.com/duckduckgo/apple-browsers/blob/1c727171068b75ff8f1cc97be9ef2d9efa008e97/macOS/DuckDuckGo/Localization/Localizable.xcstrings#L122834
macOS,headings,DuckDuckGo,vpn.dns.server.block.risky.domains.toggle.title,,Block risky domains,Name of option the user can opt in where the VPN blocks risky domains,,,true,extracted_with_value,,apps/apple/macOS/DuckDuckGo/Localization/Localizable.xcstrings,123134,https://github.com/duckduckgo/apple-browsers/blob/1c727171068b75ff8f1cc97be9ef2d9efa008e97/macOS/DuckDuckGo/Localization/Localizable.xcstrings#L123134
macOS,headings,DuckDuckGo,vpn.dns.server.picker.custom.title,,Custom,Title of the custom DNS server option,,,true,extracted_with_value,,apps/apple/macOS/DuckDuckGo/Localization/Localizable.xcstrings,123374,https://github.com/duckduckgo/apple-browsers/blob/1c727171068b75ff8f1cc97be9ef2d9efa008e97/macOS/DuckDuckGo/Localization/Localizable.xcstrings#L123374
macOS,headings,DuckDuckGo,vpn.dns.server.picker.default.title,,DuckDuckGo (Recommended),Title of the default DNS server option,,,true,extracted_with_value,,apps/apple/macOS/DuckDuckGo/Localization/Localizable.xcstrings,123434,https://github.com/duckduckgo/apple-browsers/blob/1c727171068b75ff8f1cc97be9ef2d9efa008e97/macOS/DuckDuckGo/Localization/Localizable.xcstrings#L123434
macOS,headings,DuckDuckGo,vpn.dns.server.sheet.title,,Custom DNS Server,Title of the DNS Server sheet,,,true,extracted_with_value,,apps/apple/macOS/DuckDuckGo/Localization/Localizable.xcstrings,123494,https://github.com/duckduckgo/apple-browsers/blob/1c727171068b75ff8f1cc97be9ef2d9efa008e97/macOS/DuckDuckGo/Localization/Localizable.xcstrings#L123494
macOS,headings,DuckDuckGo,vpn.dns.server.title,,DNS Server,Title of the DNS Server section,,,true,extracted_with_value,,apps/apple/macOS/DuckDuckGo/Localization/Localizable.xcstrings,123554,https://github.com/duckduckgo/apple-browsers/blob/1c727171068b75ff8f1cc97be9ef2d9efa008e97/macOS/DuckDuckGo/Localization/Localizable.xcstrings#L123554
macOS,headings,DuckDuckGo,vpn.excluded.apps.title,,Excluded Apps,Excluded Apps title in VPN settings,,,true,extracted_with_value,,apps/apple/macOS/DuckDuckGo/Localization/Localizable.xcstrings,123734,https://github.com/duckduckgo/apple-browsers/blob/1c727171068b75ff8f1cc97be9ef2d9efa008e97/macOS/DuckDuckGo/Localization/Localizable.xcstrings#L123734
macOS,headings,DuckDuckGo,vpn.excluded.domains.title,,Excluded Websites,Title for the excluded sites view,,,true,extracted_with_value,,apps/apple/macOS/DuckDuckGo/Localization/Localizable.xcstrings,123854,https://github.com/duckduckgo/apple-browsers/blob/1c727171068b75ff8f1cc97be9ef2d9efa008e97/macOS/DuckDuckGo/Localization/Localizable.xcstrings#L123854
macOS,headings,DuckDuckGo,vpn.excluded.sites.title,,Excluded Websites,Excluded Sites title in VPN settings,,,true,extracted_with_value,,apps/apple/macOS/DuckDuckGo/Localization/Localizable.xcstrings,123914,https://github.com/duckduckgo/apple-browsers/blob/1c727171068b75ff8f1cc97be9ef2d9efa008e97/macOS/DuckDuckGo/Localization/Localizable.xcstrings#L123914
macOS,headings,DuckDuckGo,vpn.exclusions.title,,VPN Exclusions,Exclusions section title in VPN settings,,,true,extracted_with_value,,apps/apple/macOS/DuckDuckGo/Localization/Localizable.xcstrings,123974,https://github.com/duckduckgo/apple-browsers/blob/1c727171068b75ff8f1cc97be9ef2d9efa008e97/macOS/DuckDuckGo/Localization/Localizable.xcstrings#L123974
macOS,headings,DuckDuckGo,vpn.feedback-form.sending-confirmation.title,,Thank you!,Title for the feedback sent view title of the VPN feedback form,,,true,extracted_with_value,,apps/apple/macOS/DuckDuckGo/Localization/Localizable.xcstrings,124934,https://github.com/duckduckgo/apple-browsers/blob/1c727171068b75ff8f1cc97be9ef2d9efa008e97/macOS/DuckDuckGo/Localization/Localizable.xcstrings#L124934
macOS,headings,DuckDuckGo,vpn.feedback-form.title,,Help Improve the DuckDuckGo VPN,Title for each screen of the VPN feedback form,,,true,extracted_with_value,,apps/apple/macOS/DuckDuckGo/Localization/Localizable.xcstrings,125294,https://github.com/duckduckgo/apple-browsers/blob/1c727171068b75ff8f1cc97be9ef2d9efa008e97/macOS/DuckDuckGo/Localization/Localizable.xcstrings#L125294
macOS,headings,DuckDuckGo,vpn.general.title,,General,General section title in VPN settings,,,true,extracted_with_value,,apps/apple/macOS/DuckDuckGo/Localization/Localizable.xcstrings,125354,https://github.com/duckduckgo/apple-browsers/blob/1c727171068b75ff8f1cc97be9ef2d9efa008e97/macOS/DuckDuckGo/Localization/Localizable.xcstrings#L125354
macOS,headings,DuckDuckGo,vpn.location.custom.section.title,,Custom,Title of the VPN location list custom section,,,true,extracted_with_value,,apps/apple/macOS/DuckDuckGo/Localization/Localizable.xcstrings,125534,https://github.com/duckduckgo/apple-browsers/blob/1c727171068b75ff8f1cc97be9ef2d9efa008e97/macOS/DuckDuckGo/Localization/Localizable.xcstrings#L125534
macOS,headings,DuckDuckGo,vpn.location.list.title,,VPN Location,Title of the VPN location list screen,,,true,extracted_with_value,,apps/apple/macOS/DuckDuckGo/Localization/Localizable.xcstrings,125714,https://github.com/duckduckgo/apple-browsers/blob/1c727171068b75ff8f1cc97be9ef2d9efa008e97/macOS/DuckDuckGo/Localization/Localizable.xcstrings#L125714
macOS,headings,DuckDuckGo,vpn.location.nearest.available.title,,Automatically connect to the nearest server we can find.,Subtitle underneath the nearest available vpn location preference text.,,,true,extracted_with_value,,apps/apple/macOS/DuckDuckGo/Localization/Localizable.xcstrings,125774,https://github.com/duckduckgo/apple-browsers/blob/1c727171068b75ff8f1cc97be9ef2d9efa008e97/macOS/DuckDuckGo/Localization/Localizable.xcstrings#L125774
macOS,headings,DuckDuckGo,vpn.location.recommended.section.title,,Recommended,Title of the VPN location list recommended section,,,true,extracted_with_value,,apps/apple/macOS/DuckDuckGo/Localization/Localizable.xcstrings,125834,https://github.com/duckduckgo/apple-browsers/blob/1c727171068b75ff8f1cc97be9ef2d9efa008e97/macOS/DuckDuckGo/Localization/Localizable.xcstrings#L125834
macOS,headings,DuckDuckGo,vpn.location.title,,Location,Location section title in VPN settings,,,true,extracted_with_value,,apps/apple/macOS/DuckDuckGo/Localization/Localizable.xcstrings,125954,https://github.com/duckduckgo/apple-browsers/blob/1c727171068b75ff8f1cc97be9ef2d9efa008e97/macOS/DuckDuckGo/Localization/Localizable.xcstrings#L125954
macOS,headings,DuckDuckGo,vpn.setting.add.excluded.domain.title,,Exclude Website From VPN,Add excluded domain title,,,true,extracted_with_value,,apps/apple/macOS/DuckDuckGo/Localization/Localizable.xcstrings,126554,https://github.com/duckduckgo/apple-browsers/blob/1c727171068b75ff8f1cc97be9ef2d9efa008e97/macOS/DuckDuckGo/Localization/Localizable.xcstrings#L126554
macOS,headings,DuckDuckGo,vpn.setting.title.connect.on.login,,Connect to VPN when logging in to your computer,Connect on Login setting title,,,true,extracted_with_value,,apps/apple/macOS/DuckDuckGo/Localization/Localizable.xcstrings,127034,https://github.com/duckduckgo/apple-browsers/blob/1c727171068b75ff8f1cc97be9ef2d9efa008e97/macOS/DuckDuckGo/Localization/Localizable.xcstrings#L127034
macOS,headings,DuckDuckGo,vpn.setting.title.exclude.cgnat,,Exclude Carrier Services,Exclude CGNAT setting title,,,true,extracted_with_value,,apps/apple/macOS/DuckDuckGo/Localization/Localizable.xcstrings,127094,https://github.com/duckduckgo/apple-browsers/blob/1c727171068b75ff8f1cc97be9ef2d9efa008e97/macOS/DuckDuckGo/Localization/Localizable.xcstrings#L127094
macOS,headings,DuckDuckGo,vpn.setting.title.exclude.local.networks,,Exclude local networks,Exclude Local Networks setting title,,,true,extracted_with_value,,apps/apple/macOS/DuckDuckGo/Localization/Localizable.xcstrings,127154,https://github.com/duckduckgo/apple-browsers/blob/1c727171068b75ff8f1cc97be9ef2d9efa008e97/macOS/DuckDuckGo/Localization/Localizable.xcstrings#L127154
macOS,headings,DuckDuckGo,vpn.setting.title.show.in.browser.toolbar,,Show VPN in browser toolbar,Display VPN status in the browser toolbar,,,true,extracted_with_value,,apps/apple/macOS/DuckDuckGo/Localization/Localizable.xcstrings,127214,https://github.com/duckduckgo/apple-browsers/blob/1c727171068b75ff8f1cc97be9ef2d9efa008e97/macOS/DuckDuckGo/Localization/Localizable.xcstrings#L127214
macOS,headings,DuckDuckGo,vpn.setting.title.strict.routing,,Enforce Strict Routing (Recommended),Strict routing setting title,,,true,extracted_with_value,,apps/apple/macOS/DuckDuckGo/Localization/Localizable.xcstrings,127334,https://github.com/duckduckgo/apple-browsers/blob/1c727171068b75ff8f1cc97be9ef2d9efa008e97/macOS/DuckDuckGo/Localization/Localizable.xcstrings#L127334
macOS,headings,DuckDuckGo,vpn.shortcuts.settings.title,,Shortcuts,Shortcuts section title in VPN settings,,,true,extracted_with_value,,apps/apple/macOS/DuckDuckGo/Localization/Localizable.xcstrings,127394,https://github.com/duckduckgo/apple-browsers/blob/1c727171068b75ff8f1cc97be9ef2d9efa008e97/macOS/DuckDuckGo/Localization/Localizable.xcstrings#L127394
macOS,headings,DuckDuckGo,vpn.troubleshooting.title,,Troubleshooting,Troubleshooting section title in VPN settings,,,true,extracted_with_value,,apps/apple/macOS/DuckDuckGo/Localization/Localizable.xcstrings,127754,https://github.com/duckduckgo/apple-browsers/blob/1c727171068b75ff8f1cc97be9ef2d9efa008e97/macOS/DuckDuckGo/Localization/Localizable.xcstrings#L127754
macOS,headings,DuckDuckGo,vpn.uninstall.alert.title,,Are you sure you want to uninstall the VPN?,Alert title when the user selects to uninstall our VPN,,,true,extracted_with_value,,apps/apple/macOS/DuckDuckGo/Localization/Localizable.xcstrings,127874,https://github.com/duckduckgo/apple-browsers/blob/1c727171068b75ff8f1cc97be9ef2d9efa008e97/macOS/DuckDuckGo/Localization/Localizable.xcstrings#L127874
macOS,headings,DuckDuckGo,warn.before.quit.clearChats.dialog.header,,"Clear tabs, browsing data, and chats and quit DuckDuckGo?",A header of warning before clearing data and chats on the application termination.,,,true,extracted_with_value,,apps/apple/macOS/DuckDuckGo/Localization/Localizable.xcstrings,128114,https://github.com/duckduckgo/apple-browsers/blob/1c727171068b75ff8f1cc97be9ef2d9efa008e97/macOS/DuckDuckGo/Localization/Localizable.xcstrings#L128114
macOS,headings,DuckDuckGo,warn.before.quit.dialog.header,,Clear tabs and browsing data and quit DuckDuckGo?,A header of warning before clearing data on the application termination.,,,true,extracted_with_value,,apps/apple/macOS/DuckDuckGo/Localization/Localizable.xcstrings,128234,https://github.com/duckduckgo/apple-browsers/blob/1c727171068b75ff8f1cc97be9ef2d9efa008e97/macOS/DuckDuckGo/Localization/Localizable.xcstrings#L128234
macOS,headings,DuckDuckGo,web.tracking.protection.title,,Web Tracking Protection,Web tracking protection settings section title,,,true,extracted_with_value,,apps/apple/macOS/DuckDuckGo/Localization/Localizable.xcstrings,128684,https://github.com/duckduckgo/apple-browsers/blob/1c727171068b75ff8f1cc97be9ef2d9efa008e97/macOS/DuckDuckGo/Localization/Localizable.xcstrings#L128684
macOS,headings,DuckDuckGo,win-back.campaign.last-day.message.title,,Last chance to save 25%!,Title of message displayed on the last day of the win-back campaign,,,true,extracted_with_value,,apps/apple/macOS/DuckDuckGo/Localization/Localizable.xcstrings,128984,https://github.com/duckduckgo/apple-browsers/blob/1c727171068b75ff8f1cc97be9ef2d9efa008e97/macOS/DuckDuckGo/Localization/Localizable.xcstrings#L128984
macOS,headings,DuckDuckGo,win-back.campaign.modal.title,,We want you back! Get 25% off.,Title of the modal dialog promoting the win-back campaign,,% o,true,extracted_with_value,,apps/apple/macOS/DuckDuckGo/Localization/Localizable.xcstrings,129284,https://github.com/duckduckgo/apple-browsers/blob/1c727171068b75ff8f1cc97be9ef2d9efa008e97/macOS/DuckDuckGo/Localization/Localizable.xcstrings#L129284
macOS,headings,DuckDuckGo,network.protection.superceded.action.reconnect.title,,Reconnect,The title of the `Reconnect` notification action button shown when VPN connection is replaced by another app VPN connection taking over,,,true,stale,,apps/apple/macOS/DuckDuckGo/NetworkProtection/NetworkExtensionTargets/NetworkExtensionAndNotificationTargets/Localizable.xcstrings,544,https://github.com/duckduckgo/apple-browsers/blob/1c727171068b75ff8f1cc97be9ef2d9efa008e97/macOS/DuckDuckGo/NetworkProtection/NetworkExtensionTargets/NetworkExtensionAndNotificationTargets/Localizable.xcstrings#L544
macOS,headings,DuckDuckGo,network.protection.superceded.action.reconnect.title,,Reconnect,The title of the `Reconnect` notification action button shown when VPN connection is replaced by another app VPN connection taking over,,,true,stale,,apps/apple/macOS/DuckDuckGo/NetworkProtection/NetworkExtensionTargets/NetworkExtensionAndNotificationTargets/NetworkProtectionLocalizable.xcstrings,544,https://github.com/duckduckgo/apple-browsers/blob/1c727171068b75ff8f1cc97be9ef2d9efa008e97/macOS/DuckDuckGo/NetworkProtection/NetworkExtensionTargets/NetworkExtensionAndNotificationTargets/NetworkProtectionLocalizable.xcstrings#L544
macOS,headings,NetworkProtectionMac,network.protection.onboarding.allow.vpn.title,,Add VPN Configuration,Title for the onboarding allow-VPN step,,,true,extracted_with_value,,apps/apple/macOS/LocalPackages/NetworkProtectionMac/Sources/NetworkProtectionUI/Resources/Localizable.xcstrings,1316,https://github.com/duckduckgo/apple-browsers/blob/1c727171068b75ff8f1cc97be9ef2d9efa008e97/macOS/LocalPackages/NetworkProtectionMac/Sources/NetworkProtectionUI/Resources/Localizable.xcstrings#L1316
macOS,headings,NetworkProtectionMac,network.protection.onboarding.install.extension.title,,Install VPN System Extension,Title for the onboarding install-vpn-extension step,,,true,extracted_with_value,,apps/apple/macOS/LocalPackages/NetworkProtectionMac/Sources/NetworkProtectionUI/Resources/Localizable.xcstrings,1376,https://github.com/duckduckgo/apple-browsers/blob/1c727171068b75ff8f1cc97be9ef2d9efa008e97/macOS/LocalPackages/NetworkProtectionMac/Sources/NetworkProtectionUI/Resources/Localizable.xcstrings#L1376
macOS,headings,NetworkProtectionMac,network.protection.onboarding.move.to.applications.title,,Move DuckDuckGo App,Title for the onboarding move-app-to-applications step,,,true,extracted_with_value,,apps/apple/macOS/LocalPackages/NetworkProtectionMac/Sources/NetworkProtectionUI/Resources/Localizable.xcstrings,1556,https://github.com/duckduckgo/apple-browsers/blob/1c727171068b75ff8f1cc97be9ef2d9efa008e97/macOS/LocalPackages/NetworkProtectionMac/Sources/NetworkProtectionUI/Resources/Localizable.xcstrings#L1556
macOS,headings,NetworkProtectionMac,network.protection.report.site.issues.title,,Report an issue with %@?,Title for report site issues view for website “%@”,,%@,true,extracted_with_value,,apps/apple/macOS/LocalPackages/NetworkProtectionMac/Sources/NetworkProtectionUI/Resources/Localizable.xcstrings,1916,https://github.com/duckduckgo/apple-browsers/blob/1c727171068b75ff8f1cc97be9ef2d9efa008e97/macOS/LocalPackages/NetworkProtectionMac/Sources/NetworkProtectionUI/Resources/Localizable.xcstrings#L1916
macOS,headings,NetworkProtectionMac,network.protection.site.troubleshooting.title,,Website Preferences,Title for VPN website preferences view,,,true,extracted_with_value,,apps/apple/macOS/LocalPackages/NetworkProtectionMac/Sources/NetworkProtectionUI/Resources/Localizable.xcstrings,2216,https://github.com/duckduckgo/apple-browsers/blob/1c727171068b75ff8f1cc97be9ef2d9efa008e97/macOS/LocalPackages/NetworkProtectionMac/Sources/NetworkProtectionUI/Resources/Localizable.xcstrings#L2216
macOS,headings,NetworkProtectionMac,network.protection.subscription.expired.title,,VPN disconnected,Title for the prompt that tells the user their subscription expired.,,,true,extracted_with_value,,apps/apple/macOS/LocalPackages/NetworkProtectionMac/Sources/NetworkProtectionUI/Resources/Localizable.xcstrings,3422,https://github.com/duckduckgo/apple-browsers/blob/1c727171068b75ff8f1cc97be9ef2d9efa008e97/macOS/LocalPackages/NetworkProtectionMac/Sources/NetworkProtectionUI/Resources/Localizable.xcstrings#L3422
macOS,headings,NetworkProtectionMac,network.protection.vpn.data-volume,,Data Volume,Title for the data volume section in the VPN status view,,,true,extracted_with_value,,apps/apple/macOS/LocalPackages/NetworkProtectionMac/Sources/NetworkProtectionUI/Resources/Localizable.xcstrings,3542,https://github.com/duckduckgo/apple-browsers/blob/1c727171068b75ff8f1cc97be9ef2d9efa008e97/macOS/LocalPackages/NetworkProtectionMac/Sources/NetworkProtectionUI/Resources/Localizable.xcstrings#L3542
macOS,headings,NetworkProtectionMac,network.protection.vpn.dns-server,,DNS Server,Title for the DNS server section in the VPN status view,,,true,extracted_with_value,,apps/apple/macOS/LocalPackages/NetworkProtectionMac/Sources/NetworkProtectionUI/Resources/Localizable.xcstrings,3602,https://github.com/duckduckgo/apple-browsers/blob/1c727171068b75ff8f1cc97be9ef2d9efa008e97/macOS/LocalPackages/NetworkProtectionMac/Sources/NetworkProtectionUI/Resources/Localizable.xcstrings#L3602
macOS,headings,NetworkProtectionMac,vpn.appstore.sysex.update.prompt.title,,New VPN version available!,"Title shown to users to ask them to update the VPN to our System Extension, which requires reinstalling the VPN",,,true,extracted_with_value,,apps/apple/macOS/LocalPackages/NetworkProtectionMac/Sources/NetworkProtectionUI/Resources/Localizable.xcstrings,4142,https://github.com/duckduckgo/apple-browsers/blob/1c727171068b75ff8f1cc97be9ef2d9efa008e97/macOS/LocalPackages/NetworkProtectionMac/Sources/NetworkProtectionUI/Resources/Localizable.xcstrings#L4142
macOS,headings,NetworkProtectionMac,vpn.exclusion.suggestion.alert.dont.ask.again.title,,Don't Ask Again,Title of the checkbox shown in an alert to suggest using exclusions instead of disabling the VPN,,,true,extracted_with_value,,apps/apple/macOS/LocalPackages/NetworkProtectionMac/Sources/NetworkProtectionUI/Resources/Localizable.xcstrings,4442,https://github.com/duckduckgo/apple-browsers/blob/1c727171068b75ff8f1cc97be9ef2d9efa008e97/macOS/LocalPackages/NetworkProtectionMac/Sources/NetworkProtectionUI/Resources/Localizable.xcstrings#L4442
macOS,headings,NetworkProtectionMac,vpn.exclusion.suggestion.alert.title,,Is the VPN causing problems with a website or app?,Title shown in an alert to suggest using exclusions instead of disabling the VPN,,,true,extracted_with_value,,apps/apple/macOS/LocalPackages/NetworkProtectionMac/Sources/NetworkProtectionUI/Resources/Localizable.xcstrings,4502,https://github.com/duckduckgo/apple-browsers/blob/1c727171068b75ff8f1cc97be9ef2d9efa008e97/macOS/LocalPackages/NetworkProtectionMac/Sources/NetworkProtectionUI/Resources/Localizable.xcstrings#L4502
macOS,headings,SubscriptionUI,subscription.add.subscription.modal.title,,Add your subscription to this device,Title of a view for adding subscription to the device,,,true,extracted_with_value,,apps/apple/macOS/LocalPackages/SubscriptionUI/Sources/SubscriptionUI/Resources/Localizable.xcstrings,119,https://github.com/duckduckgo/apple-browsers/blob/1c727171068b75ff8f1cc97be9ef2d9efa008e97/macOS/LocalPackages/SubscriptionUI/Sources/SubscriptionUI/Resources/Localizable.xcstrings#L119
macOS,headings,SubscriptionUI,subscription.add.via.apple.account.title,,Add via Apple Account,Title of option for adding subscription using Apple Account,,,true,extracted_with_value,,apps/apple/macOS/LocalPackages/SubscriptionUI/Sources/SubscriptionUI/Resources/Localizable.xcstrings,299,https://github.com/duckduckgo/apple-browsers/blob/1c727171068b75ff8f1cc97be9ef2d9efa008e97/macOS/LocalPackages/SubscriptionUI/Sources/SubscriptionUI/Resources/Localizable.xcstrings#L299
macOS,headings,SubscriptionUI,subscription.add.via.email.title,,Add via email address,Title of option for adding subscription using email address,,,true,extracted_with_value,,apps/apple/macOS/LocalPackages/SubscriptionUI/Sources/SubscriptionUI/Resources/Localizable.xcstrings,479,https://github.com/duckduckgo/apple-browsers/blob/1c727171068b75ff8f1cc97be9ef2d9efa008e97/macOS/LocalPackages/SubscriptionUI/Sources/SubscriptionUI/Resources/Localizable.xcstrings#L479
macOS,headings,SubscriptionUI,subscription.alert.something.went.wrong.title,,Something Went Wrong,Alert title when unknown error has occurred,,,true,extracted_with_value,,apps/apple/macOS/LocalPackages/SubscriptionUI/Sources/SubscriptionUI/Resources/Localizable.xcstrings,899,https://github.com/duckduckgo/apple-browsers/blob/1c727171068b75ff8f1cc97be9ef2d9efa008e97/macOS/LocalPackages/SubscriptionUI/Sources/SubscriptionUI/Resources/Localizable.xcstrings#L899
macOS,headings,SubscriptionUI,subscription.alert.subscription.found.title,,Subscription Found,Alert title when subscription was found,,,true,extracted_with_value,,apps/apple/macOS/LocalPackages/SubscriptionUI/Sources/SubscriptionUI/Resources/Localizable.xcstrings,1079,https://github.com/duckduckgo/apple-browsers/blob/1c727171068b75ff8f1cc97be9ef2d9efa008e97/macOS/LocalPackages/SubscriptionUI/Sources/SubscriptionUI/Resources/Localizable.xcstrings#L1079
macOS,headings,SubscriptionUI,subscription.alert.subscription.inactive.title,,Subscription Not Found,Alert title when subscription was inactive,,,true,extracted_with_value,,apps/apple/macOS/LocalPackages/SubscriptionUI/Sources/SubscriptionUI/Resources/Localizable.xcstrings,1199,https://github.com/duckduckgo/apple-browsers/blob/1c727171068b75ff8f1cc97be9ef2d9efa008e97/macOS/LocalPackages/SubscriptionUI/Sources/SubscriptionUI/Resources/Localizable.xcstrings#L1199
macOS,headings,SubscriptionUI,subscription.alert.subscription.not.found.title,,Subscription Not Found,Alert title when subscription was not found,,,true,extracted_with_value,,apps/apple/macOS/LocalPackages/SubscriptionUI/Sources/SubscriptionUI/Resources/Localizable.xcstrings,1319,https://github.com/duckduckgo/apple-browsers/blob/1c727171068b75ff8f1cc97be9ef2d9efa008e97/macOS/LocalPackages/SubscriptionUI/Sources/SubscriptionUI/Resources/Localizable.xcstrings#L1319
macOS,headings,SubscriptionUI,subscription.dialog.change.title,,Change Plan or Billing,Change plan or billing dialog title,,,true,extracted_with_value,,apps/apple/macOS/LocalPackages/SubscriptionUI/Sources/SubscriptionUI/Resources/Localizable.xcstrings,1619,https://github.com/duckduckgo/apple-browsers/blob/1c727171068b75ff8f1cc97be9ef2d9efa008e97/macOS/LocalPackages/SubscriptionUI/Sources/SubscriptionUI/Resources/Localizable.xcstrings#L1619
macOS,headings,SubscriptionUI,subscription.dialog.remove.title,,Remove from this device?,Remove subscription from device dialog title,,,true,extracted_with_value,,apps/apple/macOS/LocalPackages/SubscriptionUI/Sources/SubscriptionUI/Resources/Localizable.xcstrings,1859,https://github.com/duckduckgo/apple-browsers/blob/1c727171068b75ff8f1cc97be9ef2d9efa008e97/macOS/LocalPackages/SubscriptionUI/Sources/SubscriptionUI/Resources/Localizable.xcstrings#L1859
macOS,headings,SubscriptionUI,subscription.paid.ai.chat.title,,Duck.ai,Title of the preferences pane for Duck.ai Pro,,,true,extracted_with_value,,apps/apple/macOS/LocalPackages/SubscriptionUI/Sources/SubscriptionUI/Resources/Localizable.xcstrings,1979,https://github.com/duckduckgo/apple-browsers/blob/1c727171068b75ff8f1cc97be9ef2d9efa008e97/macOS/LocalPackages/SubscriptionUI/Sources/SubscriptionUI/Resources/Localizable.xcstrings#L1979
macOS,headings,SubscriptionUI,subscription.preferences.feedback.title,,Send Feedback,Title for the subscription feedback section,,,true,extracted_with_value,,apps/apple/macOS/LocalPackages/SubscriptionUI/Sources/SubscriptionUI/Resources/Localizable.xcstrings,2279,https://github.com/duckduckgo/apple-browsers/blob/1c727171068b75ff8f1cc97be9ef2d9efa008e97/macOS/LocalPackages/SubscriptionUI/Sources/SubscriptionUI/Resources/Localizable.xcstrings#L2279
macOS,headings,SubscriptionUI,subscription.preferences.identity.theft.restoration.title,,Identity Theft Restoration,Title of the preferences pane for PersoIdentity Theft Restorationmoval,,,true,extracted_with_value,,apps/apple/macOS/LocalPackages/SubscriptionUI/Sources/SubscriptionUI/Resources/Localizable.xcstrings,2399,https://github.com/duckduckgo/apple-browsers/blob/1c727171068b75ff8f1cc97be9ef2d9efa008e97/macOS/LocalPackages/SubscriptionUI/Sources/SubscriptionUI/Resources/Localizable.xcstrings#L2399
macOS,headings,SubscriptionUI,subscription.preferences.paid.ai.chat.configure.duck.ai.title,,Configure Duck.ai,Title of the section of settings that allows user to configure Duck.ai,,,true,extracted_with_value,,apps/apple/macOS/LocalPackages/SubscriptionUI/Sources/SubscriptionUI/Resources/Localizable.xcstrings,2879,https://github.com/duckduckgo/apple-browsers/blob/1c727171068b75ff8f1cc97be9ef2d9efa008e97/macOS/LocalPackages/SubscriptionUI/Sources/SubscriptionUI/Resources/Localizable.xcstrings#L2879
macOS,headings,SubscriptionUI,subscription.preferences.paid.ai.chat.enable.duck.ai.title,,Get access to advanced AI models in Duck.ai,Title of the section of settings that allows user to configure Duck.ai,,,true,extracted_with_value,,apps/apple/macOS/LocalPackages/SubscriptionUI/Sources/SubscriptionUI/Resources/Localizable.xcstrings,2999,https://github.com/duckduckgo/apple-browsers/blob/1c727171068b75ff8f1cc97be9ef2d9efa008e97/macOS/LocalPackages/SubscriptionUI/Sources/SubscriptionUI/Resources/Localizable.xcstrings#L2999
macOS,headings,SubscriptionUI,subscription.preferences.personal.information.removal.title,,Personal Information Removal,Title of the preferences pane for Personal Information Removal,,,true,extracted_with_value,,apps/apple/macOS/LocalPackages/SubscriptionUI/Sources/SubscriptionUI/Resources/Localizable.xcstrings,3059,https://github.com/duckduckgo/apple-browsers/blob/1c727171068b75ff8f1cc97be9ef2d9efa008e97/macOS/LocalPackages/SubscriptionUI/Sources/SubscriptionUI/Resources/Localizable.xcstrings#L3059
macOS,headings,SubscriptionUI,subscription.preferences.purchase.subscription.title,,DuckDuckGo Subscription,Title of the preferences pane for purchase subscription,,,true,extracted_with_value,,apps/apple/macOS/LocalPackages/SubscriptionUI/Sources/SubscriptionUI/Resources/Localizable.xcstrings,3299,https://github.com/duckduckgo/apple-browsers/blob/1c727171068b75ff8f1cc97be9ef2d9efa008e97/macOS/LocalPackages/SubscriptionUI/Sources/SubscriptionUI/Resources/Localizable.xcstrings#L3299
macOS,headings,SubscriptionUI,subscription.preferences.services.identity.theft.restoration.title,,Identity Theft Restoration,Title for the Identity Theft Restoration service listed in the subscription preferences pane,,,true,extracted_with_value,,apps/apple/macOS/LocalPackages/SubscriptionUI/Sources/SubscriptionUI/Resources/Localizable.xcstrings,3539,https://github.com/duckduckgo/apple-browsers/blob/1c727171068b75ff8f1cc97be9ef2d9efa008e97/macOS/LocalPackages/SubscriptionUI/Sources/SubscriptionUI/Resources/Localizable.xcstrings#L3539
macOS,headings,SubscriptionUI,subscription.preferences.services.paid.ai.chat.title,,Duck.ai,Title for the duck.ai premium listed in the subscription preferences pane,,,true,extracted_with_value,,apps/apple/macOS/LocalPackages/SubscriptionUI/Sources/SubscriptionUI/Resources/Localizable.xcstrings,3659,https://github.com/duckduckgo/apple-browsers/blob/1c727171068b75ff8f1cc97be9ef2d9efa008e97/macOS/LocalPackages/SubscriptionUI/Sources/SubscriptionUI/Resources/Localizable.xcstrings#L3659
macOS,headings,SubscriptionUI,subscription.preferences.services.personal.information.removal.title,,Personal Information Removal,Title for the Personal Information Removal service listed in the subscription preferences pane,,,true,extracted_with_value,,apps/apple/macOS/LocalPackages/SubscriptionUI/Sources/SubscriptionUI/Resources/Localizable.xcstrings,3839,https://github.com/duckduckgo/apple-browsers/blob/1c727171068b75ff8f1cc97be9ef2d9efa008e97/macOS/LocalPackages/SubscriptionUI/Sources/SubscriptionUI/Resources/Localizable.xcstrings#L3839
macOS,headings,SubscriptionUI,subscription.preferences.services.vpn.title,,VPN,Title for the VPN service listed in the subscription preferences pane,,,true,extracted_with_value,,apps/apple/macOS/LocalPackages/SubscriptionUI/Sources/SubscriptionUI/Resources/Localizable.xcstrings,4019,https://github.com/duckduckgo/apple-browsers/blob/1c727171068b75ff8f1cc97be9ef2d9efa008e97/macOS/LocalPackages/SubscriptionUI/Sources/SubscriptionUI/Resources/Localizable.xcstrings#L4019
macOS,headings,SubscriptionUI,subscription.preferences.subscription.add.to.device.link.title,,Add to Device,Button for adding subscription to other devices,,,true,extracted_with_value,,apps/apple/macOS/LocalPackages/SubscriptionUI/Sources/SubscriptionUI/Resources/Localizable.xcstrings,4805,https://github.com/duckduckgo/apple-browsers/blob/1c727171068b75ff8f1cc97be9ef2d9efa008e97/macOS/LocalPackages/SubscriptionUI/Sources/SubscriptionUI/Resources/Localizable.xcstrings#L4805
macOS,headings,SubscriptionUI,subscription.preferences.subscription.add.to.device.title,,Add Your Subscription to Other Devices,Title for the subscription preferences section for adding subscription to other devices,,,true,extracted_with_value,,apps/apple/macOS/LocalPackages/SubscriptionUI/Sources/SubscriptionUI/Resources/Localizable.xcstrings,4985,https://github.com/duckduckgo/apple-browsers/blob/1c727171068b75ff8f1cc97be9ef2d9efa008e97/macOS/LocalPackages/SubscriptionUI/Sources/SubscriptionUI/Resources/Localizable.xcstrings#L4985
macOS,headings,SubscriptionUI,subscription.preferences.subscription.footer.title,,Need help with your DuckDuckGo subscription?,Title for the subscription preferences pane footer,,,true,extracted_with_value,,apps/apple/macOS/LocalPackages/SubscriptionUI/Sources/SubscriptionUI/Resources/Localizable.xcstrings,5165,https://github.com/duckduckgo/apple-browsers/blob/1c727171068b75ff8f1cc97be9ef2d9efa008e97/macOS/LocalPackages/SubscriptionUI/Sources/SubscriptionUI/Resources/Localizable.xcstrings#L5165
macOS,headings,SubscriptionUI,subscription.preferences.subscription.inactive.header.no.duck.ai.us,,Protect your connection and identity with one subscription.,Header for the subscription preferences pane when the subscription is inactive,,,true,extracted_with_value,,apps/apple/macOS/LocalPackages/SubscriptionUI/Sources/SubscriptionUI/Resources/Localizable.xcstrings,5285,https://github.com/duckduckgo/apple-browsers/blob/1c727171068b75ff8f1cc97be9ef2d9efa008e97/macOS/LocalPackages/SubscriptionUI/Sources/SubscriptionUI/Resources/Localizable.xcstrings#L5285
macOS,headings,SubscriptionUI,subscription.preferences.subscription.inactive.header.us,,"Secure your Wi-Fi, and chat privately with advanced AI models",Header for the subscription preferences pane when the subscription is inactive,,,true,extracted_with_value,,apps/apple/macOS/LocalPackages/SubscriptionUI/Sources/SubscriptionUI/Resources/Localizable.xcstrings,5345,https://github.com/duckduckgo/apple-browsers/blob/1c727171068b75ff8f1cc97be9ef2d9efa008e97/macOS/LocalPackages/SubscriptionUI/Sources/SubscriptionUI/Resources/Localizable.xcstrings#L5345
macOS,headings,SubscriptionUI,subscription.preferences.subscription.settings.activating,,Activating,Title for the status indicator informing that user's subscription is still activating,,,true,extracted_with_value,,apps/apple/macOS/LocalPackages/SubscriptionUI/Sources/SubscriptionUI/Resources/Localizable.xcstrings,5885,https://github.com/duckduckgo/apple-browsers/blob/1c727171068b75ff8f1cc97be9ef2d9efa008e97/macOS/LocalPackages/SubscriptionUI/Sources/SubscriptionUI/Resources/Localizable.xcstrings#L5885
macOS,headings,SubscriptionUI,subscription.preferences.subscription.settings.free-trial.active,,Free Trial Active,Title for the status indicator informing that user is currently on a Free Trial,,,true,extracted_with_value,,apps/apple/macOS/LocalPackages/SubscriptionUI/Sources/SubscriptionUI/Resources/Localizable.xcstrings,5945,https://github.com/duckduckgo/apple-browsers/blob/1c727171068b75ff8f1cc97be9ef2d9efa008e97/macOS/LocalPackages/SubscriptionUI/Sources/SubscriptionUI/Resources/Localizable.xcstrings#L5945
macOS,headings,SubscriptionUI,subscription.preferences.subscription.settings.section.title,,Subscription Settings,Title for the subscription preferences settings section,,,true,extracted_with_value,,apps/apple/macOS/LocalPackages/SubscriptionUI/Sources/SubscriptionUI/Resources/Localizable.xcstrings,6005,https://github.com/duckduckgo/apple-browsers/blob/1c727171068b75ff8f1cc97be9ef2d9efa008e97/macOS/LocalPackages/SubscriptionUI/Sources/SubscriptionUI/Resources/Localizable.xcstrings#L6005
macOS,headings,SubscriptionUI,subscription.preferences.subscription.settings.subscribed,,Subscribed,Title for the status indicator informing that user is currently subscribed,,,true,extracted_with_value,,apps/apple/macOS/LocalPackages/SubscriptionUI/Sources/SubscriptionUI/Resources/Localizable.xcstrings,6065,https://github.com/duckduckgo/apple-browsers/blob/1c727171068b75ff8f1cc97be9ef2d9efa008e97/macOS/LocalPackages/SubscriptionUI/Sources/SubscriptionUI/Resources/Localizable.xcstrings#L6065
macOS,headings,SubscriptionUI,subscription.preferences.subscription.settings.title,,Subscription Settings,Title of the preferences pane for subscription settings,,,true,extracted_with_value,,apps/apple/macOS/LocalPackages/SubscriptionUI/Sources/SubscriptionUI/Resources/Localizable.xcstrings,6125,https://github.com/duckduckgo/apple-browsers/blob/1c727171068b75ff8f1cc97be9ef2d9efa008e97/macOS/LocalPackages/SubscriptionUI/Sources/SubscriptionUI/Resources/Localizable.xcstrings#L6125
macOS,headings,SubscriptionUI,win-back.campaign.logged-out.preferences.title,,We want you back! Get 25% off.,Title of the message displayed for logged out users to resubscribe during the win-back campaign,,% o,true,extracted_with_value,,apps/apple/macOS/LocalPackages/SubscriptionUI/Sources/SubscriptionUI/Resources/Localizable.xcstrings,6665,https://github.com/duckduckgo/apple-browsers/blob/1c727171068b75ff8f1cc97be9ef2d9efa008e97/macOS/LocalPackages/SubscriptionUI/Sources/SubscriptionUI/Resources/Localizable.xcstrings#L6665
macOS,headings,SyncUI-macOS,alert.sync-already-paired-with-account-title,,Already synced.,Title for Sync error shown when both devices are already paired with the same account,,,true,extracted_with_value,,apps/apple/macOS/LocalPackages/SyncUI-macOS/Sources/SyncUI-macOS/Resources/Localizable.xcstrings,242,https://github.com/duckduckgo/apple-browsers/blob/1c727171068b75ff8f1cc97be9ef2d9efa008e97/macOS/LocalPackages/SyncUI-macOS/Sources/SyncUI-macOS/Resources/Localizable.xcstrings#L242
macOS,headings,SyncUI-macOS,alert.sync-cancelled-from-other-device-title,,Sync canceled from your other device.,Title for Sync error shown when setup is canceled from the other device,,,true,extracted_with_value,,apps/apple/macOS/LocalPackages/SyncUI-macOS/Sources/SyncUI-macOS/Resources/Localizable.xcstrings,422,https://github.com/duckduckgo/apple-browsers/blob/1c727171068b75ff8f1cc97be9ef2d9efa008e97/macOS/LocalPackages/SyncUI-macOS/Sources/SyncUI-macOS/Resources/Localizable.xcstrings#L422
macOS,headings,SyncUI-macOS,alert.sync-code-only-compatible-with-duckai-title,,Scan this code using a browser other than DuckDuckGo.,Title for Sync error shown when a third-party recovery code can only be used with Duck.ai,,,true,extracted_with_value,,apps/apple/macOS/LocalPackages/SyncUI-macOS/Sources/SyncUI-macOS/Resources/Localizable.xcstrings,542,https://github.com/duckduckgo/apple-browsers/blob/1c727171068b75ff8f1cc97be9ef2d9efa008e97/macOS/LocalPackages/SyncUI-macOS/Sources/SyncUI-macOS/Resources/Localizable.xcstrings#L542
macOS,headings,SyncUI-macOS,alert.sync-update-required-title,,Update the DuckDuckGo browser and try again.,Title for Sync error shown when the app version does not support the scanned Sync code,,,true,extracted_with_value,,apps/apple/macOS/LocalPackages/SyncUI-macOS/Sources/SyncUI-macOS/Resources/Localizable.xcstrings,1202,https://github.com/duckduckgo/apple-browsers/blob/1c727171068b75ff8f1cc97be9ef2d9efa008e97/macOS/LocalPackages/SyncUI-macOS/Sources/SyncUI-macOS/Resources/Localizable.xcstrings#L1202
macOS,headings,SyncUI-macOS,alert.unable-to-scan-qr-code-title,,This is not a valid Sync code.,Title for unable to scan qr code error,,,true,extracted_with_value,,apps/apple/macOS/LocalPackages/SyncUI-macOS/Sources/SyncUI-macOS/Resources/Localizable.xcstrings,1622,https://github.com/duckduckgo/apple-browsers/blob/1c727171068b75ff8f1cc97be9ef2d9efa008e97/macOS/LocalPackages/SyncUI-macOS/Sources/SyncUI-macOS/Resources/Localizable.xcstrings#L1622
macOS,headings,SyncUI-macOS,preferences.begin-sync-v2.card-title,,Keep DuckDuckGo in sync!,Begin Syncing card title in sync settings (V2),,,true,extracted_with_value,,apps/apple/macOS/LocalPackages/SyncUI-macOS/Sources/SyncUI-macOS/Resources/Localizable.xcstrings,2522,https://github.com/duckduckgo/apple-browsers/blob/1c727171068b75ff8f1cc97be9ef2d9efa008e97/macOS/LocalPackages/SyncUI-macOS/Sources/SyncUI-macOS/Resources/Localizable.xcstrings#L2522
macOS,headings,SyncUI-macOS,preferences.begin-sync.card-title,,Begin Syncing,Begin Syncing card title in sync settings,,,true,extracted_with_value,,apps/apple/macOS/LocalPackages/SyncUI-macOS/Sources/SyncUI-macOS/Resources/Localizable.xcstrings,2822,https://github.com/duckduckgo/apple-browsers/blob/1c727171068b75ff8f1cc97be9ef2d9efa008e97/macOS/LocalPackages/SyncUI-macOS/Sources/SyncUI-macOS/Resources/Localizable.xcstrings#L2822
macOS,headings,SyncUI-macOS,preferences.enter-recovery-code.dialog-title,,Enter Code,Sync enter recovery code dialog title,,,true,extracted_with_value,,apps/apple/macOS/LocalPackages/SyncUI-macOS/Sources/SyncUI-macOS/Resources/Localizable.xcstrings,3062,https://github.com/duckduckgo/apple-browsers/blob/1c727171068b75ff8f1cc97be9ef2d9efa008e97/macOS/LocalPackages/SyncUI-macOS/Sources/SyncUI-macOS/Resources/Localizable.xcstrings#L3062
macOS,headings,SyncUI-macOS,preferences.other-options.section-title,,Other Options,Sync settings. Other Options section title,,,true,extracted_with_value,,apps/apple/macOS/LocalPackages/SyncUI-macOS/Sources/SyncUI-macOS/Resources/Localizable.xcstrings,3122,https://github.com/duckduckgo/apple-browsers/blob/1c727171068b75ff8f1cc97be9ef2d9efa008e97/macOS/LocalPackages/SyncUI-macOS/Sources/SyncUI-macOS/Resources/Localizable.xcstrings#L3122
macOS,headings,SyncUI-macOS,preferences.preparing-to-sync-v2.check-other-device-title,,Check your other device...,Title shown while the joining device waits for the other device during sync set up (V2),,,true,extracted_with_value,,apps/apple/macOS/LocalPackages/SyncUI-macOS/Sources/SyncUI-macOS/Resources/Localizable.xcstrings,3182,https://github.com/duckduckgo/apple-browsers/blob/1c727171068b75ff8f1cc97be9ef2d9efa008e97/macOS/LocalPackages/SyncUI-macOS/Sources/SyncUI-macOS/Resources/Localizable.xcstrings#L3182
macOS,headings,SyncUI-macOS,preferences.preparing-to-sync-v2.dialog-title,,Sync & Backup is end-to-end encrypted on all your devices.,Preparing to sync dialog title during two-device sync set up (V2),,,true,extracted_with_value,,apps/apple/macOS/LocalPackages/SyncUI-macOS/Sources/SyncUI-macOS/Resources/Localizable.xcstrings,3302,https://github.com/duckduckgo/apple-browsers/blob/1c727171068b75ff8f1cc97be9ef2d9efa008e97/macOS/LocalPackages/SyncUI-macOS/Sources/SyncUI-macOS/Resources/Localizable.xcstrings#L3302
macOS,headings,SyncUI-macOS,preferences.preparing-to-sync.dialog-title,,Preparing To Sync,Preparing to sync dialog title during sync set up,,,true,extracted_with_value,,apps/apple/macOS/LocalPackages/SyncUI-macOS/Sources/SyncUI-macOS/Resources/Localizable.xcstrings,3542,https://github.com/duckduckgo/apple-browsers/blob/1c727171068b75ff8f1cc97be9ef2d9efa008e97/macOS/LocalPackages/SyncUI-macOS/Sources/SyncUI-macOS/Resources/Localizable.xcstrings#L3542
macOS,headings,SyncUI-macOS,preferences.preparing-to-sync.two-device.dialog-title,,End-to-end encrypted on all your devices.,Preparing to sync dialog title during two-device sync set up.,,,true,extracted_with_value,,apps/apple/macOS/LocalPackages/SyncUI-macOS/Sources/SyncUI-macOS/Resources/Localizable.xcstrings,3602,https://github.com/duckduckgo/apple-browsers/blob/1c727171068b75ff8f1cc97be9ef2d9efa008e97/macOS/LocalPackages/SyncUI-macOS/Sources/SyncUI-macOS/Resources/Localizable.xcstrings#L3602
macOS,headings,SyncUI-macOS,preferences.recover-data.link-title,,Recover Synced Data,Sync settings. Link to recover synced data.,,,true,extracted_with_value,,apps/apple/macOS/LocalPackages/SyncUI-macOS/Sources/SyncUI-macOS/Resources/Localizable.xcstrings,3662,https://github.com/duckduckgo/apple-browsers/blob/1c727171068b75ff8f1cc97be9ef2d9efa008e97/macOS/LocalPackages/SyncUI-macOS/Sources/SyncUI-macOS/Resources/Localizable.xcstrings#L3662
macOS,headings,SyncUI-macOS,preferences.recover-synced-data-v2.section-title,,Recover Synced Data,Recover Synced Data section title in sync settings (V2),,,true,extracted_with_value,,apps/apple/macOS/LocalPackages/SyncUI-macOS/Sources/SyncUI-macOS/Resources/Localizable.xcstrings,3782,https://github.com/duckduckgo/apple-browsers/blob/1c727171068b75ff8f1cc97be9ef2d9efa008e97/macOS/LocalPackages/SyncUI-macOS/Sources/SyncUI-macOS/Resources/Localizable.xcstrings#L3782
macOS,headings,SyncUI-macOS,preferences.recover-synced-data.dialog-title,,Recover Synced Data,Sync recover synced data dialog title,,,true,extracted_with_value,,apps/apple/macOS/LocalPackages/SyncUI-macOS/Sources/SyncUI-macOS/Resources/Localizable.xcstrings,3962,https://github.com/duckduckgo/apple-browsers/blob/1c727171068b75ff8f1cc97be9ef2d9efa008e97/macOS/LocalPackages/SyncUI-macOS/Sources/SyncUI-macOS/Resources/Localizable.xcstrings#L3962
macOS,headings,SyncUI-macOS,preferences.sync-this-device-v2.title,,Sync this Device,Title of the row to start syncing and backing up this device in sync settings (V2),,,true,extracted_with_value,,apps/apple/macOS/LocalPackages/SyncUI-macOS/Sources/SyncUI-macOS/Resources/Localizable.xcstrings,4202,https://github.com/duckduckgo/apple-browsers/blob/1c727171068b75ff8f1cc97be9ef2d9efa008e97/macOS/LocalPackages/SyncUI-macOS/Sources/SyncUI-macOS/Resources/Localizable.xcstrings#L4202
macOS,headings,SyncUI-macOS,preferences.sync-this-device.link-title,,Sync and Back Up This Device,Sync settings. Title of a link to start setting up sync and backup the device,,,true,extracted_with_value,,apps/apple/macOS/LocalPackages/SyncUI-macOS/Sources/SyncUI-macOS/Resources/Localizable.xcstrings,4262,https://github.com/duckduckgo/apple-browsers/blob/1c727171068b75ff8f1cc97be9ef2d9efa008e97/macOS/LocalPackages/SyncUI-macOS/Sources/SyncUI-macOS/Resources/Localizable.xcstrings#L4262
macOS,headings,SyncUI-macOS,preferences.sync.another-device-prompt-v2.title,,Sync this device with a nearby phone.,Title of the prompt asking whether to sync with another device or just this device (V2),,,true,extracted_with_value,,apps/apple/macOS/LocalPackages/SyncUI-macOS/Sources/SyncUI-macOS/Resources/Localizable.xcstrings,4502,https://github.com/duckduckgo/apple-browsers/blob/1c727171068b75ff8f1cc97be9ef2d9efa008e97/macOS/LocalPackages/SyncUI-macOS/Sources/SyncUI-macOS/Resources/Localizable.xcstrings#L4502
macOS,headings,SyncUI-macOS,preferences.sync.authentication-cancelled-v2.title,,Please give it another try!,Title of the alert shown when the user cancels the device authentication prompt while setting up Sync (V2),,,true,extracted_with_value,,apps/apple/macOS/LocalPackages/SyncUI-macOS/Sources/SyncUI-macOS/Resources/Localizable.xcstrings,4682,https://github.com/duckduckgo/apple-browsers/blob/1c727171068b75ff8f1cc97be9ef2d9efa008e97/macOS/LocalPackages/SyncUI-macOS/Sources/SyncUI-macOS/Resources/Localizable.xcstrings#L4682
macOS,headings,SyncUI-macOS,preferences.sync.bookmarks-section-title-v2,,Bookmarks,Bookmarks options section title in sync settings (V2),,,true,extracted_with_value,,apps/apple/macOS/LocalPackages/SyncUI-macOS/Sources/SyncUI-macOS/Resources/Localizable.xcstrings,4802,https://github.com/duckduckgo/apple-browsers/blob/1c727171068b75ff8f1cc97be9ef2d9efa008e97/macOS/LocalPackages/SyncUI-macOS/Sources/SyncUI-macOS/Resources/Localizable.xcstrings#L4802
macOS,headings,SyncUI-macOS,preferences.sync.delete-account-v2.title,,Stop Sync & Backup and Delete Server Data?,Title of the confirmation shown before turning Sync off and deleting the server data (V2),,,true,extracted_with_value,,apps/apple/macOS/LocalPackages/SyncUI-macOS/Sources/SyncUI-macOS/Resources/Localizable.xcstrings,5222,https://github.com/duckduckgo/apple-browsers/blob/1c727171068b75ff8f1cc97be9ef2d9efa008e97/macOS/LocalPackages/SyncUI-macOS/Sources/SyncUI-macOS/Resources/Localizable.xcstrings#L5222
macOS,headings,SyncUI-macOS,preferences.sync.fetch-favicons-option-title-v2,,Load Bookmark Icons,Title for the load bookmark icons option in sync settings (V2),,,true,extracted_with_value,,apps/apple/macOS/LocalPackages/SyncUI-macOS/Sources/SyncUI-macOS/Resources/Localizable.xcstrings,5762,https://github.com/duckduckgo/apple-browsers/blob/1c727171068b75ff8f1cc97be9ef2d9efa008e97/macOS/LocalPackages/SyncUI-macOS/Sources/SyncUI-macOS/Resources/Localizable.xcstrings#L5762
macOS,headings,SyncUI-macOS,preferences.sync.my-devices-v2,,My Devices,Synced devices section title in sync settings (V2),,,true,extracted_with_value,,apps/apple/macOS/LocalPackages/SyncUI-macOS/Sources/SyncUI-macOS/Resources/Localizable.xcstrings,5882,https://github.com/duckduckgo/apple-browsers/blob/1c727171068b75ff8f1cc97be9ef2d9efa008e97/macOS/LocalPackages/SyncUI-macOS/Sources/SyncUI-macOS/Resources/Localizable.xcstrings#L5882
macOS,headings,SyncUI-macOS,preferences.sync.recovery-code-section-title-v2,,Recovery Code,Recovery code section title in sync settings (V2),,,true,extracted_with_value,,apps/apple/macOS/LocalPackages/SyncUI-macOS/Sources/SyncUI-macOS/Resources/Localizable.xcstrings,5942,https://github.com/duckduckgo/apple-browsers/blob/1c727171068b75ff8f1cc97be9ef2d9efa008e97/macOS/LocalPackages/SyncUI-macOS/Sources/SyncUI-macOS/Resources/Localizable.xcstrings#L5942
macOS,headings,SyncUI-macOS,preferences.sync.remove-device-title,,Remove device?,Title on remove a device confirmation,,,true,extracted_with_value,,apps/apple/macOS/LocalPackages/SyncUI-macOS/Sources/SyncUI-macOS/Resources/Localizable.xcstrings,6362,https://github.com/duckduckgo/apple-browsers/blob/1c727171068b75ff8f1cc97be9ef2d9efa008e97/macOS/LocalPackages/SyncUI-macOS/Sources/SyncUI-macOS/Resources/Localizable.xcstrings#L6362
macOS,headings,SyncUI-macOS,preferences.sync.remove-device-v2.title,,Remove Device?,Title of the confirmation shown before removing a synced device (V2),,,true,extracted_with_value,,apps/apple/macOS/LocalPackages/SyncUI-macOS/Sources/SyncUI-macOS/Resources/Localizable.xcstrings,6542,https://github.com/duckduckgo/apple-browsers/blob/1c727171068b75ff8f1cc97be9ef2d9efa008e97/macOS/LocalPackages/SyncUI-macOS/Sources/SyncUI-macOS/Resources/Localizable.xcstrings#L6542
macOS,headings,SyncUI-macOS,preferences.sync.share-favorite-option-title-v2,,Share Favorites Across Devices,Title for the share favorites option in sync settings (V2),,,true,extracted_with_value,,apps/apple/macOS/LocalPackages/SyncUI-macOS/Sources/SyncUI-macOS/Resources/Localizable.xcstrings,6722,https://github.com/duckduckgo/apple-browsers/blob/1c727171068b75ff8f1cc97be9ef2d9efa008e97/macOS/LocalPackages/SyncUI-macOS/Sources/SyncUI-macOS/Resources/Localizable.xcstrings#L6722
macOS,headings,SyncUI-macOS,preferences.sync.success-v2.title,,%@ has been added to Sync & Backup.,Title in the Sync success dialog. %@ is the name of the device that was added (V2),,%@,true,extracted_with_value,,apps/apple/macOS/LocalPackages/SyncUI-macOS/Sources/SyncUI-macOS/Resources/Localizable.xcstrings,7202,https://github.com/duckduckgo/apple-browsers/blob/1c727171068b75ff8f1cc97be9ef2d9efa008e97/macOS/LocalPackages/SyncUI-macOS/Sources/SyncUI-macOS/Resources/Localizable.xcstrings#L7202
macOS,headings,SyncUI-macOS,preferences.sync.sync-with-another-device-v2.copy-confirmation-title,,Don’t close this page,Title of the reminder shown after copying the sync code (V2),,,true,extracted_with_value,,apps/apple/macOS/LocalPackages/SyncUI-macOS/Sources/SyncUI-macOS/Resources/Localizable.xcstrings,7382,https://github.com/duckduckgo/apple-browsers/blob/1c727171068b75ff8f1cc97be9ef2d9efa008e97/macOS/LocalPackages/SyncUI-macOS/Sources/SyncUI-macOS/Resources/Localizable.xcstrings#L7382
macOS,headings,SyncUI-macOS,preferences.sync.sync-with-another-device-v2.enter-title,,Enter the Sync Code,Title of the Sync with another device dialog when entering a sync code (V2),,,true,extracted_with_value,,apps/apple/macOS/LocalPackages/SyncUI-macOS/Sources/SyncUI-macOS/Resources/Localizable.xcstrings,7562,https://github.com/duckduckgo/apple-browsers/blob/1c727171068b75ff8f1cc97be9ef2d9efa008e97/macOS/LocalPackages/SyncUI-macOS/Sources/SyncUI-macOS/Resources/Localizable.xcstrings#L7562
macOS,headings,SyncUI-macOS,preferences.sync.sync-with-another-device-v2.scan-title,,Scan QR code to sync,Title of the Sync with another device dialog when showing the QR code (V2),,,true,extracted_with_value,,apps/apple/macOS/LocalPackages/SyncUI-macOS/Sources/SyncUI-macOS/Resources/Localizable.xcstrings,7982,https://github.com/duckduckgo/apple-browsers/blob/1c727171068b75ff8f1cc97be9ef2d9efa008e97/macOS/LocalPackages/SyncUI-macOS/Sources/SyncUI-macOS/Resources/Localizable.xcstrings#L7982
macOS,headings,SyncUI-macOS,preferences.sync.sync-with-another-device.copy-confirmation.title,,Paste the code on your other device,Title of the reminder shown after the user copies the sync code.,,,true,extracted_with_value,,apps/apple/macOS/LocalPackages/SyncUI-macOS/Sources/SyncUI-macOS/Resources/Localizable.xcstrings,8282,https://github.com/duckduckgo/apple-browsers/blob/1c727171068b75ff8f1cc97be9ef2d9efa008e97/macOS/LocalPackages/SyncUI-macOS/Sources/SyncUI-macOS/Resources/Localizable.xcstrings#L8282
macOS,headings,SyncUI-macOS,preferences.sync.sync-with-another-device.dialog-title,,Sync With Another Device,Sync with another device dialog title,,,true,extracted_with_value,,apps/apple/macOS/LocalPackages/SyncUI-macOS/Sources/SyncUI-macOS/Resources/Localizable.xcstrings,8462,https://github.com/duckduckgo/apple-browsers/blob/1c727171068b75ff8f1cc97be9ef2d9efa008e97/macOS/LocalPackages/SyncUI-macOS/Sources/SyncUI-macOS/Resources/Localizable.xcstrings#L8462
macOS,headings,SyncUI-macOS,preferences.sync.sync-with-server-title,,Sync and Back Up This Device,Sync with server dialog title,,,true,extracted_with_value,,apps/apple/macOS/LocalPackages/SyncUI-macOS/Sources/SyncUI-macOS/Resources/Localizable.xcstrings,9962,https://github.com/duckduckgo/apple-browsers/blob/1c727171068b75ff8f1cc97be9ef2d9efa008e97/macOS/LocalPackages/SyncUI-macOS/Sources/SyncUI-macOS/Resources/Localizable.xcstrings#L9962
macOS,headings,SyncUI-macOS,preferences.sync.synced-devices,,Synced Devices,Settings section title,,,true,extracted_with_value,,apps/apple/macOS/LocalPackages/SyncUI-macOS/Sources/SyncUI-macOS/Resources/Localizable.xcstrings,10022,https://github.com/duckduckgo/apple-browsers/blob/1c727171068b75ff8f1cc97be9ef2d9efa008e97/macOS/LocalPackages/SyncUI-macOS/Sources/SyncUI-macOS/Resources/Localizable.xcstrings#L10022
macOS,headings,SyncUI-macOS,preferences.sync.turn-off.confirm.title,,Turn off sync?,Turn off sync confirmation dialog title,,,true,extracted_with_value,,apps/apple/macOS/LocalPackages/SyncUI-macOS/Sources/SyncUI-macOS/Resources/Localizable.xcstrings,10382,https://github.com/duckduckgo/apple-browsers/blob/1c727171068b75ff8f1cc97be9ef2d9efa008e97/macOS/LocalPackages/SyncUI-macOS/Sources/SyncUI-macOS/Resources/Localizable.xcstrings#L10382
macOS,headings,SyncUI-macOS,prefrences.sync.delete-account.title,,Delete server data?,Title for delete account confirmation pop up,,,true,extracted_with_value,,apps/apple/macOS/LocalPackages/SyncUI-macOS/Sources/SyncUI-macOS/Resources/Localizable.xcstrings,10922,https://github.com/duckduckgo/apple-browsers/blob/1c727171068b75ff8f1cc97be9ef2d9efa008e97/macOS/LocalPackages/SyncUI-macOS/Sources/SyncUI-macOS/Resources/Localizable.xcstrings#L10922
macOS,headings,SyncUI-macOS,prefrences.sync.device-details.title,,Device Details,The title of the device details dialog,,,true,extracted_with_value,,apps/apple/macOS/LocalPackages/SyncUI-macOS/Sources/SyncUI-macOS/Resources/Localizable.xcstrings,11102,https://github.com/duckduckgo/apple-browsers/blob/1c727171068b75ff8f1cc97be9ef2d9efa008e97/macOS/LocalPackages/SyncUI-macOS/Sources/SyncUI-macOS/Resources/Localizable.xcstrings#L11102
macOS,headings,SyncUI-macOS,prefrences.sync.device-synced,,New device added!,Sync setup confirmation dialog title,,,true,extracted_with_value,,apps/apple/macOS/LocalPackages/SyncUI-macOS/Sources/SyncUI-macOS/Resources/Localizable.xcstrings,11162,https://github.com/duckduckgo/apple-browsers/blob/1c727171068b75ff8f1cc97be9ef2d9efa008e97/macOS/LocalPackages/SyncUI-macOS/Sources/SyncUI-macOS/Resources/Localizable.xcstrings#L11162
macOS,headings,SyncUI-macOS,prefrences.sync.fetch-favicons-onboarding-title,,Download Missing Icons?,Title for fetch favicons onboarding dialog,,,true,extracted_with_value,,apps/apple/macOS/LocalPackages/SyncUI-macOS/Sources/SyncUI-macOS/Resources/Localizable.xcstrings,11282,https://github.com/duckduckgo/apple-browsers/blob/1c727171068b75ff8f1cc97be9ef2d9efa008e97/macOS/LocalPackages/SyncUI-macOS/Sources/SyncUI-macOS/Resources/Localizable.xcstrings#L11282
macOS,headings,SyncUI-macOS,prefrences.sync.fetch-favicons-option-title,,Auto-Download Icons,Title for fetch favicons option,,,true,extracted_with_value,,apps/apple/macOS/LocalPackages/SyncUI-macOS/Sources/SyncUI-macOS/Resources/Localizable.xcstrings,11402,https://github.com/duckduckgo/apple-browsers/blob/1c727171068b75ff8f1cc97be9ef2d9efa008e97/macOS/LocalPackages/SyncUI-macOS/Sources/SyncUI-macOS/Resources/Localizable.xcstrings#L11402
macOS,headings,SyncUI-macOS,prefrences.sync.limit-exceeded-title,,Sync Paused,Title for sync limits exceeded warning,,,true,stale,,apps/apple/macOS/LocalPackages/SyncUI-macOS/Sources/SyncUI-macOS/Resources/Localizable.xcstrings,12302,https://github.com/duckduckgo/apple-browsers/blob/1c727171068b75ff8f1cc97be9ef2d9efa008e97/macOS/LocalPackages/SyncUI-macOS/Sources/SyncUI-macOS/Resources/Localizable.xcstrings#L12302
macOS,headings,SyncUI-macOS,prefrences.sync.options-section-title,,Options,Title for options settings,,,true,extracted_with_value,,apps/apple/macOS/LocalPackages/SyncUI-macOS/Sources/SyncUI-macOS/Resources/Localizable.xcstrings,12362,https://github.com/duckduckgo/apple-browsers/blob/1c727171068b75ff8f1cc97be9ef2d9efa008e97/macOS/LocalPackages/SyncUI-macOS/Sources/SyncUI-macOS/Resources/Localizable.xcstrings#L12362
macOS,headings,SyncUI-macOS,prefrences.sync.recovery,,Recovery,Sync settings section title,,,true,extracted_with_value,,apps/apple/macOS/LocalPackages/SyncUI-macOS/Sources/SyncUI-macOS/Resources/Localizable.xcstrings,12422,https://github.com/duckduckgo/apple-browsers/blob/1c727171068b75ff8f1cc97be9ef2d9efa008e97/macOS/LocalPackages/SyncUI-macOS/Sources/SyncUI-macOS/Resources/Localizable.xcstrings#L12422
macOS,headings,SyncUI-macOS,prefrences.sync.share-favorite-option-title,,Unify Favorites Across Devices,Title for share favorite option,,,true,extracted_with_value,,apps/apple/macOS/LocalPackages/SyncUI-macOS/Sources/SyncUI-macOS/Resources/Localizable.xcstrings,12902,https://github.com/duckduckgo/apple-browsers/blob/1c727171068b75ff8f1cc97be9ef2d9efa008e97/macOS/LocalPackages/SyncUI-macOS/Sources/SyncUI-macOS/Resources/Localizable.xcstrings#L12902
