platform,content_type,module,key,variant,text,developer_comment,context_comment,placeholders,translatable,state,internal_only,source_file,line,source_url
macOS,labels,DuckDuckGo,CFBundleName,,DuckDuckGo App Store,Bundle name,,,false,extracted_with_value,,apps/apple/macOS/DuckDuckGo/AppStoreInfoPlist.xcstrings,4,https://github.com/duckduckgo/apple-browsers/blob/f1fdc2dec5243b11198eb13396588ed77e9d044a/macOS/DuckDuckGo/AppStoreInfoPlist.xcstrings#L4
macOS,labels,DuckDuckGo,CFBundleName,,DuckDuckGo,Bundle name,,,true,extracted_with_value,,apps/apple/macOS/DuckDuckGo/InfoPlist.xcstrings,4,https://github.com/duckduckgo/apple-browsers/blob/f1fdc2dec5243b11198eb13396588ed77e9d044a/macOS/DuckDuckGo/InfoPlist.xcstrings#L4
macOS,labels,DuckDuckGo,about.app_name,,DuckDuckGo,Application name to be displayed in the About dialog,,,true,extracted_with_value,,apps/apple/macOS/DuckDuckGo/Localization/Localizable.xcstrings,116,https://github.com/duckduckgo/apple-browsers/blob/f1fdc2dec5243b11198eb13396588ed77e9d044a/macOS/DuckDuckGo/Localization/Localizable.xcstrings#L116
macOS,labels,DuckDuckGo,about.app_name_app_store,,DuckDuckGo for Mac App Store,Application name to be displayed in the About dialog in App Store app,,,true,extracted_with_value,,apps/apple/macOS/DuckDuckGo/Localization/Localizable.xcstrings,176,https://github.com/duckduckgo/apple-browsers/blob/f1fdc2dec5243b11198eb13396588ed77e9d044a/macOS/DuckDuckGo/Localization/Localizable.xcstrings#L176
macOS,labels,DuckDuckGo,Activate to select,,Activate to select,,,,true,,,apps/apple/macOS/DuckDuckGo/Localization/Localizable.xcstrings,356,https://github.com/duckduckgo/apple-browsers/blob/f1fdc2dec5243b11198eb13396588ed77e9d044a/macOS/DuckDuckGo/Localization/Localizable.xcstrings#L356
macOS,labels,DuckDuckGo,add.bookmark.name,,Name:,New bookmark folder dialog folder name field heading,,,true,extracted_with_value,,apps/apple/macOS/DuckDuckGo/Localization/Localizable.xcstrings,521,https://github.com/duckduckgo/apple-browsers/blob/f1fdc2dec5243b11198eb13396588ed77e9d044a/macOS/DuckDuckGo/Localization/Localizable.xcstrings#L521
macOS,labels,DuckDuckGo,address.bar.search.open.tab.suffix,,DuckDuckGo Search,Suffix of DuckDuckGo Search open tab suggestion. Example: cats – DuckDuckGo Search,,,true,extracted_with_value,,apps/apple/macOS/DuckDuckGo/Localization/Localizable.xcstrings,874,https://github.com/duckduckgo/apple-browsers/blob/f1fdc2dec5243b11198eb13396588ed77e9d044a/macOS/DuckDuckGo/Localization/Localizable.xcstrings#L874
macOS,labels,DuckDuckGo,address.bar.search.suffix,,Search DuckDuckGo,Suffix of searched terms in address bar. Example: best watching machine . Search DuckDuckGo,,,true,extracted_with_value,,apps/apple/macOS/DuckDuckGo/Localization/Localizable.xcstrings,934,https://github.com/duckduckgo/apple-browsers/blob/f1fdc2dec5243b11198eb13396588ed77e9d044a/macOS/DuckDuckGo/Localization/Localizable.xcstrings#L934
macOS,labels,DuckDuckGo,address.bar.visit.suffix,,Visit,Address bar suffix of possibly visited website. Example: spreadprivacy.com . Visit spreadprivacy.com,,,true,extracted_with_value,,apps/apple/macOS/DuckDuckGo/Localization/Localizable.xcstrings,994,https://github.com/duckduckgo/apple-browsers/blob/f1fdc2dec5243b11198eb13396588ed77e9d044a/macOS/DuckDuckGo/Localization/Localizable.xcstrings#L994
macOS,labels,DuckDuckGo,aichat.address-bar.hide-toggle,,Hide Duck.ai Toggle,Button to hide duck.ai toggle in address bar,,,true,extracted_with_value,,apps/apple/macOS/DuckDuckGo/Localization/Localizable.xcstrings,1414,https://github.com/duckduckgo/apple-browsers/blob/f1fdc2dec5243b11198eb13396588ed77e9d044a/macOS/DuckDuckGo/Localization/Localizable.xcstrings#L1414
macOS,labels,DuckDuckGo,aichat.address-bar.trusted-indicator,,Duck.ai,Label for the AI Chat displayed in the address bar,,,true,extracted_with_value,,apps/apple/macOS/DuckDuckGo/Localization/Localizable.xcstrings,1774,https://github.com/duckduckgo/apple-browsers/blob/f1fdc2dec5243b11198eb13396588ed77e9d044a/macOS/DuckDuckGo/Localization/Localizable.xcstrings#L1774
macOS,labels,DuckDuckGo,aichat.attachment.tab.count.limit,,You can only add %d tabs at a time.,Error message displayed when the user has added more open tabs than are allowed. Parameter is the maximum number of tabs.,,%d,true,extracted_with_value,,apps/apple/macOS/DuckDuckGo/Localization/Localizable.xcstrings,3394,https://github.com/duckduckgo/apple-browsers/blob/f1fdc2dec5243b11198eb13396588ed77e9d044a/macOS/DuckDuckGo/Localization/Localizable.xcstrings#L3394
macOS,labels,DuckDuckGo,aichat.customize-responses.ai-role.brainstorm-partner,,Brainstorm partner,Customize Responses AI role option: brainstorm partner,,,true,extracted_with_value,,apps/apple/macOS/DuckDuckGo/Localization/Localizable.xcstrings,4474,https://github.com/duckduckgo/apple-browsers/blob/f1fdc2dec5243b11198eb13396588ed77e9d044a/macOS/DuckDuckGo/Localization/Localizable.xcstrings#L4474
macOS,labels,DuckDuckGo,aichat.customize-responses.ai-role.career-coach,,Career coach,Customize Responses AI role option: career coach,,,true,extracted_with_value,,apps/apple/macOS/DuckDuckGo/Localization/Localizable.xcstrings,4534,https://github.com/duckduckgo/apple-browsers/blob/f1fdc2dec5243b11198eb13396588ed77e9d044a/macOS/DuckDuckGo/Localization/Localizable.xcstrings#L4534
macOS,labels,DuckDuckGo,aichat.customize-responses.ai-role.chef,,Chef,Customize Responses AI role option: chef,,,true,extracted_with_value,,apps/apple/macOS/DuckDuckGo/Localization/Localizable.xcstrings,4594,https://github.com/duckduckgo/apple-browsers/blob/f1fdc2dec5243b11198eb13396588ed77e9d044a/macOS/DuckDuckGo/Localization/Localizable.xcstrings#L4594
macOS,labels,DuckDuckGo,aichat.customize-responses.ai-role.coding-coach,,Coding coach,Customize Responses AI role option: coding coach,,,true,extracted_with_value,,apps/apple/macOS/DuckDuckGo/Localization/Localizable.xcstrings,4654,https://github.com/duckduckgo/apple-browsers/blob/f1fdc2dec5243b11198eb13396588ed77e9d044a/macOS/DuckDuckGo/Localization/Localizable.xcstrings#L4654
macOS,labels,DuckDuckGo,aichat.customize-responses.ai-role.editor,,Editor,Customize Responses AI role option: editor,,,true,extracted_with_value,,apps/apple/macOS/DuckDuckGo/Localization/Localizable.xcstrings,4714,https://github.com/duckduckgo/apple-browsers/blob/f1fdc2dec5243b11198eb13396588ed77e9d044a/macOS/DuckDuckGo/Localization/Localizable.xcstrings#L4714
macOS,labels,DuckDuckGo,aichat.customize-responses.ai-role.entertainment-guide,,Entertainment guide,Customize Responses AI role option: entertainment guide,,,true,extracted_with_value,,apps/apple/macOS/DuckDuckGo/Localization/Localizable.xcstrings,4774,https://github.com/duckduckgo/apple-browsers/blob/f1fdc2dec5243b11198eb13396588ed77e9d044a/macOS/DuckDuckGo/Localization/Localizable.xcstrings#L4774
macOS,labels,DuckDuckGo,aichat.customize-responses.ai-role.fitness-trainer,,Fitness trainer,Customize Responses AI role option: fitness trainer,,,true,extracted_with_value,,apps/apple/macOS/DuckDuckGo/Localization/Localizable.xcstrings,4834,https://github.com/duckduckgo/apple-browsers/blob/f1fdc2dec5243b11198eb13396588ed77e9d044a/macOS/DuckDuckGo/Localization/Localizable.xcstrings#L4834
macOS,labels,DuckDuckGo,aichat.customize-responses.ai-role.gardener,,Gardener,Customize Responses AI role option: gardener,,,true,extracted_with_value,,apps/apple/macOS/DuckDuckGo/Localization/Localizable.xcstrings,4894,https://github.com/duckduckgo/apple-browsers/blob/f1fdc2dec5243b11198eb13396588ed77e9d044a/macOS/DuckDuckGo/Localization/Localizable.xcstrings#L4894
macOS,labels,DuckDuckGo,aichat.customize-responses.ai-role.homework-helper,,Homework helper,Customize Responses AI role option: homework helper,,,true,extracted_with_value,,apps/apple/macOS/DuckDuckGo/Localization/Localizable.xcstrings,4954,https://github.com/duckduckgo/apple-browsers/blob/f1fdc2dec5243b11198eb13396588ed77e9d044a/macOS/DuckDuckGo/Localization/Localizable.xcstrings#L4954
macOS,labels,DuckDuckGo,aichat.customize-responses.ai-role.language-tutor,,Language tutor,Customize Responses AI role option: language tutor,,,true,extracted_with_value,,apps/apple/macOS/DuckDuckGo/Localization/Localizable.xcstrings,5014,https://github.com/duckduckgo/apple-browsers/blob/f1fdc2dec5243b11198eb13396588ed77e9d044a/macOS/DuckDuckGo/Localization/Localizable.xcstrings#L5014
macOS,labels,DuckDuckGo,aichat.customize-responses.ai-role.life-coach,,Life coach,Customize Responses AI role option: life coach,,,true,extracted_with_value,,apps/apple/macOS/DuckDuckGo/Localization/Localizable.xcstrings,5074,https://github.com/duckduckgo/apple-browsers/blob/f1fdc2dec5243b11198eb13396588ed77e9d044a/macOS/DuckDuckGo/Localization/Localizable.xcstrings#L5074
macOS,labels,DuckDuckGo,aichat.customize-responses.ai-role.marketer,,Marketer,Customize Responses AI role option: marketer,,,true,extracted_with_value,,apps/apple/macOS/DuckDuckGo/Localization/Localizable.xcstrings,5134,https://github.com/duckduckgo/apple-browsers/blob/f1fdc2dec5243b11198eb13396588ed77e9d044a/macOS/DuckDuckGo/Localization/Localizable.xcstrings#L5134
macOS,labels,DuckDuckGo,aichat.customize-responses.ai-role.product-manager,,Product manager,Customize Responses AI role option: product manager,,,true,extracted_with_value,,apps/apple/macOS/DuckDuckGo/Localization/Localizable.xcstrings,5194,https://github.com/duckduckgo/apple-browsers/blob/f1fdc2dec5243b11198eb13396588ed77e9d044a/macOS/DuckDuckGo/Localization/Localizable.xcstrings#L5194
macOS,labels,DuckDuckGo,aichat.customize-responses.ai-role.public-speaking-coach,,Public speaking coach,Customize Responses AI role option: public speaking coach,,,true,extracted_with_value,,apps/apple/macOS/DuckDuckGo/Localization/Localizable.xcstrings,5254,https://github.com/duckduckgo/apple-browsers/blob/f1fdc2dec5243b11198eb13396588ed77e9d044a/macOS/DuckDuckGo/Localization/Localizable.xcstrings#L5254
macOS,labels,DuckDuckGo,aichat.customize-responses.ai-role.social-media-copywriter,,Social media copywriter,Customize Responses AI role option: social media copywriter,,,true,extracted_with_value,,apps/apple/macOS/DuckDuckGo/Localization/Localizable.xcstrings,5314,https://github.com/duckduckgo/apple-browsers/blob/f1fdc2dec5243b11198eb13396588ed77e9d044a/macOS/DuckDuckGo/Localization/Localizable.xcstrings#L5314
macOS,labels,DuckDuckGo,aichat.customize-responses.ai-role.storyteller,,Storyteller,Customize Responses AI role option: storyteller,,,true,extracted_with_value,,apps/apple/macOS/DuckDuckGo/Localization/Localizable.xcstrings,5374,https://github.com/duckduckgo/apple-browsers/blob/f1fdc2dec5243b11198eb13396588ed77e9d044a/macOS/DuckDuckGo/Localization/Localizable.xcstrings#L5374
macOS,labels,DuckDuckGo,aichat.customize-responses.ai-role.summarizer,,Summarizer,Customize Responses AI role option: summarizer,,,true,extracted_with_value,,apps/apple/macOS/DuckDuckGo/Localization/Localizable.xcstrings,5434,https://github.com/duckduckgo/apple-browsers/blob/f1fdc2dec5243b11198eb13396588ed77e9d044a/macOS/DuckDuckGo/Localization/Localizable.xcstrings#L5434
macOS,labels,DuckDuckGo,aichat.customize-responses.ai-role.teacher,,Teacher,Customize Responses AI role option: teacher,,,true,extracted_with_value,,apps/apple/macOS/DuckDuckGo/Localization/Localizable.xcstrings,5494,https://github.com/duckduckgo/apple-browsers/blob/f1fdc2dec5243b11198eb13396588ed77e9d044a/macOS/DuckDuckGo/Localization/Localizable.xcstrings#L5494
macOS,labels,DuckDuckGo,aichat.customize-responses.ai-role.tech-support-specialist,,Tech support specialist,Customize Responses AI role option: tech support specialist,,,true,extracted_with_value,,apps/apple/macOS/DuckDuckGo/Localization/Localizable.xcstrings,5554,https://github.com/duckduckgo/apple-browsers/blob/f1fdc2dec5243b11198eb13396588ed77e9d044a/macOS/DuckDuckGo/Localization/Localizable.xcstrings#L5554
macOS,labels,DuckDuckGo,aichat.customize-responses.ai-role.translator,,Translator,Customize Responses AI role option: translator,,,true,extracted_with_value,,apps/apple/macOS/DuckDuckGo/Localization/Localizable.xcstrings,5614,https://github.com/duckduckgo/apple-browsers/blob/f1fdc2dec5243b11198eb13396588ed77e9d044a/macOS/DuckDuckGo/Localization/Localizable.xcstrings#L5614
macOS,labels,DuckDuckGo,aichat.customize-responses.ai-role.travel-guide,,Travel guide,Customize Responses AI role option: travel guide,,,true,extracted_with_value,,apps/apple/macOS/DuckDuckGo/Localization/Localizable.xcstrings,5674,https://github.com/duckduckgo/apple-browsers/blob/f1fdc2dec5243b11198eb13396588ed77e9d044a/macOS/DuckDuckGo/Localization/Localizable.xcstrings#L5674
macOS,labels,DuckDuckGo,aichat.customize-responses.ai-role.trivia-expert,,Trivia expert,Customize Responses AI role option: trivia expert,,,true,extracted_with_value,,apps/apple/macOS/DuckDuckGo/Localization/Localizable.xcstrings,5734,https://github.com/duckduckgo/apple-browsers/blob/f1fdc2dec5243b11198eb13396588ed77e9d044a/macOS/DuckDuckGo/Localization/Localizable.xcstrings#L5734
macOS,labels,DuckDuckGo,aichat.customize-responses.ai-role.writer,,Writer,Customize Responses AI role option: writer,,,true,extracted_with_value,,apps/apple/macOS/DuckDuckGo/Localization/Localizable.xcstrings,5794,https://github.com/duckduckgo/apple-browsers/blob/f1fdc2dec5243b11198eb13396588ed77e9d044a/macOS/DuckDuckGo/Localization/Localizable.xcstrings#L5794
macOS,labels,DuckDuckGo,aichat.customize-responses.clarifies,,Clarifies,Sub-label fragment shown in the Customize Responses row when clarifying questions are enabled,,,true,extracted_with_value,,apps/apple/macOS/DuckDuckGo/Localization/Localizable.xcstrings,5854,https://github.com/duckduckgo/apple-browsers/blob/f1fdc2dec5243b11198eb13396588ed77e9d044a/macOS/DuckDuckGo/Localization/Localizable.xcstrings#L5854
macOS,labels,DuckDuckGo,aichat.customize-responses.length.short,,Short,Customize Responses length option: short,,,true,extracted_with_value,,apps/apple/macOS/DuckDuckGo/Localization/Localizable.xcstrings,5914,https://github.com/duckduckgo/apple-browsers/blob/f1fdc2dec5243b11198eb13396588ed77e9d044a/macOS/DuckDuckGo/Localization/Localizable.xcstrings#L5914
macOS,labels,DuckDuckGo,aichat.customize-responses.length.shortest,,Shortest,Customize Responses length option: shortest,,,true,extracted_with_value,,apps/apple/macOS/DuckDuckGo/Localization/Localizable.xcstrings,5974,https://github.com/duckduckgo/apple-browsers/blob/f1fdc2dec5243b11198eb13396588ed77e9d044a/macOS/DuckDuckGo/Localization/Localizable.xcstrings#L5974
macOS,labels,DuckDuckGo,aichat.customize-responses.tone.casual,,Casual,Customize Responses tone option: casual,,,true,extracted_with_value,,apps/apple/macOS/DuckDuckGo/Localization/Localizable.xcstrings,6034,https://github.com/duckduckgo/apple-browsers/blob/f1fdc2dec5243b11198eb13396588ed77e9d044a/macOS/DuckDuckGo/Localization/Localizable.xcstrings#L6034
macOS,labels,DuckDuckGo,aichat.customize-responses.tone.ducky,,Ducky,Customize Responses tone option: ducky (DuckDuckGo mascot personality),,,true,extracted_with_value,,apps/apple/macOS/DuckDuckGo/Localization/Localizable.xcstrings,6094,https://github.com/duckduckgo/apple-browsers/blob/f1fdc2dec5243b11198eb13396588ed77e9d044a/macOS/DuckDuckGo/Localization/Localizable.xcstrings#L6094
macOS,labels,DuckDuckGo,aichat.customize-responses.tone.empathetic,,Empathetic,Customize Responses tone option: empathetic,,,true,extracted_with_value,,apps/apple/macOS/DuckDuckGo/Localization/Localizable.xcstrings,6154,https://github.com/duckduckgo/apple-browsers/blob/f1fdc2dec5243b11198eb13396588ed77e9d044a/macOS/DuckDuckGo/Localization/Localizable.xcstrings#L6154
macOS,labels,DuckDuckGo,aichat.customize-responses.tone.friendly,,Friendly,Customize Responses tone option: friendly,,,true,extracted_with_value,,apps/apple/macOS/DuckDuckGo/Localization/Localizable.xcstrings,6214,https://github.com/duckduckgo/apple-browsers/blob/f1fdc2dec5243b11198eb13396588ed77e9d044a/macOS/DuckDuckGo/Localization/Localizable.xcstrings#L6214
macOS,labels,DuckDuckGo,aichat.customize-responses.tone.playful,,Playful,Customize Responses tone option: playful,,,true,extracted_with_value,,apps/apple/macOS/DuckDuckGo/Localization/Localizable.xcstrings,6274,https://github.com/duckduckgo/apple-browsers/blob/f1fdc2dec5243b11198eb13396588ed77e9d044a/macOS/DuckDuckGo/Localization/Localizable.xcstrings#L6274
macOS,labels,DuckDuckGo,aichat.customize-responses.tone.professional,,Professional,Customize Responses tone option: professional,,,true,extracted_with_value,,apps/apple/macOS/DuckDuckGo/Localization/Localizable.xcstrings,6334,https://github.com/duckduckgo/apple-browsers/blob/f1fdc2dec5243b11198eb13396588ed77e9d044a/macOS/DuckDuckGo/Localization/Localizable.xcstrings#L6334
macOS,labels,DuckDuckGo,aichat.customize-responses.your-role.parent,,Parent,Customize Responses your-role option: parent,,,true,extracted_with_value,,apps/apple/macOS/DuckDuckGo/Localization/Localizable.xcstrings,6394,https://github.com/duckduckgo/apple-browsers/blob/f1fdc2dec5243b11198eb13396588ed77e9d044a/macOS/DuckDuckGo/Localization/Localizable.xcstrings#L6394
macOS,labels,DuckDuckGo,aichat.customize-responses.your-role.professional,,Professional,Customize Responses your-role option: professional,,,true,extracted_with_value,,apps/apple/macOS/DuckDuckGo/Localization/Localizable.xcstrings,6454,https://github.com/duckduckgo/apple-browsers/blob/f1fdc2dec5243b11198eb13396588ed77e9d044a/macOS/DuckDuckGo/Localization/Localizable.xcstrings#L6454
macOS,labels,DuckDuckGo,aichat.customize-responses.your-role.programmer,,Programmer,Customize Responses your-role option: programmer,,,true,extracted_with_value,,apps/apple/macOS/DuckDuckGo/Localization/Localizable.xcstrings,6514,https://github.com/duckduckgo/apple-browsers/blob/f1fdc2dec5243b11198eb13396588ed77e9d044a/macOS/DuckDuckGo/Localization/Localizable.xcstrings#L6514
macOS,labels,DuckDuckGo,aichat.customize-responses.your-role.student,,Student,Customize Responses your-role option: student,,,true,extracted_with_value,,apps/apple/macOS/DuckDuckGo/Localization/Localizable.xcstrings,6574,https://github.com/duckduckgo/apple-browsers/blob/f1fdc2dec5243b11198eb13396588ed77e9d044a/macOS/DuckDuckGo/Localization/Localizable.xcstrings#L6574
macOS,labels,DuckDuckGo,aichat.customize-responses.your-role.writer,,Writer,Customize Responses your-role option: writer,,,true,extracted_with_value,,apps/apple/macOS/DuckDuckGo/Localization/Localizable.xcstrings,6634,https://github.com/duckduckgo/apple-browsers/blob/f1fdc2dec5243b11198eb13396588ed77e9d044a/macOS/DuckDuckGo/Localization/Localizable.xcstrings#L6634
macOS,labels,DuckDuckGo,aichat.mention-picker.no-matches,,No matching tabs,Placeholder shown inside the @-mention tab picker when the typed filter doesn't match any open browser tab,,,true,extracted_with_value,,apps/apple/macOS/DuckDuckGo/Localization/Localizable.xcstrings,7174,https://github.com/duckduckgo/apple-browsers/blob/f1fdc2dec5243b11198eb13396588ed77e9d044a/macOS/DuckDuckGo/Localization/Localizable.xcstrings#L7174
macOS,labels,DuckDuckGo,aichat.model-picker.label.everyday-use,,Best for everyday use,Subtitle beneath a recommended model in the model picker,,,true,extracted_with_value,,apps/apple/macOS/DuckDuckGo/Localization/Localizable.xcstrings,7354,https://github.com/duckduckgo/apple-browsers/blob/f1fdc2dec5243b11198eb13396588ed77e9d044a/macOS/DuckDuckGo/Localization/Localizable.xcstrings#L7354
macOS,labels,DuckDuckGo,aichat.model-picker.label.uses-limits-faster,,Solid but hits limits sooner,Subtitle beneath a recommended model in the model picker that consumes usage limits faster,,,true,extracted_with_value,,apps/apple/macOS/DuckDuckGo/Localization/Localizable.xcstrings,7414,https://github.com/duckduckgo/apple-browsers/blob/f1fdc2dec5243b11198eb13396588ed77e9d044a/macOS/DuckDuckGo/Localization/Localizable.xcstrings#L7414
macOS,labels,DuckDuckGo,aichat.model-picker.section.available-with-paid-plans,,Subscriber Exclusive,"Section header above gated models in the model picker, shown to a non-subscriber who is no longer eligible for the free trial — the models below span both paid plans",,,true,extracted_with_value,,apps/apple/macOS/DuckDuckGo/Localization/Localizable.xcstrings,7474,https://github.com/duckduckgo/apple-browsers/blob/f1fdc2dec5243b11198eb13396588ed77e9d044a/macOS/DuckDuckGo/Localization/Localizable.xcstrings#L7474
macOS,labels,DuckDuckGo,aichat.model-picker.section.available-with-pro,,Pro Plan Exclusive,"Section header above Pro-only models in the model picker, shown to a Plus subscriber",,,true,extracted_with_value,,apps/apple/macOS/DuckDuckGo/Localization/Localizable.xcstrings,7534,https://github.com/duckduckgo/apple-browsers/blob/f1fdc2dec5243b11198eb13396588ed77e9d044a/macOS/DuckDuckGo/Localization/Localizable.xcstrings#L7534
macOS,labels,DuckDuckGo,aichat.model-picker.section.try-free,,Try for Free,"Section header above gated models in the model picker, shown when a free trial is available",,,true,extracted_with_value,,apps/apple/macOS/DuckDuckGo/Localization/Localizable.xcstrings,7594,https://github.com/duckduckgo/apple-browsers/blob/f1fdc2dec5243b11198eb13396588ed77e9d044a/macOS/DuckDuckGo/Localization/Localizable.xcstrings#L7594
macOS,labels,DuckDuckGo,aichat.suggestions.open-duck-ai,,Open Duck.ai,Label on the 'View all chats' footer row indicating it opens duck.ai,,,true,extracted_with_value,,apps/apple/macOS/DuckDuckGo/Localization/Localizable.xcstrings,9394,https://github.com/duckduckgo/apple-browsers/blob/f1fdc2dec5243b11198eb13396588ed77e9d044a/macOS/DuckDuckGo/Localization/Localizable.xcstrings#L9394
macOS,labels,DuckDuckGo,aichat.tab-picker.current-tab-suffix,,(Current Tab),Trailing badge in AI chat tab pickers (omnibar attach menu and the @-mention picker) next to the user's currently active browser tab,,,true,extracted_with_value,,apps/apple/macOS/DuckDuckGo/Localization/Localizable.xcstrings,9514,https://github.com/duckduckgo/apple-browsers/blob/f1fdc2dec5243b11198eb13396588ed77e9d044a/macOS/DuckDuckGo/Localization/Localizable.xcstrings#L9514
macOS,labels,DuckDuckGo,aichat.toggle.ask.label,,Duck.ai,Label for the ask AI segment in the address bar toggle control,,,true,extracted_with_value,,apps/apple/macOS/DuckDuckGo/Localization/Localizable.xcstrings,9574,https://github.com/duckduckgo/apple-browsers/blob/f1fdc2dec5243b11198eb13396588ed77e9d044a/macOS/DuckDuckGo/Localization/Localizable.xcstrings#L9574
macOS,labels,DuckDuckGo,aichat.toggle.search.label,,Search,Label for the search segment in the address bar toggle control,,,true,extracted_with_value,,apps/apple/macOS/DuckDuckGo/Localization/Localizable.xcstrings,9634,https://github.com/duckduckgo/apple-browsers/blob/f1fdc2dec5243b11198eb13396588ed77e9d044a/macOS/DuckDuckGo/Localization/Localizable.xcstrings#L9634
macOS,labels,DuckDuckGo,aichat.usageWarnings.switch-model,,Switch Model,"Button on the Duck.ai usage card offering a model that uses the allowance more slowly, used when the suggested model has no short name to show",,,true,extracted_with_value,,apps/apple/macOS/DuckDuckGo/Localization/Localizable.xcstrings,10294,https://github.com/duckduckgo/apple-browsers/blob/f1fdc2dec5243b11198eb13396588ed77e9d044a/macOS/DuckDuckGo/Localization/Localizable.xcstrings#L10294
macOS,labels,DuckDuckGo,aichat.usageWarnings.switch-to-free-model,,Switch to a Free Model,"Button on the Duck.ai usage card offering a free-tier model, shown once the advanced-model allowance is spent",,,true,extracted_with_value,,apps/apple/macOS/DuckDuckGo/Localization/Localizable.xcstrings,10354,https://github.com/duckduckgo/apple-browsers/blob/f1fdc2dec5243b11198eb13396588ed77e9d044a/macOS/DuckDuckGo/Localization/Localizable.xcstrings#L10354
macOS,labels,DuckDuckGo,aichat.usageWarnings.switch-to-model,,Switch to %@,"Button on the Duck.ai usage card offering a model that uses the allowance more slowly. Parameter is the model's short name, e.g. ""5.4 mini"".",,%@,true,extracted_with_value,,apps/apple/macOS/DuckDuckGo/Localization/Localizable.xcstrings,10414,https://github.com/duckduckgo/apple-browsers/blob/f1fdc2dec5243b11198eb13396588ed77e9d044a/macOS/DuckDuckGo/Localization/Localizable.xcstrings#L10414
macOS,labels,DuckDuckGo,Align Bookmarks,,Align Bookmarks,Preference title aligning the bookmarks bar,,,true,,,apps/apple/macOS/DuckDuckGo/Localization/Localizable.xcstrings,12334,https://github.com/duckduckgo/apple-browsers/blob/f1fdc2dec5243b11198eb13396588ed77e9d044a/macOS/DuckDuckGo/Localization/Localizable.xcstrings#L12334
macOS,labels,DuckDuckGo,Align Bookmarks to Center,,Align Bookmarks to Center,Preference for center aligning the bookmarks bar,,,true,,,apps/apple/macOS/DuckDuckGo/Localization/Localizable.xcstrings,12387,https://github.com/duckduckgo/apple-browsers/blob/f1fdc2dec5243b11198eb13396588ed77e9d044a/macOS/DuckDuckGo/Localization/Localizable.xcstrings#L12387
macOS,labels,DuckDuckGo,Align Bookmarks to Left,,Align Bookmarks to Left,Preference for left aligning the bookmarks bar,,,true,,,apps/apple/macOS/DuckDuckGo/Localization/Localizable.xcstrings,12440,https://github.com/duckduckgo/apple-browsers/blob/f1fdc2dec5243b11198eb13396588ed77e9d044a/macOS/DuckDuckGo/Localization/Localizable.xcstrings#L12440
macOS,labels,DuckDuckGo,allow.integration,,Allow Integration with DuckDuckGo,Setup of the integration with Bitwarden app,,,true,extracted_with_value,,apps/apple/macOS/DuckDuckGo/Localization/Localizable.xcstrings,12493,https://github.com/duckduckgo/apple-browsers/blob/f1fdc2dec5243b11198eb13396588ed77e9d044a/macOS/DuckDuckGo/Localization/Localizable.xcstrings#L12493
macOS,labels,DuckDuckGo,Always Show,,Always Show,Preference for always showing the bookmarks bar,,,true,,,apps/apple/macOS/DuckDuckGo/Localization/Localizable.xcstrings,12606,https://github.com/duckduckgo/apple-browsers/blob/f1fdc2dec5243b11198eb13396588ed77e9d044a/macOS/DuckDuckGo/Localization/Localizable.xcstrings#L12606
macOS,labels,DuckDuckGo,autofill.addresses,,Addresses,Autofill autosaved data type,,,true,extracted_with_value,,apps/apple/macOS/DuckDuckGo/Localization/Localizable.xcstrings,13679,https://github.com/duckduckgo/apple-browsers/blob/f1fdc2dec5243b11198eb13396588ed77e9d044a/macOS/DuckDuckGo/Localization/Localizable.xcstrings#L13679
macOS,labels,DuckDuckGo,autofill.credit-cards,,Credit cards,Autofill autosaved data type,,,true,extracted_with_value,,apps/apple/macOS/DuckDuckGo/Localization/Localizable.xcstrings,14159,https://github.com/duckduckgo/apple-browsers/blob/f1fdc2dec5243b11198eb13396588ed77e9d044a/macOS/DuckDuckGo/Localization/Localizable.xcstrings#L14159
macOS,labels,DuckDuckGo,autofill.items.delete-all-passwords,,Delete All Passwords…,Opens Delete All Passwords dialog,,,true,extracted_with_value,,apps/apple/macOS/DuckDuckGo/Localization/Localizable.xcstrings,14639,https://github.com/duckduckgo/apple-browsers/blob/f1fdc2dec5243b11198eb13396588ed77e9d044a/macOS/DuckDuckGo/Localization/Localizable.xcstrings#L14639
macOS,labels,DuckDuckGo,autofill.lock-when-idle,,Lock autofill after computer is idle for,Autofill auto-lock setting,,,true,extracted_with_value,,apps/apple/macOS/DuckDuckGo/Localization/Localizable.xcstrings,15119,https://github.com/duckduckgo/apple-browsers/blob/f1fdc2dec5243b11198eb13396588ed77e9d044a/macOS/DuckDuckGo/Localization/Localizable.xcstrings#L15119
macOS,labels,DuckDuckGo,autofill.manager.status.locked,,Locked,Locked status for password manager,,,true,extracted_with_value,,apps/apple/macOS/DuckDuckGo/Localization/Localizable.xcstrings,15239,https://github.com/duckduckgo/apple-browsers/blob/f1fdc2dec5243b11198eb13396588ed77e9d044a/macOS/DuckDuckGo/Localization/Localizable.xcstrings#L15239
macOS,labels,DuckDuckGo,autofill.manager.status.unlocked,,Unlocked,Unlocked status for password manager,,,true,extracted_with_value,,apps/apple/macOS/DuckDuckGo/Localization/Localizable.xcstrings,15299,https://github.com/duckduckgo/apple-browsers/blob/f1fdc2dec5243b11198eb13396588ed77e9d044a/macOS/DuckDuckGo/Localization/Localizable.xcstrings#L15299
macOS,labels,DuckDuckGo,autofill.never-lock,,Never lock autofill,Autofill auto-lock setting,,,true,extracted_with_value,,apps/apple/macOS/DuckDuckGo/Localization/Localizable.xcstrings,15359,https://github.com/duckduckgo/apple-browsers/blob/f1fdc2dec5243b11198eb13396588ed77e9d044a/macOS/DuckDuckGo/Localization/Localizable.xcstrings#L15359
macOS,labels,DuckDuckGo,autofill.password-manager.bitwarden,,Bitwarden,Autofill password manager row title,,,true,extracted_with_value,,apps/apple/macOS/DuckDuckGo/Localization/Localizable.xcstrings,15779,https://github.com/duckduckgo/apple-browsers/blob/f1fdc2dec5243b11198eb13396588ed77e9d044a/macOS/DuckDuckGo/Localization/Localizable.xcstrings#L15779
macOS,labels,DuckDuckGo,autofill.password-manager.bitwarden.extension,,Bitwarden Extension,Autofill password manager row title,,,true,extracted_with_value,,apps/apple/macOS/DuckDuckGo/Localization/Localizable.xcstrings,15899,https://github.com/duckduckgo/apple-browsers/blob/f1fdc2dec5243b11198eb13396588ed77e9d044a/macOS/DuckDuckGo/Localization/Localizable.xcstrings#L15899
macOS,labels,DuckDuckGo,autofill.password-manager.duckduckgo,,DuckDuckGo built-in password manager,Autofill password manager row title,,,true,extracted_with_value,,apps/apple/macOS/DuckDuckGo/Localization/Localizable.xcstrings,15959,https://github.com/duckduckgo/apple-browsers/blob/f1fdc2dec5243b11198eb13396588ed77e9d044a/macOS/DuckDuckGo/Localization/Localizable.xcstrings#L15959
macOS,labels,DuckDuckGo,autofill.passwords,,Passwords,Autofill autosaved data type,,,true,extracted_with_value,,apps/apple/macOS/DuckDuckGo/Localization/Localizable.xcstrings,16019,https://github.com/duckduckgo/apple-browsers/blob/f1fdc2dec5243b11198eb13396588ed77e9d044a/macOS/DuckDuckGo/Localization/Localizable.xcstrings#L16019
macOS,labels,DuckDuckGo,autofill.popover.change-in,,Change in,Suffix of the label - change in settings -,,,true,extracted_with_value,,apps/apple/macOS/DuckDuckGo/Localization/Localizable.xcstrings,16199,https://github.com/duckduckgo/apple-browsers/blob/f1fdc2dec5243b11198eb13396588ed77e9d044a/macOS/DuckDuckGo/Localization/Localizable.xcstrings#L16199
macOS,labels,DuckDuckGo,autofill.popover.password-manager-connected-to-user,,Connected to user %@,Label describing what user is connected to the password manager,,%@,true,extracted_with_value,,apps/apple/macOS/DuckDuckGo/Localization/Localizable.xcstrings,16319,https://github.com/duckduckgo/apple-browsers/blob/f1fdc2dec5243b11198eb13396588ed77e9d044a/macOS/DuckDuckGo/Localization/Localizable.xcstrings#L16319
macOS,labels,DuckDuckGo,automatically.clear.chats,,Delete Duck.ai chat history when DuckDuckGo quits,Label after the checkbox in Settings which configures clearing Duck.ai chat history automatically after quitting the app.,,,true,extracted_with_value,,apps/apple/macOS/DuckDuckGo/Localization/Localizable.xcstrings,16979,https://github.com/duckduckgo/apple-browsers/blob/f1fdc2dec5243b11198eb13396588ed77e9d044a/macOS/DuckDuckGo/Localization/Localizable.xcstrings#L16979
macOS,labels,DuckDuckGo,automatically.clear.data,,Automatically delete tabs and browsing data when DuckDuckGo quits,Label after the checkbox in Settings which configures clearing data automatically after quitting the app.,,,true,extracted_with_value,,apps/apple/macOS/DuckDuckGo/Localization/Localizable.xcstrings,17039,https://github.com/duckduckgo/apple-browsers/blob/f1fdc2dec5243b11198eb13396588ed77e9d044a/macOS/DuckDuckGo/Localization/Localizable.xcstrings#L17039
macOS,labels,DuckDuckGo,badge.new,,New,Copy of badge used to indicate a new item,,,true,extracted_with_value,,apps/apple/macOS/DuckDuckGo/Localization/Localizable.xcstrings,17099,https://github.com/duckduckgo/apple-browsers/blob/f1fdc2dec5243b11198eb13396588ed77e9d044a/macOS/DuckDuckGo/Localization/Localizable.xcstrings#L17099
macOS,labels,DuckDuckGo,bitwarden.connect.privacy,,Privacy,,,,true,extracted_with_value,,apps/apple/macOS/DuckDuckGo/Localization/Localizable.xcstrings,17812,https://github.com/duckduckgo/apple-browsers/blob/f1fdc2dec5243b11198eb13396588ed77e9d044a/macOS/DuckDuckGo/Localization/Localizable.xcstrings#L17812
macOS,labels,DuckDuckGo,bitwarden.connecting,,Connecting to Bitwarden,"It appears in a dialog when the users are connecting to Bitwardern and shows the status of the action, in this case we are in the progress of connecting the browser to the Bitwarden password maanger.",,,true,extracted_with_value,,apps/apple/macOS/DuckDuckGo/Localization/Localizable.xcstrings,17931,https://github.com/duckduckgo/apple-browsers/blob/f1fdc2dec5243b11198eb13396588ed77e9d044a/macOS/DuckDuckGo/Localization/Localizable.xcstrings#L17931
macOS,labels,DuckDuckGo,bitwarden.handshake.not.approved,,Handshake not approved in Bitwarden app,It appears in a dialog when the users are connecting to Bitwardern and shows the status of the action. This message indicates that the handshake process was not approved in the Bitwarden app.,,,true,extracted_with_value,,apps/apple/macOS/DuckDuckGo/Localization/Localizable.xcstrings,18051,https://github.com/duckduckgo/apple-browsers/blob/f1fdc2dec5243b11198eb13396588ed77e9d044a/macOS/DuckDuckGo/Localization/Localizable.xcstrings#L18051
macOS,labels,DuckDuckGo,bitwarden.missing.handshake,,Missing handshake,While the user tries to connect the DuckDuckGo Browser to password manager Bitwarden This message indicates a missing handshake (a way for two devices or systems to say hello to each other and agree to communicate or exchange information).,,,true,extracted_with_value,,apps/apple/macOS/DuckDuckGo/Localization/Localizable.xcstrings,18651,https://github.com/duckduckgo/apple-browsers/blob/f1fdc2dec5243b11198eb13396588ed77e9d044a/macOS/DuckDuckGo/Localization/Localizable.xcstrings#L18651
macOS,labels,DuckDuckGo,bitwarden.not.installed,,Bitwarden app is not installed,,,,true,extracted_with_value,,apps/apple/macOS/DuckDuckGo/Localization/Localizable.xcstrings,18711,https://github.com/duckduckgo/apple-browsers/blob/f1fdc2dec5243b11198eb13396588ed77e9d044a/macOS/DuckDuckGo/Localization/Localizable.xcstrings#L18711
macOS,labels,DuckDuckGo,bitwarden.preferences.run,,Bitwarden app not running,Warns user that the password manager Bitwarden app is not running,,,true,extracted_with_value,,apps/apple/macOS/DuckDuckGo/Localization/Localizable.xcstrings,18950,https://github.com/duckduckgo/apple-browsers/blob/f1fdc2dec5243b11198eb13396588ed77e9d044a/macOS/DuckDuckGo/Localization/Localizable.xcstrings#L18950
macOS,labels,DuckDuckGo,bitwarden.preferences.unable-to-connect,,Unable to find or connect to Bitwarden,Dialog telling the user Bitwarden (a password manager) is not available,,,true,extracted_with_value,,apps/apple/macOS/DuckDuckGo/Localization/Localizable.xcstrings,19010,https://github.com/duckduckgo/apple-browsers/blob/f1fdc2dec5243b11198eb13396588ed77e9d044a/macOS/DuckDuckGo/Localization/Localizable.xcstrings#L19010
macOS,labels,DuckDuckGo,bitwarden.preferences.unlock,,Unlock Bitwarden,Asks the user to unlock the password manager Bitwarden,,,true,extracted_with_value,,apps/apple/macOS/DuckDuckGo/Localization/Localizable.xcstrings,19070,https://github.com/duckduckgo/apple-browsers/blob/f1fdc2dec5243b11198eb13396588ed77e9d044a/macOS/DuckDuckGo/Localization/Localizable.xcstrings#L19070
macOS,labels,DuckDuckGo,bitwarden.waiting.for.status.response,,Waiting for the status response from Bitwarden,"It appears in a dialog when the users are connecting to Bitwardern and shows the status of the action, in this case that the application is currently waiting for a response from the Bitwarden service.",,,true,extracted_with_value,,apps/apple/macOS/DuckDuckGo/Localization/Localizable.xcstrings,19250,https://github.com/duckduckgo/apple-browsers/blob/f1fdc2dec5243b11198eb13396588ed77e9d044a/macOS/DuckDuckGo/Localization/Localizable.xcstrings#L19250
macOS,labels,DuckDuckGo,bookmark.update,,Update Bookmark,Option for updating a bookmark,,,true,extracted_with_value,,apps/apple/macOS/DuckDuckGo/Localization/Localizable.xcstrings,19550,https://github.com/duckduckgo/apple-browsers/blob/f1fdc2dec5243b11198eb13396588ed77e9d044a/macOS/DuckDuckGo/Localization/Localizable.xcstrings#L19550
macOS,labels,DuckDuckGo,bookmarks.bar.folder.empty,,Empty,Empty state for a bookmarks bar folder,,,true,extracted_with_value,,apps/apple/macOS/DuckDuckGo/Localization/Localizable.xcstrings,19910,https://github.com/duckduckgo/apple-browsers/blob/f1fdc2dec5243b11198eb13396588ed77e9d044a/macOS/DuckDuckGo/Localization/Localizable.xcstrings#L19910
macOS,labels,DuckDuckGo,bookmarks.bar.preferences.show,,Show Bookmarks Bar,Preference item for showing the bookmarks bar,,,true,extracted_with_value,,apps/apple/macOS/DuckDuckGo/Localization/Localizable.xcstrings,19970,https://github.com/duckduckgo/apple-browsers/blob/f1fdc2dec5243b11198eb13396588ed77e9d044a/macOS/DuckDuckGo/Localization/Localizable.xcstrings#L19970
macOS,labels,DuckDuckGo,bookmarks.bar.show.always,,Always show,Preference for always showing the bookmarks bar,,,true,extracted_with_value,,apps/apple/macOS/DuckDuckGo/Localization/Localizable.xcstrings,20330,https://github.com/duckduckgo/apple-browsers/blob/f1fdc2dec5243b11198eb13396588ed77e9d044a/macOS/DuckDuckGo/Localization/Localizable.xcstrings#L20330
macOS,labels,DuckDuckGo,bookmarks.bar.show.new-tab-only,,Only show on New Tab,Preference for only showing the bookmarks bar on new tab,,,true,extracted_with_value,,apps/apple/macOS/DuckDuckGo/Localization/Localizable.xcstrings,20390,https://github.com/duckduckgo/apple-browsers/blob/f1fdc2dec5243b11198eb13396588ed77e9d044a/macOS/DuckDuckGo/Localization/Localizable.xcstrings#L20390
macOS,labels,DuckDuckGo,bookmarks.dialog.field.folderName,,Folder Name,Folder name field label for Bookmarks folder,,,true,extracted_with_value,,apps/apple/macOS/DuckDuckGo/Localization/Localizable.xcstrings,20810,https://github.com/duckduckgo/apple-browsers/blob/f1fdc2dec5243b11198eb13396588ed77e9d044a/macOS/DuckDuckGo/Localization/Localizable.xcstrings#L20810
macOS,labels,DuckDuckGo,bookmarks.dialog.field.folderName.value,,%1$@ - Tabs (%2$d),The suggested name of the folder that will contain the bookmark tabs. Eg. 2024-02-12 - Tabs (42),,%1$@ %2$d,true,extracted_with_value,,apps/apple/macOS/DuckDuckGo/Localization/Localizable.xcstrings,20870,https://github.com/duckduckgo/apple-browsers/blob/f1fdc2dec5243b11198eb13396588ed77e9d044a/macOS/DuckDuckGo/Localization/Localizable.xcstrings#L20870
macOS,labels,DuckDuckGo,bookmarks.dialog.field.location,,Location,Location field label for Bookmark folder,,,true,extracted_with_value,,apps/apple/macOS/DuckDuckGo/Localization/Localizable.xcstrings,20930,https://github.com/duckduckgo/apple-browsers/blob/f1fdc2dec5243b11198eb13396588ed77e9d044a/macOS/DuckDuckGo/Localization/Localizable.xcstrings#L20930
macOS,labels,DuckDuckGo,bookmarks.dialog.field.name,,Name,Name field label for Bookmark or Folder,,,true,extracted_with_value,,apps/apple/macOS/DuckDuckGo/Localization/Localizable.xcstrings,20990,https://github.com/duckduckgo/apple-browsers/blob/f1fdc2dec5243b11198eb13396588ed77e9d044a/macOS/DuckDuckGo/Localization/Localizable.xcstrings#L20990
macOS,labels,DuckDuckGo,bookmarks.imported.from.folder,,Imported from,Name of the folder the imported bookmarks are saved into,,,true,extracted_with_value,,apps/apple/macOS/DuckDuckGo/Localization/Localizable.xcstrings,21888,https://github.com/duckduckgo/apple-browsers/blob/f1fdc2dec5243b11198eb13396588ed77e9d044a/macOS/DuckDuckGo/Localization/Localizable.xcstrings#L21888
macOS,labels,DuckDuckGo,bookmarks.open.in.new.tabs,,Open in New Tabs,Open all bookmarks in folder in new tabs,,,true,extracted_with_value,,apps/apple/macOS/DuckDuckGo/Localization/Localizable.xcstrings,22248,https://github.com/duckduckgo/apple-browsers/blob/f1fdc2dec5243b11198eb13396588ed77e9d044a/macOS/DuckDuckGo/Localization/Localizable.xcstrings#L22248
macOS,labels,DuckDuckGo,bookmarks.sort.name,,Name,Button to sort bookmarks by name ascending,,,true,extracted_with_value,,apps/apple/macOS/DuckDuckGo/Localization/Localizable.xcstrings,22428,https://github.com/duckduckgo/apple-browsers/blob/f1fdc2dec5243b11198eb13396588ed77e9d044a/macOS/DuckDuckGo/Localization/Localizable.xcstrings#L22428
macOS,labels,DuckDuckGo,bookmarks.sort.name.asc,,Ascending,Button to sort bookmarks by name ascending,,,true,extracted_with_value,,apps/apple/macOS/DuckDuckGo/Localization/Localizable.xcstrings,22488,https://github.com/duckduckgo/apple-browsers/blob/f1fdc2dec5243b11198eb13396588ed77e9d044a/macOS/DuckDuckGo/Localization/Localizable.xcstrings#L22488
macOS,labels,DuckDuckGo,bookmarks.undo-action.reorder-by-name,,Sort by Name Permanently,Undo and redo action name for permanently sorting bookmarks by name,,,true,extracted_with_value,,apps/apple/macOS/DuckDuckGo/Localization/Localizable.xcstrings,22608,https://github.com/duckduckgo/apple-browsers/blob/f1fdc2dec5243b11198eb13396588ed77e9d044a/macOS/DuckDuckGo/Localization/Localizable.xcstrings#L22608
macOS,labels,DuckDuckGo,Center,,Center,Preference title aligning the bookmarks bar,,,true,,,apps/apple/macOS/DuckDuckGo/Localization/Localizable.xcstrings,23433,https://github.com/duckduckgo/apple-browsers/blob/f1fdc2dec5243b11198eb13396588ed77e9d044a/macOS/DuckDuckGo/Localization/Localizable.xcstrings#L23433
macOS,labels,DuckDuckGo,close.tab,,Close Tab,Menu item,,,true,extracted_with_value,,apps/apple/macOS/DuckDuckGo/Localization/Localizable.xcstrings,23966,https://github.com/duckduckgo/apple-browsers/blob/f1fdc2dec5243b11198eb13396588ed77e9d044a/macOS/DuckDuckGo/Localization/Localizable.xcstrings#L23966
macOS,labels,DuckDuckGo,close.tab.on.back,,Close and Return to Previous Tab,Close Child Tab on Back Button press and return Back to the Parent Tab without title,,,true,extracted_with_value,,apps/apple/macOS/DuckDuckGo/Localization/Localizable.xcstrings,24026,https://github.com/duckduckgo/apple-browsers/blob/f1fdc2dec5243b11198eb13396588ed77e9d044a/macOS/DuckDuckGo/Localization/Localizable.xcstrings#L24026
macOS,labels,DuckDuckGo,close.tab.on.back.format,,Close and Return to “%@”,Close Child Tab on Back Button press and return Back to the Parent Tab titled “%@”,,%@,true,extracted_with_value,,apps/apple/macOS/DuckDuckGo/Localization/Localizable.xcstrings,24086,https://github.com/duckduckgo/apple-browsers/blob/f1fdc2dec5243b11198eb13396588ed77e9d044a/macOS/DuckDuckGo/Localization/Localizable.xcstrings#L24086
macOS,labels,DuckDuckGo,contextual.onboarding.browsing.one.tracker,,"*%1$@* was trying to track you here. I blocked them!

%2$@",Parameter is domain name (string) and a string do (do not remove %2$@),,%1$@ %2$@,true,extracted_with_value,,apps/apple/macOS/DuckDuckGo/Localization/Localizable.xcstrings,24919,https://github.com/duckduckgo/apple-browsers/blob/f1fdc2dec5243b11198eb13396588ed77e9d044a/macOS/DuckDuckGo/Localization/Localizable.xcstrings#L24919
macOS,labels,DuckDuckGo,contextual.onboarding.try-search.option1-English,,how to say “duck” in spanish,Browser Search query for how to say duck in english,,,true,extracted_with_value,,apps/apple/macOS/DuckDuckGo/Localization/Localizable.xcstrings,26239,https://github.com/duckduckgo/apple-browsers/blob/f1fdc2dec5243b11198eb13396588ed77e9d044a/macOS/DuckDuckGo/Localization/Localizable.xcstrings#L26239
macOS,labels,DuckDuckGo,contextual.onboarding.try-search.option1international,,how to say “duck” in english,Browser Search query for how to say duck in english,,,true,extracted_with_value,,apps/apple/macOS/DuckDuckGo/Localization/Localizable.xcstrings,26299,https://github.com/duckduckgo/apple-browsers/blob/f1fdc2dec5243b11198eb13396588ed77e9d044a/macOS/DuckDuckGo/Localization/Localizable.xcstrings#L26299
macOS,labels,DuckDuckGo,contextual.onboarding.try-search.option2-english,,mighty ducks cast,Search query for the cast of Mighty Ducks,,,true,extracted_with_value,,apps/apple/macOS/DuckDuckGo/Localization/Localizable.xcstrings,26359,https://github.com/duckduckgo/apple-browsers/blob/f1fdc2dec5243b11198eb13396588ed77e9d044a/macOS/DuckDuckGo/Localization/Localizable.xcstrings#L26359
macOS,labels,DuckDuckGo,contextual.onboarding.try-search.option2-international,,cast of avatar,Search query for the cast of Avatar,,,true,extracted_with_value,,apps/apple/macOS/DuckDuckGo/Localization/Localizable.xcstrings,26419,https://github.com/duckduckgo/apple-browsers/blob/f1fdc2dec5243b11198eb13396588ed77e9d044a/macOS/DuckDuckGo/Localization/Localizable.xcstrings#L26419
macOS,labels,DuckDuckGo,contextual.onboarding.try-search.option3,,local weather,Browser Search query for local weather,,,true,extracted_with_value,,apps/apple/macOS/DuckDuckGo/Localization/Localizable.xcstrings,26479,https://github.com/duckduckgo/apple-browsers/blob/f1fdc2dec5243b11198eb13396588ed77e9d044a/macOS/DuckDuckGo/Localization/Localizable.xcstrings#L26479
macOS,labels,DuckDuckGo,contextual.onboarding.try-search.surprise-me,,baby ducklings,Browser Search query for baby ducklings,,,true,extracted_with_value,,apps/apple/macOS/DuckDuckGo/Localization/Localizable.xcstrings,26539,https://github.com/duckduckgo/apple-browsers/blob/f1fdc2dec5243b11198eb13396588ed77e9d044a/macOS/DuckDuckGo/Localization/Localizable.xcstrings#L26539
macOS,labels,DuckDuckGo,cookie-popup-protection.opt-in.badge,,New,Small 'NEW' badge shown in the titlebar of the Cookie Pop-up Protection opt-in dialog,,,true,extracted_with_value,,apps/apple/macOS/DuckDuckGo/Localization/Localizable.xcstrings,26659,https://github.com/duckduckgo/apple-browsers/blob/f1fdc2dec5243b11198eb13396588ed77e9d044a/macOS/DuckDuckGo/Localization/Localizable.xcstrings#L26659
macOS,labels,DuckDuckGo,cookie-popup-protection.opt-in.disabled.primary-option,,Reject when possible or accept for me,Primary option when cookie pop-up protection is off,,,true,extracted_with_value,,apps/apple/macOS/DuckDuckGo/Localization/Localizable.xcstrings,26839,https://github.com/duckduckgo/apple-browsers/blob/f1fdc2dec5243b11198eb13396588ed77e9d044a/macOS/DuckDuckGo/Localization/Localizable.xcstrings#L26839
macOS,labels,DuckDuckGo,cookie-popup-protection.opt-in.disabled.secondary-option,,I'll keep handling them myself,Secondary option when cookie pop-up protection is off,,,true,extracted_with_value,,apps/apple/macOS/DuckDuckGo/Localization/Localizable.xcstrings,26899,https://github.com/duckduckgo/apple-browsers/blob/f1fdc2dec5243b11198eb13396588ed77e9d044a/macOS/DuckDuckGo/Localization/Localizable.xcstrings#L26899
macOS,labels,DuckDuckGo,cookie-popup-protection.opt-in.enabled.primary-option,,Accept cookies that can't be rejected,Primary option when cookie pop-up protection is already enabled,,,true,extracted_with_value,,apps/apple/macOS/DuckDuckGo/Localization/Localizable.xcstrings,27079,https://github.com/duckduckgo/apple-browsers/blob/f1fdc2dec5243b11198eb13396588ed77e9d044a/macOS/DuckDuckGo/Localization/Localizable.xcstrings#L27079
macOS,labels,DuckDuckGo,cookie-popup-protection.opt-in.enabled.secondary-option,,I'll keep accepting them myself,Secondary option when cookie pop-up protection is already enabled,,,true,extracted_with_value,,apps/apple/macOS/DuckDuckGo/Localization/Localizable.xcstrings,27139,https://github.com/duckduckgo/apple-browsers/blob/f1fdc2dec5243b11198eb13396588ed77e9d044a/macOS/DuckDuckGo/Localization/Localizable.xcstrings#L27139
macOS,labels,DuckDuckGo,dashboard.permission.allow,,Always allow,Privacy Dashboard: Website can always access input media device,,,true,extracted_with_value,,apps/apple/macOS/DuckDuckGo/Localization/Localizable.xcstrings,28032,https://github.com/duckduckgo/apple-browsers/blob/f1fdc2dec5243b11198eb13396588ed77e9d044a/macOS/DuckDuckGo/Localization/Localizable.xcstrings#L28032
macOS,labels,DuckDuckGo,dashboard.permission.allow.on,,Always allow on,Permission Popover 'Always allow on' (for domainName) checkbox,,,true,extracted_with_value,,apps/apple/macOS/DuckDuckGo/Localization/Localizable.xcstrings,28092,https://github.com/duckduckgo/apple-browsers/blob/f1fdc2dec5243b11198eb13396588ed77e9d044a/macOS/DuckDuckGo/Localization/Localizable.xcstrings#L28092
macOS,labels,DuckDuckGo,dashboard.permission.ask,,Ask every time,Privacy Dashboard: Website should always Ask for permission for input media device access,,,true,extracted_with_value,,apps/apple/macOS/DuckDuckGo/Localization/Localizable.xcstrings,28152,https://github.com/duckduckgo/apple-browsers/blob/f1fdc2dec5243b11198eb13396588ed77e9d044a/macOS/DuckDuckGo/Localization/Localizable.xcstrings#L28152
macOS,labels,DuckDuckGo,dashboard.permission.deny,,Always deny,Privacy Dashboard: Website can never access input media device,,,true,extracted_with_value,,apps/apple/macOS/DuckDuckGo/Localization/Localizable.xcstrings,28212,https://github.com/duckduckgo/apple-browsers/blob/f1fdc2dec5243b11198eb13396588ed77e9d044a/macOS/DuckDuckGo/Localization/Localizable.xcstrings#L28212
macOS,labels,DuckDuckGo,dashboard.popups.ask,,Notify,Make pop-up windows always request permission for the current domain,,,true,extracted_with_value,,apps/apple/macOS/DuckDuckGo/Localization/Localizable.xcstrings,28272,https://github.com/duckduckgo/apple-browsers/blob/f1fdc2dec5243b11198eb13396588ed77e9d044a/macOS/DuckDuckGo/Localization/Localizable.xcstrings#L28272
macOS,labels,DuckDuckGo,dax.onboarding.browsing.site.is.major.tracker,,"Heads up! I can’t stop %1$@ from seeing your activity on %2$@.

But browse with me, and I can reduce what %1$@ knows about you overall by blocking their trackers on lots of other sites.","First parameter is a string - network name, 2nd parameter is a string - domain name",,%1$@ %2$@ %1$@,true,extracted_with_value,,apps/apple/macOS/DuckDuckGo/Localization/Localizable.xcstrings,28505,https://github.com/duckduckgo/apple-browsers/blob/f1fdc2dec5243b11198eb13396588ed77e9d044a/macOS/DuckDuckGo/Localization/Localizable.xcstrings#L28505
macOS,labels,DuckDuckGo,disable.auto.delete.to.enable.session.restore,,Your session won't be restored if Automatically Delete Data is turned on. Fire Windows also won’t be restored.,Information label in Settings. It tells user that to enable session restoration setting they have to disable burn on quit. Automatically Delete Data should match the string with 'auto.delete' key,,,true,extracted_with_value,,apps/apple/macOS/DuckDuckGo/Localization/Localizable.xcstrings,29570,https://github.com/duckduckgo/apple-browsers/blob/f1fdc2dec5243b11198eb13396588ed77e9d044a/macOS/DuckDuckGo/Localization/Localizable.xcstrings#L29570
macOS,labels,DuckDuckGo,domain-is-fireproof,,%@ is now Fireproof,Domain fireproof status,,%@,true,extracted_with_value,,apps/apple/macOS/DuckDuckGo/Localization/Localizable.xcstrings,29750,https://github.com/duckduckgo/apple-browsers/blob/f1fdc2dec5243b11198eb13396588ed77e9d044a/macOS/DuckDuckGo/Localization/Localizable.xcstrings#L29750
macOS,labels,DuckDuckGo,downloads.always-ask,,Always ask where to save files,Downloads preferences checkbox,,,true,extracted_with_value,,apps/apple/macOS/DuckDuckGo/Localization/Localizable.xcstrings,30590,https://github.com/duckduckgo/apple-browsers/blob/f1fdc2dec5243b11198eb13396588ed77e9d044a/macOS/DuckDuckGo/Localization/Localizable.xcstrings#L30590
macOS,labels,DuckDuckGo,downloads.bytes.format,,%1$@ of %2$@,Number of bytes out of total bytes downloaded (1Mb of 2Mb),,%1$@ %2$@,true,extracted_with_value,,apps/apple/macOS/DuckDuckGo/Localization/Localizable.xcstrings,30650,https://github.com/duckduckgo/apple-browsers/blob/f1fdc2dec5243b11198eb13396588ed77e9d044a/macOS/DuckDuckGo/Localization/Localizable.xcstrings#L30650
macOS,labels,DuckDuckGo,downloads.clear-all.item,,Clear All,Contextual menu item in downloads manager to clear all downloaded items from the list,,,true,extracted_with_value,,apps/apple/macOS/DuckDuckGo/Localization/Localizable.xcstrings,30770,https://github.com/duckduckgo/apple-browsers/blob/f1fdc2dec5243b11198eb13396588ed77e9d044a/macOS/DuckDuckGo/Localization/Localizable.xcstrings#L30770
macOS,labels,DuckDuckGo,downloads.copy-link.item,,Copy Download Link,Contextual menu item in downloads manager to copy the downloaded link,,,true,extracted_with_value,,apps/apple/macOS/DuckDuckGo/Localization/Localizable.xcstrings,30830,https://github.com/duckduckgo/apple-browsers/blob/f1fdc2dec5243b11198eb13396588ed77e9d044a/macOS/DuckDuckGo/Localization/Localizable.xcstrings#L30830
macOS,labels,DuckDuckGo,downloads.location,,Location,Downloads directory location,,,true,extracted_with_value,,apps/apple/macOS/DuckDuckGo/Localization/Localizable.xcstrings,31370,https://github.com/duckduckgo/apple-browsers/blob/f1fdc2dec5243b11198eb13396588ed77e9d044a/macOS/DuckDuckGo/Localization/Localizable.xcstrings#L31370
macOS,labels,DuckDuckGo,downloads.no-recent-downloads,,No recent downloads,Label in the downloads manager that shows that there are no recently downloaded items,,,true,extracted_with_value,,apps/apple/macOS/DuckDuckGo/Localization/Localizable.xcstrings,31430,https://github.com/duckduckgo/apple-browsers/blob/f1fdc2dec5243b11198eb13396588ed77e9d044a/macOS/DuckDuckGo/Localization/Localizable.xcstrings#L31430
macOS,labels,DuckDuckGo,downloads.open-website.item,,Open Originating Website,Contextual menu item in downloads manager to open the downloaded file originating website,,,true,extracted_with_value,,apps/apple/macOS/DuckDuckGo/Localization/Localizable.xcstrings,31550,https://github.com/duckduckgo/apple-browsers/blob/f1fdc2dec5243b11198eb13396588ed77e9d044a/macOS/DuckDuckGo/Localization/Localizable.xcstrings#L31550
macOS,labels,DuckDuckGo,downloads.open.item,,Open,Contextual menu item in downloads manager to open the downloaded file,,,true,extracted_with_value,,apps/apple/macOS/DuckDuckGo/Localization/Localizable.xcstrings,31610,https://github.com/duckduckgo/apple-browsers/blob/f1fdc2dec5243b11198eb13396588ed77e9d044a/macOS/DuckDuckGo/Localization/Localizable.xcstrings#L31610
macOS,labels,DuckDuckGo,downloads.open.on.completion,,Automatically open the Downloads panel when downloads complete,Checkbox to open a Download Manager popover when downloads are completed,,,true,extracted_with_value,,apps/apple/macOS/DuckDuckGo/Localization/Localizable.xcstrings,31670,https://github.com/duckduckgo/apple-browsers/blob/f1fdc2dec5243b11198eb13396588ed77e9d044a/macOS/DuckDuckGo/Localization/Localizable.xcstrings#L31670
macOS,labels,DuckDuckGo,downloads.remove-from-list.item,,Remove from List,Contextual menu item in downloads manager to remove the given downloaded from the list of downloaded files,,,true,extracted_with_value,,apps/apple/macOS/DuckDuckGo/Localization/Localizable.xcstrings,31730,https://github.com/duckduckgo/apple-browsers/blob/f1fdc2dec5243b11198eb13396588ed77e9d044a/macOS/DuckDuckGo/Localization/Localizable.xcstrings#L31730
macOS,labels,DuckDuckGo,downloads.show-in-finder.item,,Show in Finder,Contextual menu item in downloads manager to show the downloaded file in Finder,,,true,extracted_with_value,,apps/apple/macOS/DuckDuckGo/Localization/Localizable.xcstrings,31790,https://github.com/duckduckgo/apple-browsers/blob/f1fdc2dec5243b11198eb13396588ed77e9d044a/macOS/DuckDuckGo/Localization/Localizable.xcstrings#L31790
macOS,labels,DuckDuckGo,downloads.speed.format,,%@/s,Download speed format (1Mb/sec),,%@,true,extracted_with_value,,apps/apple/macOS/DuckDuckGo/Localization/Localizable.xcstrings,31850,https://github.com/duckduckgo/apple-browsers/blob/f1fdc2dec5243b11198eb13396588ed77e9d044a/macOS/DuckDuckGo/Localization/Localizable.xcstrings#L31850
macOS,labels,DuckDuckGo,downloads.stop.item,,Stop,Contextual menu item in downloads manager to stop the download,,,true,extracted_with_value,,apps/apple/macOS/DuckDuckGo/Localization/Localizable.xcstrings,31910,https://github.com/duckduckgo/apple-browsers/blob/f1fdc2dec5243b11198eb13396588ed77e9d044a/macOS/DuckDuckGo/Localization/Localizable.xcstrings#L31910
macOS,labels,DuckDuckGo,duck-player.always-open-in-player,,Always open YouTube videos in Duck Player,Private YouTube Player option,,,true,extracted_with_value,,apps/apple/macOS/DuckDuckGo/Localization/Localizable.xcstrings,32210,https://github.com/duckduckgo/apple-browsers/blob/f1fdc2dec5243b11198eb13396588ed77e9d044a/macOS/DuckDuckGo/Localization/Localizable.xcstrings#L32210
macOS,labels,DuckDuckGo,duck-player.always-open-toggle,,Always open YouTube videos in Duck Player,Duck Player always open toggle in settings,,,true,extracted_with_value,,apps/apple/macOS/DuckDuckGo/Localization/Localizable.xcstrings,32270,https://github.com/duckduckgo/apple-browsers/blob/f1fdc2dec5243b11198eb13396588ed77e9d044a/macOS/DuckDuckGo/Localization/Localizable.xcstrings#L32270
macOS,labels,DuckDuckGo,duck-player.autoplay-toggle,,Autoplay videos in Duck Player,Duck Player autoplay toggle in YouTube ad blocking settings,,,true,extracted_with_value,,apps/apple/macOS/DuckDuckGo/Localization/Localizable.xcstrings,32330,https://github.com/duckduckgo/apple-browsers/blob/f1fdc2dec5243b11198eb13396588ed77e9d044a/macOS/DuckDuckGo/Localization/Localizable.xcstrings#L32330
macOS,labels,DuckDuckGo,duck-player.enable-toggle,,Enable Duck Player,Duck Player enable toggle in settings,,,true,extracted_with_value,,apps/apple/macOS/DuckDuckGo/Localization/Localizable.xcstrings,32450,https://github.com/duckduckgo/apple-browsers/blob/f1fdc2dec5243b11198eb13396588ed77e9d044a/macOS/DuckDuckGo/Localization/Localizable.xcstrings#L32450
macOS,labels,DuckDuckGo,duck-player.newtab-preference,,Open Duck Player in a new tab whenever possible,New tab preference in settings,,,true,extracted_with_value,,apps/apple/macOS/DuckDuckGo/Localization/Localizable.xcstrings,32570,https://github.com/duckduckgo/apple-browsers/blob/f1fdc2dec5243b11198eb13396588ed77e9d044a/macOS/DuckDuckGo/Localization/Localizable.xcstrings#L32570
macOS,labels,DuckDuckGo,duck-player.newtab-toggle,,Open Duck Player in a new tab when possible,Duck Player new tab toggle in YouTube ad blocking settings,,,true,extracted_with_value,,apps/apple/macOS/DuckDuckGo/Localization/Localizable.xcstrings,32630,https://github.com/duckduckgo/apple-browsers/blob/f1fdc2dec5243b11198eb13396588ed77e9d044a/macOS/DuckDuckGo/Localization/Localizable.xcstrings#L32630
macOS,labels,DuckDuckGo,duck-player.newtab.info-preference,,When browsing YouTube on the web,New tab preference extra info in settings,,,true,extracted_with_value,,apps/apple/macOS/DuckDuckGo/Localization/Localizable.xcstrings,32690,https://github.com/duckduckgo/apple-browsers/blob/f1fdc2dec5243b11198eb13396588ed77e9d044a/macOS/DuckDuckGo/Localization/Localizable.xcstrings#L32690
macOS,labels,DuckDuckGo,duck-player.off,,Never use Duck Player,Private YouTube Player option,,,true,extracted_with_value,,apps/apple/macOS/DuckDuckGo/Localization/Localizable.xcstrings,32750,https://github.com/duckduckgo/apple-browsers/blob/f1fdc2dec5243b11198eb13396588ed77e9d044a/macOS/DuckDuckGo/Localization/Localizable.xcstrings#L32750
macOS,labels,DuckDuckGo,duck-player.video-autoplay-preference,,Autoplay videos when opened in Duck Player,Autoplay preference in settings,,,true,extracted_with_value,,apps/apple/macOS/DuckDuckGo/Localization/Localizable.xcstrings,32930,https://github.com/duckduckgo/apple-browsers/blob/f1fdc2dec5243b11198eb13396588ed77e9d044a/macOS/DuckDuckGo/Localization/Localizable.xcstrings#L32930
macOS,labels,DuckDuckGo,duckai.automatically-send-page-content-when-navigating.toggle-setting,,Automatically send page content to the sidebar when navigating,"Settings option to automatically send page content to the sidebar when navigating (shown when the Ask Duck.ai menu button is enabled, to distinguish from the explicit Ask About Page action)",,,true,extracted_with_value,,apps/apple/macOS/DuckDuckGo/Localization/Localizable.xcstrings,33470,https://github.com/duckduckgo/apple-browsers/blob/f1fdc2dec5243b11198eb13396588ed77e9d044a/macOS/DuckDuckGo/Localization/Localizable.xcstrings#L33470
macOS,labels,DuckDuckGo,duckai.automatically-send-page-content.toggle-setting,,Automatically send page content to the sidebar,Settings option to automatically send page content to the sidebar,,,true,extracted_with_value,,apps/apple/macOS/DuckDuckGo/Localization/Localizable.xcstrings,33530,https://github.com/duckduckgo/apple-browsers/blob/f1fdc2dec5243b11198eb13396588ed77e9d044a/macOS/DuckDuckGo/Localization/Localizable.xcstrings#L33530
macOS,labels,DuckDuckGo,duckai.enabled.off,,Off,Duck.ai dropdown option: off (Duck.ai disabled),,,true,extracted_with_value,,apps/apple/macOS/DuckDuckGo/Localization/Localizable.xcstrings,33710,https://github.com/duckduckgo/apple-browsers/blob/f1fdc2dec5243b11198eb13396588ed77e9d044a/macOS/DuckDuckGo/Localization/Localizable.xcstrings#L33710
macOS,labels,DuckDuckGo,duckai.enabled.on,,On,Duck.ai dropdown option: on (Duck.ai enabled),,,true,extracted_with_value,,apps/apple/macOS/DuckDuckGo/Localization/Localizable.xcstrings,33770,https://github.com/duckduckgo/apple-browsers/blob/f1fdc2dec5243b11198eb13396588ed77e9d044a/macOS/DuckDuckGo/Localization/Localizable.xcstrings#L33770
macOS,labels,DuckDuckGo,duckai.hide-ai-generated-images-settings,,Hide AI-Generated Images,The section name in preferences for Hide AI-Generated Images Settings,,,true,extracted_with_value,,apps/apple/macOS/DuckDuckGo/Localization/Localizable.xcstrings,33830,https://github.com/duckduckgo/apple-browsers/blob/f1fdc2dec5243b11198eb13396588ed77e9d044a/macOS/DuckDuckGo/Localization/Localizable.xcstrings#L33830
macOS,labels,DuckDuckGo,duckai.hide-ai-generated-images.off,,Off,Hide AI-Generated Images option: off (images shown),,,true,extracted_with_value,,apps/apple/macOS/DuckDuckGo/Localization/Localizable.xcstrings,33950,https://github.com/duckduckgo/apple-browsers/blob/f1fdc2dec5243b11198eb13396588ed77e9d044a/macOS/DuckDuckGo/Localization/Localizable.xcstrings#L33950
macOS,labels,DuckDuckGo,duckai.hide-ai-generated-images.on,,On,Hide AI-Generated Images option: on (images hidden),,,true,extracted_with_value,,apps/apple/macOS/DuckDuckGo/Localization/Localizable.xcstrings,34010,https://github.com/duckduckgo/apple-browsers/blob/f1fdc2dec5243b11198eb13396588ed77e9d044a/macOS/DuckDuckGo/Localization/Localizable.xcstrings#L34010
macOS,labels,DuckDuckGo,duckai.open-in-full-page.option,,Full page,Option to open Duck.ai chats in full page,,,true,extracted_with_value,,apps/apple/macOS/DuckDuckGo/Localization/Localizable.xcstrings,34909,https://github.com/duckduckgo/apple-browsers/blob/f1fdc2dec5243b11198eb13396588ed77e9d044a/macOS/DuckDuckGo/Localization/Localizable.xcstrings#L34909
macOS,labels,DuckDuckGo,duckai.open-in-sidebar.option,,Sidebar,Option to open Duck.ai chats in sidebar,,,true,extracted_with_value,,apps/apple/macOS/DuckDuckGo/Localization/Localizable.xcstrings,34969,https://github.com/duckduckgo/apple-browsers/blob/f1fdc2dec5243b11198eb13396588ed77e9d044a/macOS/DuckDuckGo/Localization/Localizable.xcstrings#L34969
macOS,labels,DuckDuckGo,duckai.open-in-sidebar.toggle-setting,,Open Duck.ai in the sidebar,Settings option to open Duck.ai in the sidebar,,,true,extracted_with_value,,apps/apple/macOS/DuckDuckGo/Localization/Localizable.xcstrings,35029,https://github.com/duckduckgo/apple-browsers/blob/f1fdc2dec5243b11198eb13396588ed77e9d044a/macOS/DuckDuckGo/Localization/Localizable.xcstrings#L35029
macOS,labels,DuckDuckGo,duckai.open-sidebar-when-viewing-websites.toggle-setting,,Toggle Duck.ai in sidebar when viewing websites,Settings option to toggle Duck.ai in sidebar when viewing websites,,,true,extracted_with_value,,apps/apple/macOS/DuckDuckGo/Localization/Localizable.xcstrings,35149,https://github.com/duckduckgo/apple-browsers/blob/f1fdc2dec5243b11198eb13396588ed77e9d044a/macOS/DuckDuckGo/Localization/Localizable.xcstrings#L35149
macOS,labels,DuckDuckGo,duckai.prompt-bar.keyboard-shortcut.toggle,,Open Duck.ai floating window with a keyboard shortcut,Checkbox in Settings → AI Features that enables the system-wide Duck.ai keyboard shortcut,,,true,extracted_with_value,,apps/apple/macOS/DuckDuckGo/Localization/Localizable.xcstrings,35209,https://github.com/duckduckgo/apple-browsers/blob/f1fdc2dec5243b11198eb13396588ed77e9d044a/macOS/DuckDuckGo/Localization/Localizable.xcstrings#L35209
macOS,labels,DuckDuckGo,duckai.search-assist-settings,,Search Assist Settings,The section name in preferences for Search Assist Settings,,,true,extracted_with_value,,apps/apple/macOS/DuckDuckGo/Localization/Localizable.xcstrings,35629,https://github.com/duckduckgo/apple-browsers/blob/f1fdc2dec5243b11198eb13396588ed77e9d044a/macOS/DuckDuckGo/Localization/Localizable.xcstrings#L35629
macOS,labels,DuckDuckGo,duckai.search-assist.never,,Never,Search Assist frequency option: never show AI-assisted answers,,,true,extracted_with_value,,apps/apple/macOS/DuckDuckGo/Localization/Localizable.xcstrings,35749,https://github.com/duckduckgo/apple-browsers/blob/f1fdc2dec5243b11198eb13396588ed77e9d044a/macOS/DuckDuckGo/Localization/Localizable.xcstrings#L35749
macOS,labels,DuckDuckGo,duckai.search-assist.often,,Often,Search Assist frequency option: often show AI-assisted answers,,,true,extracted_with_value,,apps/apple/macOS/DuckDuckGo/Localization/Localizable.xcstrings,35809,https://github.com/duckduckgo/apple-browsers/blob/f1fdc2dec5243b11198eb13396588ed77e9d044a/macOS/DuckDuckGo/Localization/Localizable.xcstrings#L35809
macOS,labels,DuckDuckGo,duckai.search-assist.on-demand,,On demand,Search Assist frequency option: show AI-assisted answers on demand,,,true,extracted_with_value,,apps/apple/macOS/DuckDuckGo/Localization/Localizable.xcstrings,35869,https://github.com/duckduckgo/apple-browsers/blob/f1fdc2dec5243b11198eb13396588ed77e9d044a/macOS/DuckDuckGo/Localization/Localizable.xcstrings#L35869
macOS,labels,DuckDuckGo,duckai.search-assist.sometimes,,Sometimes,Search Assist frequency option: sometimes show AI-assisted answers,,,true,extracted_with_value,,apps/apple/macOS/DuckDuckGo/Localization/Localizable.xcstrings,35929,https://github.com/duckduckgo/apple-browsers/blob/f1fdc2dec5243b11198eb13396588ed77e9d044a/macOS/DuckDuckGo/Localization/Localizable.xcstrings#L35929
macOS,labels,DuckDuckGo,duckai.show-in-address-bar-when-typing.label,,"Show ""Ask Duck.ai"" option when typing in the address bar",Label for showing 'Ask Duck.ai' option when typing in address bar,,,true,extracted_with_value,,apps/apple/macOS/DuckDuckGo/Localization/Localizable.xcstrings,36169,https://github.com/duckduckgo/apple-browsers/blob/f1fdc2dec5243b11198eb13396588ed77e9d044a/macOS/DuckDuckGo/Localization/Localizable.xcstrings#L36169
macOS,labels,DuckDuckGo,duckai.show-in-address-bar.label,,Show in address bar,Label for showing Duck.ai in address bar,,,true,extracted_with_value,,apps/apple/macOS/DuckDuckGo/Localization/Localizable.xcstrings,36229,https://github.com/duckduckgo/apple-browsers/blob/f1fdc2dec5243b11198eb13396588ed77e9d044a/macOS/DuckDuckGo/Localization/Localizable.xcstrings#L36229
macOS,labels,DuckDuckGo,duckai.show-in-address-bar.toggle,,Show Duck.ai shortcut in the address bar,Show AI Chat in the address bar,,,true,extracted_with_value,,apps/apple/macOS/DuckDuckGo/Localization/Localizable.xcstrings,36289,https://github.com/duckduckgo/apple-browsers/blob/f1fdc2dec5243b11198eb13396588ed77e9d044a/macOS/DuckDuckGo/Localization/Localizable.xcstrings#L36289
macOS,labels,DuckDuckGo,duckai.show-in-browser-menus.toggle,,Show in browser menus,Toggle for showing Duck.ai in browser menus,,,true,extracted_with_value,,apps/apple/macOS/DuckDuckGo/Localization/Localizable.xcstrings,36409,https://github.com/duckduckgo/apple-browsers/blob/f1fdc2dec5243b11198eb13396588ed77e9d044a/macOS/DuckDuckGo/Localization/Localizable.xcstrings#L36409
macOS,labels,DuckDuckGo,duckai.show-in-search-box-on-new-tab-page.toggle,,Show in search box on New Tab Page,A checkbox to control AI Chat shortcut visibility in a search box on the New Tab Page,,,true,extracted_with_value,,apps/apple/macOS/DuckDuckGo/Localization/Localizable.xcstrings,36469,https://github.com/duckduckgo/apple-browsers/blob/f1fdc2dec5243b11198eb13396588ed77e9d044a/macOS/DuckDuckGo/Localization/Localizable.xcstrings#L36469
macOS,labels,DuckDuckGo,duckai.show-on-new-tab-page-search-box.toggle,,Show Duck.ai option on New Tab Page search box,A checkbox to control AI Chat shortcut visibility on the New Tab Page search box,,,true,extracted_with_value,,apps/apple/macOS/DuckDuckGo/Localization/Localizable.xcstrings,36529,https://github.com/duckduckgo/apple-browsers/blob/f1fdc2dec5243b11198eb13396588ed77e9d044a/macOS/DuckDuckGo/Localization/Localizable.xcstrings#L36529
macOS,labels,DuckDuckGo,duckai.show-search-and-duckai-toggle.label,,Show Search and Duck.ai toggle when the address bar is focused,Label for showing Search/Duck.ai toggle when address bar is focused,,,true,extracted_with_value,,apps/apple/macOS/DuckDuckGo/Localization/Localizable.xcstrings,36589,https://github.com/duckduckgo/apple-browsers/blob/f1fdc2dec5243b11198eb13396588ed77e9d044a/macOS/DuckDuckGo/Localization/Localizable.xcstrings#L36589
macOS,labels,DuckDuckGo,duckai.show-shortcut-in-address-bar.label,,Show Duck.ai shortcut in the address bar,Label for showing Duck.ai shortcut in address bar,,,true,extracted_with_value,,apps/apple/macOS/DuckDuckGo/Localization/Localizable.xcstrings,36649,https://github.com/duckduckgo/apple-browsers/blob/f1fdc2dec5243b11198eb13396588ed77e9d044a/macOS/DuckDuckGo/Localization/Localizable.xcstrings#L36649
macOS,labels,DuckDuckGo,DuckDuckGo Subscription,,DuckDuckGo Subscription,,,,true,,,apps/apple/macOS/DuckDuckGo/Localization/Localizable.xcstrings,37174,https://github.com/duckduckgo/apple-browsers/blob/f1fdc2dec5243b11198eb13396588ed77e9d044a/macOS/DuckDuckGo/Localization/Localizable.xcstrings#L37174
macOS,labels,DuckDuckGo,duplicate.tab,,Duplicate Tab,Menu item. Duplicate as a verb,,,true,extracted_with_value,,apps/apple/macOS/DuckDuckGo/Localization/Localizable.xcstrings,37226,https://github.com/duckduckgo/apple-browsers/blob/f1fdc2dec5243b11198eb13396588ed77e9d044a/macOS/DuckDuckGo/Localization/Localizable.xcstrings#L37226
macOS,labels,DuckDuckGo,export.bookmarks.file.name.suffix,,Bookmarks,The last part of the suggested file for exporting bookmarks,,,true,extracted_with_value,,apps/apple/macOS/DuckDuckGo/Localization/Localizable.xcstrings,38112,https://github.com/duckduckgo/apple-browsers/blob/f1fdc2dec5243b11198eb13396588ed77e9d044a/macOS/DuckDuckGo/Localization/Localizable.xcstrings#L38112
macOS,labels,DuckDuckGo,export.logins.data,,Export Passwords…,Opens Export Logins Data dialog,,,true,extracted_with_value,,apps/apple/macOS/DuckDuckGo/Localization/Localizable.xcstrings,38232,https://github.com/duckduckgo/apple-browsers/blob/f1fdc2dec5243b11198eb13396588ed77e9d044a/macOS/DuckDuckGo/Localization/Localizable.xcstrings#L38232
macOS,labels,DuckDuckGo,export.logins.file.name.suffix,,Passwords,The last part of the suggested file name for exporting logins,,,true,extracted_with_value,,apps/apple/macOS/DuckDuckGo/Localization/Localizable.xcstrings,38412,https://github.com/duckduckgo/apple-browsers/blob/f1fdc2dec5243b11198eb13396588ed77e9d044a/macOS/DuckDuckGo/Localization/Localizable.xcstrings#L38412
macOS,labels,DuckDuckGo,feedback.feature.advanced-ad-blocking,,Advanced ad blocking,Feature request option,,,true,extracted_with_value,,apps/apple/macOS/DuckDuckGo/Localization/Localizable.xcstrings,38825,https://github.com/duckduckgo/apple-browsers/blob/f1fdc2dec5243b11198eb13396588ed77e9d044a/macOS/DuckDuckGo/Localization/Localizable.xcstrings#L38825
macOS,labels,DuckDuckGo,feedback.feature.ai-support,,AI support,Feature request option,,,true,extracted_with_value,,apps/apple/macOS/DuckDuckGo/Localization/Localizable.xcstrings,38885,https://github.com/duckduckgo/apple-browsers/blob/f1fdc2dec5243b11198eb13396588ed77e9d044a/macOS/DuckDuckGo/Localization/Localizable.xcstrings#L38885
macOS,labels,DuckDuckGo,feedback.feature.cast-video,,Cast video/audio,Feature request option,,,true,extracted_with_value,,apps/apple/macOS/DuckDuckGo/Localization/Localizable.xcstrings,38945,https://github.com/duckduckgo/apple-browsers/blob/f1fdc2dec5243b11198eb13396588ed77e9d044a/macOS/DuckDuckGo/Localization/Localizable.xcstrings#L38945
macOS,labels,DuckDuckGo,feedback.feature.customize-theme,,Customize browser theme,Feature request option,,,true,extracted_with_value,,apps/apple/macOS/DuckDuckGo/Localization/Localizable.xcstrings,39005,https://github.com/duckduckgo/apple-browsers/blob/f1fdc2dec5243b11198eb13396588ed77e9d044a/macOS/DuckDuckGo/Localization/Localizable.xcstrings#L39005
macOS,labels,DuckDuckGo,feedback.feature.dark-mode-all-sites,,Dark mode on all sites,Feature request option,,,true,extracted_with_value,,apps/apple/macOS/DuckDuckGo/Localization/Localizable.xcstrings,39065,https://github.com/duckduckgo/apple-browsers/blob/f1fdc2dec5243b11198eb13396588ed77e9d044a/macOS/DuckDuckGo/Localization/Localizable.xcstrings#L39065
macOS,labels,DuckDuckGo,feedback.feature.import-bookmark-folders,,Import bookmarks folders,Feature request option,,,true,extracted_with_value,,apps/apple/macOS/DuckDuckGo/Localization/Localizable.xcstrings,39125,https://github.com/duckduckgo/apple-browsers/blob/f1fdc2dec5243b11198eb13396588ed77e9d044a/macOS/DuckDuckGo/Localization/Localizable.xcstrings#L39125
macOS,labels,DuckDuckGo,feedback.feature.import-history,,Import history,Feature request option,,,true,extracted_with_value,,apps/apple/macOS/DuckDuckGo/Localization/Localizable.xcstrings,39185,https://github.com/duckduckgo/apple-browsers/blob/f1fdc2dec5243b11198eb13396588ed77e9d044a/macOS/DuckDuckGo/Localization/Localizable.xcstrings#L39185
macOS,labels,DuckDuckGo,feedback.feature.incognito,,Incognito,Feature request option,,,true,extracted_with_value,,apps/apple/macOS/DuckDuckGo/Localization/Localizable.xcstrings,39245,https://github.com/duckduckgo/apple-browsers/blob/f1fdc2dec5243b11198eb13396588ed77e9d044a/macOS/DuckDuckGo/Localization/Localizable.xcstrings#L39245
macOS,labels,DuckDuckGo,feedback.feature.new-tab-widgets,,New tab page widgets,Feature request option,,,true,extracted_with_value,,apps/apple/macOS/DuckDuckGo/Localization/Localizable.xcstrings,39365,https://github.com/duckduckgo/apple-browsers/blob/f1fdc2dec5243b11198eb13396588ed77e9d044a/macOS/DuckDuckGo/Localization/Localizable.xcstrings#L39365
macOS,labels,DuckDuckGo,feedback.feature.password-manager-extensions,,Password manager extensions,Feature request option,,,true,extracted_with_value,,apps/apple/macOS/DuckDuckGo/Localization/Localizable.xcstrings,39425,https://github.com/duckduckgo/apple-browsers/blob/f1fdc2dec5243b11198eb13396588ed77e9d044a/macOS/DuckDuckGo/Localization/Localizable.xcstrings#L39425
macOS,labels,DuckDuckGo,feedback.feature.picture-in-picture,,Picture-in-picture,Feature request option,,,true,extracted_with_value,,apps/apple/macOS/DuckDuckGo/Localization/Localizable.xcstrings,39485,https://github.com/duckduckgo/apple-browsers/blob/f1fdc2dec5243b11198eb13396588ed77e9d044a/macOS/DuckDuckGo/Localization/Localizable.xcstrings#L39485
macOS,labels,DuckDuckGo,feedback.feature.reader-mode,,Reader mode,Feature request option,,,true,extracted_with_value,,apps/apple/macOS/DuckDuckGo/Localization/Localizable.xcstrings,39545,https://github.com/duckduckgo/apple-browsers/blob/f1fdc2dec5243b11198eb13396588ed77e9d044a/macOS/DuckDuckGo/Localization/Localizable.xcstrings#L39545
macOS,labels,DuckDuckGo,feedback.feature.tab-groups,,Tab groups,Feature request option,,,true,extracted_with_value,,apps/apple/macOS/DuckDuckGo/Localization/Localizable.xcstrings,39665,https://github.com/duckduckgo/apple-browsers/blob/f1fdc2dec5243b11198eb13396588ed77e9d044a/macOS/DuckDuckGo/Localization/Localizable.xcstrings#L39665
macOS,labels,DuckDuckGo,feedback.feature.user-profiles,,User profiles,Feature request option,,,true,extracted_with_value,,apps/apple/macOS/DuckDuckGo/Localization/Localizable.xcstrings,39725,https://github.com/duckduckgo/apple-browsers/blob/f1fdc2dec5243b11198eb13396588ed77e9d044a/macOS/DuckDuckGo/Localization/Localizable.xcstrings#L39725
macOS,labels,DuckDuckGo,feedback.feature.vertical-tabs,,Vertical tabs,Feature request option,,,true,extracted_with_value,,apps/apple/macOS/DuckDuckGo/Localization/Localizable.xcstrings,39785,https://github.com/duckduckgo/apple-browsers/blob/f1fdc2dec5243b11198eb13396588ed77e9d044a/macOS/DuckDuckGo/Localization/Localizable.xcstrings#L39785
macOS,labels,DuckDuckGo,feedback.feature.website-translation,,Website translation,Feature request option,,,true,extracted_with_value,,apps/apple/macOS/DuckDuckGo/Localization/Localizable.xcstrings,39845,https://github.com/duckduckgo/apple-browsers/blob/f1fdc2dec5243b11198eb13396588ed77e9d044a/macOS/DuckDuckGo/Localization/Localizable.xcstrings#L39845
macOS,labels,DuckDuckGo,feedback.problem-category.ads-issues,,Ads causing issues,Problem category for advertising-related problems,,,true,extracted_with_value,,apps/apple/macOS/DuckDuckGo/Localization/Localizable.xcstrings,40145,https://github.com/duckduckgo/apple-browsers/blob/f1fdc2dec5243b11198eb13396588ed77e9d044a/macOS/DuckDuckGo/Localization/Localizable.xcstrings#L40145
macOS,labels,DuckDuckGo,feedback.problem-category.broken-website,,Report broken website,Problem category for broken website reports,,,true,extracted_with_value,,apps/apple/macOS/DuckDuckGo/Localization/Localizable.xcstrings,40205,https://github.com/duckduckgo/apple-browsers/blob/f1fdc2dec5243b11198eb13396588ed77e9d044a/macOS/DuckDuckGo/Localization/Localizable.xcstrings#L40205
macOS,labels,DuckDuckGo,feedback.problem-category.browser-doesnt-work,,Browser doesn't work as expected,Problem category for functionality issues,,,true,extracted_with_value,,apps/apple/macOS/DuckDuckGo/Localization/Localizable.xcstrings,40265,https://github.com/duckduckgo/apple-browsers/blob/f1fdc2dec5243b11198eb13396588ed77e9d044a/macOS/DuckDuckGo/Localization/Localizable.xcstrings#L40265
macOS,labels,DuckDuckGo,feedback.problem-category.browser-too-slow,,Computer or browser is too slow,Problem category for performance issues,,,true,extracted_with_value,,apps/apple/macOS/DuckDuckGo/Localization/Localizable.xcstrings,40325,https://github.com/duckduckgo/apple-browsers/blob/f1fdc2dec5243b11198eb13396588ed77e9d044a/macOS/DuckDuckGo/Localization/Localizable.xcstrings#L40325
macOS,labels,DuckDuckGo,feedback.problem-category.install-updates,,Browser install & updates,Problem category for installation and update issues,,,true,extracted_with_value,,apps/apple/macOS/DuckDuckGo/Localization/Localizable.xcstrings,40385,https://github.com/duckduckgo/apple-browsers/blob/f1fdc2dec5243b11198eb13396588ed77e9d044a/macOS/DuckDuckGo/Localization/Localizable.xcstrings#L40385
macOS,labels,DuckDuckGo,feedback.problem-category.other-feedback,,Other feedback,Problem category for other issues,,,true,extracted_with_value,,apps/apple/macOS/DuckDuckGo/Localization/Localizable.xcstrings,40445,https://github.com/duckduckgo/apple-browsers/blob/f1fdc2dec5243b11198eb13396588ed77e9d044a/macOS/DuckDuckGo/Localization/Localizable.xcstrings#L40445
macOS,labels,DuckDuckGo,feedback.problem-category.password-issues,,Password issues,Problem category for password-related problems,,,true,extracted_with_value,,apps/apple/macOS/DuckDuckGo/Localization/Localizable.xcstrings,40505,https://github.com/duckduckgo/apple-browsers/blob/f1fdc2dec5243b11198eb13396588ed77e9d044a/macOS/DuckDuckGo/Localization/Localizable.xcstrings#L40505
macOS,labels,DuckDuckGo,feedback.problem-subcategory.browser-starts-slowly,,Browser starts slowly,Problem subcategory for slow browser startup,,,true,extracted_with_value,,apps/apple/macOS/DuckDuckGo/Localization/Localizable.xcstrings,40625,https://github.com/duckduckgo/apple-browsers/blob/f1fdc2dec5243b11198eb13396588ed77e9d044a/macOS/DuckDuckGo/Localization/Localizable.xcstrings#L40625
macOS,labels,DuckDuckGo,feedback.problem-subcategory.browser-uses-too-much-memory,,Browser uses too much memory,Problem subcategory for memory usage issues,,,true,extracted_with_value,,apps/apple/macOS/DuckDuckGo/Localization/Localizable.xcstrings,40685,https://github.com/duckduckgo/apple-browsers/blob/f1fdc2dec5243b11198eb13396588ed77e9d044a/macOS/DuckDuckGo/Localization/Localizable.xcstrings#L40685
macOS,labels,DuckDuckGo,feedback.problem-subcategory.browser-version-issues,,Browser version issues,Problem subcategory for version-related problems,,,true,extracted_with_value,,apps/apple/macOS/DuckDuckGo/Localization/Localizable.xcstrings,40745,https://github.com/duckduckgo/apple-browsers/blob/f1fdc2dec5243b11198eb13396588ed77e9d044a/macOS/DuckDuckGo/Localization/Localizable.xcstrings#L40745
macOS,labels,DuckDuckGo,feedback.problem-subcategory.camera-audio-permissions,,Camera/audio permissions,Problem subcategory for media permissions issues,,,true,extracted_with_value,,apps/apple/macOS/DuckDuckGo/Localization/Localizable.xcstrings,40805,https://github.com/duckduckgo/apple-browsers/blob/f1fdc2dec5243b11198eb13396588ed77e9d044a/macOS/DuckDuckGo/Localization/Localizable.xcstrings#L40805
macOS,labels,DuckDuckGo,feedback.problem-subcategory.cant-complete-a-purchase,,Can't complete a purchase,Problem subcategory for e-commerce transaction issues,,,true,extracted_with_value,,apps/apple/macOS/DuckDuckGo/Localization/Localizable.xcstrings,40865,https://github.com/duckduckgo/apple-browsers/blob/f1fdc2dec5243b11198eb13396588ed77e9d044a/macOS/DuckDuckGo/Localization/Localizable.xcstrings#L40865
macOS,labels,DuckDuckGo,feedback.problem-subcategory.cant-control-updates,,Can't control updates,Problem subcategory for update control issues,,,true,extracted_with_value,,apps/apple/macOS/DuckDuckGo/Localization/Localizable.xcstrings,40925,https://github.com/duckduckgo/apple-browsers/blob/f1fdc2dec5243b11198eb13396588ed77e9d044a/macOS/DuckDuckGo/Localization/Localizable.xcstrings#L40925
macOS,labels,DuckDuckGo,feedback.problem-subcategory.cant-sync-passwords,,Can't sync passwords,Problem subcategory for password synchronization issues,,,true,extracted_with_value,,apps/apple/macOS/DuckDuckGo/Localization/Localizable.xcstrings,41045,https://github.com/duckduckgo/apple-browsers/blob/f1fdc2dec5243b11198eb13396588ed77e9d044a/macOS/DuckDuckGo/Localization/Localizable.xcstrings#L41045
macOS,labels,DuckDuckGo,feedback.problem-subcategory.changing-tabs-takes-too-long,,Changing tabs takes too long,Problem subcategory for slow tab switching,,,true,extracted_with_value,,apps/apple/macOS/DuckDuckGo/Localization/Localizable.xcstrings,41105,https://github.com/duckduckgo/apple-browsers/blob/f1fdc2dec5243b11198eb13396588ed77e9d044a/macOS/DuckDuckGo/Localization/Localizable.xcstrings#L41105
macOS,labels,DuckDuckGo,feedback.problem-subcategory.confusing-or-missing-settings,,Confusing or missing settings,Problem subcategory for settings issues,,,true,extracted_with_value,,apps/apple/macOS/DuckDuckGo/Localization/Localizable.xcstrings,41165,https://github.com/duckduckgo/apple-browsers/blob/f1fdc2dec5243b11198eb13396588ed77e9d044a/macOS/DuckDuckGo/Localization/Localizable.xcstrings#L41165
macOS,labels,DuckDuckGo,feedback.problem-subcategory.distracting-animations-on-ads,,Distracting animations on ads,Problem subcategory for animated advertising,,,true,extracted_with_value,,apps/apple/macOS/DuckDuckGo/Localization/Localizable.xcstrings,41225,https://github.com/duckduckgo/apple-browsers/blob/f1fdc2dec5243b11198eb13396588ed77e9d044a/macOS/DuckDuckGo/Localization/Localizable.xcstrings#L41225
macOS,labels,DuckDuckGo,feedback.problem-subcategory.exporting-passwords,,Exporting passwords,Problem subcategory for password export issues,,,true,extracted_with_value,,apps/apple/macOS/DuckDuckGo/Localization/Localizable.xcstrings,41285,https://github.com/duckduckgo/apple-browsers/blob/f1fdc2dec5243b11198eb13396588ed77e9d044a/macOS/DuckDuckGo/Localization/Localizable.xcstrings#L41285
macOS,labels,DuckDuckGo,feedback.problem-subcategory.features-dont-work,,Features don't work,Problem subcategory for website functionality issues,,,true,extracted_with_value,,apps/apple/macOS/DuckDuckGo/Localization/Localizable.xcstrings,41345,https://github.com/duckduckgo/apple-browsers/blob/f1fdc2dec5243b11198eb13396588ed77e9d044a/macOS/DuckDuckGo/Localization/Localizable.xcstrings#L41345
macOS,labels,DuckDuckGo,feedback.problem-subcategory.importing-passwords,,Importing passwords,Problem subcategory for password import issues,,,true,extracted_with_value,,apps/apple/macOS/DuckDuckGo/Localization/Localizable.xcstrings,41405,https://github.com/duckduckgo/apple-browsers/blob/f1fdc2dec5243b11198eb13396588ed77e9d044a/macOS/DuckDuckGo/Localization/Localizable.xcstrings#L41405
macOS,labels,DuckDuckGo,feedback.problem-subcategory.installing,,Installing,Problem subcategory for installation issues,,,true,extracted_with_value,,apps/apple/macOS/DuckDuckGo/Localization/Localizable.xcstrings,41465,https://github.com/duckduckgo/apple-browsers/blob/f1fdc2dec5243b11198eb13396588ed77e9d044a/macOS/DuckDuckGo/Localization/Localizable.xcstrings#L41465
macOS,labels,DuckDuckGo,feedback.problem-subcategory.interrupting-popups,,Interrupting pop-ups,Problem subcategory for disruptive popup ads,,,true,extracted_with_value,,apps/apple/macOS/DuckDuckGo/Localization/Localizable.xcstrings,41525,https://github.com/duckduckgo/apple-browsers/blob/f1fdc2dec5243b11198eb13396588ed77e9d044a/macOS/DuckDuckGo/Localization/Localizable.xcstrings#L41525
macOS,labels,DuckDuckGo,feedback.problem-subcategory.large-banner-ads,,Large banner ads,Problem subcategory for oversized banner advertisements,,,true,extracted_with_value,,apps/apple/macOS/DuckDuckGo/Localization/Localizable.xcstrings,41585,https://github.com/duckduckgo/apple-browsers/blob/f1fdc2dec5243b11198eb13396588ed77e9d044a/macOS/DuckDuckGo/Localization/Localizable.xcstrings#L41585
macOS,labels,DuckDuckGo,feedback.problem-subcategory.logged-out-unexpectedly,,Logged out unexpectedly,Problem subcategory for unexpected logout issues,,,true,extracted_with_value,,apps/apple/macOS/DuckDuckGo/Localization/Localizable.xcstrings,41645,https://github.com/duckduckgo/apple-browsers/blob/f1fdc2dec5243b11198eb13396588ed77e9d044a/macOS/DuckDuckGo/Localization/Localizable.xcstrings#L41645
macOS,labels,DuckDuckGo,feedback.problem-subcategory.lost-tabs-or-history,,Lost tabs or history,Problem subcategory for data loss issues,,,true,extracted_with_value,,apps/apple/macOS/DuckDuckGo/Localization/Localizable.xcstrings,41705,https://github.com/duckduckgo/apple-browsers/blob/f1fdc2dec5243b11198eb13396588ed77e9d044a/macOS/DuckDuckGo/Localization/Localizable.xcstrings#L41705
macOS,labels,DuckDuckGo,feedback.problem-subcategory.new-tabs-open-slowly,,New tabs open slowly,Problem subcategory for slow new tab creation,,,true,extracted_with_value,,apps/apple/macOS/DuckDuckGo/Localization/Localizable.xcstrings,41765,https://github.com/duckduckgo/apple-browsers/blob/f1fdc2dec5243b11198eb13396588ed77e9d044a/macOS/DuckDuckGo/Localization/Localizable.xcstrings#L41765
macOS,labels,DuckDuckGo,feedback.problem-subcategory.no-download-history,,No download history,Problem subcategory for missing download history,,,true,extracted_with_value,,apps/apple/macOS/DuckDuckGo/Localization/Localizable.xcstrings,41825,https://github.com/duckduckgo/apple-browsers/blob/f1fdc2dec5243b11198eb13396588ed77e9d044a/macOS/DuckDuckGo/Localization/Localizable.xcstrings#L41825
macOS,labels,DuckDuckGo,feedback.problem-subcategory.no-downloads-history,,No downloads history,Problem subcategory for missing downloads history,,,true,extracted_with_value,,apps/apple/macOS/DuckDuckGo/Localization/Localizable.xcstrings,41885,https://github.com/duckduckgo/apple-browsers/blob/f1fdc2dec5243b11198eb13396588ed77e9d044a/macOS/DuckDuckGo/Localization/Localizable.xcstrings#L41885
macOS,labels,DuckDuckGo,feedback.problem-subcategory.passwords-management,,Passwords management,Problem subcategory for general password management issues,,,true,extracted_with_value,,apps/apple/macOS/DuckDuckGo/Localization/Localizable.xcstrings,41945,https://github.com/duckduckgo/apple-browsers/blob/f1fdc2dec5243b11198eb13396588ed77e9d044a/macOS/DuckDuckGo/Localization/Localizable.xcstrings#L41945
macOS,labels,DuckDuckGo,feedback.problem-subcategory.popup-windows-not-opening,,Pop-ups don't open,Problem subcategory for popup windows being blocked,,,true,extracted_with_value,,apps/apple/macOS/DuckDuckGo/Localization/Localizable.xcstrings,42005,https://github.com/duckduckgo/apple-browsers/blob/f1fdc2dec5243b11198eb13396588ed77e9d044a/macOS/DuckDuckGo/Localization/Localizable.xcstrings#L42005
macOS,labels,DuckDuckGo,feedback.problem-subcategory.promotional-messages,,Promotional messages,Problem subcategory for feedback related to promotional messages,,,true,extracted_with_value,,apps/apple/macOS/DuckDuckGo/Localization/Localizable.xcstrings,42065,https://github.com/duckduckgo/apple-browsers/blob/f1fdc2dec5243b11198eb13396588ed77e9d044a/macOS/DuckDuckGo/Localization/Localizable.xcstrings#L42065
macOS,labels,DuckDuckGo,feedback.problem-subcategory.site-asks-to-turn-off-ad-blocker,,Site asks to turn off ad blocker,Problem subcategory for ad blocker detection messages,,,true,extracted_with_value,,apps/apple/macOS/DuckDuckGo/Localization/Localizable.xcstrings,42125,https://github.com/duckduckgo/apple-browsers/blob/f1fdc2dec5243b11198eb13396588ed77e9d044a/macOS/DuckDuckGo/Localization/Localizable.xcstrings#L42125
macOS,labels,DuckDuckGo,feedback.problem-subcategory.site-looks-broken,,Site looks broken,Problem subcategory for website display issues,,,true,extracted_with_value,,apps/apple/macOS/DuckDuckGo/Localization/Localizable.xcstrings,42185,https://github.com/duckduckgo/apple-browsers/blob/f1fdc2dec5243b11198eb13396588ed77e9d044a/macOS/DuckDuckGo/Localization/Localizable.xcstrings#L42185
macOS,labels,DuckDuckGo,feedback.problem-subcategory.site-wont-load,,Site won't load,Problem subcategory for website loading failures,,,true,extracted_with_value,,apps/apple/macOS/DuckDuckGo/Localization/Localizable.xcstrings,42245,https://github.com/duckduckgo/apple-browsers/blob/f1fdc2dec5243b11198eb13396588ed77e9d044a/macOS/DuckDuckGo/Localization/Localizable.xcstrings#L42245
macOS,labels,DuckDuckGo,feedback.problem-subcategory.something-else,,Something else,Problem subcategory for other website issues,,,true,extracted_with_value,,apps/apple/macOS/DuckDuckGo/Localization/Localizable.xcstrings,42305,https://github.com/duckduckgo/apple-browsers/blob/f1fdc2dec5243b11198eb13396588ed77e9d044a/macOS/DuckDuckGo/Localization/Localizable.xcstrings#L42305
macOS,labels,DuckDuckGo,feedback.problem-subcategory.too-many-captchas,,Too many CAPTCHAs,Problem subcategory for excessive CAPTCHA prompts,,,true,extracted_with_value,,apps/apple/macOS/DuckDuckGo/Localization/Localizable.xcstrings,42365,https://github.com/duckduckgo/apple-browsers/blob/f1fdc2dec5243b11198eb13396588ed77e9d044a/macOS/DuckDuckGo/Localization/Localizable.xcstrings#L42365
macOS,labels,DuckDuckGo,feedback.problem-subcategory.too-many-updates,,Too many updates,Problem subcategory for excessive updates,,,true,extracted_with_value,,apps/apple/macOS/DuckDuckGo/Localization/Localizable.xcstrings,42425,https://github.com/duckduckgo/apple-browsers/blob/f1fdc2dec5243b11198eb13396588ed77e9d044a/macOS/DuckDuckGo/Localization/Localizable.xcstrings#L42425
macOS,labels,DuckDuckGo,feedback.problem-subcategory.uninstalling,,Uninstalling,Problem subcategory for uninstallation issues,,,true,extracted_with_value,,apps/apple/macOS/DuckDuckGo/Localization/Localizable.xcstrings,42485,https://github.com/duckduckgo/apple-browsers/blob/f1fdc2dec5243b11198eb13396588ed77e9d044a/macOS/DuckDuckGo/Localization/Localizable.xcstrings#L42485
macOS,labels,DuckDuckGo,feedback.problem-subcategory.video-audio-plays-automatically,,Video/audio plays automatically,Problem subcategory for unwanted autoplay,,,true,extracted_with_value,,apps/apple/macOS/DuckDuckGo/Localization/Localizable.xcstrings,42545,https://github.com/duckduckgo/apple-browsers/blob/f1fdc2dec5243b11198eb13396588ed77e9d044a/macOS/DuckDuckGo/Localization/Localizable.xcstrings#L42545
macOS,labels,DuckDuckGo,feedback.problem-subcategory.video-doesnt-play,,Video doesn't play,Problem subcategory for video playback issues,,,true,extracted_with_value,,apps/apple/macOS/DuckDuckGo/Localization/Localizable.xcstrings,42605,https://github.com/duckduckgo/apple-browsers/blob/f1fdc2dec5243b11198eb13396588ed77e9d044a/macOS/DuckDuckGo/Localization/Localizable.xcstrings#L42605
macOS,labels,DuckDuckGo,feedback.problem-subcategory.websites-load-slowly,,Websites load slowly,Problem subcategory for slow website loading,,,true,extracted_with_value,,apps/apple/macOS/DuckDuckGo/Localization/Localizable.xcstrings,42665,https://github.com/duckduckgo/apple-browsers/blob/f1fdc2dec5243b11198eb13396588ed77e9d044a/macOS/DuckDuckGo/Localization/Localizable.xcstrings#L42665
macOS,labels,DuckDuckGo,feedback.something-else,,Something else,Generic option for other feedback items,,,true,extracted_with_value,,apps/apple/macOS/DuckDuckGo/Localization/Localizable.xcstrings,43265,https://github.com/duckduckgo/apple-browsers/blob/f1fdc2dec5243b11198eb13396588ed77e9d044a/macOS/DuckDuckGo/Localization/Localizable.xcstrings#L43265
macOS,labels,DuckDuckGo,find.in.page,,%1$d of %2$d,Find in page status (e.g. 1 of 99),,%1$d %2$d,true,extracted_with_value,,apps/apple/macOS/DuckDuckGo/Localization/Localizable.xcstrings,43565,https://github.com/duckduckgo/apple-browsers/blob/f1fdc2dec5243b11198eb13396588ed77e9d044a/macOS/DuckDuckGo/Localization/Localizable.xcstrings#L43565
macOS,labels,DuckDuckGo,fire.animation.section.setting,,Animation,Section header in Data Clearing related to the Fire Animation.,,,true,extracted_with_value,,apps/apple/macOS/DuckDuckGo/Localization/Localizable.xcstrings,43985,https://github.com/duckduckgo/apple-browsers/blob/f1fdc2dec5243b11198eb13396588ed77e9d044a/macOS/DuckDuckGo/Localization/Localizable.xcstrings#L43985
macOS,labels,DuckDuckGo,fire.animation.toggle.value,,Show inferno animation when deleting data,Checkbox to toggle the fire animation to be on or off,,,true,extracted_with_value,,apps/apple/macOS/DuckDuckGo/Localization/Localizable.xcstrings,44045,https://github.com/duckduckgo/apple-browsers/blob/f1fdc2dec5243b11198eb13396588ed77e9d044a/macOS/DuckDuckGo/Localization/Localizable.xcstrings#L44045
macOS,labels,DuckDuckGo,fire.currentTab,,All sites visited in current tab,Configuration option for fire button,,,true,extracted_with_value,,apps/apple/macOS/DuckDuckGo/Localization/Localizable.xcstrings,44165,https://github.com/duckduckgo/apple-browsers/blob/f1fdc2dec5243b11198eb13396588ed77e9d044a/macOS/DuckDuckGo/Localization/Localizable.xcstrings#L44165
macOS,labels,DuckDuckGo,fire.dialog.choose.what.to.delete,,Choose what to delete,Fire dialog disclosure label that expands/collapses the data type toggles,,,true,extracted_with_value,,apps/apple/macOS/DuckDuckGo/Localization/Localizable.xcstrings,45117,https://github.com/duckduckgo/apple-browsers/blob/f1fdc2dec5243b11198eb13396588ed77e9d044a/macOS/DuckDuckGo/Localization/Localizable.xcstrings#L45117
macOS,labels,DuckDuckGo,fire.dialog.close.this.tab,,Close this tab.,Subtitle shown under the Tabs and windows row when scope is ‘Tab’. Means: the currently active tab will be closed.,,,true,extracted_with_value,,apps/apple/macOS/DuckDuckGo/Localization/Localizable.xcstrings,45417,https://github.com/duckduckgo/apple-browsers/blob/f1fdc2dec5243b11198eb13396588ed77e9d044a/macOS/DuckDuckGo/Localization/Localizable.xcstrings#L45417
macOS,labels,DuckDuckGo,fire.dialog.close.this.tab.after.deleting,,"Close this tab after deleting, except if it's pinned.","Checkbox caption for when the data clearing scope is ‘Tab’. Means: the currently active tab will be closed, unless it's pinned.",,,true,extracted_with_value,,apps/apple/macOS/DuckDuckGo/Localization/Localizable.xcstrings,45477,https://github.com/duckduckgo/apple-browsers/blob/f1fdc2dec5243b11198eb13396588ed77e9d044a/macOS/DuckDuckGo/Localization/Localizable.xcstrings#L45477
macOS,labels,DuckDuckGo,fire.dialog.deleting.data.from.this.tab,,Deleting browsing data from this tab…,Text shown in dialog while removing browsing data of the current tab,,,true,extracted_with_value,,apps/apple/macOS/DuckDuckGo/Localization/Localizable.xcstrings,46369,https://github.com/duckduckgo/apple-browsers/blob/f1fdc2dec5243b11198eb13396588ed77e9d044a/macOS/DuckDuckGo/Localization/Localizable.xcstrings#L46369
macOS,labels,DuckDuckGo,fire.dialog.history.count.tab,,Delete %#@items@ from this tab.,"Subtitle for Tab scope. Number of history items to be deleted from current tab, using plural substitutions for the count and noun (%#@items@).",,%#@items@,true,,,apps/apple/macOS/DuckDuckGo/Localization/Localizable.xcstrings,47190,https://github.com/duckduckgo/apple-browsers/blob/f1fdc2dec5243b11198eb13396588ed77e9d044a/macOS/DuckDuckGo/Localization/Localizable.xcstrings#L47190
macOS,labels,DuckDuckGo,fire.dialog.history.count.tab,items.plural:one,%arg item,"Subtitle for Tab scope. Number of history items to be deleted from current tab, using plural substitutions for the count and noun (%#@items@).",,%arg,true,,,apps/apple/macOS/DuckDuckGo/Localization/Localizable.xcstrings,47190,https://github.com/duckduckgo/apple-browsers/blob/f1fdc2dec5243b11198eb13396588ed77e9d044a/macOS/DuckDuckGo/Localization/Localizable.xcstrings#L47190
macOS,labels,DuckDuckGo,fire.dialog.history.count.tab,items.plural:other,%arg items,"Subtitle for Tab scope. Number of history items to be deleted from current tab, using plural substitutions for the count and noun (%#@items@).",,%arg,true,,,apps/apple/macOS/DuckDuckGo/Localization/Localizable.xcstrings,47190,https://github.com/duckduckgo/apple-browsers/blob/f1fdc2dec5243b11198eb13396588ed77e9d044a/macOS/DuckDuckGo/Localization/Localizable.xcstrings#L47190
macOS,labels,DuckDuckGo,fire.dialog.mode.all.data,,All data,Fire dialog mode for clearing all browsing data,,,true,extracted_with_value,,apps/apple/macOS/DuckDuckGo/Localization/Localizable.xcstrings,48923,https://github.com/duckduckgo/apple-browsers/blob/f1fdc2dec5243b11198eb13396588ed77e9d044a/macOS/DuckDuckGo/Localization/Localizable.xcstrings#L48923
macOS,labels,DuckDuckGo,fire.dialog.mode.tab,,From this tab,Fire dialog mode for clearing data from current tab,,,true,extracted_with_value,,apps/apple/macOS/DuckDuckGo/Localization/Localizable.xcstrings,48983,https://github.com/duckduckgo/apple-browsers/blob/f1fdc2dec5243b11198eb13396588ed77e9d044a/macOS/DuckDuckGo/Localization/Localizable.xcstrings#L48983
macOS,labels,DuckDuckGo,fire.dialog.more.options,,More Options,Accessibility label for the toolbar button that reveals more Fire dialog options,,,true,extracted_with_value,,apps/apple/macOS/DuckDuckGo/Localization/Localizable.xcstrings,49043,https://github.com/duckduckgo/apple-browsers/blob/f1fdc2dec5243b11198eb13396588ed77e9d044a/macOS/DuckDuckGo/Localization/Localizable.xcstrings#L49043
macOS,labels,DuckDuckGo,fire.dialog.segment.everything,,Everything,Segment label for Everything scope,,,true,extracted_with_value,,apps/apple/macOS/DuckDuckGo/Localization/Localizable.xcstrings,49103,https://github.com/duckduckgo/apple-browsers/blob/f1fdc2dec5243b11198eb13396588ed77e9d044a/macOS/DuckDuckGo/Localization/Localizable.xcstrings#L49103
macOS,labels,DuckDuckGo,fire.dialog.segment.tab,,Tab,Segment label for Tab scope,,,true,,,apps/apple/macOS/DuckDuckGo/Localization/Localizable.xcstrings,49163,https://github.com/duckduckgo/apple-browsers/blob/f1fdc2dec5243b11198eb13396588ed77e9d044a/macOS/DuckDuckGo/Localization/Localizable.xcstrings#L49163
macOS,labels,DuckDuckGo,fire.dialog.segment.window,,Window,Segment label for Window scope,,,true,,,apps/apple/macOS/DuckDuckGo/Localization/Localizable.xcstrings,49222,https://github.com/duckduckgo/apple-browsers/blob/f1fdc2dec5243b11198eb13396588ed77e9d044a/macOS/DuckDuckGo/Localization/Localizable.xcstrings#L49222
macOS,labels,DuckDuckGo,fire.dialog.tab-will-reload,,Pinned tab will reload.,Warning label shown when a single pinned tab will reload after burning,,,true,extracted_with_value,,apps/apple/macOS/DuckDuckGo/Localization/Localizable.xcstrings,50035,https://github.com/duckduckgo/apple-browsers/blob/f1fdc2dec5243b11198eb13396588ed77e9d044a/macOS/DuckDuckGo/Localization/Localizable.xcstrings#L50035
macOS,labels,DuckDuckGo,general.feedback-form.category.ai-chat,,Duck.ai,Description for the feedback form when the issue is related to Duck.ai,,,true,extracted_with_value,,apps/apple/macOS/DuckDuckGo/Localization/Localizable.xcstrings,51594,https://github.com/duckduckgo/apple-browsers/blob/f1fdc2dec5243b11198eb13396588ed77e9d044a/macOS/DuckDuckGo/Localization/Localizable.xcstrings#L51594
macOS,labels,DuckDuckGo,general.feedback-form.category.itr,,Identity Theft Restoration,Description for the feedback form when the issue is related to Identity Theft Restoration (ITR),,,true,extracted_with_value,,apps/apple/macOS/DuckDuckGo/Localization/Localizable.xcstrings,51654,https://github.com/duckduckgo/apple-browsers/blob/f1fdc2dec5243b11198eb13396588ed77e9d044a/macOS/DuckDuckGo/Localization/Localizable.xcstrings#L51654
macOS,labels,DuckDuckGo,general.feedback-form.category.pir,,Personal Information Removal,Description for the feedback form when the issue is related to Personal Info Removal (PIR),,,true,extracted_with_value,,apps/apple/macOS/DuckDuckGo/Localization/Localizable.xcstrings,51714,https://github.com/duckduckgo/apple-browsers/blob/f1fdc2dec5243b11198eb13396588ed77e9d044a/macOS/DuckDuckGo/Localization/Localizable.xcstrings#L51714
macOS,labels,DuckDuckGo,general.feedback-form.category.ppro,,Subscription and Payments,Description for the feedback form when the issue is related to subscription and payments,,,true,extracted_with_value,,apps/apple/macOS/DuckDuckGo/Localization/Localizable.xcstrings,51774,https://github.com/duckduckgo/apple-browsers/blob/f1fdc2dec5243b11198eb13396588ed77e9d044a/macOS/DuckDuckGo/Localization/Localizable.xcstrings#L51774
macOS,labels,DuckDuckGo,general.feedback-form.category.select-feature,,Select a category,Title for the feature selection state of the general feedback form,,,true,extracted_with_value,,apps/apple/macOS/DuckDuckGo/Localization/Localizable.xcstrings,51834,https://github.com/duckduckgo/apple-browsers/blob/f1fdc2dec5243b11198eb13396588ed77e9d044a/macOS/DuckDuckGo/Localization/Localizable.xcstrings#L51834
macOS,labels,DuckDuckGo,general.feedback-form.category.vpn,,VPN,Description for the feedback form when the issue is related to VPN,,,true,extracted_with_value,,apps/apple/macOS/DuckDuckGo/Localization/Localizable.xcstrings,51894,https://github.com/duckduckgo/apple-browsers/blob/f1fdc2dec5243b11198eb13396588ed77e9d044a/macOS/DuckDuckGo/Localization/Localizable.xcstrings#L51894
macOS,labels,DuckDuckGo,history.sites.label,,Sites,Label for the Sites section in history view showing unique domains visited,,,true,extracted_with_value,,apps/apple/macOS/DuckDuckGo/Localization/Localizable.xcstrings,53260,https://github.com/duckduckgo/apple-browsers/blob/f1fdc2dec5243b11198eb13396588ed77e9d044a/macOS/DuckDuckGo/Localization/Localizable.xcstrings#L53260
macOS,labels,DuckDuckGo,home.page.protection.duration,,PAST 7 DAYS,Past 7 days in uppercase.,,,true,extracted_with_value,,apps/apple/macOS/DuckDuckGo/Localization/Localizable.xcstrings,54506,https://github.com/duckduckgo/apple-browsers/blob/f1fdc2dec5243b11198eb13396588ed77e9d044a/macOS/DuckDuckGo/Localization/Localizable.xcstrings#L54506
macOS,labels,DuckDuckGo,home.page.settings.default.background,,Default,Default as in 'default background',,,true,extracted_with_value,,apps/apple/macOS/DuckDuckGo/Localization/Localizable.xcstrings,54746,https://github.com/duckduckgo/apple-browsers/blob/f1fdc2dec5243b11198eb13396588ed77e9d044a/macOS/DuckDuckGo/Localization/Localizable.xcstrings#L54746
macOS,labels,DuckDuckGo,Import from %@,,Import from %@,,,%@,true,,,apps/apple/macOS/DuckDuckGo/Localization/Localizable.xcstrings,55346,https://github.com/duckduckgo/apple-browsers/blob/f1fdc2dec5243b11198eb13396588ed77e9d044a/macOS/DuckDuckGo/Localization/Localizable.xcstrings#L55346
macOS,labels,DuckDuckGo,import.browser.data.bookmarks,,Import Bookmarks,Opens Import Browser Data dialog,,,true,extracted_with_value,,apps/apple/macOS/DuckDuckGo/Localization/Localizable.xcstrings,55998,https://github.com/duckduckgo/apple-browsers/blob/f1fdc2dec5243b11198eb13396588ed77e9d044a/macOS/DuckDuckGo/Localization/Localizable.xcstrings#L55998
macOS,labels,DuckDuckGo,import.browser.data.passwords,,Import Passwords…,Opens Import Browser Data dialog,,,true,extracted_with_value,,apps/apple/macOS/DuckDuckGo/Localization/Localizable.xcstrings,56178,https://github.com/duckduckgo/apple-browsers/blob/f1fdc2dec5243b11198eb13396588ed77e9d044a/macOS/DuckDuckGo/Localization/Localizable.xcstrings#L56178
macOS,labels,DuckDuckGo,import.drag-and-drop-file,,Drop your file here,Drag-and-drop instruction for importing a file,,,true,extracted_with_value,,apps/apple/macOS/DuckDuckGo/Localization/Localizable.xcstrings,58698,https://github.com/duckduckgo/apple-browsers/blob/f1fdc2dec5243b11198eb13396588ed77e9d044a/macOS/DuckDuckGo/Localization/Localizable.xcstrings#L58698
macOS,labels,DuckDuckGo,import.logins.passwords.explainer.encrypted,,Encrypted,Explanatory label stating that the passwords are encrypted,,,true,extracted_with_value,,apps/apple/macOS/DuckDuckGo/Localization/Localizable.xcstrings,59538,https://github.com/duckduckgo/apple-browsers/blob/f1fdc2dec5243b11198eb13396588ed77e9d044a/macOS/DuckDuckGo/Localization/Localizable.xcstrings#L59538
macOS,labels,DuckDuckGo,itr.feedback-form.category.access-code,,Issue with access code,Description for the feedback form when there is an issue with the access code,,,true,extracted_with_value,,apps/apple/macOS/DuckDuckGo/Localization/Localizable.xcstrings,62538,https://github.com/duckduckgo/apple-browsers/blob/f1fdc2dec5243b11198eb13396588ed77e9d044a/macOS/DuckDuckGo/Localization/Localizable.xcstrings#L62538
macOS,labels,DuckDuckGo,itr.feedback-form.category.contact-advisor,,Unable to contact advisor,Description for the feedback form when the user is unable to contact an advisor,,,true,extracted_with_value,,apps/apple/macOS/DuckDuckGo/Localization/Localizable.xcstrings,62598,https://github.com/duckduckgo/apple-browsers/blob/f1fdc2dec5243b11198eb13396588ed77e9d044a/macOS/DuckDuckGo/Localization/Localizable.xcstrings#L62598
macOS,labels,DuckDuckGo,itr.feedback-form.category.select-category,,Select a category,Title for the category selection state of the ITR feedback form,,,true,extracted_with_value,,apps/apple/macOS/DuckDuckGo/Localization/Localizable.xcstrings,62658,https://github.com/duckduckgo/apple-browsers/blob/f1fdc2dec5243b11198eb13396588ed77e9d044a/macOS/DuckDuckGo/Localization/Localizable.xcstrings#L62658
macOS,labels,DuckDuckGo,itr.feedback-form.category.something-else,,Something else,Description for the feedback form when the user has an issue not categorized in other options,,,true,extracted_with_value,,apps/apple/macOS/DuckDuckGo/Localization/Localizable.xcstrings,62718,https://github.com/duckduckgo/apple-browsers/blob/f1fdc2dec5243b11198eb13396588ed77e9d044a/macOS/DuckDuckGo/Localization/Localizable.xcstrings#L62718
macOS,labels,DuckDuckGo,itr.feedback-form.category.unhelpful,,Call to Advisor was unhelpful,Description for the feedback form when the call to an advisor was unhelpful,,,true,extracted_with_value,,apps/apple/macOS/DuckDuckGo/Localization/Localizable.xcstrings,62778,https://github.com/duckduckgo/apple-browsers/blob/f1fdc2dec5243b11198eb13396588ed77e9d044a/macOS/DuckDuckGo/Localization/Localizable.xcstrings#L62778
macOS,labels,DuckDuckGo,Left,,Left,Preference title aligning the bookmarks bar,,,true,,,apps/apple/macOS/DuckDuckGo/Localization/Localizable.xcstrings,62951,https://github.com/duckduckgo/apple-browsers/blob/f1fdc2dec5243b11198eb13396588ed77e9d044a/macOS/DuckDuckGo/Localization/Localizable.xcstrings#L62951
macOS,labels,DuckDuckGo,looking.for.bitwarden,,Bitwarden not installed…,Setup of the integration with Bitwarden app,,,true,extracted_with_value,,apps/apple/macOS/DuckDuckGo/Localization/Localizable.xcstrings,63004,https://github.com/duckduckgo/apple-browsers/blob/f1fdc2dec5243b11198eb13396588ed77e9d044a/macOS/DuckDuckGo/Localization/Localizable.xcstrings#L63004
macOS,labels,DuckDuckGo,more-options.zoom.default-zoom-page,,Change Default Page Zoom…,Default page zoom picker title,,,true,extracted_with_value,,apps/apple/macOS/DuckDuckGo/Localization/Localizable.xcstrings,66382,https://github.com/duckduckgo/apple-browsers/blob/f1fdc2dec5243b11198eb13396588ed77e9d044a/macOS/DuckDuckGo/Localization/Localizable.xcstrings#L66382
macOS,labels,DuckDuckGo,more.or.less.collapse,,Show Less,For collapsing views to show less.,,,true,extracted_with_value,,apps/apple/macOS/DuckDuckGo/Localization/Localizable.xcstrings,66442,https://github.com/duckduckgo/apple-browsers/blob/f1fdc2dec5243b11198eb13396588ed77e9d044a/macOS/DuckDuckGo/Localization/Localizable.xcstrings#L66442
macOS,labels,DuckDuckGo,more.or.less.expand,,Show More,For expanding views to show more.,,,true,extracted_with_value,,apps/apple/macOS/DuckDuckGo/Localization/Localizable.xcstrings,66502,https://github.com/duckduckgo/apple-browsers/blob/f1fdc2dec5243b11198eb13396588ed77e9d044a/macOS/DuckDuckGo/Localization/Localizable.xcstrings#L66502
macOS,labels,DuckDuckGo,mute.tab,,Mute Tab,Menu item. Mute tab,,,true,extracted_with_value,,apps/apple/macOS/DuckDuckGo/Localization/Localizable.xcstrings,66562,https://github.com/duckduckgo/apple-browsers/blob/f1fdc2dec5243b11198eb13396588ed77e9d044a/macOS/DuckDuckGo/Localization/Localizable.xcstrings#L66562
macOS,labels,DuckDuckGo,network.protection.navbar.status.view.send.feedback,,Send Feedback…,Menu item for 'Send Feedback' in the VPN status view that's shown in the navigation bar,,,true,extracted_with_value,,apps/apple/macOS/DuckDuckGo/Localization/Localizable.xcstrings,67342,https://github.com/duckduckgo/apple-browsers/blob/f1fdc2dec5243b11198eb13396588ed77e9d044a/macOS/DuckDuckGo/Localization/Localizable.xcstrings#L67342
macOS,labels,DuckDuckGo,network.protection.navbar.status.view.vpn.settings,,VPN Settings…,The status menu 'VPN Settings' menu item,,,true,extracted_with_value,,apps/apple/macOS/DuckDuckGo/Localization/Localizable.xcstrings,67402,https://github.com/duckduckgo/apple-browsers/blob/f1fdc2dec5243b11198eb13396588ed77e9d044a/macOS/DuckDuckGo/Localization/Localizable.xcstrings#L67402
macOS,labels,DuckDuckGo,network.protection.tunnel.name,,DuckDuckGo VPN,The name of the NetP VPN that will be visible in the system to the user,,,true,extracted_with_value,,apps/apple/macOS/DuckDuckGo/Localization/Localizable.xcstrings,67642,https://github.com/duckduckgo/apple-browsers/blob/f1fdc2dec5243b11198eb13396588ed77e9d044a/macOS/DuckDuckGo/Localization/Localizable.xcstrings#L67642
macOS,labels,DuckDuckGo,network.protection.vpn.location.country.item.formatted.cities.count,,%d cities,"Subtitle of countries item when there are multiple cities, example: '5 cities'",,%d,true,extracted_with_value,,apps/apple/macOS/DuckDuckGo/Localization/Localizable.xcstrings,67702,https://github.com/duckduckgo/apple-browsers/blob/f1fdc2dec5243b11198eb13396588ed77e9d044a/macOS/DuckDuckGo/Localization/Localizable.xcstrings#L67702
macOS,labels,DuckDuckGo,network.protection.vpn.location.formatter.nearest.location,,Nearest Location,Nearest available location setting description,,,true,extracted_with_value,,apps/apple/macOS/DuckDuckGo/Localization/Localizable.xcstrings,67762,https://github.com/duckduckgo/apple-browsers/blob/f1fdc2dec5243b11198eb13396588ed77e9d044a/macOS/DuckDuckGo/Localization/Localizable.xcstrings#L67762
macOS,labels,DuckDuckGo,Never Show,,Never Show,Preference for never showing the bookmarks bar on new tab,,,true,,,apps/apple/macOS/DuckDuckGo/Localization/Localizable.xcstrings,67882,https://github.com/duckduckgo/apple-browsers/blob/f1fdc2dec5243b11198eb13396588ed77e9d044a/macOS/DuckDuckGo/Localization/Localizable.xcstrings#L67882
macOS,labels,DuckDuckGo,new-tab-on-right.tab,,New Tab on Right,Menu item. Adds a New Tab to the Right of the Active one,,,true,extracted_with_value,,apps/apple/macOS/DuckDuckGo/Localization/Localizable.xcstrings,67995,https://github.com/duckduckgo/apple-browsers/blob/f1fdc2dec5243b11198eb13396588ed77e9d044a/macOS/DuckDuckGo/Localization/Localizable.xcstrings#L67995
macOS,labels,DuckDuckGo,newTab.favorites.section.omnibar,,Search,Title of the Search section in the home page,,,true,extracted_with_value,,apps/apple/macOS/DuckDuckGo/Localization/Localizable.xcstrings,68295,https://github.com/duckduckgo/apple-browsers/blob/f1fdc2dec5243b11198eb13396588ed77e9d044a/macOS/DuckDuckGo/Localization/Localizable.xcstrings#L68295
macOS,labels,DuckDuckGo,newTab.recent.activity.just.now,,Just now,Relative timestamp for a URL that was last visited within recent 60 seconds,,,true,extracted_with_value,,apps/apple/macOS/DuckDuckGo/Localization/Localizable.xcstrings,68774,https://github.com/duckduckgo/apple-browsers/blob/f1fdc2dec5243b11198eb13396588ed77e9d044a/macOS/DuckDuckGo/Localization/Localizable.xcstrings#L68774
macOS,labels,DuckDuckGo,none,,None,Generic 'None' label,,,true,extracted_with_value,,apps/apple/macOS/DuckDuckGo/Localization/Localizable.xcstrings,69434,https://github.com/duckduckgo/apple-browsers/blob/f1fdc2dec5243b11198eb13396588ed77e9d044a/macOS/DuckDuckGo/Localization/Localizable.xcstrings#L69434
macOS,labels,DuckDuckGo,Only Show on New Tab,,Only Show on New Tab,Preference for only showing the bookmarks bar on new tab,,,true,,,apps/apple/macOS/DuckDuckGo/Localization/Localizable.xcstrings,71377,https://github.com/duckduckgo/apple-browsers/blob/f1fdc2dec5243b11198eb13396588ed77e9d044a/macOS/DuckDuckGo/Localization/Localizable.xcstrings#L71377
macOS,labels,DuckDuckGo,open.image.in.new.burner.tab,,Open Image in New Fire Tab,Context menu item,,,true,extracted_with_value,,apps/apple/macOS/DuckDuckGo/Localization/Localizable.xcstrings,71850,https://github.com/duckduckgo/apple-browsers/blob/f1fdc2dec5243b11198eb13396588ed77e9d044a/macOS/DuckDuckGo/Localization/Localizable.xcstrings#L71850
macOS,labels,DuckDuckGo,open.image.in.new.tab,,Open Image in New Tab,Context menu item,,,true,extracted_with_value,,apps/apple/macOS/DuckDuckGo/Localization/Localizable.xcstrings,71910,https://github.com/duckduckgo/apple-browsers/blob/f1fdc2dec5243b11198eb13396588ed77e9d044a/macOS/DuckDuckGo/Localization/Localizable.xcstrings#L71910
macOS,labels,DuckDuckGo,open.in,,Open in %@,Opening an entity in other application,,%@,true,extracted_with_value,,apps/apple/macOS/DuckDuckGo/Localization/Localizable.xcstrings,71970,https://github.com/duckduckgo/apple-browsers/blob/f1fdc2dec5243b11198eb13396588ed77e9d044a/macOS/DuckDuckGo/Localization/Localizable.xcstrings#L71970
macOS,labels,DuckDuckGo,open.in.new.tab,,Open in New Tab,Menu item that opens the link in a new tab,,,true,extracted_with_value,,apps/apple/macOS/DuckDuckGo/Localization/Localizable.xcstrings,72090,https://github.com/duckduckgo/apple-browsers/blob/f1fdc2dec5243b11198eb13396588ed77e9d044a/macOS/DuckDuckGo/Localization/Localizable.xcstrings#L72090
macOS,labels,DuckDuckGo,open.link.in.new.burner.tab,,Open Link in New Fire Tab,Context menu item,,,true,extracted_with_value,,apps/apple/macOS/DuckDuckGo/Localization/Localizable.xcstrings,72210,https://github.com/duckduckgo/apple-browsers/blob/f1fdc2dec5243b11198eb13396588ed77e9d044a/macOS/DuckDuckGo/Localization/Localizable.xcstrings#L72210
macOS,labels,DuckDuckGo,open.link.in.new.tab,,Open Link in New Tab,Context menu item,,,true,extracted_with_value,,apps/apple/macOS/DuckDuckGo/Localization/Localizable.xcstrings,72330,https://github.com/duckduckgo/apple-browsers/blob/f1fdc2dec5243b11198eb13396588ed77e9d044a/macOS/DuckDuckGo/Localization/Localizable.xcstrings#L72330
macOS,labels,DuckDuckGo,open.preferences,,Open System Preferences,Open System Preferences (to re-enable permission for the App) (up to and including macOS 12,,,true,extracted_with_value,,apps/apple/macOS/DuckDuckGo/Localization/Localizable.xcstrings,72510,https://github.com/duckduckgo/apple-browsers/blob/f1fdc2dec5243b11198eb13396588ed77e9d044a/macOS/DuckDuckGo/Localization/Localizable.xcstrings#L72510
macOS,labels,DuckDuckGo,paid-duck-ai.feedback-form.category.access-subscription-models,,Unable to access the subscriber-only Duck.ai models,Description for the feedback form when there is an issue with accessing the paid tier models,,,true,extracted_with_value,,apps/apple/macOS/DuckDuckGo/Localization/Localizable.xcstrings,72990,https://github.com/duckduckgo/apple-browsers/blob/f1fdc2dec5243b11198eb13396588ed77e9d044a/macOS/DuckDuckGo/Localization/Localizable.xcstrings#L72990
macOS,labels,DuckDuckGo,paid-duck-ai.feedback-form.category.login-third-party-browser,,Can't access Duck.ai with my subscription in other browsers,Description for the feedback form when there is an issue with logging into Duck.ai,,,true,extracted_with_value,,apps/apple/macOS/DuckDuckGo/Localization/Localizable.xcstrings,73050,https://github.com/duckduckgo/apple-browsers/blob/f1fdc2dec5243b11198eb13396588ed77e9d044a/macOS/DuckDuckGo/Localization/Localizable.xcstrings#L73050
macOS,labels,DuckDuckGo,paid-duck-ai.feedback-form.category.select-category,,Select a category,Title for the category selection state of the paid duck.ai feedback form,,,true,extracted_with_value,,apps/apple/macOS/DuckDuckGo/Localization/Localizable.xcstrings,73110,https://github.com/duckduckgo/apple-browsers/blob/f1fdc2dec5243b11198eb13396588ed77e9d044a/macOS/DuckDuckGo/Localization/Localizable.xcstrings#L73110
macOS,labels,DuckDuckGo,paid-duck-ai.feedback-form.category.something-else,,Other Duck.ai feedback,Description for the feedback form when the user has an issue not categorized in other options,,,true,extracted_with_value,,apps/apple/macOS/DuckDuckGo/Localization/Localizable.xcstrings,73170,https://github.com/duckduckgo/apple-browsers/blob/f1fdc2dec5243b11198eb13396588ed77e9d044a/macOS/DuckDuckGo/Localization/Localizable.xcstrings#L73170
macOS,labels,DuckDuckGo,passsword.management.save.credentials.account.label,,Connected to %@,"In the password manager dialog, label that specifies the password manager vault we are connected with",,%@,true,extracted_with_value,,apps/apple/macOS/DuckDuckGo/Localization/Localizable.xcstrings,73650,https://github.com/duckduckgo/apple-browsers/blob/f1fdc2dec5243b11198eb13396588ed77e9d044a/macOS/DuckDuckGo/Localization/Localizable.xcstrings#L73650
macOS,labels,DuckDuckGo,permission.autoplay,,Autoplay,Display name for the autoplay permission type in Permission Center,,,true,extracted_with_value,,apps/apple/macOS/DuckDuckGo/Localization/Localizable.xcstrings,75870,https://github.com/duckduckgo/apple-browsers/blob/f1fdc2dec5243b11198eb13396588ed77e9d044a/macOS/DuckDuckGo/Localization/Localizable.xcstrings#L75870
macOS,labels,DuckDuckGo,permission.camera,,Camera,Camera input media device name,,,true,extracted_with_value,,apps/apple/macOS/DuckDuckGo/Localization/Localizable.xcstrings,75930,https://github.com/duckduckgo/apple-browsers/blob/f1fdc2dec5243b11198eb13396588ed77e9d044a/macOS/DuckDuckGo/Localization/Localizable.xcstrings#L75930
macOS,labels,DuckDuckGo,permission.cameraAndmicrophone,,Camera and Microphone,camera and microphone input media devices name,,,true,extracted_with_value,,apps/apple/macOS/DuckDuckGo/Localization/Localizable.xcstrings,75990,https://github.com/duckduckgo/apple-browsers/blob/f1fdc2dec5243b11198eb13396588ed77e9d044a/macOS/DuckDuckGo/Localization/Localizable.xcstrings#L75990
macOS,labels,DuckDuckGo,permission.center.always.allow,,Always allow,Permission center dropdown option to always allow permission,,,true,extracted_with_value,,apps/apple/macOS/DuckDuckGo/Localization/Localizable.xcstrings,76050,https://github.com/duckduckgo/apple-browsers/blob/f1fdc2dec5243b11198eb13396588ed77e9d044a/macOS/DuckDuckGo/Localization/Localizable.xcstrings#L76050
macOS,labels,DuckDuckGo,permission.center.always.ask,,Always ask,Permission center dropdown option to always ask for permission,,,true,extracted_with_value,,apps/apple/macOS/DuckDuckGo/Localization/Localizable.xcstrings,76110,https://github.com/duckduckgo/apple-browsers/blob/f1fdc2dec5243b11198eb13396588ed77e9d044a/macOS/DuckDuckGo/Localization/Localizable.xcstrings#L76110
macOS,labels,DuckDuckGo,permission.center.external.scheme.format,,Open “%@” links,"Format for external scheme row, %@ is scheme name like mailto or sms",,%@,true,extracted_with_value,,apps/apple/macOS/DuckDuckGo/Localization/Localizable.xcstrings,76470,https://github.com/duckduckgo/apple-browsers/blob/f1fdc2dec5243b11198eb13396588ed77e9d044a/macOS/DuckDuckGo/Localization/Localizable.xcstrings#L76470
macOS,labels,DuckDuckGo,permission.center.never.allow,,Never allow,Permission center dropdown option to never allow permission,,,true,extracted_with_value,,apps/apple/macOS/DuckDuckGo/Localization/Localizable.xcstrings,76530,https://github.com/duckduckgo/apple-browsers/blob/f1fdc2dec5243b11198eb13396588ed77e9d044a/macOS/DuckDuckGo/Localization/Localizable.xcstrings#L76530
macOS,labels,DuckDuckGo,permission.disabled.app,,%1$@ access is disabled for %2$@,The app (DuckDuckGo: %@ 2) has no access permission to (%@ 1) media device,,%1$@ %2$@,true,extracted_with_value,,apps/apple/macOS/DuckDuckGo/Localization/Localizable.xcstrings,77070,https://github.com/duckduckgo/apple-browsers/blob/f1fdc2dec5243b11198eb13396588ed77e9d044a/macOS/DuckDuckGo/Localization/Localizable.xcstrings#L77070
macOS,labels,DuckDuckGo,permission.disabled.system,,System location services are disabled,Geolocation Services are disabled in System Preferences,,,true,extracted_with_value,,apps/apple/macOS/DuckDuckGo/Localization/Localizable.xcstrings,77130,https://github.com/duckduckgo/apple-browsers/blob/f1fdc2dec5243b11198eb13396588ed77e9d044a/macOS/DuckDuckGo/Localization/Localizable.xcstrings#L77130
macOS,labels,DuckDuckGo,permission.externalScheme.open.format,,Open %@,Open %@ App Name,,%@,true,extracted_with_value,,apps/apple/macOS/DuckDuckGo/Localization/Localizable.xcstrings,77190,https://github.com/duckduckgo/apple-browsers/blob/f1fdc2dec5243b11198eb13396588ed77e9d044a/macOS/DuckDuckGo/Localization/Localizable.xcstrings#L77190
macOS,labels,DuckDuckGo,permission.geolocation,,Location,User's Geolocation permission access name,,,true,extracted_with_value,,apps/apple/macOS/DuckDuckGo/Localization/Localizable.xcstrings,77250,https://github.com/duckduckgo/apple-browsers/blob/f1fdc2dec5243b11198eb13396588ed77e9d044a/macOS/DuckDuckGo/Localization/Localizable.xcstrings#L77250
macOS,labels,DuckDuckGo,permission.microphone,,Microphone,Microphone input media device name,,,true,extracted_with_value,,apps/apple/macOS/DuckDuckGo/Localization/Localizable.xcstrings,77430,https://github.com/duckduckgo/apple-browsers/blob/f1fdc2dec5243b11198eb13396588ed77e9d044a/macOS/DuckDuckGo/Localization/Localizable.xcstrings#L77430
macOS,labels,DuckDuckGo,permission.open.settings,,Open System Settings,Open System Settings (to re-enable permission for the App) (macOS 13 and above),,,true,extracted_with_value,,apps/apple/macOS/DuckDuckGo/Localization/Localizable.xcstrings,77550,https://github.com/duckduckgo/apple-browsers/blob/f1fdc2dec5243b11198eb13396588ed77e9d044a/macOS/DuckDuckGo/Localization/Localizable.xcstrings#L77550
macOS,labels,DuckDuckGo,permission.popover.deny,,Deny,Permission Popover: Deny Website input media device access,,,true,extracted_with_value,,apps/apple/macOS/DuckDuckGo/Localization/Localizable.xcstrings,77610,https://github.com/duckduckgo/apple-browsers/blob/f1fdc2dec5243b11198eb13396588ed77e9d044a/macOS/DuckDuckGo/Localization/Localizable.xcstrings#L77610
macOS,labels,DuckDuckGo,permission.popup.allow.popups.page,,Only allow pop-ups for this visit,Option to temporarily allow pop-ups for the current page during this visit until it reloads,,,true,extracted_with_value,,apps/apple/macOS/DuckDuckGo/Localization/Localizable.xcstrings,77910,https://github.com/duckduckgo/apple-browsers/blob/f1fdc2dec5243b11198eb13396588ed77e9d044a/macOS/DuckDuckGo/Localization/Localizable.xcstrings#L77910
macOS,labels,DuckDuckGo,permission.popups,,Pop-ups,Open pop-up windows permission access name,,,true,extracted_with_value,,apps/apple/macOS/DuckDuckGo/Localization/Localizable.xcstrings,78731,https://github.com/duckduckgo/apple-browsers/blob/f1fdc2dec5243b11198eb13396588ed77e9d044a/macOS/DuckDuckGo/Localization/Localizable.xcstrings#L78731
macOS,labels,DuckDuckGo,permission.reloadPage,,Reload to ask permission again,Reload webpage to ask for input media device access permission again,,,true,extracted_with_value,,apps/apple/macOS/DuckDuckGo/Localization/Localizable.xcstrings,78791,https://github.com/duckduckgo/apple-browsers/blob/f1fdc2dec5243b11198eb13396588ed77e9d044a/macOS/DuckDuckGo/Localization/Localizable.xcstrings#L78791
macOS,labels,DuckDuckGo,phishing-detection.deprecated.enabled.checkbox,,Warn me on sites flagged for phishing or malware.,Checkbox that enables or disables the phishing and malware detection feature in the browser,,,true,extracted_with_value,,apps/apple/macOS/DuckDuckGo/Localization/Localizable.xcstrings,79511,https://github.com/duckduckgo/apple-browsers/blob/f1fdc2dec5243b11198eb13396588ed77e9d044a/macOS/DuckDuckGo/Localization/Localizable.xcstrings#L79511
macOS,labels,DuckDuckGo,phishing-detection.enabled.checkbox,,"Warn me on sites flagged for scams, phishing, or malware.",Checkbox that enables or disables the phishing and malware detection feature in the browser,,,true,extracted_with_value,,apps/apple/macOS/DuckDuckGo/Localization/Localizable.xcstrings,79571,https://github.com/duckduckgo/apple-browsers/blob/f1fdc2dec5243b11198eb13396588ed77e9d044a/macOS/DuckDuckGo/Localization/Localizable.xcstrings#L79571
macOS,labels,DuckDuckGo,pin.tab,,Pin Tab,Menu item. Pin as a verb,,,true,extracted_with_value,,apps/apple/macOS/DuckDuckGo/Localization/Localizable.xcstrings,79751,https://github.com/duckduckgo/apple-browsers/blob/f1fdc2dec5243b11198eb13396588ed77e9d044a/macOS/DuckDuckGo/Localization/Localizable.xcstrings#L79751
macOS,labels,DuckDuckGo,pinned.tabs.mode.separate,,Separate in each window,Preferences > Tabs > Pinned tabs are different in each window,,,true,extracted_with_value,,apps/apple/macOS/DuckDuckGo/Localization/Localizable.xcstrings,80111,https://github.com/duckduckgo/apple-browsers/blob/f1fdc2dec5243b11198eb13396588ed77e9d044a/macOS/DuckDuckGo/Localization/Localizable.xcstrings#L80111
macOS,labels,DuckDuckGo,pinned.tabs.mode.shared,,Shared across all windows,Preferences > Tabs > Pinned tabs are shared across all windows,,,true,extracted_with_value,,apps/apple/macOS/DuckDuckGo/Localization/Localizable.xcstrings,80171,https://github.com/duckduckgo/apple-browsers/blob/f1fdc2dec5243b11198eb13396588ed77e9d044a/macOS/DuckDuckGo/Localization/Localizable.xcstrings#L80171
macOS,labels,DuckDuckGo,pir.feedback-form.category.not-me,,The scan found records which aren't me,Description for the feedback form when the scan found records that don’t belong to the user,,,true,extracted_with_value,,apps/apple/macOS/DuckDuckGo/Localization/Localizable.xcstrings,80891,https://github.com/duckduckgo/apple-browsers/blob/f1fdc2dec5243b11198eb13396588ed77e9d044a/macOS/DuckDuckGo/Localization/Localizable.xcstrings#L80891
macOS,labels,DuckDuckGo,pir.feedback-form.category.other,,Something else,Description for the feedback form when the user has an issue not categorized in other options,,,true,extracted_with_value,,apps/apple/macOS/DuckDuckGo/Localization/Localizable.xcstrings,80951,https://github.com/duckduckgo/apple-browsers/blob/f1fdc2dec5243b11198eb13396588ed77e9d044a/macOS/DuckDuckGo/Localization/Localizable.xcstrings#L80951
macOS,labels,DuckDuckGo,pir.feedback-form.category.removal-stuck,,The removal process is stuck,Description for the feedback form when the removal process is stuck,,,true,extracted_with_value,,apps/apple/macOS/DuckDuckGo/Localization/Localizable.xcstrings,81011,https://github.com/duckduckgo/apple-browsers/blob/f1fdc2dec5243b11198eb13396588ed77e9d044a/macOS/DuckDuckGo/Localization/Localizable.xcstrings#L81011
macOS,labels,DuckDuckGo,pir.feedback-form.category.scan-stuck,,The scan for records is stuck,Description for the feedback form when the scan process is stuck,,,true,extracted_with_value,,apps/apple/macOS/DuckDuckGo/Localization/Localizable.xcstrings,81071,https://github.com/duckduckgo/apple-browsers/blob/f1fdc2dec5243b11198eb13396588ed77e9d044a/macOS/DuckDuckGo/Localization/Localizable.xcstrings#L81071
macOS,labels,DuckDuckGo,pir.feedback-form.category.select-category,,Select a category,Title for the category selection state of the PIR feedback form,,,true,extracted_with_value,,apps/apple/macOS/DuckDuckGo/Localization/Localizable.xcstrings,81131,https://github.com/duckduckgo/apple-browsers/blob/f1fdc2dec5243b11198eb13396588ed77e9d044a/macOS/DuckDuckGo/Localization/Localizable.xcstrings#L81131
macOS,labels,DuckDuckGo,pm.added,,Added,Label for login added data,,,true,extracted_with_value,,apps/apple/macOS/DuckDuckGo/Localization/Localizable.xcstrings,81551,https://github.com/duckduckgo/apple-browsers/blob/f1fdc2dec5243b11198eb13396588ed77e9d044a/macOS/DuckDuckGo/Localization/Localizable.xcstrings#L81551
macOS,labels,DuckDuckGo,pm.address.address1,,Address 1,Label for address 1 title,,,true,extracted_with_value,,apps/apple/macOS/DuckDuckGo/Localization/Localizable.xcstrings,81611,https://github.com/duckduckgo/apple-browsers/blob/f1fdc2dec5243b11198eb13396588ed77e9d044a/macOS/DuckDuckGo/Localization/Localizable.xcstrings#L81611
macOS,labels,DuckDuckGo,pm.address.address2,,Address 2,Label for address 2 title,,,true,extracted_with_value,,apps/apple/macOS/DuckDuckGo/Localization/Localizable.xcstrings,81671,https://github.com/duckduckgo/apple-browsers/blob/f1fdc2dec5243b11198eb13396588ed77e9d044a/macOS/DuckDuckGo/Localization/Localizable.xcstrings#L81671
macOS,labels,DuckDuckGo,pm.address.city,,City,Label for city title,,,true,extracted_with_value,,apps/apple/macOS/DuckDuckGo/Localization/Localizable.xcstrings,81731,https://github.com/duckduckgo/apple-browsers/blob/f1fdc2dec5243b11198eb13396588ed77e9d044a/macOS/DuckDuckGo/Localization/Localizable.xcstrings#L81731
macOS,labels,DuckDuckGo,pm.address.postal-code,,Postal Code,Label for postal code title,,,true,extracted_with_value,,apps/apple/macOS/DuckDuckGo/Localization/Localizable.xcstrings,81791,https://github.com/duckduckgo/apple-browsers/blob/f1fdc2dec5243b11198eb13396588ed77e9d044a/macOS/DuckDuckGo/Localization/Localizable.xcstrings#L81791
macOS,labels,DuckDuckGo,pm.address.state-province,,State/Province,Label for state/province title,,,true,extracted_with_value,,apps/apple/macOS/DuckDuckGo/Localization/Localizable.xcstrings,81851,https://github.com/duckduckgo/apple-browsers/blob/f1fdc2dec5243b11198eb13396588ed77e9d044a/macOS/DuckDuckGo/Localization/Localizable.xcstrings#L81851
macOS,labels,DuckDuckGo,pm.card.cardholder-name,,Name on card,Label for cardholder name title,,,true,extracted_with_value,,apps/apple/macOS/DuckDuckGo/Localization/Localizable.xcstrings,81971,https://github.com/duckduckgo/apple-browsers/blob/f1fdc2dec5243b11198eb13396588ed77e9d044a/macOS/DuckDuckGo/Localization/Localizable.xcstrings#L81971
macOS,labels,DuckDuckGo,pm.card.cvv,,CVV,Label for CVV title,,,true,extracted_with_value,,apps/apple/macOS/DuckDuckGo/Localization/Localizable.xcstrings,82031,https://github.com/duckduckgo/apple-browsers/blob/f1fdc2dec5243b11198eb13396588ed77e9d044a/macOS/DuckDuckGo/Localization/Localizable.xcstrings#L82031
macOS,labels,DuckDuckGo,pm.card.expiration-date,,Expiration Date,Label for expiration date title,,,true,extracted_with_value,,apps/apple/macOS/DuckDuckGo/Localization/Localizable.xcstrings,82091,https://github.com/duckduckgo/apple-browsers/blob/f1fdc2dec5243b11198eb13396588ed77e9d044a/macOS/DuckDuckGo/Localization/Localizable.xcstrings#L82091
macOS,labels,DuckDuckGo,pm.card.expires.format,,Expires: %@,"Label for credit card expiration date. %@ will be replaced with the formatted date (e.g., '02/2025')",,%@,true,extracted_with_value,,apps/apple/macOS/DuckDuckGo/Localization/Localizable.xcstrings,82211,https://github.com/duckduckgo/apple-browsers/blob/f1fdc2dec5243b11198eb13396588ed77e9d044a/macOS/DuckDuckGo/Localization/Localizable.xcstrings#L82211
macOS,labels,DuckDuckGo,pm.card.number,,Card Number,Label for card number title,,,true,extracted_with_value,,apps/apple/macOS/DuckDuckGo/Localization/Localizable.xcstrings,82271,https://github.com/duckduckgo/apple-browsers/blob/f1fdc2dec5243b11198eb13396588ed77e9d044a/macOS/DuckDuckGo/Localization/Localizable.xcstrings#L82271
macOS,labels,DuckDuckGo,pm.day,,Day,Label for Day title,,,true,extracted_with_value,,apps/apple/macOS/DuckDuckGo/Localization/Localizable.xcstrings,82631,https://github.com/duckduckgo/apple-browsers/blob/f1fdc2dec5243b11198eb13396588ed77e9d044a/macOS/DuckDuckGo/Localization/Localizable.xcstrings#L82631
macOS,labels,DuckDuckGo,pm.email-address,,Email Address,Label for email address title,,,true,extracted_with_value,,apps/apple/macOS/DuckDuckGo/Localization/Localizable.xcstrings,82931,https://github.com/duckduckgo/apple-browsers/blob/f1fdc2dec5243b11198eb13396588ed77e9d044a/macOS/DuckDuckGo/Localization/Localizable.xcstrings#L82931
macOS,labels,DuckDuckGo,pm.identification,,Identification,Label for identification title,,,true,extracted_with_value,,apps/apple/macOS/DuckDuckGo/Localization/Localizable.xcstrings,84071,https://github.com/duckduckgo/apple-browsers/blob/f1fdc2dec5243b11198eb13396588ed77e9d044a/macOS/DuckDuckGo/Localization/Localizable.xcstrings#L84071
macOS,labels,DuckDuckGo,pm.last.updated,,Last Updated,Label for last updated edit field,,,true,extracted_with_value,,apps/apple/macOS/DuckDuckGo/Localization/Localizable.xcstrings,84251,https://github.com/duckduckgo/apple-browsers/blob/f1fdc2dec5243b11198eb13396588ed77e9d044a/macOS/DuckDuckGo/Localization/Localizable.xcstrings#L84251
macOS,labels,DuckDuckGo,pm.lock-screen.preferences.label,,Change in,Label used for a button that opens preferences,,,true,extracted_with_value,,apps/apple/macOS/DuckDuckGo/Localization/Localizable.xcstrings,84371,https://github.com/duckduckgo/apple-browsers/blob/f1fdc2dec5243b11198eb13396588ed77e9d044a/macOS/DuckDuckGo/Localization/Localizable.xcstrings#L84371
macOS,labels,DuckDuckGo,pm.lock-screen.threshold.1-hour,,1 hour,Label used when selecting the Auto-Lock threshold,,,true,extracted_with_value,,apps/apple/macOS/DuckDuckGo/Localization/Localizable.xcstrings,84731,https://github.com/duckduckgo/apple-browsers/blob/f1fdc2dec5243b11198eb13396588ed77e9d044a/macOS/DuckDuckGo/Localization/Localizable.xcstrings#L84731
macOS,labels,DuckDuckGo,pm.lock-screen.threshold.1-minute,,1 minute,Label used when selecting the Auto-Lock threshold,,,true,extracted_with_value,,apps/apple/macOS/DuckDuckGo/Localization/Localizable.xcstrings,84791,https://github.com/duckduckgo/apple-browsers/blob/f1fdc2dec5243b11198eb13396588ed77e9d044a/macOS/DuckDuckGo/Localization/Localizable.xcstrings#L84791
macOS,labels,DuckDuckGo,pm.lock-screen.threshold.5-minutes,,5 minutes,Label used when selecting the Auto-Lock threshold,,,true,extracted_with_value,,apps/apple/macOS/DuckDuckGo/Localization/Localizable.xcstrings,84851,https://github.com/duckduckgo/apple-browsers/blob/f1fdc2dec5243b11198eb13396588ed77e9d044a/macOS/DuckDuckGo/Localization/Localizable.xcstrings#L84851
macOS,labels,DuckDuckGo,pm.lock-screen.threshold.12-hours,,12 hours,Label used when selecting the Auto-Lock threshold,,,true,extracted_with_value,,apps/apple/macOS/DuckDuckGo/Localization/Localizable.xcstrings,84911,https://github.com/duckduckgo/apple-browsers/blob/f1fdc2dec5243b11198eb13396588ed77e9d044a/macOS/DuckDuckGo/Localization/Localizable.xcstrings#L84911
macOS,labels,DuckDuckGo,pm.lock-screen.threshold.15-minutes,,15 minutes,Label used when selecting the Auto-Lock threshold,,,true,extracted_with_value,,apps/apple/macOS/DuckDuckGo/Localization/Localizable.xcstrings,84971,https://github.com/duckduckgo/apple-browsers/blob/f1fdc2dec5243b11198eb13396588ed77e9d044a/macOS/DuckDuckGo/Localization/Localizable.xcstrings#L84971
macOS,labels,DuckDuckGo,pm.lock-screen.threshold.30-minutes,,30 minutes,Label used when selecting the Auto-Lock threshold,,,true,extracted_with_value,,apps/apple/macOS/DuckDuckGo/Localization/Localizable.xcstrings,85031,https://github.com/duckduckgo/apple-browsers/blob/f1fdc2dec5243b11198eb13396588ed77e9d044a/macOS/DuckDuckGo/Localization/Localizable.xcstrings#L85031
macOS,labels,DuckDuckGo,pm.month,,Month,Label for Month title,,,true,extracted_with_value,,apps/apple/macOS/DuckDuckGo/Localization/Localizable.xcstrings,85331,https://github.com/duckduckgo/apple-browsers/blob/f1fdc2dec5243b11198eb13396588ed77e9d044a/macOS/DuckDuckGo/Localization/Localizable.xcstrings#L85331
macOS,labels,DuckDuckGo,pm.name.first,,First Name,Label for first name title,,,true,extracted_with_value,,apps/apple/macOS/DuckDuckGo/Localization/Localizable.xcstrings,85391,https://github.com/duckduckgo/apple-browsers/blob/f1fdc2dec5243b11198eb13396588ed77e9d044a/macOS/DuckDuckGo/Localization/Localizable.xcstrings#L85391
macOS,labels,DuckDuckGo,pm.name.last,,Last Name,Label for last name title,,,true,extracted_with_value,,apps/apple/macOS/DuckDuckGo/Localization/Localizable.xcstrings,85451,https://github.com/duckduckgo/apple-browsers/blob/f1fdc2dec5243b11198eb13396588ed77e9d044a/macOS/DuckDuckGo/Localization/Localizable.xcstrings#L85451
macOS,labels,DuckDuckGo,pm.name.middle,,Middle Name,Label for middle name title,,,true,extracted_with_value,,apps/apple/macOS/DuckDuckGo/Localization/Localizable.xcstrings,85511,https://github.com/duckduckgo/apple-browsers/blob/f1fdc2dec5243b11198eb13396588ed77e9d044a/macOS/DuckDuckGo/Localization/Localizable.xcstrings#L85511
macOS,labels,DuckDuckGo,pm.new.card,,Credit Card,Label for new card title,,,true,extracted_with_value,,apps/apple/macOS/DuckDuckGo/Localization/Localizable.xcstrings,85571,https://github.com/duckduckgo/apple-browsers/blob/f1fdc2dec5243b11198eb13396588ed77e9d044a/macOS/DuckDuckGo/Localization/Localizable.xcstrings#L85571
macOS,labels,DuckDuckGo,pm.new.identity,,Identity,Label for new identity title,,,true,extracted_with_value,,apps/apple/macOS/DuckDuckGo/Localization/Localizable.xcstrings,85631,https://github.com/duckduckgo/apple-browsers/blob/f1fdc2dec5243b11198eb13396588ed77e9d044a/macOS/DuckDuckGo/Localization/Localizable.xcstrings#L85631
macOS,labels,DuckDuckGo,pm.new.login,,Password,Label for new login title,,,true,extracted_with_value,,apps/apple/macOS/DuckDuckGo/Localization/Localizable.xcstrings,85691,https://github.com/duckduckgo/apple-browsers/blob/f1fdc2dec5243b11198eb13396588ed77e9d044a/macOS/DuckDuckGo/Localization/Localizable.xcstrings#L85691
macOS,labels,DuckDuckGo,pm.notes,,Notes,Label for notes edit field,,,true,extracted_with_value,,apps/apple/macOS/DuckDuckGo/Localization/Localizable.xcstrings,85931,https://github.com/duckduckgo/apple-browsers/blob/f1fdc2dec5243b11198eb13396588ed77e9d044a/macOS/DuckDuckGo/Localization/Localizable.xcstrings#L85931
macOS,labels,DuckDuckGo,pm.password,,Password,Label for password edit field,,,true,extracted_with_value,,apps/apple/macOS/DuckDuckGo/Localization/Localizable.xcstrings,85991,https://github.com/duckduckgo/apple-browsers/blob/f1fdc2dec5243b11198eb13396588ed77e9d044a/macOS/DuckDuckGo/Localization/Localizable.xcstrings#L85991
macOS,labels,DuckDuckGo,pm.phone-number,,Phone Number,Label for phone number title,,,true,extracted_with_value,,apps/apple/macOS/DuckDuckGo/Localization/Localizable.xcstrings,86051,https://github.com/duckduckgo/apple-browsers/blob/f1fdc2dec5243b11198eb13396588ed77e9d044a/macOS/DuckDuckGo/Localization/Localizable.xcstrings#L86051
macOS,labels,DuckDuckGo,pm.private.email.mesage.active,,Duck Address Active,Mesasage displayed when a private email address is active,,,true,extracted_with_value,,apps/apple/macOS/DuckDuckGo/Localization/Localizable.xcstrings,86231,https://github.com/duckduckgo/apple-browsers/blob/f1fdc2dec5243b11198eb13396588ed77e9d044a/macOS/DuckDuckGo/Localization/Localizable.xcstrings#L86231
macOS,labels,DuckDuckGo,pm.private.email.mesage.inactive,,Duck Address Deactivated,Mesasage displayed when a private email address is inactive,,,true,extracted_with_value,,apps/apple/macOS/DuckDuckGo/Localization/Localizable.xcstrings,86471,https://github.com/duckduckgo/apple-browsers/blob/f1fdc2dec5243b11198eb13396588ed77e9d044a/macOS/DuckDuckGo/Localization/Localizable.xcstrings#L86471
macOS,labels,DuckDuckGo,pm.sort.date.ascending,,Newest First,Label for Ascending date sort order,,,true,extracted_with_value,,apps/apple/macOS/DuckDuckGo/Localization/Localizable.xcstrings,87070,https://github.com/duckduckgo/apple-browsers/blob/f1fdc2dec5243b11198eb13396588ed77e9d044a/macOS/DuckDuckGo/Localization/Localizable.xcstrings#L87070
macOS,labels,DuckDuckGo,pm.sort.date.descending,,Oldest First,Label for Descending date sort order,,,true,extracted_with_value,,apps/apple/macOS/DuckDuckGo/Localization/Localizable.xcstrings,87130,https://github.com/duckduckgo/apple-browsers/blob/f1fdc2dec5243b11198eb13396588ed77e9d044a/macOS/DuckDuckGo/Localization/Localizable.xcstrings#L87130
macOS,labels,DuckDuckGo,pm.sort.parameter.date-created,,Date Created,Label for Date Created sort parameter,,,true,extracted_with_value,,apps/apple/macOS/DuckDuckGo/Localization/Localizable.xcstrings,87190,https://github.com/duckduckgo/apple-browsers/blob/f1fdc2dec5243b11198eb13396588ed77e9d044a/macOS/DuckDuckGo/Localization/Localizable.xcstrings#L87190
macOS,labels,DuckDuckGo,pm.sort.parameter.date-modified,,Date Modified,Label for Date Modified sort parameter,,,true,extracted_with_value,,apps/apple/macOS/DuckDuckGo/Localization/Localizable.xcstrings,87250,https://github.com/duckduckgo/apple-browsers/blob/f1fdc2dec5243b11198eb13396588ed77e9d044a/macOS/DuckDuckGo/Localization/Localizable.xcstrings#L87250
macOS,labels,DuckDuckGo,pm.sort.string.ascending,,Alphabetically,Label for Ascending string sort order,,,true,extracted_with_value,,apps/apple/macOS/DuckDuckGo/Localization/Localizable.xcstrings,87370,https://github.com/duckduckgo/apple-browsers/blob/f1fdc2dec5243b11198eb13396588ed77e9d044a/macOS/DuckDuckGo/Localization/Localizable.xcstrings#L87370
macOS,labels,DuckDuckGo,pm.sort.string.descending,,Reverse Alphabetically,Label for Descending string sort order,,,true,extracted_with_value,,apps/apple/macOS/DuckDuckGo/Localization/Localizable.xcstrings,87430,https://github.com/duckduckgo/apple-browsers/blob/f1fdc2dec5243b11198eb13396588ed77e9d044a/macOS/DuckDuckGo/Localization/Localizable.xcstrings#L87430
macOS,labels,DuckDuckGo,pm.username,,Username,Label for username edit field,,,true,extracted_with_value,,apps/apple/macOS/DuckDuckGo/Localization/Localizable.xcstrings,87550,https://github.com/duckduckgo/apple-browsers/blob/f1fdc2dec5243b11198eb13396588ed77e9d044a/macOS/DuckDuckGo/Localization/Localizable.xcstrings#L87550
macOS,labels,DuckDuckGo,pm.website,,Website URL,Label for website edit field,,,true,extracted_with_value,,apps/apple/macOS/DuckDuckGo/Localization/Localizable.xcstrings,87610,https://github.com/duckduckgo/apple-browsers/blob/f1fdc2dec5243b11198eb13396588ed77e9d044a/macOS/DuckDuckGo/Localization/Localizable.xcstrings#L87610
macOS,labels,DuckDuckGo,pm.year,,Year,Label for Year title,,,true,extracted_with_value,,apps/apple/macOS/DuckDuckGo/Localization/Localizable.xcstrings,87670,https://github.com/duckduckgo/apple-browsers/blob/f1fdc2dec5243b11198eb13396588ed77e9d044a/macOS/DuckDuckGo/Localization/Localizable.xcstrings#L87670
macOS,labels,DuckDuckGo,ppro.feedback-form.category.otp,,Issue with one-time password,Description for the feedback form when there is an issue with the one-time password,,,true,extracted_with_value,,apps/apple/macOS/DuckDuckGo/Localization/Localizable.xcstrings,87970,https://github.com/duckduckgo/apple-browsers/blob/f1fdc2dec5243b11198eb13396588ed77e9d044a/macOS/DuckDuckGo/Localization/Localizable.xcstrings#L87970
macOS,labels,DuckDuckGo,ppro.feedback-form.category.select-category,,Select a category,Title for the category selection state of the feedback form,,,true,extracted_with_value,,apps/apple/macOS/DuckDuckGo/Localization/Localizable.xcstrings,88030,https://github.com/duckduckgo/apple-browsers/blob/f1fdc2dec5243b11198eb13396588ed77e9d044a/macOS/DuckDuckGo/Localization/Localizable.xcstrings#L88030
macOS,labels,DuckDuckGo,ppro.feedback-form.category.something-else,,Something else,Description for the feedback form when the user has an issue not categorized in other options,,,true,extracted_with_value,,apps/apple/macOS/DuckDuckGo/Localization/Localizable.xcstrings,88090,https://github.com/duckduckgo/apple-browsers/blob/f1fdc2dec5243b11198eb13396588ed77e9d044a/macOS/DuckDuckGo/Localization/Localizable.xcstrings#L88090
macOS,labels,DuckDuckGo,ppro.feedback-form.category.unable-to-access-features,,Unable to access Plus or Pro tier features,Description for the feedback form when there is an issue with accessing Plus or Pro tier features,,,true,extracted_with_value,,apps/apple/macOS/DuckDuckGo/Localization/Localizable.xcstrings,88150,https://github.com/duckduckgo/apple-browsers/blob/f1fdc2dec5243b11198eb13396588ed77e9d044a/macOS/DuckDuckGo/Localization/Localizable.xcstrings#L88150
macOS,labels,DuckDuckGo,preferences-homepage-address,,Address:,Homepage address field label,,,true,extracted_with_value,,apps/apple/macOS/DuckDuckGo/Localization/Localizable.xcstrings,88930,https://github.com/duckduckgo/apple-browsers/blob/f1fdc2dec5243b11198eb13396588ed77e9d044a/macOS/DuckDuckGo/Localization/Localizable.xcstrings#L88930
macOS,labels,DuckDuckGo,preferences-homepage-customPage,,Specific page,Option to control Specific Home Page,,,true,extracted_with_value,,apps/apple/macOS/DuckDuckGo/Localization/Localizable.xcstrings,88990,https://github.com/duckduckgo/apple-browsers/blob/f1fdc2dec5243b11198eb13396588ed77e9d044a/macOS/DuckDuckGo/Localization/Localizable.xcstrings#L88990
macOS,labels,DuckDuckGo,preferences-homepage-newTab,,New Tab page,Option to open a new tab,,,true,extracted_with_value,,apps/apple/macOS/DuckDuckGo/Localization/Localizable.xcstrings,89050,https://github.com/duckduckgo/apple-browsers/blob/f1fdc2dec5243b11198eb13396588ed77e9d044a/macOS/DuckDuckGo/Localization/Localizable.xcstrings#L89050
macOS,labels,DuckDuckGo,preferences-homepage-set-page,,Set Page…,Option to control the Specific Page,,,true,extracted_with_value,,apps/apple/macOS/DuckDuckGo/Localization/Localizable.xcstrings,89170,https://github.com/duckduckgo/apple-browsers/blob/f1fdc2dec5243b11198eb13396588ed77e9d044a/macOS/DuckDuckGo/Localization/Localizable.xcstrings#L89170
macOS,labels,DuckDuckGo,preferences-tabs.prefer.new.tabs.to.windows,,Open links in new tabs instead of new windows whenever possible,Option to prefer opening new tabs instead of windows when opening links,,,true,extracted_with_value,,apps/apple/macOS/DuckDuckGo/Localization/Localizable.xcstrings,89590,https://github.com/duckduckgo/apple-browsers/blob/f1fdc2dec5243b11198eb13396588ed77e9d044a/macOS/DuckDuckGo/Localization/Localizable.xcstrings#L89590
macOS,labels,DuckDuckGo,preferences-tabs.switch.tab.when.opened,,"When opening links, switch to the new tab or window immediately",Option to switch to a new tab/window when it is opened,,,true,extracted_with_value,,apps/apple/macOS/DuckDuckGo/Localization/Localizable.xcstrings,89650,https://github.com/duckduckgo/apple-browsers/blob/f1fdc2dec5243b11198eb13396588ed77e9d044a/macOS/DuckDuckGo/Localization/Localizable.xcstrings#L89650
macOS,labels,DuckDuckGo,preferences.about.about-duckduckgo,,About DuckDuckGo,About screen,,,true,extracted_with_value,,apps/apple/macOS/DuckDuckGo/Localization/Localizable.xcstrings,89830,https://github.com/duckduckgo/apple-browsers/blob/f1fdc2dec5243b11198eb13396588ed77e9d044a/macOS/DuckDuckGo/Localization/Localizable.xcstrings#L89830
macOS,labels,DuckDuckGo,preferences.add-to-dock.show-me-how,,Show Me How,Opens a short video demonstrating how to add the app to the Dock,,,true,extracted_with_value,,apps/apple/macOS/DuckDuckGo/Localization/Localizable.xcstrings,90910,https://github.com/duckduckgo/apple-browsers/blob/f1fdc2dec5243b11198eb13396588ed77e9d044a/macOS/DuckDuckGo/Localization/Localizable.xcstrings#L90910
macOS,labels,DuckDuckGo,preferences.appearance.address-bar,,Address Bar,Theme preferences,,,true,extracted_with_value,,apps/apple/macOS/DuckDuckGo/Localization/Localizable.xcstrings,91090,https://github.com/duckduckgo/apple-browsers/blob/f1fdc2dec5243b11198eb13396588ed77e9d044a/macOS/DuckDuckGo/Localization/Localizable.xcstrings#L91090
macOS,labels,DuckDuckGo,preferences.appearance.force-dark-mode-on-websites,,Force dark mode for websites,Toggle to force dark mode on websites using DarkReader,,,true,extracted_with_value,,apps/apple/macOS/DuckDuckGo/Localization/Localizable.xcstrings,91210,https://github.com/duckduckgo/apple-browsers/blob/f1fdc2dec5243b11198eb13396588ed77e9d044a/macOS/DuckDuckGo/Localization/Localizable.xcstrings#L91210
macOS,labels,DuckDuckGo,preferences.appearance.show-aichat,,Duck.ai,Option to show AI Chat the address bar,,,true,extracted_with_value,,apps/apple/macOS/DuckDuckGo/Localization/Localizable.xcstrings,91330,https://github.com/duckduckgo/apple-browsers/blob/f1fdc2dec5243b11198eb13396588ed77e9d044a/macOS/DuckDuckGo/Localization/Localizable.xcstrings#L91330
macOS,labels,DuckDuckGo,preferences.appearance.show-aichat-shortcut,,Duck.ai Shortcut,Option to show AI Chat shortcut in the address bar,,,true,extracted_with_value,,apps/apple/macOS/DuckDuckGo/Localization/Localizable.xcstrings,91390,https://github.com/duckduckgo/apple-browsers/blob/f1fdc2dec5243b11198eb13396588ed77e9d044a/macOS/DuckDuckGo/Localization/Localizable.xcstrings#L91390
macOS,labels,DuckDuckGo,preferences.appearance.show-aichat-toggle,,Duck.ai Toggle,Option to show AI Chat toggle in the address bar,,,true,extracted_with_value,,apps/apple/macOS/DuckDuckGo/Localization/Localizable.xcstrings,91450,https://github.com/duckduckgo/apple-browsers/blob/f1fdc2dec5243b11198eb13396588ed77e9d044a/macOS/DuckDuckGo/Localization/Localizable.xcstrings#L91450
macOS,labels,DuckDuckGo,preferences.appearance.show-autocomplete-suggestions,,Autocomplete suggestions,Option to show autocomplete suggestions in the address bar,,,true,extracted_with_value,,apps/apple/macOS/DuckDuckGo/Localization/Localizable.xcstrings,91510,https://github.com/duckduckgo/apple-browsers/blob/f1fdc2dec5243b11198eb13396588ed77e9d044a/macOS/DuckDuckGo/Localization/Localizable.xcstrings#L91510
macOS,labels,DuckDuckGo,preferences.appearance.sync-app-icon-with-theme,,Change app icon to match theme,Checkbox option to sync the app icon with the selected theme,,,true,extracted_with_value,,apps/apple/macOS/DuckDuckGo/Localization/Localizable.xcstrings,91630,https://github.com/duckduckgo/apple-browsers/blob/f1fdc2dec5243b11198eb13396588ed77e9d044a/macOS/DuckDuckGo/Localization/Localizable.xcstrings#L91630
macOS,labels,DuckDuckGo,preferences.appearance.theme,,Theme,Theme preferences,,,true,extracted_with_value,,apps/apple/macOS/DuckDuckGo/Localization/Localizable.xcstrings,91690,https://github.com/duckduckgo/apple-browsers/blob/f1fdc2dec5243b11198eb13396588ed77e9d044a/macOS/DuckDuckGo/Localization/Localizable.xcstrings#L91690
macOS,labels,DuckDuckGo,preferences.appearance.theme.dark,,Dark,"In the preferences for themes, the option to select for activating dark mode in the app.",,,true,extracted_with_value,,apps/apple/macOS/DuckDuckGo/Localization/Localizable.xcstrings,91750,https://github.com/duckduckgo/apple-browsers/blob/f1fdc2dec5243b11198eb13396588ed77e9d044a/macOS/DuckDuckGo/Localization/Localizable.xcstrings#L91750
macOS,labels,DuckDuckGo,preferences.appearance.theme.light,,Light,"In the preferences for themes, the option to select for activating light mode in the app.",,,true,extracted_with_value,,apps/apple/macOS/DuckDuckGo/Localization/Localizable.xcstrings,91810,https://github.com/duckduckgo/apple-browsers/blob/f1fdc2dec5243b11198eb13396588ed77e9d044a/macOS/DuckDuckGo/Localization/Localizable.xcstrings#L91810
macOS,labels,DuckDuckGo,preferences.appearance.theme.reset,,Reset Theme,"In the preferences for themes, the option to reset to the Default Theme Colors.",,,true,extracted_with_value,,apps/apple/macOS/DuckDuckGo/Localization/Localizable.xcstrings,91870,https://github.com/duckduckgo/apple-browsers/blob/f1fdc2dec5243b11198eb13396588ed77e9d044a/macOS/DuckDuckGo/Localization/Localizable.xcstrings#L91870
macOS,labels,DuckDuckGo,preferences.appearance.theme.system,,System,"In the preferences for themes, the option to select for use the change the mode based on the system preferences.",,,true,extracted_with_value,,apps/apple/macOS/DuckDuckGo/Localization/Localizable.xcstrings,91930,https://github.com/duckduckgo/apple-browsers/blob/f1fdc2dec5243b11198eb13396588ed77e9d044a/macOS/DuckDuckGo/Localization/Localizable.xcstrings#L91930
macOS,labels,DuckDuckGo,preferences.appearance.zoom-picker,,Default page zoom,Default page zoom picker title,,,true,extracted_with_value,,apps/apple/macOS/DuckDuckGo/Localization/Localizable.xcstrings,91990,https://github.com/duckduckgo/apple-browsers/blob/f1fdc2dec5243b11198eb13396588ed77e9d044a/macOS/DuckDuckGo/Localization/Localizable.xcstrings#L91990
macOS,labels,DuckDuckGo,preferences.autofill,,Passwords,Show Autofill preferences,,,true,extracted_with_value,,apps/apple/macOS/DuckDuckGo/Localization/Localizable.xcstrings,92050,https://github.com/duckduckgo/apple-browsers/blob/f1fdc2dec5243b11198eb13396588ed77e9d044a/macOS/DuckDuckGo/Localization/Localizable.xcstrings#L92050
macOS,labels,DuckDuckGo,preferences.autofill-enabled-for,,Autofill enabled in this browser for:,Label presented before the email account in email protection preferences,,,true,extracted_with_value,,apps/apple/macOS/DuckDuckGo/Localization/Localizable.xcstrings,92110,https://github.com/duckduckgo/apple-browsers/blob/f1fdc2dec5243b11198eb13396588ed77e9d044a/macOS/DuckDuckGo/Localization/Localizable.xcstrings#L92110
macOS,labels,DuckDuckGo,preferences.autoplay.label,,Autoplay website media,Label for the autoplay blocking preference picker in General preferences,,,true,extracted_with_value,,apps/apple/macOS/DuckDuckGo/Localization/Localizable.xcstrings,92230,https://github.com/duckduckgo/apple-browsers/blob/f1fdc2dec5243b11198eb13396588ed77e9d044a/macOS/DuckDuckGo/Localization/Localizable.xcstrings#L92230
macOS,labels,DuckDuckGo,preferences.autoplay.mode.allow-all,,Video and audio,Autoplay mode: allow all media to autoplay,,,true,extracted_with_value,,apps/apple/macOS/DuckDuckGo/Localization/Localizable.xcstrings,92290,https://github.com/duckduckgo/apple-browsers/blob/f1fdc2dec5243b11198eb13396588ed77e9d044a/macOS/DuckDuckGo/Localization/Localizable.xcstrings#L92290
macOS,labels,DuckDuckGo,preferences.autoplay.mode.block-all,,Never,Autoplay mode: block all media autoplay,,,true,extracted_with_value,,apps/apple/macOS/DuckDuckGo/Localization/Localizable.xcstrings,92350,https://github.com/duckduckgo/apple-browsers/blob/f1fdc2dec5243b11198eb13396588ed77e9d044a/macOS/DuckDuckGo/Localization/Localizable.xcstrings#L92350
macOS,labels,DuckDuckGo,preferences.autoplay.mode.block-audio,,Stop videos with sound,Autoplay mode: allow video but block audio autoplay (default),,,true,extracted_with_value,,apps/apple/macOS/DuckDuckGo/Localization/Localizable.xcstrings,92410,https://github.com/duckduckgo/apple-browsers/blob/f1fdc2dec5243b11198eb13396588ed77e9d044a/macOS/DuckDuckGo/Localization/Localizable.xcstrings#L92410
macOS,labels,DuckDuckGo,preferences.default-browser.active,,DuckDuckGo is your default browser,Indicate that the browser is the default,,,true,extracted_with_value,,apps/apple/macOS/DuckDuckGo/Localization/Localizable.xcstrings,92650,https://github.com/duckduckgo/apple-browsers/blob/f1fdc2dec5243b11198eb13396588ed77e9d044a/macOS/DuckDuckGo/Localization/Localizable.xcstrings#L92650
macOS,labels,DuckDuckGo,preferences.on-startup,,On Startup,Name of the preferences section related to app startup,,,true,extracted_with_value,,apps/apple/macOS/DuckDuckGo/Localization/Localizable.xcstrings,93490,https://github.com/duckduckgo/apple-browsers/blob/f1fdc2dec5243b11198eb13396588ed77e9d044a/macOS/DuckDuckGo/Localization/Localizable.xcstrings#L93490
macOS,labels,DuckDuckGo,preferences.open-fire-window-by-default,,Open Fire Window by default,Option to make all new windows Fire Windows,,,true,extracted_with_value,,apps/apple/macOS/DuckDuckGo/Localization/Localizable.xcstrings,93550,https://github.com/duckduckgo/apple-browsers/blob/f1fdc2dec5243b11198eb13396588ed77e9d044a/macOS/DuckDuckGo/Localization/Localizable.xcstrings#L93550
macOS,labels,DuckDuckGo,preferences.reopen-windows,,Reopen all windows and tabs from last session,Option to control session restoration,,,true,extracted_with_value,,apps/apple/macOS/DuckDuckGo/Localization/Localizable.xcstrings,93970,https://github.com/duckduckgo/apple-browsers/blob/f1fdc2dec5243b11198eb13396588ed77e9d044a/macOS/DuckDuckGo/Localization/Localizable.xcstrings#L93970
macOS,labels,DuckDuckGo,preferences.scam-blocker.toggle-label,,"Warn on sites flagged for scams, phishing, or malware","Label for toggle that enables or disables scam, phishing, and malware site warnings",,,true,extracted_with_value,,apps/apple/macOS/DuckDuckGo/Localization/Localizable.xcstrings,94150,https://github.com/duckduckgo/apple-browsers/blob/f1fdc2dec5243b11198eb13396588ed77e9d044a/macOS/DuckDuckGo/Localization/Localizable.xcstrings#L94150
macOS,labels,DuckDuckGo,preferences.shortcuts,,Shortcuts,Name of the preferences section related to shortcuts,,,true,extracted_with_value,,apps/apple/macOS/DuckDuckGo/Localization/Localizable.xcstrings,94270,https://github.com/duckduckgo/apple-browsers/blob/f1fdc2dec5243b11198eb13396588ed77e9d044a/macOS/DuckDuckGo/Localization/Localizable.xcstrings#L94270
macOS,labels,DuckDuckGo,preferences.show-home,,Open a new window,Option to control session startup,,,true,extracted_with_value,,apps/apple/macOS/DuckDuckGo/Localization/Localizable.xcstrings,94330,https://github.com/duckduckgo/apple-browsers/blob/f1fdc2dec5243b11198eb13396588ed77e9d044a/macOS/DuckDuckGo/Localization/Localizable.xcstrings#L94330
macOS,labels,DuckDuckGo,preferences.startup.open-a-new,,Open a new,Label for startup window type selection,,,true,extracted_with_value,,apps/apple/macOS/DuckDuckGo/Localization/Localizable.xcstrings,94510,https://github.com/duckduckgo/apple-browsers/blob/f1fdc2dec5243b11198eb13396588ed77e9d044a/macOS/DuckDuckGo/Localization/Localizable.xcstrings#L94510
macOS,labels,DuckDuckGo,preferences.startup.window,,Window,Option for regular window type,,,true,extracted_with_value,,apps/apple/macOS/DuckDuckGo/Localization/Localizable.xcstrings,94570,https://github.com/duckduckgo/apple-browsers/blob/f1fdc2dec5243b11198eb13396588ed77e9d044a/macOS/DuckDuckGo/Localization/Localizable.xcstrings#L94570
macOS,labels,DuckDuckGo,preferences.status-indicator.always-on,,Always On,Status indicator of a browser privacy protection feature.,,,true,extracted_with_value,,apps/apple/macOS/DuckDuckGo/Localization/Localizable.xcstrings,94630,https://github.com/duckduckgo/apple-browsers/blob/f1fdc2dec5243b11198eb13396588ed77e9d044a/macOS/DuckDuckGo/Localization/Localizable.xcstrings#L94630
macOS,labels,DuckDuckGo,preferences.support,,Support,Open support page,,,true,extracted_with_value,,apps/apple/macOS/DuckDuckGo/Localization/Localizable.xcstrings,94810,https://github.com/duckduckgo/apple-browsers/blob/f1fdc2dec5243b11198eb13396588ed77e9d044a/macOS/DuckDuckGo/Localization/Localizable.xcstrings#L94810
macOS,labels,DuckDuckGo,preferences.youtube-ad-blocking.disabled-until-relaunch,,Disabled until relaunch.,Sub-line shown below the YouTube Ad Blocking toggle when the user has temporarily disabled ad blocking for the current app session,,,true,extracted_with_value,,apps/apple/macOS/DuckDuckGo/Localization/Localizable.xcstrings,95290,https://github.com/duckduckgo/apple-browsers/blob/f1fdc2dec5243b11198eb13396588ed77e9d044a/macOS/DuckDuckGo/Localization/Localizable.xcstrings#L95290
macOS,labels,DuckDuckGo,preferences.youtube-ad-blocking.popover.always-off,,Always Off,YouTube Ad Block popover dropdown option that keeps ad blocking always off,,,true,extracted_with_value,,apps/apple/macOS/DuckDuckGo/Localization/Localizable.xcstrings,95470,https://github.com/duckduckgo/apple-browsers/blob/f1fdc2dec5243b11198eb13396588ed77e9d044a/macOS/DuckDuckGo/Localization/Localizable.xcstrings#L95470
macOS,labels,DuckDuckGo,preferences.youtube-ad-blocking.popover.always-on,,Always On,YouTube Ad Block popover dropdown option that keeps ad blocking always on,,,true,extracted_with_value,,apps/apple/macOS/DuckDuckGo/Localization/Localizable.xcstrings,95530,https://github.com/duckduckgo/apple-browsers/blob/f1fdc2dec5243b11198eb13396588ed77e9d044a/macOS/DuckDuckGo/Localization/Localizable.xcstrings#L95530
macOS,labels,DuckDuckGo,preferences.youtube-ad-blocking.popover.disable-until-relaunch,,Disable Until Relaunch,YouTube Ad Block popover dropdown option that disables ad blocking for the current app session only,,,true,extracted_with_value,,apps/apple/macOS/DuckDuckGo/Localization/Localizable.xcstrings,95770,https://github.com/duckduckgo/apple-browsers/blob/f1fdc2dec5243b11198eb13396588ed77e9d044a/macOS/DuckDuckGo/Localization/Localizable.xcstrings#L95770
macOS,labels,DuckDuckGo,preferences.youtube-ad-blocking.toggle,,Block ads on YouTube,Toggle label for enabling YouTube ad blocking,,,true,extracted_with_value,,apps/apple/macOS/DuckDuckGo/Localization/Localizable.xcstrings,95950,https://github.com/duckduckgo/apple-browsers/blob/f1fdc2dec5243b11198eb13396588ed77e9d044a/macOS/DuckDuckGo/Localization/Localizable.xcstrings#L95950
macOS,labels,DuckDuckGo,quit-survey.affected-domains.other,,Other,Other option in quit survey domain list,,,true,extracted_with_value,,apps/apple/macOS/DuckDuckGo/Localization/Localizable.xcstrings,97090,https://github.com/duckduckgo/apple-browsers/blob/f1fdc2dec5243b11198eb13396588ed77e9d044a/macOS/DuckDuckGo/Localization/Localizable.xcstrings#L97090
macOS,labels,DuckDuckGo,quit-survey.negative-option,,Needs improvement,Negative response option in quit survey,,,true,extracted_with_value,,apps/apple/macOS/DuckDuckGo/Localization/Localizable.xcstrings,97510,https://github.com/duckduckgo/apple-browsers/blob/f1fdc2dec5243b11198eb13396588ed77e9d044a/macOS/DuckDuckGo/Localization/Localizable.xcstrings#L97510
macOS,labels,DuckDuckGo,quit-survey.option.ad-blocker-didnt-work,,Ad blocker didn't work,Quit survey feedback option - features/extensions,,,true,extracted_with_value,,apps/apple/macOS/DuckDuckGo/Localization/Localizable.xcstrings,97630,https://github.com/duckduckgo/apple-browsers/blob/f1fdc2dec5243b11198eb13396588ed77e9d044a/macOS/DuckDuckGo/Localization/Localizable.xcstrings#L97630
macOS,labels,DuckDuckGo,quit-survey.option.benefits-unclear,,Benefits unclear,Quit survey feedback option - value proposition,,,true,extracted_with_value,,apps/apple/macOS/DuckDuckGo/Localization/Localizable.xcstrings,97690,https://github.com/duckduckgo/apple-browsers/blob/f1fdc2dec5243b11198eb13396588ed77e9d044a/macOS/DuckDuckGo/Localization/Localizable.xcstrings#L97690
macOS,labels,DuckDuckGo,quit-survey.option.browser-crashed,,Browser crashed,Quit survey feedback option - performance,,,true,extracted_with_value,,apps/apple/macOS/DuckDuckGo/Localization/Localizable.xcstrings,97750,https://github.com/duckduckgo/apple-browsers/blob/f1fdc2dec5243b11198eb13396588ed77e9d044a/macOS/DuckDuckGo/Localization/Localizable.xcstrings#L97750
macOS,labels,DuckDuckGo,quit-survey.option.couldnt-disable-ai,,Couldn't disable AI,Quit survey feedback option - AI,,,true,extracted_with_value,,apps/apple/macOS/DuckDuckGo/Localization/Localizable.xcstrings,97810,https://github.com/duckduckgo/apple-browsers/blob/f1fdc2dec5243b11198eb13396588ed77e9d044a/macOS/DuckDuckGo/Localization/Localizable.xcstrings#L97810
macOS,labels,DuckDuckGo,quit-survey.option.hard-to-find-settings,,Hard to find settings,Quit survey feedback option - UI,,,true,extracted_with_value,,apps/apple/macOS/DuckDuckGo/Localization/Localizable.xcstrings,97870,https://github.com/duckduckgo/apple-browsers/blob/f1fdc2dec5243b11198eb13396588ed77e9d044a/macOS/DuckDuckGo/Localization/Localizable.xcstrings#L97870
macOS,labels,DuckDuckGo,quit-survey.option.issue-importing-my-stuff,,Issue importing my stuff,Quit survey feedback option - onboarding,,,true,extracted_with_value,,apps/apple/macOS/DuckDuckGo/Localization/Localizable.xcstrings,97930,https://github.com/duckduckgo/apple-browsers/blob/f1fdc2dec5243b11198eb13396588ed77e9d044a/macOS/DuckDuckGo/Localization/Localizable.xcstrings#L97930
macOS,labels,DuckDuckGo,quit-survey.option.just-trying-it-out,,Just trying it out,Quit survey feedback option - value proposition,,,true,extracted_with_value,,apps/apple/macOS/DuckDuckGo/Localization/Localizable.xcstrings,97990,https://github.com/duckduckgo/apple-browsers/blob/f1fdc2dec5243b11198eb13396588ed77e9d044a/macOS/DuckDuckGo/Localization/Localizable.xcstrings#L97990
macOS,labels,DuckDuckGo,quit-survey.option.no-password-manager-extensions,,No password manager extensions,Quit survey feedback option - features/extensions,,,true,extracted_with_value,,apps/apple/macOS/DuckDuckGo/Localization/Localizable.xcstrings,98050,https://github.com/duckduckgo/apple-browsers/blob/f1fdc2dec5243b11198eb13396588ed77e9d044a/macOS/DuckDuckGo/Localization/Localizable.xcstrings#L98050
macOS,labels,DuckDuckGo,quit-survey.option.no-website-translations,,No website translations,Quit survey feedback option - features/extensions,,,true,extracted_with_value,,apps/apple/macOS/DuckDuckGo/Localization/Localizable.xcstrings,98110,https://github.com/duckduckgo/apple-browsers/blob/f1fdc2dec5243b11198eb13396588ed77e9d044a/macOS/DuckDuckGo/Localization/Localizable.xcstrings#L98110
macOS,labels,DuckDuckGo,quit-survey.option.onboarding-wasnt-helpful,,Onboarding wasn't helpful,Quit survey feedback option - onboarding,,,true,extracted_with_value,,apps/apple/macOS/DuckDuckGo/Localization/Localizable.xcstrings,98170,https://github.com/duckduckgo/apple-browsers/blob/f1fdc2dec5243b11198eb13396588ed77e9d044a/macOS/DuckDuckGo/Localization/Localizable.xcstrings#L98170
macOS,labels,DuckDuckGo,quit-survey.option.pages-froze,,Pages froze,Quit survey feedback option - site breakage,,,true,extracted_with_value,,apps/apple/macOS/DuckDuckGo/Localization/Localizable.xcstrings,98230,https://github.com/duckduckgo/apple-browsers/blob/f1fdc2dec5243b11198eb13396588ed77e9d044a/macOS/DuckDuckGo/Localization/Localizable.xcstrings#L98230
macOS,labels,DuckDuckGo,quit-survey.option.pages-loaded-slowly,,Pages loaded slowly,Quit survey feedback option - site breakage,,,true,extracted_with_value,,apps/apple/macOS/DuckDuckGo/Localization/Localizable.xcstrings,98290,https://github.com/duckduckgo/apple-browsers/blob/f1fdc2dec5243b11198eb13396588ed77e9d044a/macOS/DuckDuckGo/Localization/Localizable.xcstrings#L98290
macOS,labels,DuckDuckGo,quit-survey.option.privacy-concerns,,Privacy concerns,Quit survey feedback option - value proposition,,,true,extracted_with_value,,apps/apple/macOS/DuckDuckGo/Localization/Localizable.xcstrings,98350,https://github.com/duckduckgo/apple-browsers/blob/f1fdc2dec5243b11198eb13396588ed77e9d044a/macOS/DuckDuckGo/Localization/Localizable.xcstrings#L98350
macOS,labels,DuckDuckGo,quit-survey.option.sign-in-hassles,,Sign in hassles,Quit survey feedback option - ecosystem,,,true,extracted_with_value,,apps/apple/macOS/DuckDuckGo/Localization/Localizable.xcstrings,98410,https://github.com/duckduckgo/apple-browsers/blob/f1fdc2dec5243b11198eb13396588ed77e9d044a/macOS/DuckDuckGo/Localization/Localizable.xcstrings#L98410
macOS,labels,DuckDuckGo,quit-survey.option.slow-to-open,,Slow to open,Quit survey feedback option - performance,,,true,extracted_with_value,,apps/apple/macOS/DuckDuckGo/Localization/Localizable.xcstrings,98470,https://github.com/duckduckgo/apple-browsers/blob/f1fdc2dec5243b11198eb13396588ed77e9d044a/macOS/DuckDuckGo/Localization/Localizable.xcstrings#L98470
macOS,labels,DuckDuckGo,quit-survey.option.slowed-my-computer,,Slowed my computer,Quit survey feedback option - performance,,,true,extracted_with_value,,apps/apple/macOS/DuckDuckGo/Localization/Localizable.xcstrings,98530,https://github.com/duckduckgo/apple-browsers/blob/f1fdc2dec5243b11198eb13396588ed77e9d044a/macOS/DuckDuckGo/Localization/Localizable.xcstrings#L98530
macOS,labels,DuckDuckGo,quit-survey.option.something-else,,Something else,Quit survey feedback option for other issues,,,true,extracted_with_value,,apps/apple/macOS/DuckDuckGo/Localization/Localizable.xcstrings,98590,https://github.com/duckduckgo/apple-browsers/blob/f1fdc2dec5243b11198eb13396588ed77e9d044a/macOS/DuckDuckGo/Localization/Localizable.xcstrings#L98590
macOS,labels,DuckDuckGo,quit-survey.option.tabs-opened-slowly,,Tabs opened slowly,Quit survey feedback option - performance,,,true,extracted_with_value,,apps/apple/macOS/DuckDuckGo/Localization/Localizable.xcstrings,98650,https://github.com/duckduckgo/apple-browsers/blob/f1fdc2dec5243b11198eb13396588ed77e9d044a/macOS/DuckDuckGo/Localization/Localizable.xcstrings#L98650
macOS,labels,DuckDuckGo,quit-survey.option.websites-didnt-work,,Websites didn't work,Quit survey feedback option - site breakage,,,true,extracted_with_value,,apps/apple/macOS/DuckDuckGo/Localization/Localizable.xcstrings,98710,https://github.com/duckduckgo/apple-browsers/blob/f1fdc2dec5243b11198eb13396588ed77e9d044a/macOS/DuckDuckGo/Localization/Localizable.xcstrings#L98710
macOS,labels,DuckDuckGo,quit-survey.positive-option,,Great,Positive response option in quit survey,,,true,extracted_with_value,,apps/apple/macOS/DuckDuckGo/Localization/Localizable.xcstrings,98770,https://github.com/duckduckgo/apple-browsers/blob/f1fdc2dec5243b11198eb13396588ed77e9d044a/macOS/DuckDuckGo/Localization/Localizable.xcstrings#L98770
macOS,labels,DuckDuckGo,quit-survey.tell-us-more,,Tell us more (optional),Label for optional text input in quit survey,,,true,extracted_with_value,,apps/apple/macOS/DuckDuckGo/Localization/Localizable.xcstrings,99130,https://github.com/duckduckgo/apple-browsers/blob/f1fdc2dec5243b11198eb13396588ed77e9d044a/macOS/DuckDuckGo/Localization/Localizable.xcstrings#L99130
macOS,labels,DuckDuckGo,reopen.last.closed.tab,,Reopen Last Closed Tab,This string represents an action to reopen the last closed tab in the browser,,,true,extracted_with_value,,apps/apple/macOS/DuckDuckGo/Localization/Localizable.xcstrings,100069,https://github.com/duckduckgo/apple-browsers/blob/f1fdc2dec5243b11198eb13396588ed77e9d044a/macOS/DuckDuckGo/Localization/Localizable.xcstrings#L100069
macOS,labels,DuckDuckGo,sad.att.add-to-dock.inactive-user.primary,,Add To Dock,Button primary action title that appears on a modal inviting inactive users to add DuckDuckGo to their Dock,,,true,extracted_with_value,,apps/apple/macOS/DuckDuckGo/Localization/Localizable.xcstrings,100669,https://github.com/duckduckgo/apple-browsers/blob/f1fdc2dec5243b11198eb13396588ed77e9d044a/macOS/DuckDuckGo/Localization/Localizable.xcstrings#L100669
macOS,labels,DuckDuckGo,sad.att.add-to-dock.popover.primary,,Add To Dock,Button primary action title that appears on a popover inviting users to add DuckDuckGo to their Dock,,,true,extracted_with_value,,apps/apple/macOS/DuckDuckGo/Localization/Localizable.xcstrings,100789,https://github.com/duckduckgo/apple-browsers/blob/f1fdc2dec5243b11198eb13396588ed77e9d044a/macOS/DuckDuckGo/Localization/Localizable.xcstrings#L100789
macOS,labels,DuckDuckGo,sad.att.both.inactive-user.primary,,Add & Set As Default,Button primary action title that appears on a modal inviting inactive users to set DuckDuckGo as their default browser and add to their Dock,,,true,extracted_with_value,,apps/apple/macOS/DuckDuckGo/Localization/Localizable.xcstrings,101029,https://github.com/duckduckgo/apple-browsers/blob/f1fdc2dec5243b11198eb13396588ed77e9d044a/macOS/DuckDuckGo/Localization/Localizable.xcstrings#L101029
macOS,labels,DuckDuckGo,sad.att.both.popover.primary,,Set As Primary Browser,Button primary action title that appears on a popover inviting users to set DuckDuckGo as their default browser and add it to their Dock,,,true,extracted_with_value,,apps/apple/macOS/DuckDuckGo/Localization/Localizable.xcstrings,101149,https://github.com/duckduckgo/apple-browsers/blob/f1fdc2dec5243b11198eb13396588ed77e9d044a/macOS/DuckDuckGo/Localization/Localizable.xcstrings#L101149
macOS,labels,DuckDuckGo,sad.att.set-as-default.inactive-user.primary,,Set As Default,Button primary action title that appears on a modal inviting inactive users to set DuckDuckGo as their default browser,,,true,extracted_with_value,,apps/apple/macOS/DuckDuckGo/Localization/Localizable.xcstrings,101629,https://github.com/duckduckgo/apple-browsers/blob/f1fdc2dec5243b11198eb13396588ed77e9d044a/macOS/DuckDuckGo/Localization/Localizable.xcstrings#L101629
macOS,labels,DuckDuckGo,Select %@ Folder…,,Select %@ Folder…,,,%@,true,,,apps/apple/macOS/DuckDuckGo/Localization/Localizable.xcstrings,102169,https://github.com/duckduckgo/apple-browsers/blob/f1fdc2dec5243b11198eb13396588ed77e9d044a/macOS/DuckDuckGo/Localization/Localizable.xcstrings#L102169
macOS,labels,DuckDuckGo,send.browser.feedback.general-feedback,,General feedback,Name of the option the user can chose to give general browser feedback,,,true,extracted_with_value,,apps/apple/macOS/DuckDuckGo/Localization/Localizable.xcstrings,102461,https://github.com/duckduckgo/apple-browsers/blob/f1fdc2dec5243b11198eb13396588ed77e9d044a/macOS/DuckDuckGo/Localization/Localizable.xcstrings#L102461
macOS,labels,DuckDuckGo,send.browser.feedback.report-problem,,Report a problem,Name of the option the user can chose to give browser feedback about a problem they enountered,,,true,extracted_with_value,,apps/apple/macOS/DuckDuckGo/Localization/Localizable.xcstrings,102521,https://github.com/duckduckgo/apple-browsers/blob/f1fdc2dec5243b11198eb13396588ed77e9d044a/macOS/DuckDuckGo/Localization/Localizable.xcstrings#L102521
macOS,labels,DuckDuckGo,send.browser.feedback.request-feature,,Request a feature,Name of the option the user can chose to give browser feedback about a feature they would like,,,true,extracted_with_value,,apps/apple/macOS/DuckDuckGo/Localization/Localizable.xcstrings,102581,https://github.com/duckduckgo/apple-browsers/blob/f1fdc2dec5243b11198eb13396588ed77e9d044a/macOS/DuckDuckGo/Localization/Localizable.xcstrings#L102581
macOS,labels,DuckDuckGo,send.browser.feedback.select-category,,Select a category,Title of the picker where the user can chose the category of the feedback they want ot send.,,,true,extracted_with_value,,apps/apple/macOS/DuckDuckGo/Localization/Localizable.xcstrings,102641,https://github.com/duckduckgo/apple-browsers/blob/f1fdc2dec5243b11198eb13396588ed77e9d044a/macOS/DuckDuckGo/Localization/Localizable.xcstrings#L102641
macOS,labels,DuckDuckGo,settings.checking.for.update,,Checking for update,Label informing users the app is currently checking for new update,,,true,extracted_with_value,,apps/apple/macOS/DuckDuckGo/Localization/Localizable.xcstrings,103414,https://github.com/duckduckgo/apple-browsers/blob/f1fdc2dec5243b11198eb13396588ed77e9d044a/macOS/DuckDuckGo/Localization/Localizable.xcstrings#L103414
macOS,labels,DuckDuckGo,settings.confirm.close.checkbox,,Show confirmation before closing pinned tabs with ⌘W,Checkbox label in Settings to enable close confirmation for pinned tabs,,,true,extracted_with_value,,apps/apple/macOS/DuckDuckGo/Localization/Localizable.xcstrings,103474,https://github.com/duckduckgo/apple-browsers/blob/f1fdc2dec5243b11198eb13396588ed77e9d044a/macOS/DuckDuckGo/Localization/Localizable.xcstrings#L103474
macOS,labels,DuckDuckGo,settings.confirm.quit.checkbox,,Show confirmation before quitting with ⌘Q,Checkbox label in Settings to enable quit confirmation,,,true,extracted_with_value,,apps/apple/macOS/DuckDuckGo/Localization/Localizable.xcstrings,103534,https://github.com/duckduckgo/apple-browsers/blob/f1fdc2dec5243b11198eb13396588ed77e9d044a/macOS/DuckDuckGo/Localization/Localizable.xcstrings#L103534
macOS,labels,DuckDuckGo,settings.downloading.update,,Downloading update %@,Label informing users the app is currently downloading the update. This will contain a percentage,,%@,true,extracted_with_value,,apps/apple/macOS/DuckDuckGo/Localization/Localizable.xcstrings,103834,https://github.com/duckduckgo/apple-browsers/blob/f1fdc2dec5243b11198eb13396588ed77e9d044a/macOS/DuckDuckGo/Localization/Localizable.xcstrings#L103834
macOS,labels,DuckDuckGo,settings.last.checked,,Last checked,Label informing users what is the last time the app checked for the update.,,,true,extracted_with_value,,apps/apple/macOS/DuckDuckGo/Localization/Localizable.xcstrings,103894,https://github.com/duckduckgo/apple-browsers/blob/f1fdc2dec5243b11198eb13396588ed77e9d044a/macOS/DuckDuckGo/Localization/Localizable.xcstrings#L103894
macOS,labels,DuckDuckGo,settings.newer.critical.update.available,,Critical update needed,Label informing users the critical update of the app is available to install.,,,true,extracted_with_value,,apps/apple/macOS/DuckDuckGo/Localization/Localizable.xcstrings,104194,https://github.com/duckduckgo/apple-browsers/blob/f1fdc2dec5243b11198eb13396588ed77e9d044a/macOS/DuckDuckGo/Localization/Localizable.xcstrings#L104194
macOS,labels,DuckDuckGo,settings.newer.version.available,,Newer version available,Label informing users the newer version of the app is available to install.,,,true,extracted_with_value,,apps/apple/macOS/DuckDuckGo/Localization/Localizable.xcstrings,104254,https://github.com/duckduckgo/apple-browsers/blob/f1fdc2dec5243b11198eb13396588ed77e9d044a/macOS/DuckDuckGo/Localization/Localizable.xcstrings#L104254
macOS,labels,DuckDuckGo,settings.preparing.update,,Preparing update,Label informing users the app is preparing to update.,,,true,extracted_with_value,,apps/apple/macOS/DuckDuckGo/Localization/Localizable.xcstrings,104374,https://github.com/duckduckgo/apple-browsers/blob/f1fdc2dec5243b11198eb13396588ed77e9d044a/macOS/DuckDuckGo/Localization/Localizable.xcstrings#L104374
macOS,labels,DuckDuckGo,settings.up.to.date,,DuckDuckGo is up to date,Label informing users the app is currently up to date and no update is required.,,,true,extracted_with_value,,apps/apple/macOS/DuckDuckGo/Localization/Localizable.xcstrings,104614,https://github.com/duckduckgo/apple-browsers/blob/f1fdc2dec5243b11198eb13396588ed77e9d044a/macOS/DuckDuckGo/Localization/Localizable.xcstrings#L104614
macOS,labels,DuckDuckGo,storage.access.prompt.label.1,,%1$@ wants to use cookies and data from %2$@.,Part 1 of an alert asking users whether to share cookies: [requestingdomain.com] wants to use cookies and data from [currentdomain.com].,,%1$@ %2$@,true,extracted_with_value,,apps/apple/macOS/DuckDuckGo/Localization/Localizable.xcstrings,106528,https://github.com/duckduckgo/apple-browsers/blob/f1fdc2dec5243b11198eb13396588ed77e9d044a/macOS/DuckDuckGo/Localization/Localizable.xcstrings#L106528
macOS,labels,DuckDuckGo,storage.access.prompt.label.3,,DuckDuckGo protections still apply either way.,Part 3 of an alert asking users whether to share cookies: DuckDuckGo protections still apply either way.,,,true,extracted_with_value,,apps/apple/macOS/DuckDuckGo/Localization/Localizable.xcstrings,106588,https://github.com/duckduckgo/apple-browsers/blob/f1fdc2dec5243b11198eb13396588ed77e9d044a/macOS/DuckDuckGo/Localization/Localizable.xcstrings#L106588
macOS,labels,DuckDuckGo,storage.access.prompt.quirk.domains.label.1,,"%@ wants to use cookies and data across sites they own, including:","Part 1 of an alert for quirk domains asking users whether to share cookies: requestingDomain wants to use cookies and data across sites they own, including:",,%@,true,extracted_with_value,,apps/apple/macOS/DuckDuckGo/Localization/Localizable.xcstrings,106708,https://github.com/duckduckgo/apple-browsers/blob/f1fdc2dec5243b11198eb13396588ed77e9d044a/macOS/DuckDuckGo/Localization/Localizable.xcstrings#L106708
macOS,labels,DuckDuckGo,storage.access.prompt.quirk.domains.label.2,,"If you pick “Don’t Allow” some site features may not work as expected, but it will reduce tracking by %@.","Part 2 of an alert asking users whether to share cookies: If you pick “Don’t Allow” some site features may not work as expected, but it will reduce tracking by [requestingdomain].",,%@,true,extracted_with_value,,apps/apple/macOS/DuckDuckGo/Localization/Localizable.xcstrings,106768,https://github.com/duckduckgo/apple-browsers/blob/f1fdc2dec5243b11198eb13396588ed77e9d044a/macOS/DuckDuckGo/Localization/Localizable.xcstrings#L106768
macOS,labels,DuckDuckGo,subscription.general.name,,DuckDuckGo Subscription,Title for Subscription item in the options menu,,,true,extracted_with_value,,apps/apple/macOS/DuckDuckGo/Localization/Localizable.xcstrings,107008,https://github.com/duckduckgo/apple-browsers/blob/f1fdc2dec5243b11198eb13396588ed77e9d044a/macOS/DuckDuckGo/Localization/Localizable.xcstrings#L107008
macOS,labels,DuckDuckGo,subscription.side.pane.subscription.inactive,,Subscribe to DuckDuckGo,Settings Side Pane item for the DuckDuckGo Subscription,,,true,extracted_with_value,,apps/apple/macOS/DuckDuckGo/Localization/Localizable.xcstrings,107488,https://github.com/duckduckgo/apple-browsers/blob/f1fdc2dec5243b11198eb13396588ed77e9d044a/macOS/DuckDuckGo/Localization/Localizable.xcstrings#L107488
macOS,labels,DuckDuckGo,suggestion.search.privately,,Search privately,Label shown on the search suggestion cell indicating the action will search the web,,,true,extracted_with_value,,apps/apple/macOS/DuckDuckGo/Localization/Localizable.xcstrings,108328,https://github.com/duckduckgo/apple-browsers/blob/f1fdc2dec5243b11198eb13396588ed77e9d044a/macOS/DuckDuckGo/Localization/Localizable.xcstrings#L108328
macOS,labels,DuckDuckGo,switch.to.tab,,Switch to Tab,Suggestion to switch to an open tab button title,,,true,extracted_with_value,,apps/apple/macOS/DuckDuckGo/Localization/Localizable.xcstrings,108388,https://github.com/duckduckgo/apple-browsers/blob/f1fdc2dec5243b11198eb13396588ed77e9d044a/macOS/DuckDuckGo/Localization/Localizable.xcstrings#L108388
macOS,labels,DuckDuckGo,sync.pairing-v2.unknown-peer-name,,the other device,Fallback device name for confirmation dialogs,,,true,extracted_with_value,,apps/apple/macOS/DuckDuckGo/Localization/Localizable.xcstrings,108868,https://github.com/duckduckgo/apple-browsers/blob/f1fdc2dec5243b11198eb13396588ed77e9d044a/macOS/DuckDuckGo/Localization/Localizable.xcstrings#L108868
macOS,labels,DuckDuckGo,today,,today,Date section in history view indicating current day,,,true,,,apps/apple/macOS/DuckDuckGo/Localization/Localizable.xcstrings,110234,https://github.com/duckduckgo/apple-browsers/blob/f1fdc2dec5243b11198eb13396588ed77e9d044a/macOS/DuckDuckGo/Localization/Localizable.xcstrings#L110234
macOS,labels,DuckDuckGo,unmute.tab,,Unmute Tab,Menu item. Unmute tab,,,true,extracted_with_value,,apps/apple/macOS/DuckDuckGo/Localization/Localizable.xcstrings,113760,https://github.com/duckduckgo/apple-browsers/blob/f1fdc2dec5243b11198eb13396588ed77e9d044a/macOS/DuckDuckGo/Localization/Localizable.xcstrings#L113760
macOS,labels,DuckDuckGo,unpin.tab,,Unpin Tab,Menu item. Unpin as a verb,,,true,extracted_with_value,,apps/apple/macOS/DuckDuckGo/Localization/Localizable.xcstrings,113820,https://github.com/duckduckgo/apple-browsers/blob/f1fdc2dec5243b11198eb13396588ed77e9d044a/macOS/DuckDuckGo/Localization/Localizable.xcstrings#L113820
macOS,labels,DuckDuckGo,version,,Version %1$@ (%2$@),Displays the version and build numbers,,%1$@ %2$@,true,extracted_with_value,,apps/apple/macOS/DuckDuckGo/Localization/Localizable.xcstrings,114232,https://github.com/duckduckgo/apple-browsers/blob/f1fdc2dec5243b11198eb13396588ed77e9d044a/macOS/DuckDuckGo/Localization/Localizable.xcstrings#L114232
macOS,labels,DuckDuckGo,vpn.feedback-form.category.browser-crash-or-freeze,,VPN causes browser to crash or freeze,Title for the browser crash/freeze category of the VPN feedback form,,,true,extracted_with_value,,apps/apple/macOS/DuckDuckGo/Localization/Localizable.xcstrings,115845,https://github.com/duckduckgo/apple-browsers/blob/f1fdc2dec5243b11198eb13396588ed77e9d044a/macOS/DuckDuckGo/Localization/Localizable.xcstrings#L115845
macOS,labels,DuckDuckGo,vpn.feedback-form.category.fails-to-connect,,VPN fails to connect,Title for the 'VPN fails to connect' category of the VPN feedback form,,,true,extracted_with_value,,apps/apple/macOS/DuckDuckGo/Localization/Localizable.xcstrings,115905,https://github.com/duckduckgo/apple-browsers/blob/f1fdc2dec5243b11198eb13396588ed77e9d044a/macOS/DuckDuckGo/Localization/Localizable.xcstrings#L115905
macOS,labels,DuckDuckGo,vpn.feedback-form.category.feature-request,,VPN feature request,Title for the 'VPN feature request' category of the VPN feedback form,,,true,extracted_with_value,,apps/apple/macOS/DuckDuckGo/Localization/Localizable.xcstrings,115965,https://github.com/duckduckgo/apple-browsers/blob/f1fdc2dec5243b11198eb13396588ed77e9d044a/macOS/DuckDuckGo/Localization/Localizable.xcstrings#L115965
macOS,labels,DuckDuckGo,vpn.feedback-form.category.issues-with-apps,,VPN causes issues with other apps or websites,Title for the category 'VPN causes issues with other apps or websites' category of the VPN feedback form,,,true,extracted_with_value,,apps/apple/macOS/DuckDuckGo/Localization/Localizable.xcstrings,116025,https://github.com/duckduckgo/apple-browsers/blob/f1fdc2dec5243b11198eb13396588ed77e9d044a/macOS/DuckDuckGo/Localization/Localizable.xcstrings#L116025
macOS,labels,DuckDuckGo,vpn.feedback-form.category.local-device-connectivity,,VPN won't let me connect to local device,Title for the local device connectivity category of the VPN feedback form,,,true,extracted_with_value,,apps/apple/macOS/DuckDuckGo/Localization/Localizable.xcstrings,116085,https://github.com/duckduckgo/apple-browsers/blob/f1fdc2dec5243b11198eb13396588ed77e9d044a/macOS/DuckDuckGo/Localization/Localizable.xcstrings#L116085
macOS,labels,DuckDuckGo,vpn.feedback-form.category.other,,Other VPN feedback,Title for the 'other VPN feedback' category of the VPN feedback form,,,true,extracted_with_value,,apps/apple/macOS/DuckDuckGo/Localization/Localizable.xcstrings,116145,https://github.com/duckduckgo/apple-browsers/blob/f1fdc2dec5243b11198eb13396588ed77e9d044a/macOS/DuckDuckGo/Localization/Localizable.xcstrings#L116145
macOS,labels,DuckDuckGo,vpn.feedback-form.category.select-category,,Select a category,Title for the category selection state of the VPN feedback form,,,true,extracted_with_value,,apps/apple/macOS/DuckDuckGo/Localization/Localizable.xcstrings,116205,https://github.com/duckduckgo/apple-browsers/blob/f1fdc2dec5243b11198eb13396588ed77e9d044a/macOS/DuckDuckGo/Localization/Localizable.xcstrings#L116205
macOS,labels,DuckDuckGo,vpn.feedback-form.category.too-slow,,VPN connection is too slow,Title for the 'VPN is too slow' category of the VPN feedback form,,,true,extracted_with_value,,apps/apple/macOS/DuckDuckGo/Localization/Localizable.xcstrings,116265,https://github.com/duckduckgo/apple-browsers/blob/f1fdc2dec5243b11198eb13396588ed77e9d044a/macOS/DuckDuckGo/Localization/Localizable.xcstrings#L116265
macOS,labels,DuckDuckGo,vpn.feedback-form.category.unable-to-install,,Unable to install VPN,Title for the 'unable to install' category of the VPN feedback form,,,true,extracted_with_value,,apps/apple/macOS/DuckDuckGo/Localization/Localizable.xcstrings,116325,https://github.com/duckduckgo/apple-browsers/blob/f1fdc2dec5243b11198eb13396588ed77e9d044a/macOS/DuckDuckGo/Localization/Localizable.xcstrings#L116325
macOS,labels,DuckDuckGo,warn.before.quit,,Warn me that tabs and data will be deleted when quitting,Label after the checkbox in Settings which configures a warning before clearing data on the application termination.,,,true,extracted_with_value,,apps/apple/macOS/DuckDuckGo/Localization/Localizable.xcstrings,119565,https://github.com/duckduckgo/apple-browsers/blob/f1fdc2dec5243b11198eb13396588ed77e9d044a/macOS/DuckDuckGo/Localization/Localizable.xcstrings#L119565
macOS,labels,DuckDuckGo,warn.before.quit.clearChats,,"Warn me that tabs, data, and chats will be deleted when quitting",Label after the checkbox in Settings which configures a warning before clearing data and chats on the application termination.,,,true,extracted_with_value,,apps/apple/macOS/DuckDuckGo/Localization/Localizable.xcstrings,119625,https://github.com/duckduckgo/apple-browsers/blob/f1fdc2dec5243b11198eb13396588ed77e9d044a/macOS/DuckDuckGo/Localization/Localizable.xcstrings#L119625
macOS,labels,DuckDuckGo,yesterday,,yesterday,Date section in history view indicating previous day,,,true,,,apps/apple/macOS/DuckDuckGo/Localization/Localizable.xcstrings,120698,https://github.com/duckduckgo/apple-browsers/blob/f1fdc2dec5243b11198eb13396588ed77e9d044a/macOS/DuckDuckGo/Localization/Localizable.xcstrings#L120698
macOS,labels,DuckDuckGoVPN,network.protection.tunnel.name,,DuckDuckGo VPN,The name of the NetP VPN that will be visible in the system to the user,,,true,extracted_with_value,,apps/apple/macOS/DuckDuckGoVPN/Localizable.xcstrings,544,https://github.com/duckduckgo/apple-browsers/blob/f1fdc2dec5243b11198eb13396588ed77e9d044a/macOS/DuckDuckGoVPN/Localizable.xcstrings#L544
macOS,labels,DuckDuckGoVPN,network.protection.vpn.location.formatter.nearest.location,,Nearest Location,Nearest available location setting description,,,true,extracted_with_value,,apps/apple/macOS/DuckDuckGoVPN/Localizable.xcstrings,610,https://github.com/duckduckgo/apple-browsers/blob/f1fdc2dec5243b11198eb13396588ed77e9d044a/macOS/DuckDuckGoVPN/Localizable.xcstrings#L610
macOS,labels,NetworkProtectionMac,network.protection.server.address.unknown,,Unknown,When we can't tell the user the IP of the NetP server is,,,true,extracted_with_value,,apps/apple/macOS/LocalPackages/NetworkProtectionMac/Sources/NetworkProtectionUI/Resources/Localizable.xcstrings,1976,https://github.com/duckduckgo/apple-browsers/blob/f1fdc2dec5243b11198eb13396588ed77e9d044a/macOS/LocalPackages/NetworkProtectionMac/Sources/NetworkProtectionUI/Resources/Localizable.xcstrings#L1976
macOS,labels,NetworkProtectionMac,network.protection.site.troubleshooting.exclude,,Exclude %@ from VPN,Option to exclude a “%@” website from the VPN,,%@,true,extracted_with_value,,apps/apple/macOS/LocalPackages/NetworkProtectionMac/Sources/NetworkProtectionUI/Resources/Localizable.xcstrings,2156,https://github.com/duckduckgo/apple-browsers/blob/f1fdc2dec5243b11198eb13396588ed77e9d044a/macOS/LocalPackages/NetworkProtectionMac/Sources/NetworkProtectionUI/Resources/Localizable.xcstrings#L2156
macOS,labels,NetworkProtectionMac,network.protection.status.connected,,Connected,The label for the NetP VPN when connected,,,true,extracted_with_value,,apps/apple/macOS/LocalPackages/NetworkProtectionMac/Sources/NetworkProtectionUI/Resources/Localizable.xcstrings,2276,https://github.com/duckduckgo/apple-browsers/blob/f1fdc2dec5243b11198eb13396588ed77e9d044a/macOS/LocalPackages/NetworkProtectionMac/Sources/NetworkProtectionUI/Resources/Localizable.xcstrings#L2276
macOS,labels,NetworkProtectionMac,network.protection.status.connecting,,Connecting...,The label for the NetP VPN when connecting,,,true,extracted_with_value,,apps/apple/macOS/LocalPackages/NetworkProtectionMac/Sources/NetworkProtectionUI/Resources/Localizable.xcstrings,2336,https://github.com/duckduckgo/apple-browsers/blob/f1fdc2dec5243b11198eb13396588ed77e9d044a/macOS/LocalPackages/NetworkProtectionMac/Sources/NetworkProtectionUI/Resources/Localizable.xcstrings#L2336
macOS,labels,NetworkProtectionMac,network.protection.status.disconnected,,Not connected,The label for the NetP VPN when disconnected,,,true,extracted_with_value,,apps/apple/macOS/LocalPackages/NetworkProtectionMac/Sources/NetworkProtectionUI/Resources/Localizable.xcstrings,2396,https://github.com/duckduckgo/apple-browsers/blob/f1fdc2dec5243b11198eb13396588ed77e9d044a/macOS/LocalPackages/NetworkProtectionMac/Sources/NetworkProtectionUI/Resources/Localizable.xcstrings#L2396
macOS,labels,NetworkProtectionMac,network.protection.status.disconnecting,,Disconnecting...,The label for the NetP VPN when disconnecting,,,true,extracted_with_value,,apps/apple/macOS/LocalPackages/NetworkProtectionMac/Sources/NetworkProtectionUI/Resources/Localizable.xcstrings,2456,https://github.com/duckduckgo/apple-browsers/blob/f1fdc2dec5243b11198eb13396588ed77e9d044a/macOS/LocalPackages/NetworkProtectionMac/Sources/NetworkProtectionUI/Resources/Localizable.xcstrings#L2456
macOS,labels,NetworkProtectionMac,network.protection.status.view.connection.label,,VPN,Connection label shown in NetworkProtection's status view.,,,true,extracted_with_value,,apps/apple/macOS/LocalPackages/NetworkProtectionMac/Sources/NetworkProtectionUI/Resources/Localizable.xcstrings,2756,https://github.com/duckduckgo/apple-browsers/blob/f1fdc2dec5243b11198eb13396588ed77e9d044a/macOS/LocalPackages/NetworkProtectionMac/Sources/NetworkProtectionUI/Resources/Localizable.xcstrings#L2756
macOS,labels,NetworkProtectionMac,network.protection.status.view.feature.isoff,,DuckDuckGo VPN is OFF,Text shown in NetworkProtection's status view when NetP is OFF.,,,true,extracted_with_value,,apps/apple/macOS/LocalPackages/NetworkProtectionMac/Sources/NetworkProtectionUI/Resources/Localizable.xcstrings,2822,https://github.com/duckduckgo/apple-browsers/blob/f1fdc2dec5243b11198eb13396588ed77e9d044a/macOS/LocalPackages/NetworkProtectionMac/Sources/NetworkProtectionUI/Resources/Localizable.xcstrings#L2822
macOS,labels,NetworkProtectionMac,network.protection.status.view.feature.ison,,DuckDuckGo VPN is ON,Text shown in NetworkProtection's status view when NetP is ON.,,,true,extracted_with_value,,apps/apple/macOS/LocalPackages/NetworkProtectionMac/Sources/NetworkProtectionUI/Resources/Localizable.xcstrings,2882,https://github.com/duckduckgo/apple-browsers/blob/f1fdc2dec5243b11198eb13396588ed77e9d044a/macOS/LocalPackages/NetworkProtectionMac/Sources/NetworkProtectionUI/Resources/Localizable.xcstrings#L2882
macOS,labels,NetworkProtectionMac,network.protection.status.view.ip.address,,IP Address,IP Address label shown in NetworkProtection's status view.,,,true,extracted_with_value,,apps/apple/macOS/LocalPackages/NetworkProtectionMac/Sources/NetworkProtectionUI/Resources/Localizable.xcstrings,2942,https://github.com/duckduckgo/apple-browsers/blob/f1fdc2dec5243b11198eb13396588ed77e9d044a/macOS/LocalPackages/NetworkProtectionMac/Sources/NetworkProtectionUI/Resources/Localizable.xcstrings#L2942
macOS,labels,NetworkProtectionMac,network.protection.status.view.location,,Location,Location label shown in NetworkProtection's status view.,,,true,extracted_with_value,,apps/apple/macOS/LocalPackages/NetworkProtectionMac/Sources/NetworkProtectionUI/Resources/Localizable.xcstrings,3002,https://github.com/duckduckgo/apple-browsers/blob/f1fdc2dec5243b11198eb13396588ed77e9d044a/macOS/LocalPackages/NetworkProtectionMac/Sources/NetworkProtectionUI/Resources/Localizable.xcstrings#L3002
macOS,labels,NetworkProtectionMac,network.protection.status.view.strict.routing.pill.off,,Strict routing: Off,Label for the status pill shown while the VPN's Strict routing setting is off,,,true,extracted_with_value,,apps/apple/macOS/LocalPackages/NetworkProtectionMac/Sources/NetworkProtectionUI/Resources/Localizable.xcstrings,3062,https://github.com/duckduckgo/apple-browsers/blob/f1fdc2dec5243b11198eb13396588ed77e9d044a/macOS/LocalPackages/NetworkProtectionMac/Sources/NetworkProtectionUI/Resources/Localizable.xcstrings#L3062
macOS,labels,NetworkProtectionMac,network.protection.status.view.strict.routing.pill.on,,Strict routing: On,Label for the status pill shown while the VPN's Strict routing setting is on,,,true,extracted_with_value,,apps/apple/macOS/LocalPackages/NetworkProtectionMac/Sources/NetworkProtectionUI/Resources/Localizable.xcstrings,3122,https://github.com/duckduckgo/apple-browsers/blob/f1fdc2dec5243b11198eb13396588ed77e9d044a/macOS/LocalPackages/NetworkProtectionMac/Sources/NetworkProtectionUI/Resources/Localizable.xcstrings#L3122
macOS,labels,PreferencesUI-macOS,preferences.status-indicator.always-on,,Always On,Status indicator of a browser privacy protection feature.,,,true,extracted_with_value,,apps/apple/macOS/LocalPackages/PreferencesUI-macOS/Sources/PreferencesUI-macOS/Resources/Localizable.xcstrings,4,https://github.com/duckduckgo/apple-browsers/blob/f1fdc2dec5243b11198eb13396588ed77e9d044a/macOS/LocalPackages/PreferencesUI-macOS/Sources/PreferencesUI-macOS/Resources/Localizable.xcstrings#L4
macOS,labels,PreferencesUI-macOS,preferences.status-indicator.off,,Off,Status indicator of a browser privacy protection feature.,,,true,extracted_with_value,,apps/apple/macOS/LocalPackages/PreferencesUI-macOS/Sources/PreferencesUI-macOS/Resources/Localizable.xcstrings,64,https://github.com/duckduckgo/apple-browsers/blob/f1fdc2dec5243b11198eb13396588ed77e9d044a/macOS/LocalPackages/PreferencesUI-macOS/Sources/PreferencesUI-macOS/Resources/Localizable.xcstrings#L64
macOS,labels,PreferencesUI-macOS,preferences.status-indicator.on,,On,Status indicator of a browser privacy protection feature.,,,true,extracted_with_value,,apps/apple/macOS/LocalPackages/PreferencesUI-macOS/Sources/PreferencesUI-macOS/Resources/Localizable.xcstrings,124,https://github.com/duckduckgo/apple-browsers/blob/f1fdc2dec5243b11198eb13396588ed77e9d044a/macOS/LocalPackages/PreferencesUI-macOS/Sources/PreferencesUI-macOS/Resources/Localizable.xcstrings#L124
macOS,labels,SubscriptionUI,Change Tier,,Change Tier,,,,false,,,apps/apple/macOS/LocalPackages/SubscriptionUI/Sources/SubscriptionUI/Resources/Localizable.xcstrings,64,https://github.com/duckduckgo/apple-browsers/blob/f1fdc2dec5243b11198eb13396588ed77e9d044a/macOS/LocalPackages/SubscriptionUI/Sources/SubscriptionUI/Resources/Localizable.xcstrings#L64
macOS,labels,SyncUI-macOS,(%@),,(%@),,,%@,true,,,apps/apple/macOS/LocalPackages/SyncUI-macOS/Sources/SyncUI-macOS/Resources/Localizable.xcstrings,4,https://github.com/duckduckgo/apple-browsers/blob/f1fdc2dec5243b11198eb13396588ed77e9d044a/macOS/LocalPackages/SyncUI-macOS/Sources/SyncUI-macOS/Resources/Localizable.xcstrings#L4
macOS,labels,SyncUI-macOS,preferences.sync,,Sync & Backup,Show sync preferences,,,true,extracted_with_value,,apps/apple/macOS/LocalPackages/SyncUI-macOS/Sources/SyncUI-macOS/Resources/Localizable.xcstrings,4022,https://github.com/duckduckgo/apple-browsers/blob/f1fdc2dec5243b11198eb13396588ed77e9d044a/macOS/LocalPackages/SyncUI-macOS/Sources/SyncUI-macOS/Resources/Localizable.xcstrings#L4022
macOS,labels,SyncUI-macOS,preferences.sync.connected,,Sync Enabled,Sync state is enabled,,,true,extracted_with_value,,apps/apple/macOS/LocalPackages/SyncUI-macOS/Sources/SyncUI-macOS/Resources/Localizable.xcstrings,4982,https://github.com/duckduckgo/apple-browsers/blob/f1fdc2dec5243b11198eb13396588ed77e9d044a/macOS/LocalPackages/SyncUI-macOS/Sources/SyncUI-macOS/Resources/Localizable.xcstrings#L4982
macOS,labels,SyncUI-macOS,preferences.sync.device-details-v2.name-label,,Name,Label of the editable device name field on the device details dialog (V2),,,true,extracted_with_value,,apps/apple/macOS/LocalPackages/SyncUI-macOS/Sources/SyncUI-macOS/Resources/Localizable.xcstrings,5402,https://github.com/duckduckgo/apple-browsers/blob/f1fdc2dec5243b11198eb13396588ed77e9d044a/macOS/LocalPackages/SyncUI-macOS/Sources/SyncUI-macOS/Resources/Localizable.xcstrings#L5402
macOS,labels,SyncUI-macOS,preferences.sync.device-details-v2.synced-status,,Synced,Status shown under the device name on the device details dialog (V2),,,true,extracted_with_value,,apps/apple/macOS/LocalPackages/SyncUI-macOS/Sources/SyncUI-macOS/Resources/Localizable.xcstrings,5522,https://github.com/duckduckgo/apple-browsers/blob/f1fdc2dec5243b11198eb13396588ed77e9d044a/macOS/LocalPackages/SyncUI-macOS/Sources/SyncUI-macOS/Resources/Localizable.xcstrings#L5522
macOS,labels,SyncUI-macOS,preferences.sync.success-v2.fallback-device-name,,This device,Fallback device name in the Sync success dialog when the current device name is unavailable (V2),,,true,extracted_with_value,,apps/apple/macOS/LocalPackages/SyncUI-macOS/Sources/SyncUI-macOS/Resources/Localizable.xcstrings,7082,https://github.com/duckduckgo/apple-browsers/blob/f1fdc2dec5243b11198eb13396588ed77e9d044a/macOS/LocalPackages/SyncUI-macOS/Sources/SyncUI-macOS/Resources/Localizable.xcstrings#L7082
macOS,labels,SyncUI-macOS,preferences.sync.success-v2.recovery-code-label,,Recovery Code,Recovery code label in the Sync success dialog (V2),,,true,extracted_with_value,,apps/apple/macOS/LocalPackages/SyncUI-macOS/Sources/SyncUI-macOS/Resources/Localizable.xcstrings,7142,https://github.com/duckduckgo/apple-browsers/blob/f1fdc2dec5243b11198eb13396588ed77e9d044a/macOS/LocalPackages/SyncUI-macOS/Sources/SyncUI-macOS/Resources/Localizable.xcstrings#L7142
macOS,labels,SyncUI-macOS,preferences.sync.sync-with-another-device-v2.copied,,Copied,Confirmation shown after copying the sync code (V2),,,true,extracted_with_value,,apps/apple/macOS/LocalPackages/SyncUI-macOS/Sources/SyncUI-macOS/Resources/Localizable.xcstrings,7262,https://github.com/duckduckgo/apple-browsers/blob/f1fdc2dec5243b11198eb13396588ed77e9d044a/macOS/LocalPackages/SyncUI-macOS/Sources/SyncUI-macOS/Resources/Localizable.xcstrings#L7262
macOS,labels,SyncUI-macOS,preferences.sync.sync-with-another-device-v2.enter-tab,,Enter Code,Tab that lets the user paste a sync code from another device (V2),,,true,extracted_with_value,,apps/apple/macOS/LocalPackages/SyncUI-macOS/Sources/SyncUI-macOS/Resources/Localizable.xcstrings,7502,https://github.com/duckduckgo/apple-browsers/blob/f1fdc2dec5243b11198eb13396588ed77e9d044a/macOS/LocalPackages/SyncUI-macOS/Sources/SyncUI-macOS/Resources/Localizable.xcstrings#L7502
macOS,labels,SyncUI-macOS,preferences.sync.sync-with-another-device-v2.example-code,,Example Code:,Label above the example sync code in the code entry tab (V2),,,true,extracted_with_value,,apps/apple/macOS/LocalPackages/SyncUI-macOS/Sources/SyncUI-macOS/Resources/Localizable.xcstrings,7622,https://github.com/duckduckgo/apple-browsers/blob/f1fdc2dec5243b11198eb13396588ed77e9d044a/macOS/LocalPackages/SyncUI-macOS/Sources/SyncUI-macOS/Resources/Localizable.xcstrings#L7622
macOS,labels,SyncUI-macOS,preferences.sync.sync-with-another-device-v2.scan-tab,,Scan Code,Tab that displays a QR code to scan from another device (V2),,,true,extracted_with_value,,apps/apple/macOS/LocalPackages/SyncUI-macOS/Sources/SyncUI-macOS/Resources/Localizable.xcstrings,7922,https://github.com/duckduckgo/apple-browsers/blob/f1fdc2dec5243b11198eb13396588ed77e9d044a/macOS/LocalPackages/SyncUI-macOS/Sources/SyncUI-macOS/Resources/Localizable.xcstrings#L7922
macOS,labels,SyncUI-macOS,preferences.sync.this-device,,This Device,Indicator of a current user's device on the list,,,true,extracted_with_value,,apps/apple/macOS/LocalPackages/SyncUI-macOS/Sources/SyncUI-macOS/Resources/Localizable.xcstrings,10082,https://github.com/duckduckgo/apple-browsers/blob/f1fdc2dec5243b11198eb13396588ed77e9d044a/macOS/LocalPackages/SyncUI-macOS/Sources/SyncUI-macOS/Resources/Localizable.xcstrings#L10082
macOS,labels,SyncUI-macOS,prefrences.sync.device-details.label,,Name,The text entry label to name the device,,,true,extracted_with_value,,apps/apple/macOS/LocalPackages/SyncUI-macOS/Sources/SyncUI-macOS/Resources/Localizable.xcstrings,10982,https://github.com/duckduckgo/apple-browsers/blob/f1fdc2dec5243b11198eb13396588ed77e9d044a/macOS/LocalPackages/SyncUI-macOS/Sources/SyncUI-macOS/Resources/Localizable.xcstrings#L10982
macOS,labels,NetworkProtectionAppExtension,CFBundleDisplayName,,DuckDuckGo VPN Network Extension,Bundle display name,,,true,stale,,apps/apple/macOS/NetworkProtectionAppExtension/NetPAppExInfoPlist.xcstrings,4,https://github.com/duckduckgo/apple-browsers/blob/f1fdc2dec5243b11198eb13396588ed77e9d044a/macOS/NetworkProtectionAppExtension/NetPAppExInfoPlist.xcstrings#L4
macOS,labels,NetworkProtectionAppExtension,CFBundleName,,NetworkProtectionAppExtension,Bundle name,,,true,stale,,apps/apple/macOS/NetworkProtectionAppExtension/NetPAppExInfoPlist.xcstrings,64,https://github.com/duckduckgo/apple-browsers/blob/f1fdc2dec5243b11198eb13396588ed77e9d044a/macOS/NetworkProtectionAppExtension/NetPAppExInfoPlist.xcstrings#L64
macOS,labels,NetworkProtectionSystemExtension,CFBundleDisplayName,,DuckDuckGo VPN Network Extension,Bundle display name,,,false,extracted_with_value,,apps/apple/macOS/NetworkProtectionSystemExtension/AppStoreInfoPlist.xcstrings,4,https://github.com/duckduckgo/apple-browsers/blob/f1fdc2dec5243b11198eb13396588ed77e9d044a/macOS/NetworkProtectionSystemExtension/AppStoreInfoPlist.xcstrings#L4
macOS,labels,NetworkProtectionSystemExtension,CFBundleName,,com.duckduckgo.mobile.ios.vpn.agent.network-extension,Bundle name,,,false,extracted_with_value,,apps/apple/macOS/NetworkProtectionSystemExtension/AppStoreInfoPlist.xcstrings,17,https://github.com/duckduckgo/apple-browsers/blob/f1fdc2dec5243b11198eb13396588ed77e9d044a/macOS/NetworkProtectionSystemExtension/AppStoreInfoPlist.xcstrings#L17
macOS,labels,NetworkProtectionSystemExtension,CFBundleDisplayName,,DuckDuckGo VPN Network Extension,Bundle display name,,,false,extracted_with_value,,apps/apple/macOS/NetworkProtectionSystemExtension/InfoPlist.xcstrings,4,https://github.com/duckduckgo/apple-browsers/blob/f1fdc2dec5243b11198eb13396588ed77e9d044a/macOS/NetworkProtectionSystemExtension/InfoPlist.xcstrings#L4
macOS,labels,NetworkProtectionSystemExtension,CFBundleName,,com.duckduckgo.macos.vpn.network-extension,Bundle name,,,false,extracted_with_value,,apps/apple/macOS/NetworkProtectionSystemExtension/InfoPlist.xcstrings,17,https://github.com/duckduckgo/apple-browsers/blob/f1fdc2dec5243b11198eb13396588ed77e9d044a/macOS/NetworkProtectionSystemExtension/InfoPlist.xcstrings#L17
macOS,labels,NetworkProtectionSystemExtension,CFBundleDisplayName,,DuckDuckGo VPN Network Extension,Bundle display name,,,false,automatic,,apps/apple/macOS/NetworkProtectionSystemExtension/NetPAppStoreInfoPlist.xcstrings,4,https://github.com/duckduckgo/apple-browsers/blob/f1fdc2dec5243b11198eb13396588ed77e9d044a/macOS/NetworkProtectionSystemExtension/NetPAppStoreInfoPlist.xcstrings#L4
macOS,labels,NetworkProtectionSystemExtension,CFBundleName,,com.duckduckgo.mobile.ios.vpn.agent.network-extension,Bundle name,,,false,automatic,,apps/apple/macOS/NetworkProtectionSystemExtension/NetPAppStoreInfoPlist.xcstrings,65,https://github.com/duckduckgo/apple-browsers/blob/f1fdc2dec5243b11198eb13396588ed77e9d044a/macOS/NetworkProtectionSystemExtension/NetPAppStoreInfoPlist.xcstrings#L65
macOS,labels,NetworkProtectionSystemExtension,CFBundleDisplayName,,DuckDuckGo VPN Network Extension,Bundle display name,,,false,automatic,,apps/apple/macOS/NetworkProtectionSystemExtension/NetworkProtectionInfoPlist.xcstrings,4,https://github.com/duckduckgo/apple-browsers/blob/f1fdc2dec5243b11198eb13396588ed77e9d044a/macOS/NetworkProtectionSystemExtension/NetworkProtectionInfoPlist.xcstrings#L4
macOS,labels,NetworkProtectionSystemExtension,CFBundleName,,com.duckduckgo.macos.vpn.network-extension,Bundle name,,,false,automatic,,apps/apple/macOS/NetworkProtectionSystemExtension/NetworkProtectionInfoPlist.xcstrings,17,https://github.com/duckduckgo/apple-browsers/blob/f1fdc2dec5243b11198eb13396588ed77e9d044a/macOS/NetworkProtectionSystemExtension/NetworkProtectionInfoPlist.xcstrings#L17
