platform,content_type,module,key,variant,text,developer_comment,context_comment,placeholders,translatable,state,internal_only,source_file,line,source_url
iOS,body,DuckDuckGo,NSCameraUsageDescription,,Allows you to upload photographs and videos,Privacy - Camera Usage Description,,,true,,,apps/apple/iOS/DuckDuckGo/en.lproj/InfoPlist.strings,8,https://github.com/duckduckgo/apple-browsers/blob/ef18f2a4fadcb2229879d6bb32d3afb64c78bde2/iOS/DuckDuckGo/en.lproj/InfoPlist.strings#L8
iOS,body,DuckDuckGo,NSFaceIDUsageDescription,,Allows you to unlock using Face ID,Privacy - Face ID Usage Description,,,true,,,apps/apple/iOS/DuckDuckGo/en.lproj/InfoPlist.strings,11,https://github.com/duckduckgo/apple-browsers/blob/ef18f2a4fadcb2229879d6bb32d3afb64c78bde2/iOS/DuckDuckGo/en.lproj/InfoPlist.strings#L11
iOS,body,DuckDuckGo,NSLocationWhenInUseUsageDescription,,Allows you to share your location,Privacy - Location When In Use Usage Description,,,true,,,apps/apple/iOS/DuckDuckGo/en.lproj/InfoPlist.strings,14,https://github.com/duckduckgo/apple-browsers/blob/ef18f2a4fadcb2229879d6bb32d3afb64c78bde2/iOS/DuckDuckGo/en.lproj/InfoPlist.strings#L14
iOS,body,DuckDuckGo,NSMicrophoneUsageDescription,,This is required to use voice features. DuckDuckGo never records what you say.,Privacy - Microphone Usage Description,,,true,,,apps/apple/iOS/DuckDuckGo/en.lproj/InfoPlist.strings,17,https://github.com/duckduckgo/apple-browsers/blob/ef18f2a4fadcb2229879d6bb32d3afb64c78bde2/iOS/DuckDuckGo/en.lproj/InfoPlist.strings#L17
iOS,body,DuckDuckGo,NSPhotoLibraryAddUsageDescription,,Allows you to save images to your device,Privacy - Photo Library Additions Usage Description,,,true,,,apps/apple/iOS/DuckDuckGo/en.lproj/InfoPlist.strings,20,https://github.com/duckduckgo/apple-browsers/blob/ef18f2a4fadcb2229879d6bb32d3afb64c78bde2/iOS/DuckDuckGo/en.lproj/InfoPlist.strings#L20
iOS,body,DuckDuckGo,action.title.copy.message,,URL copied,Floating message indicating URL has been copied,,,true,,,apps/apple/iOS/DuckDuckGo/en.lproj/Localizable.strings,92,https://github.com/duckduckgo/apple-browsers/blob/ef18f2a4fadcb2229879d6bb32d3afb64c78bde2/iOS/DuckDuckGo/en.lproj/Localizable.strings#L92
iOS,body,DuckDuckGo,ad.blocking.description,,"Blocks invasive trackers before they load, effectively eliminating ads that rely on tracking.",Description of the Ad Blocking feature in settings,,,true,,,apps/apple/iOS/DuckDuckGo/en.lproj/Localizable.strings,197,https://github.com/duckduckgo/apple-browsers/blob/ef18f2a4fadcb2229879d6bb32d3afb64c78bde2/iOS/DuckDuckGo/en.lproj/Localizable.strings#L197
iOS,body,DuckDuckGo,addWidget.description,,Get quick access to private search and the sites you love.,No comment provided by engineer.,,,true,,,apps/apple/iOS/DuckDuckGo/en.lproj/Localizable.strings,212,https://github.com/duckduckgo/apple-browsers/blob/ef18f2a4fadcb2229879d6bb32d3afb64c78bde2/iOS/DuckDuckGo/en.lproj/Localizable.strings#L212
iOS,body,DuckDuckGo,addWidget.settings.firstParagraph,,Long-press anywhere on the Home Screen until the apps jiggle,No comment provided by engineer.,,,true,,,apps/apple/iOS/DuckDuckGo/en.lproj/Localizable.strings,215,https://github.com/duckduckgo/apple-browsers/blob/ef18f2a4fadcb2229879d6bb32d3afb64c78bde2/iOS/DuckDuckGo/en.lproj/Localizable.strings#L215
iOS,body,DuckDuckGo,addWidget.settings.secondParagraph,,"Tap the **Edit** button, then choose **Add Widget**",No comment provided by engineer.,,,true,,,apps/apple/iOS/DuckDuckGo/en.lproj/Localizable.strings,218,https://github.com/duckduckgo/apple-browsers/blob/ef18f2a4fadcb2229879d6bb32d3afb64c78bde2/iOS/DuckDuckGo/en.lproj/Localizable.strings#L218
iOS,body,DuckDuckGo,addWidget.settings.secondParagraph.%@,,Tap the plus %@ button.,Replacement string is a plus button icon.,,%@,true,,,apps/apple/iOS/DuckDuckGo/en.lproj/Localizable.strings,221,https://github.com/duckduckgo/apple-browsers/blob/ef18f2a4fadcb2229879d6bb32d3afb64c78bde2/iOS/DuckDuckGo/en.lproj/Localizable.strings#L221
iOS,body,DuckDuckGo,aichat.attachment.privacy.notice.format,,Files are automatically scanned for illegal content. Flagged chats have limited data retention. %@,Attachment privacy disclosure. %@ is the localized Learn more link; keep the placeholder and position it naturally in the sentence.,,%@,true,,,apps/apple/iOS/DuckDuckGo/en.lproj/Localizable.strings,287,https://github.com/duckduckgo/apple-browsers/blob/ef18f2a4fadcb2229879d6bb32d3afb64c78bde2/iOS/DuckDuckGo/en.lproj/Localizable.strings#L287
iOS,body,DuckDuckGo,aichat.attachment.privacy.notice.learnMore,,Learn more,Link label inserted into the %@ placeholder in aichat.attachment.privacy.notice.format.,,,true,,,apps/apple/iOS/DuckDuckGo/en.lproj/Localizable.strings,290,https://github.com/duckduckgo/apple-browsers/blob/ef18f2a4fadcb2229879d6bb32d3afb64c78bde2/iOS/DuckDuckGo/en.lproj/Localizable.strings#L290
iOS,body,DuckDuckGo,aichat.attachment.prompt.too.long,,That message is too long to send with attachments.,Alert message shown when an AI chat message exceeds the allowed length while attachments are included,,,true,,,apps/apple/iOS/DuckDuckGo/en.lproj/Localizable.strings,293,https://github.com/duckduckgo/apple-browsers/blob/ef18f2a4fadcb2229879d6bb32d3afb64c78bde2/iOS/DuckDuckGo/en.lproj/Localizable.strings#L293
iOS,body,DuckDuckGo,aichat.choose-tabs.prompt,,Pick up to %d tabs,Instruction above the tab attachment list. Parameter is the configured maximum number of tabs.,,%d,true,,,apps/apple/iOS/DuckDuckGo/en.lproj/Localizable.strings,314,https://github.com/duckduckgo/apple-browsers/blob/ef18f2a4fadcb2229879d6bb32d3afb64c78bde2/iOS/DuckDuckGo/en.lproj/Localizable.strings#L314
iOS,body,DuckDuckGo,aichat.createImage.modelSwitch.privacyPreserving.subtitle,,%@ can't create images. Zero Provider Visibility won't apply until you switch back.,"Subtitle of the Duck.ai input footer card shown when the model that was switched away from supports Zero Provider Visibility. %@ is that model's short name, such as 'Gemma'",,%@,true,,,apps/apple/iOS/DuckDuckGo/en.lproj/Localizable.strings,323,https://github.com/duckduckgo/apple-browsers/blob/ef18f2a4fadcb2229879d6bb32d3afb64c78bde2/iOS/DuckDuckGo/en.lproj/Localizable.strings#L323
iOS,body,DuckDuckGo,aichat.createImage.modelSwitch.subtitle,,%@ doesn't support image creation.,"Subtitle of the Duck.ai input footer card explaining why the model was switched. %@ is the short name of the model the user had selected before, such as 'Mistral'",,%@,true,,,apps/apple/iOS/DuckDuckGo/en.lproj/Localizable.strings,326,https://github.com/duckduckgo/apple-browsers/blob/ef18f2a4fadcb2229879d6bb32d3afb64c78bde2/iOS/DuckDuckGo/en.lproj/Localizable.strings#L326
iOS,body,DuckDuckGo,aichat.edit.replaceResponseDisclaimer,,Editing will replace the response with a new one.,"Caption shown below the input while editing a message, warning that submitting the edit replaces the existing response",,,true,,,apps/apple/iOS/DuckDuckGo/en.lproj/Localizable.strings,332,https://github.com/duckduckgo/apple-browsers/blob/ef18f2a4fadcb2229879d6bb32d3afb64c78bde2/iOS/DuckDuckGo/en.lproj/Localizable.strings#L332
iOS,body,DuckDuckGo,aichat.header.editMessage,,Edit Message,Title shown in the Duck.ai tab header while editing a previously sent message,,,true,,,apps/apple/iOS/DuckDuckGo/en.lproj/Localizable.strings,335,https://github.com/duckduckgo/apple-browsers/blob/ef18f2a4fadcb2229879d6bb32d3afb64c78bde2/iOS/DuckDuckGo/en.lproj/Localizable.strings#L335
iOS,body,DuckDuckGo,aichat.reasoning.extended.subtitle,,For analytical tasks,Subtitle for the extended reasoning mode in the Duck.ai reasoning picker,,,true,,,apps/apple/iOS/DuckDuckGo/en.lproj/Localizable.strings,440,https://github.com/duckduckgo/apple-browsers/blob/ef18f2a4fadcb2229879d6bb32d3afb64c78bde2/iOS/DuckDuckGo/en.lproj/Localizable.strings#L440
iOS,body,DuckDuckGo,aichat.reasoning.fast.subtitle,,Answers quickly,Subtitle for the fast reasoning mode in the Duck.ai reasoning picker,,,true,,,apps/apple/iOS/DuckDuckGo/en.lproj/Localizable.strings,446,https://github.com/duckduckgo/apple-browsers/blob/ef18f2a4fadcb2229879d6bb32d3afb64c78bde2/iOS/DuckDuckGo/en.lproj/Localizable.strings#L446
iOS,body,DuckDuckGo,aichat.reasoning.reasoning.subtitle,,For complex tasks,Subtitle for the reasoning mode in the Duck.ai reasoning picker,,,true,,,apps/apple/iOS/DuckDuckGo/en.lproj/Localizable.strings,452,https://github.com/duckduckgo/apple-browsers/blob/ef18f2a4fadcb2229879d6bb32d3afb64c78bde2/iOS/DuckDuckGo/en.lproj/Localizable.strings#L452
iOS,body,DuckDuckGo,aichat.toolbar.tools.customizeResponses.subtitle,,"Set tone, length and behavior",Subtitle for the customize responses action in the unified input tools menu,,,true,,,apps/apple/iOS/DuckDuckGo/en.lproj/Localizable.strings,485,https://github.com/duckduckgo/apple-browsers/blob/ef18f2a4fadcb2229879d6bb32d3afb64c78bde2/iOS/DuckDuckGo/en.lproj/Localizable.strings#L485
iOS,body,DuckDuckGo,aichat.toolbar.tools.imagegeneration.subtitle,,Turn text into images,Subtitle for the image generation tool in the unified input tools menu,,,true,,,apps/apple/iOS/DuckDuckGo/en.lproj/Localizable.strings,491,https://github.com/duckduckgo/apple-browsers/blob/ef18f2a4fadcb2229879d6bb32d3afb64c78bde2/iOS/DuckDuckGo/en.lproj/Localizable.strings#L491
iOS,body,DuckDuckGo,aichat.toolbar.tools.imagegeneration.unavailable.subtitle,,Not available for selected model,"Subtitle for the image generation tool in the unified input tools menu, shown when the chat is already under way on a model that cannot generate images",,,true,,,apps/apple/iOS/DuckDuckGo/en.lproj/Localizable.strings,497,https://github.com/duckduckgo/apple-browsers/blob/ef18f2a4fadcb2229879d6bb32d3afb64c78bde2/iOS/DuckDuckGo/en.lproj/Localizable.strings#L497
iOS,body,DuckDuckGo,aichat.toolbar.tools.websearch.subtitle,,Source answers from the web,Subtitle for the web search tool in the unified input tools menu,,,true,,,apps/apple/iOS/DuckDuckGo/en.lproj/Localizable.strings,500,https://github.com/duckduckgo/apple-browsers/blob/ef18f2a4fadcb2229879d6bb32d3afb64c78bde2/iOS/DuckDuckGo/en.lproj/Localizable.strings#L500
iOS,body,DuckDuckGo,aichat.usageWarnings.highUsageModel,,%@ uses limits up to 2-5x faster than basic models.,"Duck.ai input footer notice shown while a costly model is selected. %@ is the model's short name, such as 'Opus 4.8'",,%@,true,,,apps/apple/iOS/DuckDuckGo/en.lproj/Localizable.strings,530,https://github.com/duckduckgo/apple-browsers/blob/ef18f2a4fadcb2229879d6bb32d3afb64c78bde2/iOS/DuckDuckGo/en.lproj/Localizable.strings#L530
iOS,body,DuckDuckGo,aichat.usageWarnings.resetsIn,,Resets in %@,Subtitle of the Duck.ai input footer warning saying how long until the usage limit resets. %@ is a duration such as '2 days',,%@,true,,,apps/apple/iOS/DuckDuckGo/en.lproj/Localizable.strings,533,https://github.com/duckduckgo/apple-browsers/blob/ef18f2a4fadcb2229879d6bb32d3afb64c78bde2/iOS/DuckDuckGo/en.lproj/Localizable.strings#L533
iOS,body,DuckDuckGo,alert.message.bookmarkAll,,Existing bookmarks will not be duplicated.,No comment provided by engineer.,,,true,,,apps/apple/iOS/DuckDuckGo/en.lproj/Localizable.strings,542,https://github.com/duckduckgo/apple-browsers/blob/ef18f2a4fadcb2229879d6bb32d3afb64c78bde2/iOS/DuckDuckGo/en.lproj/Localizable.strings#L542
iOS,body,DuckDuckGo,alert.sync-already-paired-with-account-description,,These devices are already connected to Sync & Backup.,Description for Sync error shown when both devices are already paired with the same account,,,true,,,apps/apple/iOS/DuckDuckGo/en.lproj/Localizable.strings,548,https://github.com/duckduckgo/apple-browsers/blob/ef18f2a4fadcb2229879d6bb32d3afb64c78bde2/iOS/DuckDuckGo/en.lproj/Localizable.strings#L548
iOS,body,DuckDuckGo,alert.sync-bookmarks-paused-description,,You've reached the maximum number of bookmarks. Please delete some bookmarks to resume sync.,Description for alert shown when sync bookmarks paused for too many items,,,true,,,apps/apple/iOS/DuckDuckGo/en.lproj/Localizable.strings,557,https://github.com/duckduckgo/apple-browsers/blob/ef18f2a4fadcb2229879d6bb32d3afb64c78bde2/iOS/DuckDuckGo/en.lproj/Localizable.strings#L557
iOS,body,DuckDuckGo,alert.sync-cancelled-from-other-device-description,,Please try again.,Description for Sync error shown when setup is canceled from the other device,,,true,,,apps/apple/iOS/DuckDuckGo/en.lproj/Localizable.strings,566,https://github.com/duckduckgo/apple-browsers/blob/ef18f2a4fadcb2229879d6bb32d3afb64c78bde2/iOS/DuckDuckGo/en.lproj/Localizable.strings#L566
iOS,body,DuckDuckGo,alert.sync-code-only-compatible-with-duckai-description,,"In your other browser, visit Duck.ai, go to Settings, then under “Sync & Backup” select “Turn On” and then “Sync with another device”.",Description for Sync error shown when a third-party recovery code can only be used with Duck.ai,,,true,,,apps/apple/iOS/DuckDuckGo/en.lproj/Localizable.strings,572,https://github.com/duckduckgo/apple-browsers/blob/ef18f2a4fadcb2229879d6bb32d3afb64c78bde2/iOS/DuckDuckGo/en.lproj/Localizable.strings#L572
iOS,body,DuckDuckGo,alert.sync-credentials-paused-description,,You've reached the maximum number of passwords. Please delete some passwords to resume sync.,Description for alert shown when sync credentials paused for too many items,,,true,,,apps/apple/iOS/DuckDuckGo/en.lproj/Localizable.strings,581,https://github.com/duckduckgo/apple-browsers/blob/ef18f2a4fadcb2229879d6bb32d3afb64c78bde2/iOS/DuckDuckGo/en.lproj/Localizable.strings#L581
iOS,body,DuckDuckGo,alert.sync-credit-cards-paused-description,,You've reached the maximum number of credit cards. Please delete some credit cards to resume sync.,Description for alert shown when sync credit cards paused for too many items,,,true,,,apps/apple/iOS/DuckDuckGo/en.lproj/Localizable.strings,590,https://github.com/duckduckgo/apple-browsers/blob/ef18f2a4fadcb2229879d6bb32d3afb64c78bde2/iOS/DuckDuckGo/en.lproj/Localizable.strings#L590
iOS,body,DuckDuckGo,alert.sync-from-another-connected-device-description,,Please Sync this device from an already-connected DuckDuckGo browser on another device.,Description for Sync error shown when a third-party account already has a native DuckDuckGo Sync credential,,,true,,,apps/apple/iOS/DuckDuckGo/en.lproj/Localizable.strings,605,https://github.com/duckduckgo/apple-browsers/blob/ef18f2a4fadcb2229879d6bb32d3afb64c78bde2/iOS/DuckDuckGo/en.lproj/Localizable.strings#L605
iOS,body,DuckDuckGo,alert.sync-new-device.message,,"""%@"" will be able to access your synced DuckDuckGo data.",Asks the user if they would like to sync with a new device,,%@,true,,,apps/apple/iOS/DuckDuckGo/en.lproj/Localizable.strings,614,https://github.com/duckduckgo/apple-browsers/blob/ef18f2a4fadcb2229879d6bb32d3afb64c78bde2/iOS/DuckDuckGo/en.lproj/Localizable.strings#L614
iOS,body,DuckDuckGo,alert.sync-switch-account-message,,"This device is already synced, are you sure you want to sync it with a different backup or device? Switching won't remove any data already synced to this device.",Description for switching sync accounts when there's two,,,true,,,apps/apple/iOS/DuckDuckGo/en.lproj/Localizable.strings,635,https://github.com/duckduckgo/apple-browsers/blob/ef18f2a4fadcb2229879d6bb32d3afb64c78bde2/iOS/DuckDuckGo/en.lproj/Localizable.strings#L635
iOS,body,DuckDuckGo,alert.sync.warning.sync-paused,,Sync & Backup is Paused,Title of the warning message,,,true,,,apps/apple/iOS/DuckDuckGo/en.lproj/Localizable.strings,650,https://github.com/duckduckgo/apple-browsers/blob/ef18f2a4fadcb2229879d6bb32d3afb64c78bde2/iOS/DuckDuckGo/en.lproj/Localizable.strings#L650
iOS,body,DuckDuckGo,alert.unable-to-create-recovery-pdf-description,,Unable to create the recovery PDF.,Description for unable to create recovery pdf error,,,true,,,apps/apple/iOS/DuckDuckGo/en.lproj/Localizable.strings,665,https://github.com/duckduckgo/apple-browsers/blob/ef18f2a4fadcb2229879d6bb32d3afb64c78bde2/iOS/DuckDuckGo/en.lproj/Localizable.strings#L665
iOS,body,DuckDuckGo,alert.unable-to-delete-data-description,,Unable to delete data on the server.,Description for unable to delete data error,,,true,,,apps/apple/iOS/DuckDuckGo/en.lproj/Localizable.strings,668,https://github.com/duckduckgo/apple-browsers/blob/ef18f2a4fadcb2229879d6bb32d3afb64c78bde2/iOS/DuckDuckGo/en.lproj/Localizable.strings#L668
iOS,body,DuckDuckGo,alert.unable-to-merge-two-accounts-description,,"To pair these devices, turn off Sync & Backup on one device then tap ""Sync With Another Device"" on the other device.",Description for unable to merge two accounts error,,,true,,,apps/apple/iOS/DuckDuckGo/en.lproj/Localizable.strings,671,https://github.com/duckduckgo/apple-browsers/blob/ef18f2a4fadcb2229879d6bb32d3afb64c78bde2/iOS/DuckDuckGo/en.lproj/Localizable.strings#L671
iOS,body,DuckDuckGo,alert.unable-to-remove-device-description,,Unable to remove this device from Sync & Backup.,Description for unable to remove device error,,,true,,,apps/apple/iOS/DuckDuckGo/en.lproj/Localizable.strings,674,https://github.com/duckduckgo/apple-browsers/blob/ef18f2a4fadcb2229879d6bb32d3afb64c78bde2/iOS/DuckDuckGo/en.lproj/Localizable.strings#L674
iOS,body,DuckDuckGo,alert.unable-to-scan-qr-code-description,,Please make sure the correct code was entered or scanned.,Description for unable to scan qr code error,,,true,,,apps/apple/iOS/DuckDuckGo/en.lproj/Localizable.strings,677,https://github.com/duckduckgo/apple-browsers/blob/ef18f2a4fadcb2229879d6bb32d3afb64c78bde2/iOS/DuckDuckGo/en.lproj/Localizable.strings#L677
iOS,body,DuckDuckGo,alert.unable-to-sync-to-server-description,,Unable to connect to the server.,Description for unable to sync to server error,,,true,,,apps/apple/iOS/DuckDuckGo/en.lproj/Localizable.strings,683,https://github.com/duckduckgo/apple-browsers/blob/ef18f2a4fadcb2229879d6bb32d3afb64c78bde2/iOS/DuckDuckGo/en.lproj/Localizable.strings#L683
iOS,body,DuckDuckGo,alert.unable-to-turn-sync-off-description,,Unable to turn Sync & Backup off.,Description for unable to turn sync off error,,,true,,,apps/apple/iOS/DuckDuckGo/en.lproj/Localizable.strings,686,https://github.com/duckduckgo/apple-browsers/blob/ef18f2a4fadcb2229879d6bb32d3afb64c78bde2/iOS/DuckDuckGo/en.lproj/Localizable.strings#L686
iOS,body,DuckDuckGo,alert.unable-to-update-device-name-description,,Unable to update the device name.,Description for unable to update device name error,,,true,,,apps/apple/iOS/DuckDuckGo/en.lproj/Localizable.strings,689,https://github.com/duckduckgo/apple-browsers/blob/ef18f2a4fadcb2229879d6bb32d3afb64c78bde2/iOS/DuckDuckGo/en.lproj/Localizable.strings#L689
iOS,body,DuckDuckGo,app.authentication.unlock,,Unlock DuckDuckGo.,Shown on authentication screen,,,true,,,apps/apple/iOS/DuckDuckGo/en.lproj/Localizable.strings,692,https://github.com/duckduckgo/apple-browsers/blob/ef18f2a4fadcb2229879d6bb32d3afb64c78bde2/iOS/DuckDuckGo/en.lproj/Localizable.strings#L692
iOS,body,DuckDuckGo,app.authentication.unlock.instructions,,Tap anywhere to unlock,Instruction shown on authentication screen after authentication fails,,,true,,,apps/apple/iOS/DuckDuckGo/en.lproj/Localizable.strings,695,https://github.com/duckduckgo/apple-browsers/blob/ef18f2a4fadcb2229879d6bb32d3afb64c78bde2/iOS/DuckDuckGo/en.lproj/Localizable.strings#L695
iOS,body,DuckDuckGo,auth.alert.message.encrypted,,Sign in to %@. Your login information will be sent securely.,Authentication Alert - populated with a domain name,,%@,true,,,apps/apple/iOS/DuckDuckGo/en.lproj/Localizable.strings,701,https://github.com/duckduckgo/apple-browsers/blob/ef18f2a4fadcb2229879d6bb32d3afb64c78bde2/iOS/DuckDuckGo/en.lproj/Localizable.strings#L701
iOS,body,DuckDuckGo,auth.alert.message.plain,,Log in to %@. Your password will be sent insecurely because the connection is unencrypted.,Authentication Alert - populated with a domain name,,%@,true,,,apps/apple/iOS/DuckDuckGo/en.lproj/Localizable.strings,704,https://github.com/duckduckgo/apple-browsers/blob/ef18f2a4fadcb2229879d6bb32d3afb64c78bde2/iOS/DuckDuckGo/en.lproj/Localizable.strings#L704
iOS,body,DuckDuckGo,autocomplete.history.search.duckduckgo,,Search DuckDuckGo,Subtitle for search history items,,,true,,,apps/apple/iOS/DuckDuckGo/en.lproj/Localizable.strings,722,https://github.com/duckduckgo/apple-browsers/blob/ef18f2a4fadcb2229879d6bb32d3afb64c78bde2/iOS/DuckDuckGo/en.lproj/Localizable.strings#L722
iOS,body,DuckDuckGo,autofill.creditcard.details.card-nickname,,Card nickname,Card nickname label for credit card details on autofill,,,true,,,apps/apple/iOS/DuckDuckGo/en.lproj/Localizable.strings,746,https://github.com/duckduckgo/apple-browsers/blob/ef18f2a4fadcb2229879d6bb32d3afb64c78bde2/iOS/DuckDuckGo/en.lproj/Localizable.strings#L746
iOS,body,DuckDuckGo,autofill.creditcard.details.card-number,,Card number,Card number label for credit card details on autofill,,,true,,,apps/apple/iOS/DuckDuckGo/en.lproj/Localizable.strings,749,https://github.com/duckduckgo/apple-browsers/blob/ef18f2a4fadcb2229879d6bb32d3afb64c78bde2/iOS/DuckDuckGo/en.lproj/Localizable.strings#L749
iOS,body,DuckDuckGo,autofill.creditcard.details.card-number.required,,Card number,Card number label for credit card details on autofill when editing,,,true,,,apps/apple/iOS/DuckDuckGo/en.lproj/Localizable.strings,752,https://github.com/duckduckgo/apple-browsers/blob/ef18f2a4fadcb2229879d6bb32d3afb64c78bde2/iOS/DuckDuckGo/en.lproj/Localizable.strings#L752
iOS,body,DuckDuckGo,autofill.creditcard.details.cvv,,CVV,CVV (security code) label for credit card details on autofill,,,true,,,apps/apple/iOS/DuckDuckGo/en.lproj/Localizable.strings,767,https://github.com/duckduckgo/apple-browsers/blob/ef18f2a4fadcb2229879d6bb32d3afb64c78bde2/iOS/DuckDuckGo/en.lproj/Localizable.strings#L767
iOS,body,DuckDuckGo,autofill.creditcard.details.delete,,Delete Card,Delete button when deleting an autofill credit card,,,true,,,apps/apple/iOS/DuckDuckGo/en.lproj/Localizable.strings,773,https://github.com/duckduckgo/apple-browsers/blob/ef18f2a4fadcb2229879d6bb32d3afb64c78bde2/iOS/DuckDuckGo/en.lproj/Localizable.strings#L773
iOS,body,DuckDuckGo,autofill.creditcard.details.delete-confirmation.message,,Are you sure you want to delete this card?,Autofill message confirming delete credit card,,,true,,,apps/apple/iOS/DuckDuckGo/en.lproj/Localizable.strings,779,https://github.com/duckduckgo/apple-browsers/blob/ef18f2a4fadcb2229879d6bb32d3afb64c78bde2/iOS/DuckDuckGo/en.lproj/Localizable.strings#L779
iOS,body,DuckDuckGo,autofill.creditcard.details.exp-date,,Expiration date,Expiration date label for credit card details on autofill,,,true,,,apps/apple/iOS/DuckDuckGo/en.lproj/Localizable.strings,794,https://github.com/duckduckgo/apple-browsers/blob/ef18f2a4fadcb2229879d6bb32d3afb64c78bde2/iOS/DuckDuckGo/en.lproj/Localizable.strings#L794
iOS,body,DuckDuckGo,autofill.creditcard.empty-view.subtitle.first.paragraph,,Credit cards are stored securely on your device.,Subtitle for view displayed when no autofill credit cards have been saved,,,true,,,apps/apple/iOS/DuckDuckGo/en.lproj/Localizable.strings,806,https://github.com/duckduckgo/apple-browsers/blob/ef18f2a4fadcb2229879d6bb32d3afb64c78bde2/iOS/DuckDuckGo/en.lproj/Localizable.strings#L806
iOS,body,DuckDuckGo,autofill.creditcard.no-auth.subtitle,,A passcode is required to protect your credit cards.,Title for view displayed when autofill is locked on devices where a passcode has not been set,,,true,,,apps/apple/iOS/DuckDuckGo/en.lproj/Localizable.strings,821,https://github.com/duckduckgo/apple-browsers/blob/ef18f2a4fadcb2229879d6bb32d3afb64c78bde2/iOS/DuckDuckGo/en.lproj/Localizable.strings#L821
iOS,body,DuckDuckGo,autofill.creditcard.save-prompt.subtitle,,Credit cards are stored securely on your device.,Subitle for prompt asking the user if they wish to save their credit card details,,,true,,,apps/apple/iOS/DuckDuckGo/en.lproj/Localizable.strings,833,https://github.com/duckduckgo/apple-browsers/blob/ef18f2a4fadcb2229879d6bb32d3afb64c78bde2/iOS/DuckDuckGo/en.lproj/Localizable.strings#L833
iOS,body,DuckDuckGo,autofill.creditcard.use-saved-prompt.authentication,,Authenticate to fill credit card information,Authentication message shown when asking the user if they wish to autofill a saved credit card,,,true,,,apps/apple/iOS/DuckDuckGo/en.lproj/Localizable.strings,839,https://github.com/duckduckgo/apple-browsers/blob/ef18f2a4fadcb2229879d6bb32d3afb64c78bde2/iOS/DuckDuckGo/en.lproj/Localizable.strings#L839
iOS,body,DuckDuckGo,autofill.creditcards.disable.prompt.message,,You can turn off credit card saving anytime.,Message for informing user that they can disable autofill for credit cards in Settings,,,true,,,apps/apple/iOS/DuckDuckGo/en.lproj/Localizable.strings,845,https://github.com/duckduckgo/apple-browsers/blob/ef18f2a4fadcb2229879d6bb32d3afb64c78bde2/iOS/DuckDuckGo/en.lproj/Localizable.strings#L845
iOS,body,DuckDuckGo,autofill.delete.all.passwords.confirmation.body,,autofill.delete.all.passwords.confirmation.body,Do not translate - stringsdict entry,,,true,,,apps/apple/iOS/DuckDuckGo/en.lproj/Localizable.strings,851,https://github.com/duckduckgo/apple-browsers/blob/ef18f2a4fadcb2229879d6bb32d3afb64c78bde2/iOS/DuckDuckGo/en.lproj/Localizable.strings#L851
iOS,body,DuckDuckGo,autofill.delete.all.passwords.sync.confirmation.body,,autofill.delete.all.passwords.sync.confirmation.body,Do not translate - stringsdict entry,,,true,,,apps/apple/iOS/DuckDuckGo/en.lproj/Localizable.strings,857,https://github.com/duckduckgo/apple-browsers/blob/ef18f2a4fadcb2229879d6bb32d3afb64c78bde2/iOS/DuckDuckGo/en.lproj/Localizable.strings#L857
iOS,body,DuckDuckGo,autofill.disable.prompt.message,,You can turn off password saving anytime.,Message for informing user that they can disable autofill in Settings,,,true,,,apps/apple/iOS/DuckDuckGo/en.lproj/Localizable.strings,863,https://github.com/duckduckgo/apple-browsers/blob/ef18f2a4fadcb2229879d6bb32d3afb64c78bde2/iOS/DuckDuckGo/en.lproj/Localizable.strings#L863
iOS,body,DuckDuckGo,autofill.enable.email.protection,,Enable Email Protection,Text link to email protection website,,,true,,,apps/apple/iOS/DuckDuckGo/en.lproj/Localizable.strings,866,https://github.com/duckduckgo/apple-browsers/blob/ef18f2a4fadcb2229879d6bb32d3afb64c78bde2/iOS/DuckDuckGo/en.lproj/Localizable.strings#L866
iOS,body,DuckDuckGo,autofill.extension.footer,,Use passwords you saved in DuckDuckGo across all apps on your device.,Footer text describing what enabling the autofill extension does,,,true,,,apps/apple/iOS/DuckDuckGo/en.lproj/Localizable.strings,875,https://github.com/duckduckgo/apple-browsers/blob/ef18f2a4fadcb2229879d6bb32d3afb64c78bde2/iOS/DuckDuckGo/en.lproj/Localizable.strings#L875
iOS,body,DuckDuckGo,autofill.extension.promo.message,,Use DuckDuckGo to securely autofill passwords for all your apps.,Message for the Autofill extension promotion,,,true,,,apps/apple/iOS/DuckDuckGo/en.lproj/Localizable.strings,890,https://github.com/duckduckgo/apple-browsers/blob/ef18f2a4fadcb2229879d6bb32d3afb64c78bde2/iOS/DuckDuckGo/en.lproj/Localizable.strings#L890
iOS,body,DuckDuckGo,autofill.import.passwords.via.sync.instructions.step1,,Open DuckDuckGo on Mac or Windows,Step 1 for instructions to import passwords,,,true,,,apps/apple/iOS/DuckDuckGo/en.lproj/Localizable.strings,923,https://github.com/duckduckgo/apple-browsers/blob/ef18f2a4fadcb2229879d6bb32d3afb64c78bde2/iOS/DuckDuckGo/en.lproj/Localizable.strings#L923
iOS,body,DuckDuckGo,autofill.import.passwords.via.sync.instructions.step2,,Go to %1$@ > %2$@,Step 2 for instructions to import passwords. This reads as 'Go to Settings > Passwords',,%1$@ %2$@,true,,,apps/apple/iOS/DuckDuckGo/en.lproj/Localizable.strings,926,https://github.com/duckduckgo/apple-browsers/blob/ef18f2a4fadcb2229879d6bb32d3afb64c78bde2/iOS/DuckDuckGo/en.lproj/Localizable.strings#L926
iOS,body,DuckDuckGo,autofill.import.passwords.via.sync.instructions.step2.passwords,,Passwords,second parameter for autofill.import.passwords.instructions.step2,,,true,,,apps/apple/iOS/DuckDuckGo/en.lproj/Localizable.strings,929,https://github.com/duckduckgo/apple-browsers/blob/ef18f2a4fadcb2229879d6bb32d3afb64c78bde2/iOS/DuckDuckGo/en.lproj/Localizable.strings#L929
iOS,body,DuckDuckGo,autofill.import.passwords.via.sync.instructions.step2.settings,,Settings,first parameter for autofill.import.passwords.instructions.step2,,,true,,,apps/apple/iOS/DuckDuckGo/en.lproj/Localizable.strings,932,https://github.com/duckduckgo/apple-browsers/blob/ef18f2a4fadcb2229879d6bb32d3afb64c78bde2/iOS/DuckDuckGo/en.lproj/Localizable.strings#L932
iOS,body,DuckDuckGo,autofill.import.passwords.via.sync.instructions.step3,,Select %@ and follow the steps to import,Step 3 for instructions to import passwords. This reads as 'Select Import Passwords and follow the steps',,%@,true,,,apps/apple/iOS/DuckDuckGo/en.lproj/Localizable.strings,935,https://github.com/duckduckgo/apple-browsers/blob/ef18f2a4fadcb2229879d6bb32d3afb64c78bde2/iOS/DuckDuckGo/en.lproj/Localizable.strings#L935
iOS,body,DuckDuckGo,autofill.import.passwords.via.sync.instructions.step3.import,,Import Passwords...,Parameter for autofill.import.passwords.instructions.step3,,,true,,,apps/apple/iOS/DuckDuckGo/en.lproj/Localizable.strings,938,https://github.com/duckduckgo/apple-browsers/blob/ef18f2a4fadcb2229879d6bb32d3afb64c78bde2/iOS/DuckDuckGo/en.lproj/Localizable.strings#L938
iOS,body,DuckDuckGo,autofill.import.passwords.via.sync.instructions.step4,,Once imported on your computer you can set up sync on this %@,Step 4 for instructions to import passwords: Once imported on your computer you can set up sync on this iPhone|iPad|device,,%@,true,,,apps/apple/iOS/DuckDuckGo/en.lproj/Localizable.strings,941,https://github.com/duckduckgo/apple-browsers/blob/ef18f2a4fadcb2229879d6bb32d3afb64c78bde2/iOS/DuckDuckGo/en.lproj/Localizable.strings#L941
iOS,body,DuckDuckGo,autofill.import.passwords.via.sync.subtitle,,"Import passwords in the desktop version of the DuckDuckGo browser, then sync across devices.",Subtitle for screen to import passwords,,,true,,,apps/apple/iOS/DuckDuckGo/en.lproj/Localizable.strings,947,https://github.com/duckduckgo/apple-browsers/blob/ef18f2a4fadcb2229879d6bb32d3afb64c78bde2/iOS/DuckDuckGo/en.lproj/Localizable.strings#L947
iOS,body,DuckDuckGo,autofill.logins.copy-prompt,,Copy %@,Menu item text for copying autofill details,,%@,true,,,apps/apple/iOS/DuckDuckGo/en.lproj/Localizable.strings,971,https://github.com/duckduckgo/apple-browsers/blob/ef18f2a4fadcb2229879d6bb32d3afb64c78bde2/iOS/DuckDuckGo/en.lproj/Localizable.strings#L971
iOS,body,DuckDuckGo,autofill.logins.details.address,,Website URL,Address label for login details on autofill,,,true,,,apps/apple/iOS/DuckDuckGo/en.lproj/Localizable.strings,995,https://github.com/duckduckgo/apple-browsers/blob/ef18f2a4fadcb2229879d6bb32d3afb64c78bde2/iOS/DuckDuckGo/en.lproj/Localizable.strings#L995
iOS,body,DuckDuckGo,autofill.logins.details.delete,,Delete Password,Delete button when deleting an autofill login,,,true,,,apps/apple/iOS/DuckDuckGo/en.lproj/Localizable.strings,1001,https://github.com/duckduckgo/apple-browsers/blob/ef18f2a4fadcb2229879d6bb32d3afb64c78bde2/iOS/DuckDuckGo/en.lproj/Localizable.strings#L1001
iOS,body,DuckDuckGo,autofill.logins.details.last-updated,,Last updated %@,Message displaying when the login was last updated,,%@,true,,,apps/apple/iOS/DuckDuckGo/en.lproj/Localizable.strings,1022,https://github.com/duckduckgo/apple-browsers/blob/ef18f2a4fadcb2229879d6bb32d3afb64c78bde2/iOS/DuckDuckGo/en.lproj/Localizable.strings#L1022
iOS,body,DuckDuckGo,autofill.logins.details.missing-website-or-username-alert.message,,"To save this password, enter a website or username.",Message for alert when attempting to save a password that has neither a website nor a username,,,true,,,apps/apple/iOS/DuckDuckGo/en.lproj/Localizable.strings,1028,https://github.com/duckduckgo/apple-browsers/blob/ef18f2a4fadcb2229879d6bb32d3afb64c78bde2/iOS/DuckDuckGo/en.lproj/Localizable.strings#L1028
iOS,body,DuckDuckGo,autofill.logins.details.notes,,Notes,Notes label for login details on autofill,,,true,,,apps/apple/iOS/DuckDuckGo/en.lproj/Localizable.strings,1037,https://github.com/duckduckgo/apple-browsers/blob/ef18f2a4fadcb2229879d6bb32d3afb64c78bde2/iOS/DuckDuckGo/en.lproj/Localizable.strings#L1037
iOS,body,DuckDuckGo,autofill.logins.details.password,,Password,Password label for login details on autofill,,,true,,,apps/apple/iOS/DuckDuckGo/en.lproj/Localizable.strings,1043,https://github.com/duckduckgo/apple-browsers/blob/ef18f2a4fadcb2229879d6bb32d3afb64c78bde2/iOS/DuckDuckGo/en.lproj/Localizable.strings#L1043
iOS,body,DuckDuckGo,autofill.logins.details.save-duplicate-alert.message,,You already have a password saved for this username and website.,Message for alert when attempting to save a duplicate login,,,true,,,apps/apple/iOS/DuckDuckGo/en.lproj/Localizable.strings,1049,https://github.com/duckduckgo/apple-browsers/blob/ef18f2a4fadcb2229879d6bb32d3afb64c78bde2/iOS/DuckDuckGo/en.lproj/Localizable.strings#L1049
iOS,body,DuckDuckGo,autofill.logins.details.username,,Username,Username label for login details on autofill,,,true,,,apps/apple/iOS/DuckDuckGo/en.lproj/Localizable.strings,1055,https://github.com/duckduckgo/apple-browsers/blob/ef18f2a4fadcb2229879d6bb32d3afb64c78bde2/iOS/DuckDuckGo/en.lproj/Localizable.strings#L1055
iOS,body,DuckDuckGo,autofill.logins.empty-view.subtitle.first.paragraph,,You can import saved passwords from another browser into DuckDuckGo.,Subtitle for view displayed when no autofill passwords have been saved,,,true,,,apps/apple/iOS/DuckDuckGo/en.lproj/Localizable.strings,1064,https://github.com/duckduckgo/apple-browsers/blob/ef18f2a4fadcb2229879d6bb32d3afb64c78bde2/iOS/DuckDuckGo/en.lproj/Localizable.strings#L1064
iOS,body,DuckDuckGo,autofill.logins.list.enable.footer,,Passwords are stored securely on your device.,Footer label displayed below table section with option to enable autofill,,,true,,,apps/apple/iOS/DuckDuckGo/en.lproj/Localizable.strings,1085,https://github.com/duckduckgo/apple-browsers/blob/ef18f2a4fadcb2229879d6bb32d3afb64c78bde2/iOS/DuckDuckGo/en.lproj/Localizable.strings#L1085
iOS,body,DuckDuckGo,autofill.logins.list.login-deleted-message,,Password for %@ deleted,Toast message when a login item is deleted,,%@,true,,,apps/apple/iOS/DuckDuckGo/en.lproj/Localizable.strings,1088,https://github.com/duckduckgo/apple-browsers/blob/ef18f2a4fadcb2229879d6bb32d3afb64c78bde2/iOS/DuckDuckGo/en.lproj/Localizable.strings#L1088
iOS,body,DuckDuckGo,autofill.logins.list.settings.footer,,"Passwords are encrypted. Nobody but you can see them, not even us.",Subtext under Autofill Settings briefly explaining security to alleviate user concerns.,,,true,,,apps/apple/iOS/DuckDuckGo/en.lproj/Localizable.strings,1109,https://github.com/duckduckgo/apple-browsers/blob/ef18f2a4fadcb2229879d6bb32d3afb64c78bde2/iOS/DuckDuckGo/en.lproj/Localizable.strings#L1109
iOS,body,DuckDuckGo,autofill.logins.list.settings.passwords.cards.footer,,"Passwords and credit cards are encrypted. Nobody but you can see them, not even us.",Subtext under Autofill Settings briefly explaining security to alleviate user concerns.,,,true,,,apps/apple/iOS/DuckDuckGo/en.lproj/Localizable.strings,1112,https://github.com/duckduckgo/apple-browsers/blob/ef18f2a4fadcb2229879d6bb32d3afb64c78bde2/iOS/DuckDuckGo/en.lproj/Localizable.strings#L1112
iOS,body,DuckDuckGo,autofill.logins.no-auth.subtitle,,A passcode is required to protect your passwords.,Title for view displayed when autofill is locked on devices where a passcode has not been set,,,true,,,apps/apple/iOS/DuckDuckGo/en.lproj/Localizable.strings,1121,https://github.com/duckduckgo/apple-browsers/blob/ef18f2a4fadcb2229879d6bb32d3afb64c78bde2/iOS/DuckDuckGo/en.lproj/Localizable.strings#L1121
iOS,body,DuckDuckGo,autofill.logins.search.no-results.subtitle,,for '%@',"Subtitle displayed when there are no results on Autofill search, example : No Result (Title) for Duck (Subtitle)",,%@,true,,,apps/apple/iOS/DuckDuckGo/en.lproj/Localizable.strings,1148,https://github.com/duckduckgo/apple-browsers/blob/ef18f2a4fadcb2229879d6bb32d3afb64c78bde2/iOS/DuckDuckGo/en.lproj/Localizable.strings#L1148
iOS,body,DuckDuckGo,autofill.onboarding.key-features.secure-storage.biometric.description,,"Passwords are encrypted, stored on device, and locked with %@.",Description of autofill onboarding prompt's secure storage feature with a string describing the available biometry + passcode as a parameter,,%@,true,,,apps/apple/iOS/DuckDuckGo/en.lproj/Localizable.strings,1157,https://github.com/duckduckgo/apple-browsers/blob/ef18f2a4fadcb2229879d6bb32d3afb64c78bde2/iOS/DuckDuckGo/en.lproj/Localizable.strings#L1157
iOS,body,DuckDuckGo,autofill.onboarding.key-features.secure-storage.description,,"Passwords are encrypted, stored on device, and locked with Face ID or passcode.",Description of autofill onboarding prompt's secure storage feature,,,true,,,apps/apple/iOS/DuckDuckGo/en.lproj/Localizable.strings,1160,https://github.com/duckduckgo/apple-browsers/blob/ef18f2a4fadcb2229879d6bb32d3afb64c78bde2/iOS/DuckDuckGo/en.lproj/Localizable.strings#L1160
iOS,body,DuckDuckGo,autofill.onboarding.key-features.secure-storage.description.parameter.face-id,,Face ID or passcode,Parameter for the description of autofill onboarding prompt's secure storage feature describing Face ID biometry + passcode,,,true,,,apps/apple/iOS/DuckDuckGo/en.lproj/Localizable.strings,1163,https://github.com/duckduckgo/apple-browsers/blob/ef18f2a4fadcb2229879d6bb32d3afb64c78bde2/iOS/DuckDuckGo/en.lproj/Localizable.strings#L1163
iOS,body,DuckDuckGo,autofill.onboarding.key-features.secure-storage.description.parameter.passcode,,passcode,Parameter for the description of autofill onboarding prompt's secure storage feature describing passcode only if no biometry are available,,,true,,,apps/apple/iOS/DuckDuckGo/en.lproj/Localizable.strings,1166,https://github.com/duckduckgo/apple-browsers/blob/ef18f2a4fadcb2229879d6bb32d3afb64c78bde2/iOS/DuckDuckGo/en.lproj/Localizable.strings#L1166
iOS,body,DuckDuckGo,autofill.onboarding.key-features.secure-storage.description.parameter.touch-id,,Touch ID or passcode,Parameter for the description of autofill onboarding prompt's secure storage feature describing Touch ID biometry + passcode,,,true,,,apps/apple/iOS/DuckDuckGo/en.lproj/Localizable.strings,1169,https://github.com/duckduckgo/apple-browsers/blob/ef18f2a4fadcb2229879d6bb32d3afb64c78bde2/iOS/DuckDuckGo/en.lproj/Localizable.strings#L1169
iOS,body,DuckDuckGo,autofill.onboarding.key-features.sign-ins.description,,No need to remember login info.,Description of autofill onboarding prompt's sign-in feature,,,true,,,apps/apple/iOS/DuckDuckGo/en.lproj/Localizable.strings,1175,https://github.com/duckduckgo/apple-browsers/blob/ef18f2a4fadcb2229879d6bb32d3afb64c78bde2/iOS/DuckDuckGo/en.lproj/Localizable.strings#L1175
iOS,body,DuckDuckGo,autofill.onboarding.key-features.sync.description,,End-to-end encrypted and easy to set up when you’re ready.,Description of autofill onboarding prompt's sync feature,,,true,,,apps/apple/iOS/DuckDuckGo/en.lproj/Localizable.strings,1181,https://github.com/duckduckgo/apple-browsers/blob/ef18f2a4fadcb2229879d6bb32d3afb64c78bde2/iOS/DuckDuckGo/en.lproj/Localizable.strings#L1181
iOS,body,DuckDuckGo,autofill.password-generation-prompt.subtitle,,Passwords are stored securely on your device.,Subtitle for prompt to use suggested strong password for creating a login,,,true,,,apps/apple/iOS/DuckDuckGo/en.lproj/Localizable.strings,1190,https://github.com/duckduckgo/apple-browsers/blob/ef18f2a4fadcb2229879d6bb32d3afb64c78bde2/iOS/DuckDuckGo/en.lproj/Localizable.strings#L1190
iOS,body,DuckDuckGo,autofill.private.email.mesage.activate.confirm.content,,Emails sent to %@ will again be forwarded to your inbox.,Text for the confirmation message displayed when a user tries activate a Private Email Address,,%@,true,,,apps/apple/iOS/DuckDuckGo/en.lproj/Localizable.strings,1202,https://github.com/duckduckgo/apple-browsers/blob/ef18f2a4fadcb2229879d6bb32d3afb64c78bde2/iOS/DuckDuckGo/en.lproj/Localizable.strings#L1202
iOS,body,DuckDuckGo,autofill.private.email.mesage.deactivate.confirm.content,,Emails sent to %@ will no longer be forwarded to your inbox.,Text for the confirmation message displayed when a user tries deactivate a Private Email Address,,%@,true,,,apps/apple/iOS/DuckDuckGo/en.lproj/Localizable.strings,1211,https://github.com/duckduckgo/apple-browsers/blob/ef18f2a4fadcb2229879d6bb32d3afb64c78bde2/iOS/DuckDuckGo/en.lproj/Localizable.strings#L1211
iOS,body,DuckDuckGo,autofill.removed.duck.address.content,,You can still manage this Duck Address from emails received from it in your personal inbox.,Content for the alert dialog telling the user an updated username is no longer a private email address,,,true,,,apps/apple/iOS/DuckDuckGo/en.lproj/Localizable.strings,1226,https://github.com/duckduckgo/apple-browsers/blob/ef18f2a4fadcb2229879d6bb32d3afb64c78bde2/iOS/DuckDuckGo/en.lproj/Localizable.strings#L1226
iOS,body,DuckDuckGo,autofill.save-login.security.message,,Securely store your password on device with DuckDuckGo Passwords & Autofill.,Message displayed on modal asking for the user to save the login for the first time,,,true,,,apps/apple/iOS/DuckDuckGo/en.lproj/Localizable.strings,1238,https://github.com/duckduckgo/apple-browsers/blob/ef18f2a4fadcb2229879d6bb32d3afb64c78bde2/iOS/DuckDuckGo/en.lproj/Localizable.strings#L1238
iOS,body,DuckDuckGo,autofill.settings.report.not.working.confirmation.message,,"Reports sent to DuckDuckGo are anonymous and do not include your username, password, or any other personally identifiable information.\n\nThe report only includes the website url and and the status of some autofill settings.",Message for the confirmation prompt when reporting autofill is not working for a website,,,true,,,apps/apple/iOS/DuckDuckGo/en.lproj/Localizable.strings,1262,https://github.com/duckduckgo/apple-browsers/blob/ef18f2a4fadcb2229879d6bb32d3afb64c78bde2/iOS/DuckDuckGo/en.lproj/Localizable.strings#L1262
iOS,body,DuckDuckGo,autofill.settings.report.not.working.sent.confirmation,,Thank you! Your report will help us make DuckDuckGo better for everyone.,Message shown to user when they submit a report that autofill is not working for a website,,,true,,,apps/apple/iOS/DuckDuckGo/en.lproj/Localizable.strings,1268,https://github.com/duckduckgo/apple-browsers/blob/ef18f2a4fadcb2229879d6bb32d3afb64c78bde2/iOS/DuckDuckGo/en.lproj/Localizable.strings#L1268
iOS,body,DuckDuckGo,autofill.settings.report.not.working.subtitle,,Anonymously report autofill not working on this site. Passwords are never shared.,Subtitle for the row to report that autofill is not working on a site in autofill settings,,,true,,,apps/apple/iOS/DuckDuckGo/en.lproj/Localizable.strings,1271,https://github.com/duckduckgo/apple-browsers/blob/ef18f2a4fadcb2229879d6bb32d3afb64c78bde2/iOS/DuckDuckGo/en.lproj/Localizable.strings#L1271
iOS,body,DuckDuckGo,autofill.signin.to.manage,,%@ to manage your Duck Addresses on this device.,Message displayed to the user when they are logged out of Email protection.,,%@,true,,,apps/apple/iOS/DuckDuckGo/en.lproj/Localizable.strings,1286,https://github.com/duckduckgo/apple-browsers/blob/ef18f2a4fadcb2229879d6bb32d3afb64c78bde2/iOS/DuckDuckGo/en.lproj/Localizable.strings#L1286
iOS,body,DuckDuckGo,autofill.update-password.message,,DuckDuckGo will update this stored password on your device.,Message displayed on modal asking for the user to update the password,,,true,,,apps/apple/iOS/DuckDuckGo/en.lproj/Localizable.strings,1289,https://github.com/duckduckgo/apple-browsers/blob/ef18f2a4fadcb2229879d6bb32d3afb64c78bde2/iOS/DuckDuckGo/en.lproj/Localizable.strings#L1289
iOS,body,DuckDuckGo,bookmark.delete.alert.message,,"This will delete your bookmark for ""%@""",Delete bookmark alert message,,%@,true,,,apps/apple/iOS/DuckDuckGo/en.lproj/Localizable.strings,1331,https://github.com/duckduckgo/apple-browsers/blob/ef18f2a4fadcb2229879d6bb32d3afb64c78bde2/iOS/DuckDuckGo/en.lproj/Localizable.strings#L1331
iOS,body,DuckDuckGo,bookmark.deleteFolderAlert.message,,bookmark.deleteFolderAlert.message,Do not translate - stringsdict entry,,,true,,,apps/apple/iOS/DuckDuckGo/en.lproj/Localizable.strings,1343,https://github.com/duckduckgo/apple-browsers/blob/ef18f2a4fadcb2229879d6bb32d3afb64c78bde2/iOS/DuckDuckGo/en.lproj/Localizable.strings#L1343
iOS,body,DuckDuckGo,bookmarks.export.files.success.message,,Your bookmarks have been exported.,Confirmation message that bookmarks have been exported to the file system,,,true,,,apps/apple/iOS/DuckDuckGo/en.lproj/Localizable.strings,1385,https://github.com/duckduckgo/apple-browsers/blob/ef18f2a4fadcb2229879d6bb32d3afb64c78bde2/iOS/DuckDuckGo/en.lproj/Localizable.strings#L1385
iOS,body,DuckDuckGo,bookmarks.export.share.success.message,,Your bookmarks have been shared.,Confirmation message that bookmarks have been shared successfully to another app,,,true,,,apps/apple/iOS/DuckDuckGo/en.lproj/Localizable.strings,1388,https://github.com/duckduckgo/apple-browsers/blob/ef18f2a4fadcb2229879d6bb32d3afb64c78bde2/iOS/DuckDuckGo/en.lproj/Localizable.strings#L1388
iOS,body,DuckDuckGo,bookmarks.import.success.message,,Your bookmarks have been imported.,Confirmation message that bookmarks have been imported,,,true,,,apps/apple/iOS/DuckDuckGo/en.lproj/Localizable.strings,1400,https://github.com/duckduckgo/apple-browsers/blob/ef18f2a4fadcb2229879d6bb32d3afb64c78bde2/iOS/DuckDuckGo/en.lproj/Localizable.strings#L1400
iOS,body,DuckDuckGo,broken.site.report.missing.description.alert.description,,Please describe the issue you experienced on this site so we can better understand how to fix it.,It appears as an alert after user tries to send a report without submitting any details,,,true,,,apps/apple/iOS/DuckDuckGo/en.lproj/Localizable.strings,1418,https://github.com/duckduckgo/apple-browsers/blob/ef18f2a4fadcb2229879d6bb32d3afb64c78bde2/iOS/DuckDuckGo/en.lproj/Localizable.strings#L1418
iOS,body,DuckDuckGo,contextual.onboarding.addToDock.promo.contextual.message,,"Remember, every time you browse with me a creepy ad loses its wings.\n\nSo keep me in your Dock for daily browsing.",Message of the last screen of the onboarding that promotes adding the DDG browser icon to the dock.,,,true,,,apps/apple/iOS/DuckDuckGo/en.lproj/Localizable.strings,1445,https://github.com/duckduckgo/apple-browsers/blob/ef18f2a4fadcb2229879d6bb32d3afb64c78bde2/iOS/DuckDuckGo/en.lproj/Localizable.strings#L1445
iOS,body,DuckDuckGo,contextual.onboarding.addToDock.promo.intro.message,,I’ll nest in easy reach for all your daily browsing.,The message of the onboarding dialog popup that promotes adding the DDG browser icon to the dock.,,,true,,,apps/apple/iOS/DuckDuckGo/en.lproj/Localizable.strings,1448,https://github.com/duckduckgo/apple-browsers/blob/ef18f2a4fadcb2229879d6bb32d3afb64c78bde2/iOS/DuckDuckGo/en.lproj/Localizable.strings#L1448
iOS,body,DuckDuckGo,contextual.onboarding.addToDock.tutorial.message,,Find the DuckDuckGo icon on your Home Screen. Then press and drag it into place. That’s it!,The message of the onboarding dialog popup that explains how to add the DDG browser icon to the dock.,,,true,,,apps/apple/iOS/DuckDuckGo/en.lproj/Localizable.strings,1454,https://github.com/duckduckgo/apple-browsers/blob/ef18f2a4fadcb2229879d6bb32d3afb64c78bde2/iOS/DuckDuckGo/en.lproj/Localizable.strings#L1454
iOS,body,DuckDuckGo,contextual.onboarding.highlights.final-screen.message,,Remember: every time you browse with me a creepy ad loses its wings.,Message of the last screen of the onboarding to the browser app.,,,true,,,apps/apple/iOS/DuckDuckGo/en.lproj/Localizable.strings,1475,https://github.com/duckduckgo/apple-browsers/blob/ef18f2a4fadcb2229879d6bb32d3afb64c78bde2/iOS/DuckDuckGo/en.lproj/Localizable.strings#L1475
iOS,body,DuckDuckGo,contextual.onboarding.highlights.first-search-done.message,,That’s DuckDuckGo Search! Private. Fast. Fewer ads.,"After the user performs their first search using the browser, this dialog explains the advantages of using DuckDuckGo",,,true,,,apps/apple/iOS/DuckDuckGo/en.lproj/Localizable.strings,1478,https://github.com/duckduckgo/apple-browsers/blob/ef18f2a4fadcb2229879d6bb32d3afb64c78bde2/iOS/DuckDuckGo/en.lproj/Localizable.strings#L1478
iOS,body,DuckDuckGo,contextual.onboarding.highlights.try-a-search.message,,Your DuckDuckGo searches are always private.,Message of a popover on the browser that invites the user to try a search explaining that their searches are private,,,true,,,apps/apple/iOS/DuckDuckGo/en.lproj/Localizable.strings,1481,https://github.com/duckduckgo/apple-browsers/blob/ef18f2a4fadcb2229879d6bb32d3afb64c78bde2/iOS/DuckDuckGo/en.lproj/Localizable.strings#L1481
iOS,body,DuckDuckGo,contextual.onboarding.try-a-site.message,,I’ll block trackers so they can’t spy on you.,Message of a popover on the browser that invites the user to try visiting a website to explain that we block trackers,,,true,,,apps/apple/iOS/DuckDuckGo/en.lproj/Localizable.strings,1493,https://github.com/duckduckgo/apple-browsers/blob/ef18f2a4fadcb2229879d6bb32d3afb64c78bde2/iOS/DuckDuckGo/en.lproj/Localizable.strings#L1493
iOS,body,DuckDuckGo,control.center.duckai.widget.education.paragraph,,"Find **DuckDuckGo** in the list, then tap **Duck.ai Voice** to add it",Fourth paragraph of the Control Center Duck.ai Widget Education screen,,,true,,,apps/apple/iOS/DuckDuckGo/en.lproj/Localizable.strings,1517,https://github.com/duckduckgo/apple-browsers/blob/ef18f2a4fadcb2229879d6bb32d3afb64c78bde2/iOS/DuckDuckGo/en.lproj/Localizable.strings#L1517
iOS,body,DuckDuckGo,control.center.vpn.widget.education.paragraph,,"Find **DuckDuckGo** in the list, then tap **VPN control** to add it",Fourth paragraph of the Control Center VPN Widget Education screen,,,true,,,apps/apple/iOS/DuckDuckGo/en.lproj/Localizable.strings,1520,https://github.com/duckduckgo/apple-browsers/blob/ef18f2a4fadcb2229879d6bb32d3afb64c78bde2/iOS/DuckDuckGo/en.lproj/Localizable.strings#L1520
iOS,body,DuckDuckGo,control.center.widget.education.paragraph.1,,Swipe down from the top-right corner of the screen,First paragraph of the Control Center Widget Education screen,,,true,,,apps/apple/iOS/DuckDuckGo/en.lproj/Localizable.strings,1523,https://github.com/duckduckgo/apple-browsers/blob/ef18f2a4fadcb2229879d6bb32d3afb64c78bde2/iOS/DuckDuckGo/en.lproj/Localizable.strings#L1523
iOS,body,DuckDuckGo,control.center.widget.education.paragraph.2,,Tap the **+** button at the top left of **Control Center**,Second paragraph of the Control Center Widget Education screen,,,true,,,apps/apple/iOS/DuckDuckGo/en.lproj/Localizable.strings,1526,https://github.com/duckduckgo/apple-browsers/blob/ef18f2a4fadcb2229879d6bb32d3afb64c78bde2/iOS/DuckDuckGo/en.lproj/Localizable.strings#L1526
iOS,body,DuckDuckGo,control.center.widget.education.paragraph.3,,Tap **Add a Control** at the bottom of the screen,Third paragraph of the Control Center Widget Education screen,,,true,,,apps/apple/iOS/DuckDuckGo/en.lproj/Localizable.strings,1529,https://github.com/duckduckgo/apple-browsers/blob/ef18f2a4fadcb2229879d6bb32d3afb64c78bde2/iOS/DuckDuckGo/en.lproj/Localizable.strings#L1529
iOS,body,DuckDuckGo,cookie-popup-protection.opt-in.disabled.body,,"We'll aim to reject as many cookies as possible. If there's no reject option, we'll save you a click and accept these cookies for you.",Body of the opt-in dialog when cookie pop-up protection is off,,,true,,,apps/apple/iOS/DuckDuckGo/en.lproj/Localizable.strings,1538,https://github.com/duckduckgo/apple-browsers/blob/ef18f2a4fadcb2229879d6bb32d3afb64c78bde2/iOS/DuckDuckGo/en.lproj/Localizable.strings#L1538
iOS,body,DuckDuckGo,cookie-popup-protection.opt-in.enabled.body,,We can save you a click and accept these cookies for you.,Body of the opt-in dialog when cookie pop-up protection is already enabled,,,true,,,apps/apple/iOS/DuckDuckGo/en.lproj/Localizable.strings,1550,https://github.com/duckduckgo/apple-browsers/blob/ef18f2a4fadcb2229879d6bb32d3afb64c78bde2/iOS/DuckDuckGo/en.lproj/Localizable.strings#L1550
iOS,body,DuckDuckGo,cookie-popup-protection.opt-in.footer,,You can always adjust later in\n**Settings** > **Cookie Pop-Up Protection**.,Footer text in the Cookie Pop-up Protection opt-in dialog. The text between ** ** is rendered bold.,,,true,,,apps/apple/iOS/DuckDuckGo/en.lproj/Localizable.strings,1562,https://github.com/duckduckgo/apple-browsers/blob/ef18f2a4fadcb2229879d6bb32d3afb64c78bde2/iOS/DuckDuckGo/en.lproj/Localizable.strings#L1562
iOS,body,DuckDuckGo,crash.report.dialog.hide.details,,Hide,Crash Report hide details button title,,,true,,,apps/apple/iOS/DuckDuckGo/en.lproj/Localizable.strings,1568,https://github.com/duckduckgo/apple-browsers/blob/ef18f2a4fadcb2229879d6bb32d3afb64c78bde2/iOS/DuckDuckGo/en.lproj/Localizable.strings#L1568
iOS,body,DuckDuckGo,crash.report.dialog.message,,Crash reports help DuckDuckGo diagnose issues and improve our products. They contain no personally identifiable information.,Crash Report dialog message,,,true,,,apps/apple/iOS/DuckDuckGo/en.lproj/Localizable.strings,1571,https://github.com/duckduckgo/apple-browsers/blob/ef18f2a4fadcb2229879d6bb32d3afb64c78bde2/iOS/DuckDuckGo/en.lproj/Localizable.strings#L1571
iOS,body,DuckDuckGo,crash.report.dialog.show.details,,See what's sent,Crash Report show details button title,,,true,,,apps/apple/iOS/DuckDuckGo/en.lproj/Localizable.strings,1577,https://github.com/duckduckgo/apple-browsers/blob/ef18f2a4fadcb2229879d6bb32d3afb64c78bde2/iOS/DuckDuckGo/en.lproj/Localizable.strings#L1577
iOS,body,DuckDuckGo,data.import.bookmarks.subtitle,,Select the file containing bookmarks. This is usually a ZIP or HTML file.,Subtitle for screen to import bookmarks,,,true,,,apps/apple/iOS/DuckDuckGo/en.lproj/Localizable.strings,1589,https://github.com/duckduckgo/apple-browsers/blob/ef18f2a4fadcb2229879d6bb32d3afb64c78bde2/iOS/DuckDuckGo/en.lproj/Localizable.strings#L1589
iOS,body,DuckDuckGo,data.import.detail.chrome.description,,"Open Chrome, then go to Password Manager and follow the steps below:",Description on the Chrome import detail screen,,,true,,,apps/apple/iOS/DuckDuckGo/en.lproj/Localizable.strings,1595,https://github.com/duckduckgo/apple-browsers/blob/ef18f2a4fadcb2229879d6bb32d3afb64c78bde2/iOS/DuckDuckGo/en.lproj/Localizable.strings#L1595
iOS,body,DuckDuckGo,data.import.detail.chrome.step1,,**Settings** > **Export Data**,Step 1 instruction for importing from Chrome,,,true,,,apps/apple/iOS/DuckDuckGo/en.lproj/Localizable.strings,1598,https://github.com/duckduckgo/apple-browsers/blob/ef18f2a4fadcb2229879d6bb32d3afb64c78bde2/iOS/DuckDuckGo/en.lproj/Localizable.strings#L1598
iOS,body,DuckDuckGo,data.import.detail.chrome.step2,,Press **Continue**,Step 2 instruction for importing from Chrome,,,true,,,apps/apple/iOS/DuckDuckGo/en.lproj/Localizable.strings,1601,https://github.com/duckduckgo/apple-browsers/blob/ef18f2a4fadcb2229879d6bb32d3afb64c78bde2/iOS/DuckDuckGo/en.lproj/Localizable.strings#L1601
iOS,body,DuckDuckGo,data.import.detail.chrome.step3,,Select **DuckDuckGo** as Destination,Step 3 instruction for importing from Chrome,,,true,,,apps/apple/iOS/DuckDuckGo/en.lproj/Localizable.strings,1604,https://github.com/duckduckgo/apple-browsers/blob/ef18f2a4fadcb2229879d6bb32d3afb64c78bde2/iOS/DuckDuckGo/en.lproj/Localizable.strings#L1604
iOS,body,DuckDuckGo,data.import.detail.passwords.description,,"You need to go to the Passwords app, then follow the steps to import.",Description on the Passwords App import detail screen,,,true,,,apps/apple/iOS/DuckDuckGo/en.lproj/Localizable.strings,1613,https://github.com/duckduckgo/apple-browsers/blob/ef18f2a4fadcb2229879d6bb32d3afb64c78bde2/iOS/DuckDuckGo/en.lproj/Localizable.strings#L1613
iOS,body,DuckDuckGo,data.import.detail.passwords.step1,,Tap **···** > **Export Data to Another App**,Step 1 instruction for importing from the Passwords app,,,true,,,apps/apple/iOS/DuckDuckGo/en.lproj/Localizable.strings,1616,https://github.com/duckduckgo/apple-browsers/blob/ef18f2a4fadcb2229879d6bb32d3afb64c78bde2/iOS/DuckDuckGo/en.lproj/Localizable.strings#L1616
iOS,body,DuckDuckGo,data.import.detail.passwords.step2,,Tap **Select All** > **Continue**,Step 2 instruction for importing from the Passwords app,,,true,,,apps/apple/iOS/DuckDuckGo/en.lproj/Localizable.strings,1619,https://github.com/duckduckgo/apple-browsers/blob/ef18f2a4fadcb2229879d6bb32d3afb64c78bde2/iOS/DuckDuckGo/en.lproj/Localizable.strings#L1619
iOS,body,DuckDuckGo,data.import.detail.passwords.step3,,Select **DuckDuckGo** as Destination,Step 3 instruction for importing from the Passwords app,,,true,,,apps/apple/iOS/DuckDuckGo/en.lproj/Localizable.strings,1622,https://github.com/duckduckgo/apple-browsers/blob/ef18f2a4fadcb2229879d6bb32d3afb64c78bde2/iOS/DuckDuckGo/en.lproj/Localizable.strings#L1622
iOS,body,DuckDuckGo,data.import.detail.safari.description,,"First, export your passwords and bookmarks from Safari, then come back here to upload the file.",Description on the Safari import detail screen,,,true,,,apps/apple/iOS/DuckDuckGo/en.lproj/Localizable.strings,1628,https://github.com/duckduckgo/apple-browsers/blob/ef18f2a4fadcb2229879d6bb32d3afb64c78bde2/iOS/DuckDuckGo/en.lproj/Localizable.strings#L1628
iOS,body,DuckDuckGo,data.import.instructions.safari.step2,,"Select **Export**, and on the next screen select **Bookmarks** and **Save to Downloads**.",Step 2 for instructions to export bookmarks from Safari,,,true,,,apps/apple/iOS/DuckDuckGo/en.lproj/Localizable.strings,1682,https://github.com/duckduckgo/apple-browsers/blob/ef18f2a4fadcb2229879d6bb32d3afb64c78bde2/iOS/DuckDuckGo/en.lproj/Localizable.strings#L1682
iOS,body,DuckDuckGo,data.import.instructions.safari.step2.passwords,,"Select **Export**, and on the next screen select **Passwords** and **Save to Downloads**.",Step 2 for instructions to export passwords from Safari,,,true,,,apps/apple/iOS/DuckDuckGo/en.lproj/Localizable.strings,1685,https://github.com/duckduckgo/apple-browsers/blob/ef18f2a4fadcb2229879d6bb32d3afb64c78bde2/iOS/DuckDuckGo/en.lproj/Localizable.strings#L1685
iOS,body,DuckDuckGo,data.import.passwords.instructions.chrome.step1,,"In Chrome, go to **Google Password Manager** and then **Settings**.",Step 1 for instructions to import passwords from Chrome,,,true,,,apps/apple/iOS/DuckDuckGo/en.lproj/Localizable.strings,1688,https://github.com/duckduckgo/apple-browsers/blob/ef18f2a4fadcb2229879d6bb32d3afb64c78bde2/iOS/DuckDuckGo/en.lproj/Localizable.strings#L1688
iOS,body,DuckDuckGo,data.import.passwords.instructions.chrome.step2,,"Select **Export data**, then **···** and then **Donwload to CSV** and save the file in a folder that you can remember.",Step 2 for instructions to import passwords.,,,true,,,apps/apple/iOS/DuckDuckGo/en.lproj/Localizable.strings,1691,https://github.com/duckduckgo/apple-browsers/blob/ef18f2a4fadcb2229879d6bb32d3afb64c78bde2/iOS/DuckDuckGo/en.lproj/Localizable.strings#L1691
iOS,body,DuckDuckGo,data.import.passwords.instructions.safari.step1,,"Open ⚙️ **Settings**, type “Export” in the search bar and pick the **Export** result for Safari to go directly to the option (or go to Apps > Safari in Settings).","Step 1 for instructions to import passwords from Safari. 'Open ⚙️ **Settings**, type “Export” in the search bar and pick the **Export** result for Safari to go directly to the option (or go to Apps > Safari in Settings).'",,,true,,,apps/apple/iOS/DuckDuckGo/en.lproj/Localizable.strings,1697,https://github.com/duckduckgo/apple-browsers/blob/ef18f2a4fadcb2229879d6bb32d3afb64c78bde2/iOS/DuckDuckGo/en.lproj/Localizable.strings#L1697
iOS,body,DuckDuckGo,data.import.passwords.instructions.selector,,Export From,Text next to selector for which browser to export passwords from (Safari | Chrome),,,true,,,apps/apple/iOS/DuckDuckGo/en.lproj/Localizable.strings,1700,https://github.com/duckduckgo/apple-browsers/blob/ef18f2a4fadcb2229879d6bb32d3afb64c78bde2/iOS/DuckDuckGo/en.lproj/Localizable.strings#L1700
iOS,body,DuckDuckGo,data.import.passwords.instructions.selector.chrome,,Google Chrome,Export instructions selector for Chrome,,,true,,,apps/apple/iOS/DuckDuckGo/en.lproj/Localizable.strings,1703,https://github.com/duckduckgo/apple-browsers/blob/ef18f2a4fadcb2229879d6bb32d3afb64c78bde2/iOS/DuckDuckGo/en.lproj/Localizable.strings#L1703
iOS,body,DuckDuckGo,data.import.passwords.instructions.selector.safari,,Safari,Export instructions selector for Safari,,,true,,,apps/apple/iOS/DuckDuckGo/en.lproj/Localizable.strings,1706,https://github.com/duckduckgo/apple-browsers/blob/ef18f2a4fadcb2229879d6bb32d3afb64c78bde2/iOS/DuckDuckGo/en.lproj/Localizable.strings#L1706
iOS,body,DuckDuckGo,data.import.passwords.subtitle,,Select the file containing passwords exported from Safari or Chrome. This is usually a ZIP or CSV file.,Subtitle for screen to import passwords,,,true,,,apps/apple/iOS/DuckDuckGo/en.lproj/Localizable.strings,1715,https://github.com/duckduckgo/apple-browsers/blob/ef18f2a4fadcb2229879d6bb32d3afb64c78bde2/iOS/DuckDuckGo/en.lproj/Localizable.strings#L1715
iOS,body,DuckDuckGo,data.import.summary.bookmarks.success,,Bookmarks,Data import summary of how many bookmarks were successfully imported.,,,true,,,apps/apple/iOS/DuckDuckGo/en.lproj/Localizable.strings,1745,https://github.com/duckduckgo/apple-browsers/blob/ef18f2a4fadcb2229879d6bb32d3afb64c78bde2/iOS/DuckDuckGo/en.lproj/Localizable.strings#L1745
iOS,body,DuckDuckGo,data.import.summary.creditcards.success,,Credit Cards,Data import summary of how many credit cards were successfully imported.,,,true,,,apps/apple/iOS/DuckDuckGo/en.lproj/Localizable.strings,1766,https://github.com/duckduckgo/apple-browsers/blob/ef18f2a4fadcb2229879d6bb32d3afb64c78bde2/iOS/DuckDuckGo/en.lproj/Localizable.strings#L1766
iOS,body,DuckDuckGo,data.import.summary.duplicates,,Duplicates Skipped,Data import summary of how many items were not imported as they were duplicates.,,,true,,,apps/apple/iOS/DuckDuckGo/en.lproj/Localizable.strings,1769,https://github.com/duckduckgo/apple-browsers/blob/ef18f2a4fadcb2229879d6bb32d3afb64c78bde2/iOS/DuckDuckGo/en.lproj/Localizable.strings#L1769
iOS,body,DuckDuckGo,data.import.summary.passwords.subtitle,,You can now delete the passwords file.,Subtitle for screen shown after after attempting to import passwords from file,,,true,,,apps/apple/iOS/DuckDuckGo/en.lproj/Localizable.strings,1775,https://github.com/duckduckgo/apple-browsers/blob/ef18f2a4fadcb2229879d6bb32d3afb64c78bde2/iOS/DuckDuckGo/en.lproj/Localizable.strings#L1775
iOS,body,DuckDuckGo,data.import.summary.passwords.success,,Passwords,Data import summary of how many passwords were successfully imported.,,,true,,,apps/apple/iOS/DuckDuckGo/en.lproj/Localizable.strings,1778,https://github.com/duckduckgo/apple-browsers/blob/ef18f2a4fadcb2229879d6bb32d3afb64c78bde2/iOS/DuckDuckGo/en.lproj/Localizable.strings#L1778
iOS,body,DuckDuckGo,dax.onboarding.browsing.site.owned.by.major.tracker,,"Heads up! Since %2$@ owns %1$@, I can’t stop them from seeing your activity here.\n\nBut browse with me, and I can reduce what %2$@ knows about you overall by blocking their trackers on lots of other sites.",Parameters are domain names (strings),,%2$@ %1$@ %2$@,true,,,apps/apple/iOS/DuckDuckGo/en.lproj/Localizable.strings,1820,https://github.com/duckduckgo/apple-browsers/blob/ef18f2a4fadcb2229879d6bb32d3afb64c78bde2/iOS/DuckDuckGo/en.lproj/Localizable.strings#L1820
iOS,body,DuckDuckGo,dax.onboarding.browsing.without.trackers,,"As you tap and scroll, I’ll block pesky trackers.\n\nGo ahead - keep browsing!",No comment provided by engineer.,,,true,,,apps/apple/iOS/DuckDuckGo/en.lproj/Localizable.strings,1826,https://github.com/duckduckgo/apple-browsers/blob/ef18f2a4fadcb2229879d6bb32d3afb64c78bde2/iOS/DuckDuckGo/en.lproj/Localizable.strings#L1826
iOS,body,DuckDuckGo,donotsell.disclaimer.learnmore,,Learn More,No comment provided by engineer.,,,true,,,apps/apple/iOS/DuckDuckGo/en.lproj/Localizable.strings,1844,https://github.com/duckduckgo/apple-browsers/blob/ef18f2a4fadcb2229879d6bb32d3afb64c78bde2/iOS/DuckDuckGo/en.lproj/Localizable.strings#L1844
iOS,body,DuckDuckGo,donotsell.info.headertext,,"DuckDuckGo automatically blocks many trackers. With Global Privacy Control (GPC), you can also ask participating websites to restrict selling or sharing your personal data with other companies.",No comment provided by engineer.,,,true,,,apps/apple/iOS/DuckDuckGo/en.lproj/Localizable.strings,1850,https://github.com/duckduckgo/apple-browsers/blob/ef18f2a4fadcb2229879d6bb32d3afb64c78bde2/iOS/DuckDuckGo/en.lproj/Localizable.strings#L1850
iOS,body,DuckDuckGo,downloads.cancel-download.alert.message,,Are you sure you want to cancel this download?,Message for alert when trying to cancel the file download,,,true,,,apps/apple/iOS/DuckDuckGo/en.lproj/Localizable.strings,1859,https://github.com/duckduckgo/apple-browsers/blob/ef18f2a4fadcb2229879d6bb32d3afb64c78bde2/iOS/DuckDuckGo/en.lproj/Localizable.strings#L1859
iOS,body,DuckDuckGo,downloads.message.all-files-deleted,,All files deleted,Message confirming that all files on the downloads list have been deleted,,,true,,,apps/apple/iOS/DuckDuckGo/en.lproj/Localizable.strings,1889,https://github.com/duckduckgo/apple-browsers/blob/ef18f2a4fadcb2229879d6bb32d3afb64c78bde2/iOS/DuckDuckGo/en.lproj/Localizable.strings#L1889
iOS,body,DuckDuckGo,downloads.message.download-complete,,Download complete for %@,Message confirming that the download process has completed. Parameter is downloaded file's filename,,%@,true,,,apps/apple/iOS/DuckDuckGo/en.lproj/Localizable.strings,1892,https://github.com/duckduckgo/apple-browsers/blob/ef18f2a4fadcb2229879d6bb32d3afb64c78bde2/iOS/DuckDuckGo/en.lproj/Localizable.strings#L1892
iOS,body,DuckDuckGo,downloads.message.download-deleted,,Deleted %@,Message confirming the file was deleted. Parameter is file's filename,,%@,true,,,apps/apple/iOS/DuckDuckGo/en.lproj/Localizable.strings,1895,https://github.com/duckduckgo/apple-browsers/blob/ef18f2a4fadcb2229879d6bb32d3afb64c78bde2/iOS/DuckDuckGo/en.lproj/Localizable.strings#L1895
iOS,body,DuckDuckGo,downloads.message.download-started,,Download started for %@,Message confirming that the download process has started. Parameter is downloaded file's filename,,%@,true,,,apps/apple/iOS/DuckDuckGo/en.lproj/Localizable.strings,1901,https://github.com/duckduckgo/apple-browsers/blob/ef18f2a4fadcb2229879d6bb32d3afb64c78bde2/iOS/DuckDuckGo/en.lproj/Localizable.strings#L1901
iOS,body,DuckDuckGo,duck-player.video-contingency-message,,Duck Player's functionality has been affected by recent changes to YouTube. We’re working to fix these issues and appreciate your understanding.,Message explaining to the user that Duck Player is not available,,,true,,,apps/apple/iOS/DuckDuckGo/en.lproj/Localizable.strings,1910,https://github.com/duckduckgo/apple-browsers/blob/ef18f2a4fadcb2229879d6bb32d3afb64c78bde2/iOS/DuckDuckGo/en.lproj/Localizable.strings#L1910
iOS,body,DuckDuckGo,duckai.addWidget.settings.fourthParagraph,,"Tap the widget to edit it, then set **Duck.ai** and **Duck.ai Voice** as your shortcuts",Fourth paragraph of the Duck.ai widget education screen,,,true,,,apps/apple/iOS/DuckDuckGo/en.lproj/Localizable.strings,1916,https://github.com/duckduckgo/apple-browsers/blob/ef18f2a4fadcb2229879d6bb32d3afb64c78bde2/iOS/DuckDuckGo/en.lproj/Localizable.strings#L1916
iOS,body,DuckDuckGo,duckai.addWidget.settings.thirdParagraph,,"Find and select **DuckDuckGo**, then swipe to **Custom Shortcuts** and select **Add Widget**",Third paragraph of the Duck.ai widget education screen,,,true,,,apps/apple/iOS/DuckDuckGo/en.lproj/Localizable.strings,1919,https://github.com/duckduckgo/apple-browsers/blob/ef18f2a4fadcb2229879d6bb32d3afb64c78bde2/iOS/DuckDuckGo/en.lproj/Localizable.strings#L1919
iOS,body,DuckDuckGo,duckai.attach.page.content,,Attach Page Content,Menu option to attach current page content to Duck.ai chat,,,true,,,apps/apple/iOS/DuckDuckGo/en.lproj/Localizable.strings,1922,https://github.com/duckduckgo/apple-browsers/blob/ef18f2a4fadcb2229879d6bb32d3afb64c78bde2/iOS/DuckDuckGo/en.lproj/Localizable.strings#L1922
iOS,body,DuckDuckGo,duckai.context.chip.info,,Sent with your message to Duck.ai,Info text shown below the context chip explaining that content will be sent with the message,,,true,,,apps/apple/iOS/DuckDuckGo/en.lproj/Localizable.strings,1925,https://github.com/duckduckgo/apple-browsers/blob/ef18f2a4fadcb2229879d6bb32d3afb64c78bde2/iOS/DuckDuckGo/en.lproj/Localizable.strings#L1925
iOS,body,DuckDuckGo,duckai.preferences.text.markdown,,DuckDuckGo AI features are private and optional. Your data is not used to train AI.,AI features settings explanation,,,true,,,apps/apple/iOS/DuckDuckGo/en.lproj/Localizable.strings,1943,https://github.com/duckduckgo/apple-browsers/blob/ef18f2a4fadcb2229879d6bb32d3afb64c78bde2/iOS/DuckDuckGo/en.lproj/Localizable.strings#L1943
iOS,body,DuckDuckGo,duckai.recent.chat.remove.confirmation.message,,"""%@"" will be permanently deleted everywhere.",Message of the confirmation alert shown before deleting a recent Duck.ai chat. %@ is the chat title.,,%@,true,,,apps/apple/iOS/DuckDuckGo/en.lproj/Localizable.strings,1961,https://github.com/duckduckgo/apple-browsers/blob/ef18f2a4fadcb2229879d6bb32d3afb64c78bde2/iOS/DuckDuckGo/en.lproj/Localizable.strings#L1961
iOS,body,DuckDuckGo,duckai.settings.allowFollowUpQuestions.section.description,,Show Duck.ai buttons and links in DuckDuckGo search results.,Description text explaining what the 'Ask Follow-up Questions' toggle does,,,true,,,apps/apple/iOS/DuckDuckGo/en.lproj/Localizable.strings,1973,https://github.com/duckduckgo/apple-browsers/blob/ef18f2a4fadcb2229879d6bb32d3afb64c78bde2/iOS/DuckDuckGo/en.lproj/Localizable.strings#L1973
iOS,body,DuckDuckGo,duckai.settings.enable.tab-bar-subtitle,,"Show in the browser tab bar or address bar, depending on window size.",Subtitle for the Tab Bar toggle row in Manage Duck.ai Shortcuts settings,,,true,,,apps/apple/iOS/DuckDuckGo/en.lproj/Localizable.strings,1994,https://github.com/duckduckgo/apple-browsers/blob/ef18f2a4fadcb2229879d6bb32d3afb64c78bde2/iOS/DuckDuckGo/en.lproj/Localizable.strings#L1994
iOS,body,DuckDuckGo,duckai.siri.education.screen.description,,"Siri Shortcuts let you start a Duck.ai voice chat with a quick voice command, like ""Siri, start DuckDuckGo Voice Chat"". It's a fast, hands-free way to chat with Duck.ai.",Description for the Duck.ai Siri education screen,,,true,,,apps/apple/iOS/DuckDuckGo/en.lproj/Localizable.strings,2015,https://github.com/duckduckgo/apple-browsers/blob/ef18f2a4fadcb2229879d6bb32d3afb64c78bde2/iOS/DuckDuckGo/en.lproj/Localizable.strings#L2015
iOS,body,DuckDuckGo,duckai.siri.education.screen.example1,,"Siri, start DuckDuckGo Voice Chat.",Duck.ai Siri education screen example command 1,,,true,,,apps/apple/iOS/DuckDuckGo/en.lproj/Localizable.strings,2018,https://github.com/duckduckgo/apple-browsers/blob/ef18f2a4fadcb2229879d6bb32d3afb64c78bde2/iOS/DuckDuckGo/en.lproj/Localizable.strings#L2018
iOS,body,DuckDuckGo,duckai.siri.education.screen.example2,,"Siri, talk to DuckDuckGo.",Duck.ai Siri education screen example command 2,,,true,,,apps/apple/iOS/DuckDuckGo/en.lproj/Localizable.strings,2021,https://github.com/duckduckgo/apple-browsers/blob/ef18f2a4fadcb2229879d6bb32d3afb64c78bde2/iOS/DuckDuckGo/en.lproj/Localizable.strings#L2021
iOS,body,DuckDuckGo,duckai.siri.education.screen.example3,,"Siri, voice chat with DuckDuckGo.",Duck.ai Siri education screen example command 3,,,true,,,apps/apple/iOS/DuckDuckGo/en.lproj/Localizable.strings,2024,https://github.com/duckduckgo/apple-browsers/blob/ef18f2a4fadcb2229879d6bb32d3afb64c78bde2/iOS/DuckDuckGo/en.lproj/Localizable.strings#L2024
iOS,body,DuckDuckGo,duckai.suggestion.cast-crew.prompt,,"Who are the main cast and crew, and what else are they known for?",Suggested prompt submitted text: cast and crew,,,true,,,apps/apple/iOS/DuckDuckGo/en.lproj/Localizable.strings,2033,https://github.com/duckduckgo/apple-browsers/blob/ef18f2a4fadcb2229879d6bb32d3afb64c78bde2/iOS/DuckDuckGo/en.lproj/Localizable.strings#L2033
iOS,body,DuckDuckGo,duckai.suggestion.counterarguments.prompt,,What are the main counterarguments or criticisms of this?,Suggested prompt submitted text: counterarguments,,,true,,,apps/apple/iOS/DuckDuckGo/en.lproj/Localizable.strings,2039,https://github.com/duckduckgo/apple-browsers/blob/ef18f2a4fadcb2229879d6bb32d3afb64c78bde2/iOS/DuckDuckGo/en.lproj/Localizable.strings#L2039
iOS,body,DuckDuckGo,duckai.suggestion.course-learn.prompt,,What are the key things I will learn from this course?,Suggested prompt submitted text: course learning outcomes,,,true,,,apps/apple/iOS/DuckDuckGo/en.lproj/Localizable.strings,2045,https://github.com/duckduckgo/apple-browsers/blob/ef18f2a4fadcb2229879d6bb32d3afb64c78bde2/iOS/DuckDuckGo/en.lproj/Localizable.strings#L2045
iOS,body,DuckDuckGo,duckai.suggestion.course-worth.prompt,,"Based on this page, is this course worth taking?",Suggested prompt submitted text: is a course worth taking,,,true,,,apps/apple/iOS/DuckDuckGo/en.lproj/Localizable.strings,2051,https://github.com/duckduckgo/apple-browsers/blob/ef18f2a4fadcb2229879d6bb32d3afb64c78bde2/iOS/DuckDuckGo/en.lproj/Localizable.strings#L2051
iOS,body,DuckDuckGo,duckai.suggestion.cover-letter.prompt,,Draft a cover letter for this job.,Suggested prompt submitted text: draft a cover letter,,,true,,,apps/apple/iOS/DuckDuckGo/en.lproj/Localizable.strings,2057,https://github.com/duckduckgo/apple-browsers/blob/ef18f2a4fadcb2229879d6bb32d3afb64c78bde2/iOS/DuckDuckGo/en.lproj/Localizable.strings#L2057
iOS,body,DuckDuckGo,duckai.suggestion.event-details.prompt,,Summarize the key details of this event.,Suggested prompt submitted text: event details,,,true,,,apps/apple/iOS/DuckDuckGo/en.lproj/Localizable.strings,2063,https://github.com/duckduckgo/apple-browsers/blob/ef18f2a4fadcb2229879d6bb32d3afb64c78bde2/iOS/DuckDuckGo/en.lproj/Localizable.strings#L2063
iOS,body,DuckDuckGo,duckai.suggestion.explain-answer.prompt,,Explain the accepted answer in simple terms.,Suggested prompt submitted text: explain the top answer,,,true,,,apps/apple/iOS/DuckDuckGo/en.lproj/Localizable.strings,2069,https://github.com/duckduckgo/apple-browsers/blob/ef18f2a4fadcb2229879d6bb32d3afb64c78bde2/iOS/DuckDuckGo/en.lproj/Localizable.strings#L2069
iOS,body,DuckDuckGo,duckai.suggestion.explain-paper.prompt,,Explain this research paper in plain language.,Suggested prompt submitted text: explain a research paper,,,true,,,apps/apple/iOS/DuckDuckGo/en.lproj/Localizable.strings,2075,https://github.com/duckduckgo/apple-browsers/blob/ef18f2a4fadcb2229879d6bb32d3afb64c78bde2/iOS/DuckDuckGo/en.lproj/Localizable.strings#L2075
iOS,body,DuckDuckGo,duckai.suggestion.explain-repo.prompt,,Explain what this repository does and how to use it.,Suggested prompt submitted text: explain a code repository,,,true,,,apps/apple/iOS/DuckDuckGo/en.lproj/Localizable.strings,2081,https://github.com/duckduckgo/apple-browsers/blob/ef18f2a4fadcb2229879d6bb32d3afb64c78bde2/iOS/DuckDuckGo/en.lproj/Localizable.strings#L2081
iOS,body,DuckDuckGo,duckai.suggestion.explain-simply.prompt,,"Explain this in simple, plain language.",Suggested prompt submitted text: explain the content simply,,,true,,,apps/apple/iOS/DuckDuckGo/en.lproj/Localizable.strings,2087,https://github.com/duckduckgo/apple-browsers/blob/ef18f2a4fadcb2229879d6bb32d3afb64c78bde2/iOS/DuckDuckGo/en.lproj/Localizable.strings#L2087
iOS,body,DuckDuckGo,duckai.suggestion.faq-answer.prompt,,What are the main questions this page answers?,Suggested prompt submitted text: what an FAQ page answers,,,true,,,apps/apple/iOS/DuckDuckGo/en.lproj/Localizable.strings,2093,https://github.com/duckduckgo/apple-browsers/blob/ef18f2a4fadcb2229879d6bb32d3afb64c78bde2/iOS/DuckDuckGo/en.lproj/Localizable.strings#L2093
iOS,body,DuckDuckGo,duckai.suggestion.faq-summary.prompt,,Summarize the questions and answers on this page.,Suggested prompt submitted text: summarize FAQ Q&As,,,true,,,apps/apple/iOS/DuckDuckGo/en.lproj/Localizable.strings,2099,https://github.com/duckduckgo/apple-browsers/blob/ef18f2a4fadcb2229879d6bb32d3afb64c78bde2/iOS/DuckDuckGo/en.lproj/Localizable.strings#L2099
iOS,body,DuckDuckGo,duckai.suggestion.find-alternatives.prompt,,Suggest some alternatives to this product.,Suggested prompt submitted text: product alternatives,,,true,,,apps/apple/iOS/DuckDuckGo/en.lproj/Localizable.strings,2105,https://github.com/duckduckgo/apple-browsers/blob/ef18f2a4fadcb2229879d6bb32d3afb64c78bde2/iOS/DuckDuckGo/en.lproj/Localizable.strings#L2105
iOS,body,DuckDuckGo,duckai.suggestion.howto-materials.prompt,,"List the tools, materials, or prerequisites I need for this.",Suggested prompt submitted text: how-to materials,,,true,,,apps/apple/iOS/DuckDuckGo/en.lproj/Localizable.strings,2111,https://github.com/duckduckgo/apple-browsers/blob/ef18f2a4fadcb2229879d6bb32d3afb64c78bde2/iOS/DuckDuckGo/en.lproj/Localizable.strings#L2111
iOS,body,DuckDuckGo,duckai.suggestion.howto-steps.prompt,,"Break this down into clear, numbered steps.",Suggested prompt submitted text: how-to steps,,,true,,,apps/apple/iOS/DuckDuckGo/en.lproj/Localizable.strings,2117,https://github.com/duckduckgo/apple-browsers/blob/ef18f2a4fadcb2229879d6bb32d3afb64c78bde2/iOS/DuckDuckGo/en.lproj/Localizable.strings#L2117
iOS,body,DuckDuckGo,duckai.suggestion.interview-prep.prompt,,What interview questions might come up for this role?,Suggested prompt submitted text: interview prep,,,true,,,apps/apple/iOS/DuckDuckGo/en.lproj/Localizable.strings,2123,https://github.com/duckduckgo/apple-browsers/blob/ef18f2a4fadcb2229879d6bb32d3afb64c78bde2/iOS/DuckDuckGo/en.lproj/Localizable.strings#L2123
iOS,body,DuckDuckGo,duckai.suggestion.key-takeaways.prompt,,What are the key takeaways from this article?,Suggested prompt submitted text: key takeaways of an article,,,true,,,apps/apple/iOS/DuckDuckGo/en.lproj/Localizable.strings,2129,https://github.com/duckduckgo/apple-browsers/blob/ef18f2a4fadcb2229879d6bb32d3afb64c78bde2/iOS/DuckDuckGo/en.lproj/Localizable.strings#L2129
iOS,body,DuckDuckGo,duckai.suggestion.paper-contributions.prompt,,What are the key contributions of this paper?,Suggested prompt submitted text: paper contributions,,,true,,,apps/apple/iOS/DuckDuckGo/en.lproj/Localizable.strings,2141,https://github.com/duckduckgo/apple-browsers/blob/ef18f2a4fadcb2229879d6bb32d3afb64c78bde2/iOS/DuckDuckGo/en.lproj/Localizable.strings#L2141
iOS,body,DuckDuckGo,duckai.suggestion.person-background.prompt,,Summarize the background and notable work of this person.,Suggested prompt submitted text: summarize a person's background,,,true,,,apps/apple/iOS/DuckDuckGo/en.lproj/Localizable.strings,2147,https://github.com/duckduckgo/apple-browsers/blob/ef18f2a4fadcb2229879d6bb32d3afb64c78bde2/iOS/DuckDuckGo/en.lproj/Localizable.strings#L2147
iOS,body,DuckDuckGo,duckai.suggestion.place-hours.prompt,,"What are the opening hours, location, and contact details for this place?",Suggested prompt submitted text: place hours and location,,,true,,,apps/apple/iOS/DuckDuckGo/en.lproj/Localizable.strings,2153,https://github.com/duckduckgo/apple-browsers/blob/ef18f2a4fadcb2229879d6bb32d3afb64c78bde2/iOS/DuckDuckGo/en.lproj/Localizable.strings#L2153
iOS,body,DuckDuckGo,duckai.suggestion.place-reviews.prompt,,Is this place any good? Summarize its reputation based on reviews and ratings.,Suggested prompt submitted text: place reputation,,,true,,,apps/apple/iOS/DuckDuckGo/en.lproj/Localizable.strings,2159,https://github.com/duckduckgo/apple-browsers/blob/ef18f2a4fadcb2229879d6bb32d3afb64c78bde2/iOS/DuckDuckGo/en.lproj/Localizable.strings#L2159
iOS,body,DuckDuckGo,duckai.suggestion.product-pros-cons.prompt,,What are the pros and cons of this product?,Suggested prompt submitted text: product pros and cons,,,true,,,apps/apple/iOS/DuckDuckGo/en.lproj/Localizable.strings,2165,https://github.com/duckduckgo/apple-browsers/blob/ef18f2a4fadcb2229879d6bb32d3afb64c78bde2/iOS/DuckDuckGo/en.lproj/Localizable.strings#L2165
iOS,body,DuckDuckGo,duckai.suggestion.recipe-nutrition.prompt,,Estimate the nutritional information for this recipe.,Suggested prompt submitted text: recipe nutrition,,,true,,,apps/apple/iOS/DuckDuckGo/en.lproj/Localizable.strings,2171,https://github.com/duckduckgo/apple-browsers/blob/ef18f2a4fadcb2229879d6bb32d3afb64c78bde2/iOS/DuckDuckGo/en.lproj/Localizable.strings#L2171
iOS,body,DuckDuckGo,duckai.suggestion.related-articles.prompt,,Suggest related articles or topics worth exploring next.,Suggested prompt submitted text: related articles,,,true,,,apps/apple/iOS/DuckDuckGo/en.lproj/Localizable.strings,2177,https://github.com/duckduckgo/apple-browsers/blob/ef18f2a4fadcb2229879d6bb32d3afb64c78bde2/iOS/DuckDuckGo/en.lproj/Localizable.strings#L2177
iOS,body,DuckDuckGo,duckai.suggestion.review-summary.prompt,,Summarize what the reviews say.,Suggested prompt submitted text: summarize reviews,,,true,,,apps/apple/iOS/DuckDuckGo/en.lproj/Localizable.strings,2183,https://github.com/duckduckgo/apple-browsers/blob/ef18f2a4fadcb2229879d6bb32d3afb64c78bde2/iOS/DuckDuckGo/en.lproj/Localizable.strings#L2183
iOS,body,DuckDuckGo,duckai.suggestion.review-verdict.prompt,,What is the overall verdict and rating for this?,Suggested prompt submitted text: review verdict,,,true,,,apps/apple/iOS/DuckDuckGo/en.lproj/Localizable.strings,2189,https://github.com/duckduckgo/apple-browsers/blob/ef18f2a4fadcb2229879d6bb32d3afb64c78bde2/iOS/DuckDuckGo/en.lproj/Localizable.strings#L2189
iOS,body,DuckDuckGo,duckai.suggestion.scale-recipe.prompt,,Rewrite this recipe scaled for a different number of servings.,Suggested prompt submitted text: scale a recipe,,,true,,,apps/apple/iOS/DuckDuckGo/en.lproj/Localizable.strings,2195,https://github.com/duckduckgo/apple-browsers/blob/ef18f2a4fadcb2229879d6bb32d3afb64c78bde2/iOS/DuckDuckGo/en.lproj/Localizable.strings#L2195
iOS,body,DuckDuckGo,duckai.suggestion.shopping-list.prompt,,Create a shopping list with quantities from this recipe.,Suggested prompt submitted text: shopping list from a recipe,,,true,,,apps/apple/iOS/DuckDuckGo/en.lproj/Localizable.strings,2201,https://github.com/duckduckgo/apple-browsers/blob/ef18f2a4fadcb2229879d6bb32d3afb64c78bde2/iOS/DuckDuckGo/en.lproj/Localizable.strings#L2201
iOS,body,DuckDuckGo,duckai.suggestion.similar-books.prompt,,Recommend similar books.,Suggested prompt submitted text: similar books,,,true,,,apps/apple/iOS/DuckDuckGo/en.lproj/Localizable.strings,2207,https://github.com/duckduckgo/apple-browsers/blob/ef18f2a4fadcb2229879d6bb32d3afb64c78bde2/iOS/DuckDuckGo/en.lproj/Localizable.strings#L2207
iOS,body,DuckDuckGo,duckai.suggestion.similar-titles.prompt,,Recommend similar movies or shows.,Suggested prompt submitted text: similar movies or shows,,,true,,,apps/apple/iOS/DuckDuckGo/en.lproj/Localizable.strings,2213,https://github.com/duckduckgo/apple-browsers/blob/ef18f2a4fadcb2229879d6bb32d3afb64c78bde2/iOS/DuckDuckGo/en.lproj/Localizable.strings#L2213
iOS,body,DuckDuckGo,duckai.suggestion.summarize-book.prompt,,Summarize this book.,Suggested prompt submitted text: summarize a book,,,true,,,apps/apple/iOS/DuckDuckGo/en.lproj/Localizable.strings,2219,https://github.com/duckduckgo/apple-browsers/blob/ef18f2a4fadcb2229879d6bb32d3afb64c78bde2/iOS/DuckDuckGo/en.lproj/Localizable.strings#L2219
iOS,body,DuckDuckGo,duckai.suggestion.summarize-document.prompt,,Summarize this document.,Suggested prompt submitted text: summarize the attached document,,,true,,,apps/apple/iOS/DuckDuckGo/en.lproj/Localizable.strings,2225,https://github.com/duckduckgo/apple-browsers/blob/ef18f2a4fadcb2229879d6bb32d3afb64c78bde2/iOS/DuckDuckGo/en.lproj/Localizable.strings#L2225
iOS,body,DuckDuckGo,duckai.suggestion.summarize-page.prompt,,Summarize this page.,Suggested prompt submitted text: summarize the current page,,,true,,,apps/apple/iOS/DuckDuckGo/en.lproj/Localizable.strings,2231,https://github.com/duckduckgo/apple-browsers/blob/ef18f2a4fadcb2229879d6bb32d3afb64c78bde2/iOS/DuckDuckGo/en.lproj/Localizable.strings#L2231
iOS,body,DuckDuckGo,duckai.suggestion.summarize-selection.prompt,,Summarize this selection.,Suggested prompt submitted text: summarize the attached text selection,,,true,,,apps/apple/iOS/DuckDuckGo/en.lproj/Localizable.strings,2237,https://github.com/duckduckgo/apple-browsers/blob/ef18f2a4fadcb2229879d6bb32d3afb64c78bde2/iOS/DuckDuckGo/en.lproj/Localizable.strings#L2237
iOS,body,DuckDuckGo,duckai.suggestion.summarize-thread.prompt,,Summarize this discussion thread.,Suggested prompt submitted text: summarize a discussion thread,,,true,,,apps/apple/iOS/DuckDuckGo/en.lproj/Localizable.strings,2243,https://github.com/duckduckgo/apple-browsers/blob/ef18f2a4fadcb2229879d6bb32d3afb64c78bde2/iOS/DuckDuckGo/en.lproj/Localizable.strings#L2243
iOS,body,DuckDuckGo,duckai.suggestion.summarize-video.prompt,,Summarize this video.,Suggested prompt submitted text: summarize a video,,,true,,,apps/apple/iOS/DuckDuckGo/en.lproj/Localizable.strings,2249,https://github.com/duckduckgo/apple-browsers/blob/ef18f2a4fadcb2229879d6bb32d3afb64c78bde2/iOS/DuckDuckGo/en.lproj/Localizable.strings#L2249
iOS,body,DuckDuckGo,duckai.suggestion.tailor-resume.prompt,,Help me tailor my resume for this job.,Suggested prompt submitted text: tailor a resume to a job,,,true,,,apps/apple/iOS/DuckDuckGo/en.lproj/Localizable.strings,2255,https://github.com/duckduckgo/apple-browsers/blob/ef18f2a4fadcb2229879d6bb32d3afb64c78bde2/iOS/DuckDuckGo/en.lproj/Localizable.strings#L2255
iOS,body,DuckDuckGo,duckai.suggestion.translate-page.prompt,,Translate this page into %@.,Suggested prompt submitted text: translate the page. %@ is replaced with the name of the user's language.,,%@,true,,,apps/apple/iOS/DuckDuckGo/en.lproj/Localizable.strings,2261,https://github.com/duckduckgo/apple-browsers/blob/ef18f2a4fadcb2229879d6bb32d3afb64c78bde2/iOS/DuckDuckGo/en.lproj/Localizable.strings#L2261
iOS,body,DuckDuckGo,duckai.suggestion.translate-selection.prompt,,Translate this selection into %@.,Suggested prompt submitted text: translate the attached text selection. %@ is replaced with the name of the user's language.,,%@,true,,,apps/apple/iOS/DuckDuckGo/en.lproj/Localizable.strings,2267,https://github.com/duckduckgo/apple-browsers/blob/ef18f2a4fadcb2229879d6bb32d3afb64c78bde2/iOS/DuckDuckGo/en.lproj/Localizable.strings#L2267
iOS,body,DuckDuckGo,duckai.suggestion.video-key-points.prompt,,What are the key points covered in this video?,Suggested prompt submitted text: video key points,,,true,,,apps/apple/iOS/DuckDuckGo/en.lproj/Localizable.strings,2273,https://github.com/duckduckgo/apple-browsers/blob/ef18f2a4fadcb2229879d6bb32d3afb64c78bde2/iOS/DuckDuckGo/en.lproj/Localizable.strings#L2273
iOS,body,DuckDuckGo,duckai.suggestion.who-is-this.prompt,,Give me a quick background on this person.,Suggested prompt submitted text: person background,,,true,,,apps/apple/iOS/DuckDuckGo/en.lproj/Localizable.strings,2279,https://github.com/duckduckgo/apple-browsers/blob/ef18f2a4fadcb2229879d6bb32d3afb64c78bde2/iOS/DuckDuckGo/en.lproj/Localizable.strings#L2279
iOS,body,DuckDuckGo,duckai.suggestion.worth-watching.prompt,,Is this worth watching? Give me a spoiler-free take.,Suggested prompt submitted text: is a movie/show worth watching,,,true,,,apps/apple/iOS/DuckDuckGo/en.lproj/Localizable.strings,2285,https://github.com/duckduckgo/apple-browsers/blob/ef18f2a4fadcb2229879d6bb32d3afb64c78bde2/iOS/DuckDuckGo/en.lproj/Localizable.strings#L2285
iOS,body,DuckDuckGo,duckai.text-selection.limit-reached,,You can add up to %d text selections. Remove one to add another.,Message shown when the user selects text and asks Duck.ai about it but has already attached the maximum number of selections. Parameter is that maximum.,,%d,true,,,apps/apple/iOS/DuckDuckGo/en.lproj/Localizable.strings,2291,https://github.com/duckduckgo/apple-browsers/blob/ef18f2a4fadcb2229879d6bb32d3afb64c78bde2/iOS/DuckDuckGo/en.lproj/Localizable.strings#L2291
iOS,body,DuckDuckGo,duckai.welcome.message,,All chats are %@ private,Welcome message in Duck.ai contextual sheet. %@ is replaced by a shield icon.,,%@,true,,,apps/apple/iOS/DuckDuckGo/en.lproj/Localizable.strings,2294,https://github.com/duckduckgo/apple-browsers/blob/ef18f2a4fadcb2229879d6bb32d3afb64c78bde2/iOS/DuckDuckGo/en.lproj/Localizable.strings#L2294
iOS,body,DuckDuckGo,duckduckgo.subscription.activate.via.email.description,,Use an email address to add your subscription to this device.,Description for adding subscription via email address,,,true,,,apps/apple/iOS/DuckDuckGo/en.lproj/Localizable.strings,2300,https://github.com/duckduckgo/apple-browsers/blob/ef18f2a4fadcb2229879d6bb32d3afb64c78bde2/iOS/DuckDuckGo/en.lproj/Localizable.strings#L2300
iOS,body,DuckDuckGo,duckduckgo.subscription.add.to.devices.no.email.footer,,Add your subscription to your other devices via Apple ID or by linking an email address. **[Learn more](https://duckduckgo.com/duckduckgo-help-pages/privacy-pro/adding-email/)**,Footer for section for activating subscription on other devices when email was not yet added,,,true,,,apps/apple/iOS/DuckDuckGo/en.lproj/Localizable.strings,2306,https://github.com/duckduckgo/apple-browsers/blob/ef18f2a4fadcb2229879d6bb32d3afb64c78bde2/iOS/DuckDuckGo/en.lproj/Localizable.strings#L2306
iOS,body,DuckDuckGo,duckduckgo.subscription.add.to.devices.with.email.footer,,"Use this email to add your subscription on your other devices in the DuckDuckGo app, go to Settings > DuckDuckGo Subscription > I Have a Subscription. **[Learn more](https://duckduckgo.com/duckduckgo-help-pages/privacy-pro/adding-email/)**",Footer for section for activating subscription on other devices when email is added,,,true,,,apps/apple/iOS/DuckDuckGo/en.lproj/Localizable.strings,2309,https://github.com/duckduckgo/apple-browsers/blob/ef18f2a4fadcb2229879d6bb32d3afb64c78bde2/iOS/DuckDuckGo/en.lproj/Localizable.strings#L2309
iOS,body,DuckDuckGo,duckduckgo.subscription.faq.description,,Get answers to frequently asked questions or contact subscription support from our help pages.,FAQ Description,,,true,,,apps/apple/iOS/DuckDuckGo/en.lproj/Localizable.strings,2312,https://github.com/duckduckgo/apple-browsers/blob/ef18f2a4fadcb2229879d6bb32d3afb64c78bde2/iOS/DuckDuckGo/en.lproj/Localizable.strings#L2312
iOS,body,DuckDuckGo,duckduckgo.subscription.pir.hero,,Activate the DuckDuckGo subscription on desktop to set up Personal Information Removal,Hero Text for Personal information removal,,,true,,,apps/apple/iOS/DuckDuckGo/en.lproj/Localizable.strings,2315,https://github.com/duckduckgo/apple-browsers/blob/ef18f2a4fadcb2229879d6bb32d3afb64c78bde2/iOS/DuckDuckGo/en.lproj/Localizable.strings#L2315
iOS,body,DuckDuckGo,duckduckgo.subscription.remove.from.device.text,,"You will no longer be able to access your DuckDuckGo subscription on this device. This will not cancel your subscription, and it will remain active on your other devices.",Remove from device confirmation dialog text,,,true,,,apps/apple/iOS/DuckDuckGo/en.lproj/Localizable.strings,2318,https://github.com/duckduckgo/apple-browsers/blob/ef18f2a4fadcb2229879d6bb32d3afb64c78bde2/iOS/DuckDuckGo/en.lproj/Localizable.strings#L2318
iOS,body,DuckDuckGo,duckplayer.opt-in.message.content,,Duck Player blocks targeted ads and keeps your viewing history protected.,Content for Duck Player opt-in message,,,true,,,apps/apple/iOS/DuckDuckGo/en.lproj/Localizable.strings,2336,https://github.com/duckduckgo/apple-browsers/blob/ef18f2a4fadcb2229879d6bb32d3afb64c78bde2/iOS/DuckDuckGo/en.lproj/Localizable.strings#L2336
iOS,body,DuckDuckGo,duckplayer.opt-in.pill.subtitle,,Watch without targeted ads,Subtitle explaining Duck Player blocks targeted ads,,,true,,,apps/apple/iOS/DuckDuckGo/en.lproj/Localizable.strings,2342,https://github.com/duckduckgo/apple-browsers/blob/ef18f2a4fadcb2229879d6bb32d3afb64c78bde2/iOS/DuckDuckGo/en.lproj/Localizable.strings#L2342
iOS,body,DuckDuckGo,duckplayer.pill.subtitle,,Watch without targeted ads,Subtitle explaining Duck Player blocks targeted ads,,,true,,,apps/apple/iOS/DuckDuckGo/en.lproj/Localizable.strings,2348,https://github.com/duckduckgo/apple-browsers/blob/ef18f2a4fadcb2229879d6bb32d3afb64c78bde2/iOS/DuckDuckGo/en.lproj/Localizable.strings#L2348
iOS,body,DuckDuckGo,duckplayer.presentation.modal.body,,Duck Player lets you watch YouTube without targeted ads in DuckDuckGo and what you watch won’t influence your recommendations.,Body text for the modal feature explanation,,,true,,,apps/apple/iOS/DuckDuckGo/en.lproj/Localizable.strings,2354,https://github.com/duckduckgo/apple-browsers/blob/ef18f2a4fadcb2229879d6bb32d3afb64c78bde2/iOS/DuckDuckGo/en.lproj/Localizable.strings#L2354
iOS,body,DuckDuckGo,duckplayer.settings.autoplay.footer,,Videos opened in Duck Player will automatically begin playback. Turn this off if you would like to manually start playback of videos opened in Duck Player.,Footer text explaining the auto-play toggle in Duck Player settings,,,true,,,apps/apple/iOS/DuckDuckGo/en.lproj/Localizable.strings,2372,https://github.com/duckduckgo/apple-browsers/blob/ef18f2a4fadcb2229879d6bb32d3afb64c78bde2/iOS/DuckDuckGo/en.lproj/Localizable.strings#L2372
iOS,body,DuckDuckGo,duckplayer.settings.enable-footer,,Opens videos in theater mode that prevents what you watch from influencing your YouTube feed.,Footer text for Enable Duck Player toggle,,,true,,,apps/apple/iOS/DuckDuckGo/en.lproj/Localizable.strings,2378,https://github.com/duckduckgo/apple-browsers/blob/ef18f2a4fadcb2229879d6bb32d3afb64c78bde2/iOS/DuckDuckGo/en.lproj/Localizable.strings#L2378
iOS,body,DuckDuckGo,duckplayer.settings.explanation,,Duck Player lets you watch YouTube without targeted ads and prevents viewing activity from influencing your recommendations.,Explanation footer for Duck Player settings,,,true,,,apps/apple/iOS/DuckDuckGo/en.lproj/Localizable.strings,2387,https://github.com/duckduckgo/apple-browsers/blob/ef18f2a4fadcb2229879d6bb32d3afb64c78bde2/iOS/DuckDuckGo/en.lproj/Localizable.strings#L2387
iOS,body,DuckDuckGo,duckplayer.settings.footer,,DuckDuckGo provides all the privacy essentials you need to protect yourself as you browse the web.,Footer label in the settings screen for Duck Player,,,true,,,apps/apple/iOS/DuckDuckGo/en.lproj/Localizable.strings,2390,https://github.com/duckduckgo/apple-browsers/blob/ef18f2a4fadcb2229879d6bb32d3afb64c78bde2/iOS/DuckDuckGo/en.lproj/Localizable.strings#L2390
iOS,body,DuckDuckGo,duckplayer.settings.info-text,,Duck Player lets you watch YouTube without targeted ads in DuckDuckGo and what you watch won’t influence your recommendations.,Text explaining what Duck Player is in the settings screen.,,,true,,,apps/apple/iOS/DuckDuckGo/en.lproj/Localizable.strings,2393,https://github.com/duckduckgo/apple-browsers/blob/ef18f2a4fadcb2229879d6bb32d3afb64c78bde2/iOS/DuckDuckGo/en.lproj/Localizable.strings#L2393
iOS,body,DuckDuckGo,duckplayer.settings.search.results.footer,,Clicking on YouTube videos from DuckDuckGo search results will open in Duck Player.,Footer text explaining the search results toggle in Duck Player settings,,,true,,,apps/apple/iOS/DuckDuckGo/en.lproj/Localizable.strings,2405,https://github.com/duckduckgo/apple-browsers/blob/ef18f2a4fadcb2229879d6bb32d3afb64c78bde2/iOS/DuckDuckGo/en.lproj/Localizable.strings#L2405
iOS,body,DuckDuckGo,duckplayer.settings.tab.alert.message,,Please close all tabs for this setting to take effect.,Message for the alert when changing Duck Player variant,,,true,,,apps/apple/iOS/DuckDuckGo/en.lproj/Localizable.strings,2411,https://github.com/duckduckgo/apple-browsers/blob/ef18f2a4fadcb2229879d6bb32d3afb64c78bde2/iOS/DuckDuckGo/en.lproj/Localizable.strings#L2411
iOS,body,DuckDuckGo,duckplayer.settings.youtube.footer,,Clicking on YouTube videos when browsing YouTube.com will open in Duck Player.,Footer text explaining the YouTube.com option in Duck Player settings,,,true,,,apps/apple/iOS/DuckDuckGo/en.lproj/Localizable.strings,2429,https://github.com/duckduckgo/apple-browsers/blob/ef18f2a4fadcb2229879d6bb32d3afb64c78bde2/iOS/DuckDuckGo/en.lproj/Localizable.strings#L2429
iOS,body,DuckDuckGo,duckplayer.settings.youtube.mode.ask,,Let me choose,Text for the ask mode in Duck Player settings,,,true,,,apps/apple/iOS/DuckDuckGo/en.lproj/Localizable.strings,2435,https://github.com/duckduckgo/apple-browsers/blob/ef18f2a4fadcb2229879d6bb32d3afb64c78bde2/iOS/DuckDuckGo/en.lproj/Localizable.strings#L2435
iOS,body,DuckDuckGo,duckplayer.settings.youtube.mode.auto,,Open Automatically,Text for the auto mode in Duck Player settings,,,true,,,apps/apple/iOS/DuckDuckGo/en.lproj/Localizable.strings,2438,https://github.com/duckduckgo/apple-browsers/blob/ef18f2a4fadcb2229879d6bb32d3afb64c78bde2/iOS/DuckDuckGo/en.lproj/Localizable.strings#L2438
iOS,body,DuckDuckGo,duckplayer.settings.youtube.mode.never,,Don't Show,Text for the never mode in Duck Player settings,,,true,,,apps/apple/iOS/DuckDuckGo/en.lproj/Localizable.strings,2441,https://github.com/duckduckgo/apple-browsers/blob/ef18f2a4fadcb2229879d6bb32d3afb64c78bde2/iOS/DuckDuckGo/en.lproj/Localizable.strings#L2441
iOS,body,DuckDuckGo,duckplayer.welcome.message.content,,"To go back to YouTube, close Duck Player.\nNot for you? Turn it off below!",Subtitle explaining how Duck Player protects privacy,,,true,,,apps/apple/iOS/DuckDuckGo/en.lproj/Localizable.strings,2453,https://github.com/duckduckgo/apple-browsers/blob/ef18f2a4fadcb2229879d6bb32d3afb64c78bde2/iOS/DuckDuckGo/en.lproj/Localizable.strings#L2453
iOS,body,DuckDuckGo,duckplayer.welcome.message.text,,You're watching in Duck Player!\nNo targeted ads here.,Title for Duck Player welcome message highlighting privacy benefits,,,true,,,apps/apple/iOS/DuckDuckGo/en.lproj/Localizable.strings,2456,https://github.com/duckduckgo/apple-browsers/blob/ef18f2a4fadcb2229879d6bb32d3afb64c78bde2/iOS/DuckDuckGo/en.lproj/Localizable.strings#L2456
iOS,body,DuckDuckGo,email.aliasAlert.prompt.generatePrivateAddress,,Generate Private Duck Address,Option for generating a private email address,,,true,,,apps/apple/iOS/DuckDuckGo/en.lproj/Localizable.strings,2468,https://github.com/duckduckgo/apple-browsers/blob/ef18f2a4fadcb2229879d6bb32d3afb64c78bde2/iOS/DuckDuckGo/en.lproj/Localizable.strings#L2468
iOS,body,DuckDuckGo,email.aliasAlert.prompt.generatePrivateAddress.subtitle,,Block email trackers & hide address,Subtitle for generating a private email address,,,true,,,apps/apple/iOS/DuckDuckGo/en.lproj/Localizable.strings,2471,https://github.com/duckduckgo/apple-browsers/blob/ef18f2a4fadcb2229879d6bb32d3afb64c78bde2/iOS/DuckDuckGo/en.lproj/Localizable.strings#L2471
iOS,body,DuckDuckGo,email.aliasAlert.prompt.useUserAddress.subtitle,,Block email trackers,Subtitle for choosing primary user email address,,,true,,,apps/apple/iOS/DuckDuckGo/en.lproj/Localizable.strings,2477,https://github.com/duckduckgo/apple-browsers/blob/ef18f2a4fadcb2229879d6bb32d3afb64c78bde2/iOS/DuckDuckGo/en.lproj/Localizable.strings#L2477
iOS,body,DuckDuckGo,email.settings.footer,,"Removing Email Protection from this device removes the option to fill in your Personal Duck Address or a newly generated Private Duck Address into email fields as you browse the web.\n\nTo delete your Duck Addresses entirely, or for any other questions or feedback, reach out to us at support@duck.com.",Footer text for the email feature,,,true,,,apps/apple/iOS/DuckDuckGo/en.lproj/Localizable.strings,2495,https://github.com/duckduckgo/apple-browsers/blob/ef18f2a4fadcb2229879d6bb32d3afb64c78bde2/iOS/DuckDuckGo/en.lproj/Localizable.strings#L2495
iOS,body,DuckDuckGo,email.settings.subtitle,,Block email trackers and hide your address,Subtitle for the email settings cell,,,true,,,apps/apple/iOS/DuckDuckGo/en.lproj/Localizable.strings,2501,https://github.com/duckduckgo/apple-browsers/blob/ef18f2a4fadcb2229879d6bb32d3afb64c78bde2/iOS/DuckDuckGo/en.lproj/Localizable.strings#L2501
iOS,body,DuckDuckGo,email.signup-prompt.alert.exit,,Exit Setup,Option to exit the Email Protection signup,,,true,,,apps/apple/iOS/DuckDuckGo/en.lproj/Localizable.strings,2507,https://github.com/duckduckgo/apple-browsers/blob/ef18f2a4fadcb2229879d6bb32d3afb64c78bde2/iOS/DuckDuckGo/en.lproj/Localizable.strings#L2507
iOS,body,DuckDuckGo,email.signup-prompt.subtitle,,"Create a unique, random address that also removes hidden trackers and forwards email to your inbox.",Subtitle for prompt to sign up for email protection,,,true,,,apps/apple/iOS/DuckDuckGo/en.lproj/Localizable.strings,2519,https://github.com/duckduckgo/apple-browsers/blob/ef18f2a4fadcb2229879d6bb32d3afb64c78bde2/iOS/DuckDuckGo/en.lproj/Localizable.strings#L2519
iOS,body,DuckDuckGo,empty.bookmarks.subtitle,,"If your bookmarks are saved in another browser, you can import them into DuckDuckGo.",Empty list state placeholder subtitle,,,true,,,apps/apple/iOS/DuckDuckGo/en.lproj/Localizable.strings,2528,https://github.com/duckduckgo/apple-browsers/blob/ef18f2a4fadcb2229879d6bb32d3afb64c78bde2/iOS/DuckDuckGo/en.lproj/Localizable.strings#L2528
iOS,body,DuckDuckGo,favorites.settings.footer,,Choose which favorites to display on a new tab based on their origin.,Footer of the favorites settings table,,,true,,,apps/apple/iOS/DuckDuckGo/en.lproj/Localizable.strings,2612,https://github.com/duckduckgo/apple-browsers/blob/ef18f2a4fadcb2229879d6bb32d3afb64c78bde2/iOS/DuckDuckGo/en.lproj/Localizable.strings#L2612
iOS,body,DuckDuckGo,feedback.browserFeatures.caption,,Which browsing feature can we add or improve?,No comment provided by engineer.,,,true,,,apps/apple/iOS/DuckDuckGo/en.lproj/Localizable.strings,2627,https://github.com/duckduckgo/apple-browsers/blob/ef18f2a4fadcb2229879d6bb32d3afb64c78bde2/iOS/DuckDuckGo/en.lproj/Localizable.strings#L2627
iOS,body,DuckDuckGo,feedback.browserFeatures.description,,Browser Feature Issues,No comment provided by engineer.,,,true,,,apps/apple/iOS/DuckDuckGo/en.lproj/Localizable.strings,2630,https://github.com/duckduckgo/apple-browsers/blob/ef18f2a4fadcb2229879d6bb32d3afb64c78bde2/iOS/DuckDuckGo/en.lproj/Localizable.strings#L2630
iOS,body,DuckDuckGo,feedback.customization.caption,,Which customization option can we add or improve?,No comment provided by engineer.,,,true,,,apps/apple/iOS/DuckDuckGo/en.lproj/Localizable.strings,2654,https://github.com/duckduckgo/apple-browsers/blob/ef18f2a4fadcb2229879d6bb32d3afb64c78bde2/iOS/DuckDuckGo/en.lproj/Localizable.strings#L2654
iOS,body,DuckDuckGo,feedback.customization.description,,Customization Issues,No comment provided by engineer.,,,true,,,apps/apple/iOS/DuckDuckGo/en.lproj/Localizable.strings,2657,https://github.com/duckduckgo/apple-browsers/blob/ef18f2a4fadcb2229879d6bb32d3afb64c78bde2/iOS/DuckDuckGo/en.lproj/Localizable.strings#L2657
iOS,body,DuckDuckGo,feedback.customization.entry,,There aren’t enough ways to customize the app,No comment provided by engineer.,,,true,,,apps/apple/iOS/DuckDuckGo/en.lproj/Localizable.strings,2660,https://github.com/duckduckgo/apple-browsers/blob/ef18f2a4fadcb2229879d6bb32d3afb64c78bde2/iOS/DuckDuckGo/en.lproj/Localizable.strings#L2660
iOS,body,DuckDuckGo,feedback.ddgSearch.caption,,Which search feature can we add or improve?,No comment provided by engineer.,,,true,,,apps/apple/iOS/DuckDuckGo/en.lproj/Localizable.strings,2684,https://github.com/duckduckgo/apple-browsers/blob/ef18f2a4fadcb2229879d6bb32d3afb64c78bde2/iOS/DuckDuckGo/en.lproj/Localizable.strings#L2684
iOS,body,DuckDuckGo,feedback.ddgSearch.description,,DuckDuckGo Search Issues,No comment provided by engineer.,,,true,,,apps/apple/iOS/DuckDuckGo/en.lproj/Localizable.strings,2687,https://github.com/duckduckgo/apple-browsers/blob/ef18f2a4fadcb2229879d6bb32d3afb64c78bde2/iOS/DuckDuckGo/en.lproj/Localizable.strings#L2687
iOS,body,DuckDuckGo,feedback.form.caption,,Please tell us what we can improve,No comment provided by engineer.,,,true,,,apps/apple/iOS/DuckDuckGo/en.lproj/Localizable.strings,2708,https://github.com/duckduckgo/apple-browsers/blob/ef18f2a4fadcb2229879d6bb32d3afb64c78bde2/iOS/DuckDuckGo/en.lproj/Localizable.strings#L2708
iOS,body,DuckDuckGo,feedback.other.description,,Other Issues,No comment provided by engineer.,,,true,,,apps/apple/iOS/DuckDuckGo/en.lproj/Localizable.strings,2762,https://github.com/duckduckgo/apple-browsers/blob/ef18f2a4fadcb2229879d6bb32d3afb64c78bde2/iOS/DuckDuckGo/en.lproj/Localizable.strings#L2762
iOS,body,DuckDuckGo,feedback.performance.caption,,Which issue are you experiencing?,No comment provided by engineer.,,,true,,,apps/apple/iOS/DuckDuckGo/en.lproj/Localizable.strings,2768,https://github.com/duckduckgo/apple-browsers/blob/ef18f2a4fadcb2229879d6bb32d3afb64c78bde2/iOS/DuckDuckGo/en.lproj/Localizable.strings#L2768
iOS,body,DuckDuckGo,feedback.performance.description,,Performance Issues,No comment provided by engineer.,,,true,,,apps/apple/iOS/DuckDuckGo/en.lproj/Localizable.strings,2774,https://github.com/duckduckgo/apple-browsers/blob/ef18f2a4fadcb2229879d6bb32d3afb64c78bde2/iOS/DuckDuckGo/en.lproj/Localizable.strings#L2774
iOS,body,DuckDuckGo,feedback.start.footer,,Your anonymous feedback is important to us.,No comment provided by engineer.,,,true,,,apps/apple/iOS/DuckDuckGo/en.lproj/Localizable.strings,2837,https://github.com/duckduckgo/apple-browsers/blob/ef18f2a4fadcb2229879d6bb32d3afb64c78bde2/iOS/DuckDuckGo/en.lproj/Localizable.strings#L2837
iOS,body,DuckDuckGo,feedback.start.supplementary,,How would you categorize your feedback?,No comment provided by engineer.,,,true,,,apps/apple/iOS/DuckDuckGo/en.lproj/Localizable.strings,2843,https://github.com/duckduckgo/apple-browsers/blob/ef18f2a4fadcb2229879d6bb32d3afb64c78bde2/iOS/DuckDuckGo/en.lproj/Localizable.strings#L2843
iOS,body,DuckDuckGo,feedback.submitted.confirmation,,Thank You! Feedback submitted.,No comment provided by engineer.,,,true,,,apps/apple/iOS/DuckDuckGo/en.lproj/Localizable.strings,2846,https://github.com/duckduckgo/apple-browsers/blob/ef18f2a4fadcb2229879d6bb32d3afb64c78bde2/iOS/DuckDuckGo/en.lproj/Localizable.strings#L2846
iOS,body,DuckDuckGo,feedback.websiteLoading.description,,Website Loading Issues,No comment provided by engineer.,,,true,,,apps/apple/iOS/DuckDuckGo/en.lproj/Localizable.strings,2849,https://github.com/duckduckgo/apple-browsers/blob/ef18f2a4fadcb2229879d6bb32d3afb64c78bde2/iOS/DuckDuckGo/en.lproj/Localizable.strings#L2849
iOS,body,DuckDuckGo,feedback.websiteLoading.form.supplementary,,Where are you seeing these issues?,No comment provided by engineer.,,,true,,,apps/apple/iOS/DuckDuckGo/en.lproj/Localizable.strings,2858,https://github.com/duckduckgo/apple-browsers/blob/ef18f2a4fadcb2229879d6bb32d3afb64c78bde2/iOS/DuckDuckGo/en.lproj/Localizable.strings#L2858
iOS,body,DuckDuckGo,fire.confirmation.aichats.subtitle,,Delete all chats,AI Chats option subtitle in fire confirmation,,,true,,,apps/apple/iOS/DuckDuckGo/en.lproj/Localizable.strings,2870,https://github.com/duckduckgo/apple-browsers/blob/ef18f2a4fadcb2229879d6bb32d3afb64c78bde2/iOS/DuckDuckGo/en.lproj/Localizable.strings#L2870
iOS,body,DuckDuckGo,fire.confirmation.data.subtitle.historyDisabled,,May sign you out of accounts,Subtitle for cookies/site data when history is disabled,,,true,,,apps/apple/iOS/DuckDuckGo/en.lproj/Localizable.strings,2876,https://github.com/duckduckgo/apple-browsers/blob/ef18f2a4fadcb2229879d6bb32d3afb64c78bde2/iOS/DuckDuckGo/en.lproj/Localizable.strings#L2876
iOS,body,DuckDuckGo,fire.mode.empty.state.description,,Fire Tabs are isolated from other browser data. Their data is burned when you close them all. They give you the same tracking protection as other tabs.,Description explaining how Fire Tabs work on the empty state screen,,,true,,,apps/apple/iOS/DuckDuckGo/en.lproj/Localizable.strings,2897,https://github.com/duckduckgo/apple-browsers/blob/ef18f2a4fadcb2229879d6bb32d3afb64c78bde2/iOS/DuckDuckGo/en.lproj/Localizable.strings#L2897
iOS,body,DuckDuckGo,get.browser.share-link.message,,Search privately and block trackers with the DuckDuckGo desktop browser. Visit this link on your computer to download today.,Message displayed in the share action when sharing via email,,,true,,,apps/apple/iOS/DuckDuckGo/en.lproj/Localizable.strings,2930,https://github.com/duckduckgo/apple-browsers/blob/ef18f2a4fadcb2229879d6bb32d3afb64c78bde2/iOS/DuckDuckGo/en.lproj/Localizable.strings#L2930
iOS,body,DuckDuckGo,home.row.reminder.message,,Add DuckDuckGo to your dock for easy access!,No comment provided by engineer.,,,true,,,apps/apple/iOS/DuckDuckGo/en.lproj/Localizable.strings,2942,https://github.com/duckduckgo/apple-browsers/blob/ef18f2a4fadcb2229879d6bb32d3afb64c78bde2/iOS/DuckDuckGo/en.lproj/Localizable.strings#L2942
iOS,body,DuckDuckGo,import.passwords.promo.message,,Quickly and securely transfer your passwords from another browser.,Message body for the Import Passwords Promotion banner,,,true,,,apps/apple/iOS/DuckDuckGo/en.lproj/Localizable.strings,2972,https://github.com/duckduckgo/apple-browsers/blob/ef18f2a4fadcb2229879d6bb32d3afb64c78bde2/iOS/DuckDuckGo/en.lproj/Localizable.strings#L2972
iOS,body,DuckDuckGo,invite.dialog.unrecognized.code.message,,We didn’t recognize this Invite Code.,Message to show after user enters an unrecognized invite code,,,true,,,apps/apple/iOS/DuckDuckGo/en.lproj/Localizable.strings,2999,https://github.com/duckduckgo/apple-browsers/blob/ef18f2a4fadcb2229879d6bb32d3afb64c78bde2/iOS/DuckDuckGo/en.lproj/Localizable.strings#L2999
iOS,body,DuckDuckGo,mac-browser.waitlist.summary,,"DuckDuckGo for Mac has the speed you need, the browsing features you expect, and comes packed with our best-in-class privacy essentials.",Summary text for the macOS browser waitlist,,,true,,,apps/apple/iOS/DuckDuckGo/en.lproj/Localizable.strings,3074,https://github.com/duckduckgo/apple-browsers/blob/ef18f2a4fadcb2229879d6bb32d3afb64c78bde2/iOS/DuckDuckGo/en.lproj/Localizable.strings#L3074
iOS,body,DuckDuckGo,mac-waitlist.share-sheet.message,,"Ready to start browsing privately on Mac?

Visit this URL on your Mac to download:
https://duckduckgo.com/mac",Message used when sharing to iMessage,,,true,,,apps/apple/iOS/DuckDuckGo/en.lproj/Localizable.strings,3101,https://github.com/duckduckgo/apple-browsers/blob/ef18f2a4fadcb2229879d6bb32d3afb64c78bde2/iOS/DuckDuckGo/en.lproj/Localizable.strings#L3101
iOS,body,DuckDuckGo,malicious-site-protection-with-scam.settings.toggle.message,,"Warn me on sites flagged for scams, phishing, or malware",Text explaining what happens when Malicious Site Protection is enabled,,,true,,,apps/apple/iOS/DuckDuckGo/en.lproj/Localizable.strings,3113,https://github.com/duckduckgo/apple-browsers/blob/ef18f2a4fadcb2229879d6bb32d3afb64c78bde2/iOS/DuckDuckGo/en.lproj/Localizable.strings#L3113
iOS,body,DuckDuckGo,malicious-site-protection.settings.footer.message,,Disabling this feature can put your personal information at risk.,Footer text for Malicious Site Protection settings warning the user about the risks of disabling the feature,,,true,,,apps/apple/iOS/DuckDuckGo/en.lproj/Localizable.strings,3119,https://github.com/duckduckgo/apple-browsers/blob/ef18f2a4fadcb2229879d6bb32d3afb64c78bde2/iOS/DuckDuckGo/en.lproj/Localizable.strings#L3119
iOS,body,DuckDuckGo,malicious-site-protection.settings.toggle.message,,Warn me on sites flagged for phishing or malware,Text explaining what happens when Malicious Site Protection is enabled,,,true,,,apps/apple/iOS/DuckDuckGo/en.lproj/Localizable.strings,3125,https://github.com/duckduckgo/apple-browsers/blob/ef18f2a4fadcb2229879d6bb32d3afb64c78bde2/iOS/DuckDuckGo/en.lproj/Localizable.strings#L3125
iOS,body,DuckDuckGo,network.protection.invite.dialog.message,,Enter your invite code to get started.,Message for the network protection invite dialog,,,true,,,apps/apple/iOS/DuckDuckGo/en.lproj/Localizable.strings,3212,https://github.com/duckduckgo/apple-browsers/blob/ef18f2a4fadcb2229879d6bb32d3afb64c78bde2/iOS/DuckDuckGo/en.lproj/Localizable.strings#L3212
iOS,body,DuckDuckGo,network.protection.invite.field.prompt,,Invite Code,Prompt for the network protection invite code text field,,,true,,,apps/apple/iOS/DuckDuckGo/en.lproj/Localizable.strings,3218,https://github.com/duckduckgo/apple-browsers/blob/ef18f2a4fadcb2229879d6bb32d3afb64c78bde2/iOS/DuckDuckGo/en.lproj/Localizable.strings#L3218
iOS,body,DuckDuckGo,network.protection.invite.success.message,,Hide your location from websites and conceal your online activity from Internet providers and others on your network.,Message for the network protection invite success view,,,true,,,apps/apple/iOS/DuckDuckGo/en.lproj/Localizable.strings,3221,https://github.com/duckduckgo/apple-browsers/blob/ef18f2a4fadcb2229879d6bb32d3afb64c78bde2/iOS/DuckDuckGo/en.lproj/Localizable.strings#L3221
iOS,body,DuckDuckGo,network.protection.status.header.message.off,,Connect to secure all of your device’s\nInternet traffic.,Message label text for the status view when VPN is disconnected,,,true,,,apps/apple/iOS/DuckDuckGo/en.lproj/Localizable.strings,3257,https://github.com/duckduckgo/apple-browsers/blob/ef18f2a4fadcb2229879d6bb32d3afb64c78bde2/iOS/DuckDuckGo/en.lproj/Localizable.strings#L3257
iOS,body,DuckDuckGo,network.protection.status.header.message.on,,All device Internet traffic is being secured\nthrough the VPN.,Message label text for the status view when VPN is disconnected,,,true,,,apps/apple/iOS/DuckDuckGo/en.lproj/Localizable.strings,3260,https://github.com/duckduckgo/apple-browsers/blob/ef18f2a4fadcb2229879d6bb32d3afb64c78bde2/iOS/DuckDuckGo/en.lproj/Localizable.strings#L3260
iOS,body,DuckDuckGo,network.protection.status.header.message.strict.routing.off,,Some traffic may bypass the VPN while Strict Routing is off. Strict Routing is recommended for public networks.,Status view message shown while the VPN is on but Strict routing is off,,,true,,,apps/apple/iOS/DuckDuckGo/en.lproj/Localizable.strings,3263,https://github.com/duckduckgo/apple-browsers/blob/ef18f2a4fadcb2229879d6bb32d3afb64c78bde2/iOS/DuckDuckGo/en.lproj/Localizable.strings#L3263
iOS,body,DuckDuckGo,network.protection.status.view.connection.details,,Connection Details,Connection details label shown in NetworkProtection's status view.,,,true,,,apps/apple/iOS/DuckDuckGo/en.lproj/Localizable.strings,3290,https://github.com/duckduckgo/apple-browsers/blob/ef18f2a4fadcb2229879d6bb32d3afb64c78bde2/iOS/DuckDuckGo/en.lproj/Localizable.strings#L3290
iOS,body,DuckDuckGo,network.protection.vpn.alerts.toggle.section.footer,,Get notified if your connection drops or VPN status changes.,List section footer for the toggle for VPN alerts.,,,true,,,apps/apple/iOS/DuckDuckGo/en.lproj/Localizable.strings,3353,https://github.com/duckduckgo/apple-browsers/blob/ef18f2a4fadcb2229879d6bb32d3afb64c78bde2/iOS/DuckDuckGo/en.lproj/Localizable.strings#L3353
iOS,body,DuckDuckGo,network.protection.vpn.exclude.cgnat.setting.footer,,"Bypass the VPN for carrier services, such as Wi-Fi calling and voicemail.",Footer text for the Exclude CGNAT setting item.,,,true,,,apps/apple/iOS/DuckDuckGo/en.lproj/Localizable.strings,3362,https://github.com/duckduckgo/apple-browsers/blob/ef18f2a4fadcb2229879d6bb32d3afb64c78bde2/iOS/DuckDuckGo/en.lproj/Localizable.strings#L3362
iOS,body,DuckDuckGo,network.protection.vpn.exclude.local.networks.setting.footer,,"Let local traffic bypass the VPN and connect to devices on your local network, like a printer.",Footer text for the Exclude Local Networks setting item.,,,true,,,apps/apple/iOS/DuckDuckGo/en.lproj/Localizable.strings,3368,https://github.com/duckduckgo/apple-browsers/blob/ef18f2a4fadcb2229879d6bb32d3afb64c78bde2/iOS/DuckDuckGo/en.lproj/Localizable.strings#L3368
iOS,body,DuckDuckGo,network.protection.vpn.location.connected,,Connected Location,Description of the location type in the VPN status screen,,,true,,,apps/apple/iOS/DuckDuckGo/en.lproj/Localizable.strings,3380,https://github.com/duckduckgo/apple-browsers/blob/ef18f2a4fadcb2229879d6bb32d3afb64c78bde2/iOS/DuckDuckGo/en.lproj/Localizable.strings#L3380
iOS,body,DuckDuckGo,network.protection.vpn.location.nearest,,(Nearest),Description of the location type in the VPN status screen,,,true,,,apps/apple/iOS/DuckDuckGo/en.lproj/Localizable.strings,3386,https://github.com/duckduckgo/apple-browsers/blob/ef18f2a4fadcb2229879d6bb32d3afb64c78bde2/iOS/DuckDuckGo/en.lproj/Localizable.strings#L3386
iOS,body,DuckDuckGo,network.protection.vpn.location.recommended.section.footer,,Automatically connect to the nearest server we can find.,Footer describing the VPN Location screen's Recommended section which just has Nearest Available.,,,true,,,apps/apple/iOS/DuckDuckGo/en.lproj/Localizable.strings,3389,https://github.com/duckduckgo/apple-browsers/blob/ef18f2a4fadcb2229879d6bb32d3afb64c78bde2/iOS/DuckDuckGo/en.lproj/Localizable.strings#L3389
iOS,body,DuckDuckGo,network.protection.vpn.location.selected,,Selected Location,Description of the location type in the VPN status screen,,,true,,,apps/apple/iOS/DuckDuckGo/en.lproj/Localizable.strings,3395,https://github.com/duckduckgo/apple-browsers/blob/ef18f2a4fadcb2229879d6bb32d3afb64c78bde2/iOS/DuckDuckGo/en.lproj/Localizable.strings#L3395
iOS,body,DuckDuckGo,network.protection.vpn.location.subtitle.formatted.city.and.country,,"%1$@, %2$@","Subtitle for the preferred location item that formats a city and country. E.g Chicago, United States",,%1$@ %2$@,true,,,apps/apple/iOS/DuckDuckGo/en.lproj/Localizable.strings,3398,https://github.com/duckduckgo/apple-browsers/blob/ef18f2a4fadcb2229879d6bb32d3afb64c78bde2/iOS/DuckDuckGo/en.lproj/Localizable.strings#L3398
iOS,body,DuckDuckGo,network.protection.vpn.secure.dns.setting.footer,,DuckDuckGo routes DNS queries through our DNS servers so your internet provider can't see what websites you visit.,Footer text for the DNS server setting item.,,,true,,,apps/apple/iOS/DuckDuckGo/en.lproj/Localizable.strings,3413,https://github.com/duckduckgo/apple-browsers/blob/ef18f2a4fadcb2229879d6bb32d3afb64c78bde2/iOS/DuckDuckGo/en.lproj/Localizable.strings#L3413
iOS,body,DuckDuckGo,network.protection.vpn.settings.copy-diagnostics.caption,,Include a copy of these anonymized VPN diagnostics when contacting Support to help us troubleshoot your connection.,"Caption beneath the Copy VPN Diagnostics row, explaining what it does.",,,true,,,apps/apple/iOS/DuckDuckGo/en.lproj/Localizable.strings,3419,https://github.com/duckduckgo/apple-browsers/blob/ef18f2a4fadcb2229879d6bb32d3afb64c78bde2/iOS/DuckDuckGo/en.lproj/Localizable.strings#L3419
iOS,body,DuckDuckGo,network.protection.vpn.settings.faq,,FAQs and Support,Title for the FAQ row in the VPN status screen.,,,true,,,apps/apple/iOS/DuckDuckGo/en.lproj/Localizable.strings,3428,https://github.com/duckduckgo/apple-browsers/blob/ef18f2a4fadcb2229879d6bb32d3afb64c78bde2/iOS/DuckDuckGo/en.lproj/Localizable.strings#L3428
iOS,body,DuckDuckGo,network.protection.vpn.strict.routing.setting.footer,,"Block apps from bypassing the VPN. If you have problems with Wi-Fi features (such as AirDrop or iPhone Mirroring), turning it off may help. Strongly recommended on networks you don’t trust, such as public Wi-Fi. [Learn more](https://duckduckgo.com/duckduckgo-help-pages/privacy-pro/vpn/security-reports/2024-audit#resolved-tunnelvision-and-tunnelcrack).",Footer text for the Strict Routing setting item. The 'Learn more' text is a Markdown link.,,,true,,,apps/apple/iOS/DuckDuckGo/en.lproj/Localizable.strings,3440,https://github.com/duckduckgo/apple-browsers/blob/ef18f2a4fadcb2229879d6bb32d3afb64c78bde2/iOS/DuckDuckGo/en.lproj/Localizable.strings#L3440
iOS,body,DuckDuckGo,new.address.bar.picker.footer,,Adjust in Settings > AI Features,Footer text for the new address bar picker,,,true,,,apps/apple/iOS/DuckDuckGo/en.lproj/Localizable.strings,3449,https://github.com/duckduckgo/apple-browsers/blob/ef18f2a4fadcb2229879d6bb32d3afb64c78bde2/iOS/DuckDuckGo/en.lproj/Localizable.strings#L3449
iOS,body,DuckDuckGo,new.address.bar.picker.refresh.footer,,AI features are private and optional.\nYou can make changes in Settings > AI Features.,Footer for the refreshed Duck.ai Toggle Prompt,,,true,,,apps/apple/iOS/DuckDuckGo/en.lproj/Localizable.strings,3455,https://github.com/duckduckgo/apple-browsers/blob/ef18f2a4fadcb2229879d6bb32d3afb64c78bde2/iOS/DuckDuckGo/en.lproj/Localizable.strings#L3455
iOS,body,DuckDuckGo,onboarding.duckai.addToDock.promo.message,,I'll nest in easy reach for all your daily AI chats and browsing.,"Message in the onboarding dialog popup that promotes adding the DuckDuckGo browser icon to the iPhone dock, shown during the Duck.ai onboarding flow.",,,true,,,apps/apple/iOS/DuckDuckGo/en.lproj/Localizable.strings,3500,https://github.com/duckduckgo/apple-browsers/blob/ef18f2a4fadcb2229879d6bb32d3afb64c78bde2/iOS/DuckDuckGo/en.lproj/Localizable.strings#L3500
iOS,body,DuckDuckGo,onboarding.duckai.aiComparison.subheader,,Popular AIs,"Section header above a list of popular third-party AI chatbots (e.g. ChatGPT, Claude) shown next to Duck.ai for comparison, in the Duck.ai onboarding flow.",,,true,,,apps/apple/iOS/DuckDuckGo/en.lproj/Localizable.strings,3518,https://github.com/duckduckgo/apple-browsers/blob/ef18f2a4fadcb2229879d6bb32d3afb64c78bde2/iOS/DuckDuckGo/en.lproj/Localizable.strings#L3518
iOS,body,DuckDuckGo,onboarding.duckai.contextual.end-of-journey.message,,Start a private AI chat with Duck.ai or toggle to Search for protected browsing.\n\nYou can use Duck.ai from anywhere you see the chat icon [[chat_icon]],Message of the last screen of the onboarding to the browser app for the Duck.ai flow. 'Duck.ai' is a brand name and should not be translated. '[[chat_icon]]' is a placeholder and should not be translated.,,,true,,,apps/apple/iOS/DuckDuckGo/en.lproj/Localizable.strings,3527,https://github.com/duckduckgo/apple-browsers/blob/ef18f2a4fadcb2229879d6bb32d3afb64c78bde2/iOS/DuckDuckGo/en.lproj/Localizable.strings#L3527
iOS,body,DuckDuckGo,onboarding.duckai.contextual.subscription.message,,"We also offer a paid subscription featuring advanced AI models with higher chat limits from GPT and Claude, a secure VPN, and more.","Body text of the subscription promo shown at the end of the Duck.ai onboarding flow. Describes the paid Duck.ai subscription. 'GPT', 'Claude' are brand names and should not be translated.",,,true,,,apps/apple/iOS/DuckDuckGo/en.lproj/Localizable.strings,3530,https://github.com/duckduckgo/apple-browsers/blob/ef18f2a4fadcb2229879d6bb32d3afb64c78bde2/iOS/DuckDuckGo/en.lproj/Localizable.strings#L3530
iOS,body,DuckDuckGo,onboarding.duckai.intro.message,,"Ready to chat privately with ChatGPT, Claude, and other AIs for free, in a browser that actively protects you?",The message of the onboarding intro dialog popup for the Duck.ai flow. 'ChatGPT' and 'Claude' are brand names and should not be translated.,,,true,,,apps/apple/iOS/DuckDuckGo/en.lproj/Localizable.strings,3536,https://github.com/duckduckgo/apple-browsers/blob/ef18f2a4fadcb2229879d6bb32d3afb64c78bde2/iOS/DuckDuckGo/en.lproj/Localizable.strings#L3536
iOS,body,DuckDuckGo,onboarding.duckai.skip.message,,Remember: you can use Duck.ai from anywhere you see the chat icon [[chat_icon]],The message of the onboarding skip dialog popup for the Duck.ai flow. 'Duck.ai' is a brand name and should not be translated. '[[chat_icon]]' is a placeholder and should not be translated.,,,true,,,apps/apple/iOS/DuckDuckGo/en.lproj/Localizable.strings,3542,https://github.com/duckduckgo/apple-browsers/blob/ef18f2a4fadcb2229879d6bb32d3afb64c78bde2/iOS/DuckDuckGo/en.lproj/Localizable.strings#L3542
iOS,body,DuckDuckGo,onboarding.duckduckgo.subscription.promo.message,,"DuckDuckGo also has an %1$@, available with a %2$@ and %3$@.","Full message with placeholders: %1$@ will be replaced with 'optional paid subscription' (bold), %2$@ will be replaced with 'VPN' (bold), %2$@ will be replaced with advanced, private AI (bold).",,%1$@ %2$@ %3$@,true,,,apps/apple/iOS/DuckDuckGo/en.lproj/Localizable.strings,3545,https://github.com/duckduckgo/apple-browsers/blob/ef18f2a4fadcb2229879d6bb32d3afb64c78bde2/iOS/DuckDuckGo/en.lproj/Localizable.strings#L3545
iOS,body,DuckDuckGo,onboarding.duckduckgo.subscription.promo.message.advanced-private-ai-bold,,"advanced, private AI","Bold text 'advanced, private AI'. This will replace the second placeholder (%3$@) in the following string - onboarding.subscription.promo.message.",,,true,,,apps/apple/iOS/DuckDuckGo/en.lproj/Localizable.strings,3548,https://github.com/duckduckgo/apple-browsers/blob/ef18f2a4fadcb2229879d6bb32d3afb64c78bde2/iOS/DuckDuckGo/en.lproj/Localizable.strings#L3548
iOS,body,DuckDuckGo,onboarding.duckduckgo.subscription.promo.message.optional-subscription-bold,,optional paid subscription,Bold text 'paid Privacy Pro subscription'. This will replace the second placeholder (%2$@) in the following string - onboarding.subscription.promo.message.,,,true,,,apps/apple/iOS/DuckDuckGo/en.lproj/Localizable.strings,3551,https://github.com/duckduckgo/apple-browsers/blob/ef18f2a4fadcb2229879d6bb32d3afb64c78bde2/iOS/DuckDuckGo/en.lproj/Localizable.strings#L3551
iOS,body,DuckDuckGo,onboarding.duckduckgo.subscription.promo.message.vpn-two-more-bold,,VPN,Bold text 'VPN'. This will replace the first placeholder (%1$@) in the following string - onboarding.subscription.promo.messag.,,,true,,,apps/apple/iOS/DuckDuckGo/en.lproj/Localizable.strings,3554,https://github.com/duckduckgo/apple-browsers/blob/ef18f2a4fadcb2229879d6bb32d3afb64c78bde2/iOS/DuckDuckGo/en.lproj/Localizable.strings#L3554
iOS,body,DuckDuckGo,onboarding.highlights.addressBarPosition.bottom.message,,Easy to reach,The message of the option to set the address bar to the bottom.,,,true,,,apps/apple/iOS/DuckDuckGo/en.lproj/Localizable.strings,3557,https://github.com/duckduckgo/apple-browsers/blob/ef18f2a4fadcb2229879d6bb32d3afb64c78bde2/iOS/DuckDuckGo/en.lproj/Localizable.strings#L3557
iOS,body,DuckDuckGo,onboarding.highlights.addressBarPosition.top.message,,Easy to see,The message of the option to set the address bar to the top.,,,true,,,apps/apple/iOS/DuckDuckGo/en.lproj/Localizable.strings,3572,https://github.com/duckduckgo/apple-browsers/blob/ef18f2a4fadcb2229879d6bb32d3afb64c78bde2/iOS/DuckDuckGo/en.lproj/Localizable.strings#L3572
iOS,body,DuckDuckGo,onboarding.highlights.appIconSelection.message,,Pick your app icon:,The subheader of the onboarding dialog popup to select the preferred App icon.,,,true,,,apps/apple/iOS/DuckDuckGo/en.lproj/Localizable.strings,3581,https://github.com/duckduckgo/apple-browsers/blob/ef18f2a4fadcb2229879d6bb32d3afb64c78bde2/iOS/DuckDuckGo/en.lproj/Localizable.strings#L3581
iOS,body,DuckDuckGo,onboarding.highlights.duckAIQuery.completion.message,,Use the address bar to search and visit sites or toggle to Duck.ai for private AI chat.\n\nYou can use Duck.ai from anywhere you see the chat icon [[chat_icon]],Completion onboarding message shown after finishing Fire onboarding in Duck.ai flow. '[[chat_icon]]' is a placeholder and should not be translated.,,,true,,,apps/apple/iOS/DuckDuckGo/en.lproj/Localizable.strings,3590,https://github.com/duckduckgo/apple-browsers/blob/ef18f2a4fadcb2229879d6bb32d3afb64c78bde2/iOS/DuckDuckGo/en.lproj/Localizable.strings#L3590
iOS,body,DuckDuckGo,onboarding.highlights.duckAIQuery.fire.message,,Private AI chats you can delete anytime with the Fire Button. Give it a try! 🔥,Fire onboarding message shown after the first Duck.ai response.,,,true,,,apps/apple/iOS/DuckDuckGo/en.lproj/Localizable.strings,3593,https://github.com/duckduckgo/apple-browsers/blob/ef18f2a4fadcb2229879d6bb32d3afb64c78bde2/iOS/DuckDuckGo/en.lproj/Localizable.strings#L3593
iOS,body,DuckDuckGo,onboarding.highlights.duckAIQuery.suggestion.option3.prompt,,"What are 10 fascinating facts across science, nature, and history?",Prompt submitted when user taps the third suggestion in onboarding Duck.ai query selection screen.,,,true,,,apps/apple/iOS/DuckDuckGo/en.lproj/Localizable.strings,3611,https://github.com/duckduckgo/apple-browsers/blob/ef18f2a4fadcb2229879d6bb32d3afb64c78bde2/iOS/DuckDuckGo/en.lproj/Localizable.strings#L3611
iOS,body,DuckDuckGo,onboarding.highlights.searchExperience.footer,,AI features are private and optional. You can make changes in Settings > AI Features.,The footer disclaimer text for the search experience onboarding screen.,,,true,,,apps/apple/iOS/DuckDuckGo/en.lproj/Localizable.strings,3629,https://github.com/duckduckgo/apple-browsers/blob/ef18f2a4fadcb2229879d6bb32d3afb64c78bde2/iOS/DuckDuckGo/en.lproj/Localizable.strings#L3629
iOS,body,DuckDuckGo,onboarding.highlights.searchExperience.footer.formatted,,AI features are private and optional. You can make changes in %@,Full footer message with placeholder: %@ will be replaced with 'Settings > AI Features.' (bold).,,%@,true,,,apps/apple/iOS/DuckDuckGo/en.lproj/Localizable.strings,3632,https://github.com/duckduckgo/apple-browsers/blob/ef18f2a4fadcb2229879d6bb32d3afb64c78bde2/iOS/DuckDuckGo/en.lproj/Localizable.strings#L3632
iOS,body,DuckDuckGo,onboarding.highlights.searchExperience.footer.settings-path-bold,,Settings > AI Features.,Bold text 'Settings > AI Features.'. This will replace the placeholder (%@) in the footer string.,,,true,,,apps/apple/iOS/DuckDuckGo/en.lproj/Localizable.strings,3635,https://github.com/duckduckgo/apple-browsers/blob/ef18f2a4fadcb2229879d6bb32d3afb64c78bde2/iOS/DuckDuckGo/en.lproj/Localizable.strings#L3635
iOS,body,DuckDuckGo,onboarding.rebranding.first-search-done.message,,Private. Fast. Fewer ads.,"After the user performs their first search using the browser, this dialog message explains the advantages of using DuckDuckGo",,,true,,,apps/apple/iOS/DuckDuckGo/en.lproj/Localizable.strings,3668,https://github.com/duckduckgo/apple-browsers/blob/ef18f2a4fadcb2229879d6bb32d3afb64c78bde2/iOS/DuckDuckGo/en.lproj/Localizable.strings#L3668
iOS,body,DuckDuckGo,onboarding.rebranding.intro.message,,"Ready for a faster browser that puts you in control?\n\nAI is always optional, and privacy protection is always on.",The message of the onboarding dialog popup,,,true,,,apps/apple/iOS/DuckDuckGo/en.lproj/Localizable.strings,3674,https://github.com/duckduckgo/apple-browsers/blob/ef18f2a4fadcb2229879d6bb32d3afb64c78bde2/iOS/DuckDuckGo/en.lproj/Localizable.strings#L3674
iOS,body,DuckDuckGo,onboarding.restore.prompt.body,,"Want to restore your bookmarks, passwords, and more from your previous DuckDuckGo sync?",Body copy for the returning-user restore prompt,,,true,,,apps/apple/iOS/DuckDuckGo/en.lproj/Localizable.strings,3680,https://github.com/duckduckgo/apple-browsers/blob/ef18f2a4fadcb2229879d6bb32d3afb64c78bde2/iOS/DuckDuckGo/en.lproj/Localizable.strings#L3680
iOS,body,DuckDuckGo,onboarding.skip.message,,"Remember: you can delete all your tabs, history, and browsing data in two taps with the Fire Button 🔥",The message of the skip onboarding dialog popup.,,,true,,,apps/apple/iOS/DuckDuckGo/en.lproj/Localizable.strings,3698,https://github.com/duckduckgo/apple-browsers/blob/ef18f2a4fadcb2229879d6bb32d3afb64c78bde2/iOS/DuckDuckGo/en.lproj/Localizable.strings#L3698
iOS,body,DuckDuckGo,onboarding.subscription.promo.message,,"DuckDuckGo also has a secure %1$@, available with an %2$@.","Full message with placeholders: %1$@ will be replaced with 'VPN + 2 more premium protections' (bold), %2$@ will be replaced with 'optional paid subscription' (bold).",,%1$@ %2$@,true,,,apps/apple/iOS/DuckDuckGo/en.lproj/Localizable.strings,3710,https://github.com/duckduckgo/apple-browsers/blob/ef18f2a4fadcb2229879d6bb32d3afb64c78bde2/iOS/DuckDuckGo/en.lproj/Localizable.strings#L3710
iOS,body,DuckDuckGo,onboarding.subscription.promo.message.optional-subscription-bold,,optional paid subscription,Bold text 'paid Privacy Pro subscription'. This will replace the second placeholder (%2$@) in the following string - onboarding.subscription.promo.message.,,,true,,,apps/apple/iOS/DuckDuckGo/en.lproj/Localizable.strings,3713,https://github.com/duckduckgo/apple-browsers/blob/ef18f2a4fadcb2229879d6bb32d3afb64c78bde2/iOS/DuckDuckGo/en.lproj/Localizable.strings#L3713
iOS,body,DuckDuckGo,onboarding.subscription.promo.message.vpn-two-more-bold,,VPN + 2 more premium protections,Bold text 'VPN + 2 more premium protections'. This will replace the first placeholder (%1$@) in the following string - onboarding.subscription.promo.messag.,,,true,,,apps/apple/iOS/DuckDuckGo/en.lproj/Localizable.strings,3716,https://github.com/duckduckgo/apple-browsers/blob/ef18f2a4fadcb2229879d6bb32d3afb64c78bde2/iOS/DuckDuckGo/en.lproj/Localizable.strings#L3716
iOS,body,DuckDuckGo,ppro.feedback-form.support.text,,Need help? [Contact support.](https://duckduckgo.com/subscription-support),Support link text displayed beneath the feedback form description,,,true,,,apps/apple/iOS/DuckDuckGo/en.lproj/Localizable.strings,3806,https://github.com/duckduckgo/apple-browsers/blob/ef18f2a4fadcb2229879d6bb32d3afb64c78bde2/iOS/DuckDuckGo/en.lproj/Localizable.strings#L3806
iOS,body,DuckDuckGo,ppro.feedback-form.text-1,,Found an issue not covered in our [help center](duck://)? We definitely want to know about it.\n\nTell us what's going on:,Intro text for the body of the PPro feedback form,,,true,,,apps/apple/iOS/DuckDuckGo/en.lproj/Localizable.strings,3809,https://github.com/duckduckgo/apple-browsers/blob/ef18f2a4fadcb2229879d6bb32d3afb64c78bde2/iOS/DuckDuckGo/en.lproj/Localizable.strings#L3809
iOS,body,DuckDuckGo,ppro.feedback-form.text-2,,"In addition to the details entered above, we send some anonymized info with your feedback:",Text for the body of the PPro feedback form,,,true,,,apps/apple/iOS/DuckDuckGo/en.lproj/Localizable.strings,3812,https://github.com/duckduckgo/apple-browsers/blob/ef18f2a4fadcb2229879d6bb32d3afb64c78bde2/iOS/DuckDuckGo/en.lproj/Localizable.strings#L3812
iOS,body,DuckDuckGo,ppro.feedback-form.text-3,,• Whether some browser features are active,Bullet text for the body of the PPro feedback form,,,true,,,apps/apple/iOS/DuckDuckGo/en.lproj/Localizable.strings,3815,https://github.com/duckduckgo/apple-browsers/blob/ef18f2a4fadcb2229879d6bb32d3afb64c78bde2/iOS/DuckDuckGo/en.lproj/Localizable.strings#L3815
iOS,body,DuckDuckGo,ppro.feedback-form.text-4,,"• Aggregate app diagnostics (e.g., error codes)",Bullet text for the body of the PPro feedback form,,,true,,,apps/apple/iOS/DuckDuckGo/en.lproj/Localizable.strings,3818,https://github.com/duckduckgo/apple-browsers/blob/ef18f2a4fadcb2229879d6bb32d3afb64c78bde2/iOS/DuckDuckGo/en.lproj/Localizable.strings#L3818
iOS,body,DuckDuckGo,ppro.feedback-form.text-5,,"By tapping ""Submit"" you agree that DuckDuckGo may use information submitted to improve the app.",Text for the body of the PPro feedback form,,,true,,,apps/apple/iOS/DuckDuckGo/en.lproj/Localizable.strings,3821,https://github.com/duckduckgo/apple-browsers/blob/ef18f2a4fadcb2229879d6bb32d3afb64c78bde2/iOS/DuckDuckGo/en.lproj/Localizable.strings#L3821
iOS,body,DuckDuckGo,preferences.scam-blocker.toggle-caption,,Disabling this feature can put your personal information at risk.,Caption explaining the risk of disabling scam blocker protection,,,true,,,apps/apple/iOS/DuckDuckGo/en.lproj/Localizable.strings,3833,https://github.com/duckduckgo/apple-browsers/blob/ef18f2a4fadcb2229879d6bb32d3afb64c78bde2/iOS/DuckDuckGo/en.lproj/Localizable.strings#L3833
iOS,body,DuckDuckGo,preferences.smarter-encryption.description,,Automatically upgrades links to HTTPS whenever possible. [Learn More](ddgQuickLink://duckduckgo.com/duckduckgo-help-pages/privacy/smarter-encryption/),"Description explaining the Smarter Encryption feature, (do not remove or change the link)",,,true,,,apps/apple/iOS/DuckDuckGo/en.lproj/Localizable.strings,3839,https://github.com/duckduckgo/apple-browsers/blob/ef18f2a4fadcb2229879d6bb32d3afb64c78bde2/iOS/DuckDuckGo/en.lproj/Localizable.strings#L3839
iOS,body,DuckDuckGo,preferences.threat-protection.caption,,DuckDuckGo's enhanced protections stop common threats while keeping your connection secure.\n[Learn More](ddgQuickLink://duckduckgo.com/duckduckgo-help-pages/threat-protection/),Caption of the option to show the Threat Protection preferences,,,true,,,apps/apple/iOS/DuckDuckGo/en.lproj/Localizable.strings,3851,https://github.com/duckduckgo/apple-browsers/blob/ef18f2a4fadcb2229879d6bb32d3afb64c78bde2/iOS/DuckDuckGo/en.lproj/Localizable.strings#L3851
iOS,body,DuckDuckGo,prefrences.sync.bookmarks-bad-request.description,,Some bookmarks are formatted incorrectly or too long and were not synced.,Description of incorrectly formatted bookmarks data error when syncing.,,,true,,,apps/apple/iOS/DuckDuckGo/en.lproj/Localizable.strings,3854,https://github.com/duckduckgo/apple-browsers/blob/ef18f2a4fadcb2229879d6bb32d3afb64c78bde2/iOS/DuckDuckGo/en.lproj/Localizable.strings#L3854
iOS,body,DuckDuckGo,prefrences.sync.bookmarks-limit-exceeded-description,,You've reached the maximum number of bookmarks. Please delete some to resume sync.,Description for sync bookmarks limits exceeded warning,,,true,,,apps/apple/iOS/DuckDuckGo/en.lproj/Localizable.strings,3860,https://github.com/duckduckgo/apple-browsers/blob/ef18f2a4fadcb2229879d6bb32d3afb64c78bde2/iOS/DuckDuckGo/en.lproj/Localizable.strings#L3860
iOS,body,DuckDuckGo,prefrences.sync.credentials-limit-exceeded-description,,You've reached the maximum number of passwords. Please delete some to resume sync.,Description for sync credentials limits exceeded warning,,,true,,,apps/apple/iOS/DuckDuckGo/en.lproj/Localizable.strings,3866,https://github.com/duckduckgo/apple-browsers/blob/ef18f2a4fadcb2229879d6bb32d3afb64c78bde2/iOS/DuckDuckGo/en.lproj/Localizable.strings#L3866
iOS,body,DuckDuckGo,prefrences.sync.credit-cards-bad-request.description,,Some credit cards are formatted incorrectly or too long and were not synced.,Description of incorrectly formatted credit card data error when syncing.,,,true,,,apps/apple/iOS/DuckDuckGo/en.lproj/Localizable.strings,3869,https://github.com/duckduckgo/apple-browsers/blob/ef18f2a4fadcb2229879d6bb32d3afb64c78bde2/iOS/DuckDuckGo/en.lproj/Localizable.strings#L3869
iOS,body,DuckDuckGo,prefrences.sync.credit-cards-limit-exceeded-description,,You've reached the maximum number of credit cards. Please delete some to resume sync.,Description for sync credit cards limits exceeded warning,,,true,,,apps/apple/iOS/DuckDuckGo/en.lproj/Localizable.strings,3875,https://github.com/duckduckgo/apple-browsers/blob/ef18f2a4fadcb2229879d6bb32d3afb64c78bde2/iOS/DuckDuckGo/en.lproj/Localizable.strings#L3875
iOS,body,DuckDuckGo,prefrences.sync.passwords-bad-request.description,,Some passwords are formatted incorrectly or too long and were not synced.,Description of incorrectly formatted password data error when syncing.,,,true,,,apps/apple/iOS/DuckDuckGo/en.lproj/Localizable.strings,3884,https://github.com/duckduckgo/apple-browsers/blob/ef18f2a4fadcb2229879d6bb32d3afb64c78bde2/iOS/DuckDuckGo/en.lproj/Localizable.strings#L3884
iOS,body,DuckDuckGo,prefrences.sync.too-many-requests.description,,Sync & Backup is temporarily unavailable.,Description of too many requests error when syncing.,,,true,,,apps/apple/iOS/DuckDuckGo/en.lproj/Localizable.strings,3887,https://github.com/duckduckgo/apple-browsers/blob/ef18f2a4fadcb2229879d6bb32d3afb64c78bde2/iOS/DuckDuckGo/en.lproj/Localizable.strings#L3887
iOS,body,DuckDuckGo,preserveLogins.domain.list.footer,,"Websites rely on cookies to keep you signed in. When you Fireproof a site, cookies won’t be erased and you’ll stay signed in, even after using the Fire Button. We still block third-party trackers found on Fireproof websites.",No comment provided by engineer.,,,true,,,apps/apple/iOS/DuckDuckGo/en.lproj/Localizable.strings,3890,https://github.com/duckduckgo/apple-browsers/blob/ef18f2a4fadcb2229879d6bb32d3afb64c78bde2/iOS/DuckDuckGo/en.lproj/Localizable.strings#L3890
iOS,body,DuckDuckGo,preserveLogins.fireproof.message,,Fireproofing this site will keep you signed in after using the Fire Button.,Alert message explaining to users that the benefit of fireproofing a site is that they will be kept signed in,,,true,,,apps/apple/iOS/DuckDuckGo/en.lproj/Localizable.strings,3896,https://github.com/duckduckgo/apple-browsers/blob/ef18f2a4fadcb2229879d6bb32d3afb64c78bde2/iOS/DuckDuckGo/en.lproj/Localizable.strings#L3896
iOS,body,DuckDuckGo,prompt.custom.url.scheme.prompt,,Would you like to leave DuckDuckGo to view this content?,No comment provided by engineer.,,,true,,,apps/apple/iOS/DuckDuckGo/en.lproj/Localizable.strings,3941,https://github.com/duckduckgo/apple-browsers/blob/ef18f2a4fadcb2229879d6bb32d3afb64c78bde2/iOS/DuckDuckGo/en.lproj/Localizable.strings#L3941
iOS,body,DuckDuckGo,prompt.general-page-problem.message,,"We tried to load it privately, but it won't display.",Special error page message for pages that can only be opened in Safari,,,true,,,apps/apple/iOS/DuckDuckGo/en.lproj/Localizable.strings,3947,https://github.com/duckduckgo/apple-browsers/blob/ef18f2a4fadcb2229879d6bb32d3afb64c78bde2/iOS/DuckDuckGo/en.lproj/Localizable.strings#L3947
iOS,body,DuckDuckGo,prompt.general-page-problem.open-in-browser,,Open in Safari,Special error page primary button for opening the page in Safari,,,true,,,apps/apple/iOS/DuckDuckGo/en.lproj/Localizable.strings,3950,https://github.com/duckduckgo/apple-browsers/blob/ef18f2a4fadcb2229879d6bb32d3afb64c78bde2/iOS/DuckDuckGo/en.lproj/Localizable.strings#L3950
iOS,body,DuckDuckGo,scoped.fire.confirmation.delete.this.chat.description,,"""Delete All"" will not delete your Duck.ai chat history.",Description explaining what that Delete All action does not delete chats.,,,true,,,apps/apple/iOS/DuckDuckGo/en.lproj/Localizable.strings,3998,https://github.com/duckduckgo/apple-browsers/blob/ef18f2a4fadcb2229879d6bb32d3afb64c78bde2/iOS/DuckDuckGo/en.lproj/Localizable.strings#L3998
iOS,body,DuckDuckGo,scoped.fire.confirmation.downloads.warning,,This will cancel downloads in progress.,Warning message that deleting will cancel any active downloads,,,true,,,apps/apple/iOS/DuckDuckGo/en.lproj/Localizable.strings,4004,https://github.com/duckduckgo/apple-browsers/blob/ef18f2a4fadcb2229879d6bb32d3afb64c78bde2/iOS/DuckDuckGo/en.lproj/Localizable.strings#L4004
iOS,body,DuckDuckGo,scoped.fire.confirmation.new.tabs.info,,New tabs you created can also be deleted individually.,Informational message explaining that new tabs can also be deleted individually,,,true,,,apps/apple/iOS/DuckDuckGo/en.lproj/Localizable.strings,4007,https://github.com/duckduckgo/apple-browsers/blob/ef18f2a4fadcb2229879d6bb32d3afb64c78bde2/iOS/DuckDuckGo/en.lproj/Localizable.strings#L4007
iOS,body,DuckDuckGo,scoped.fire.confirmation.sign.out.warning,,Deleting site data can sign you out of accounts.,Warning message explaining that deleting site data may sign users out of accounts,,,true,,,apps/apple/iOS/DuckDuckGo/en.lproj/Localizable.strings,4010,https://github.com/duckduckgo/apple-browsers/blob/ef18f2a4fadcb2229879d6bb32d3afb64c78bde2/iOS/DuckDuckGo/en.lproj/Localizable.strings#L4010
iOS,body,DuckDuckGo,settings.about.subscription.sentence.rebranding.ai,,"In addition, we also offer the [DuckDuckGo subscription](ddgQuickLink://duckduckgo.com/duckduckgo-help-pages/privacy-pro/) integrated into our browser. Subscribers get even more privacy protection with a fast and simple [VPN](ddgQuickLink://duckduckgo.com/duckduckgo-help-pages/privacy-pro/vpn/) that helps secure your online activity, access to advanced AI models in our private AI chat service Duck.ai, a service that finds and removes your personal information from people-finder sites, and a service that restores your identity should it be stolen.",About page subscription sentence: rebranding + AI chat,,,true,,,apps/apple/iOS/DuckDuckGo/en.lproj/Localizable.strings,4046,https://github.com/duckduckgo/apple-browsers/blob/ef18f2a4fadcb2229879d6bb32d3afb64c78bde2/iOS/DuckDuckGo/en.lproj/Localizable.strings#L4046
iOS,body,DuckDuckGo,settings.about.tagline,,Protection. Privacy. Peace of Mind.,about tagline,,,true,,,apps/apple/iOS/DuckDuckGo/en.lproj/Localizable.strings,4049,https://github.com/duckduckgo/apple-browsers/blob/ef18f2a4fadcb2229879d6bb32d3afb64c78bde2/iOS/DuckDuckGo/en.lproj/Localizable.strings#L4049
iOS,body,DuckDuckGo,settings.about.text.template,,"DuckDuckGo is the independent online protection company for anyone who wants to take back control of their personal information.

We believe the best way to protect your personal information from hackers, scammers, and privacy-invasive companies is to stop it from being collected at all. That's why millions of people [choose DuckDuckGo over Chrome and other browsers](ddgQuickLink://duckduckgo.com/compare-privacy) to search and browse online. Our built-in search engine is like Google but never tracks your searches. And our browsing protections, such as ad tracker blocking and cookie blocking, help stop other companies from collecting your data. Oh, and our browser is free — we make money from [privacy-respecting search ads](ddgQuickLink://duckduckgo.com/duckduckgo-help-pages/company/how-duckduckgo-makes-money/), not by exploiting your data. 

%@ 

Take back control of your personal information with the browser designed for data protection, not data collection.",About page template with placeholder for subscription sentence,,%@,true,,,apps/apple/iOS/DuckDuckGo/en.lproj/Localizable.strings,4052,https://github.com/duckduckgo/apple-browsers/blob/ef18f2a4fadcb2229879d6bb32d3afb64c78bde2/iOS/DuckDuckGo/en.lproj/Localizable.strings#L4052
iOS,body,DuckDuckGo,settings.afterInactivity.footer.format,,Choose what you see when you return to DuckDuckGo after %@ of inactivity.,Section footer; %@ is the idle interval (e.g. 5 minutes),,%@,true,,,apps/apple/iOS/DuckDuckGo/en.lproj/Localizable.strings,4085,https://github.com/duckduckgo/apple-browsers/blob/ef18f2a4fadcb2229879d6bb32d3afb64c78bde2/iOS/DuckDuckGo/en.lproj/Localizable.strings#L4085
iOS,body,DuckDuckGo,settings.afterInactivity.footer.none,,Choose what you see when you return to DuckDuckGo.,Section footer when no inactivity timer is set or the Last Used Tab option is selected,,,true,,,apps/apple/iOS/DuckDuckGo/en.lproj/Localizable.strings,4088,https://github.com/duckduckgo/apple-browsers/blob/ef18f2a4fadcb2229879d6bb32d3afb64c78bde2/iOS/DuckDuckGo/en.lproj/Localizable.strings#L4088
iOS,body,DuckDuckGo,settings.afterInactivity.idle.interval.hour,,1 hour,Idle interval 1 hour for settings footer,,,true,,,apps/apple/iOS/DuckDuckGo/en.lproj/Localizable.strings,4091,https://github.com/duckduckgo/apple-browsers/blob/ef18f2a4fadcb2229879d6bb32d3afb64c78bde2/iOS/DuckDuckGo/en.lproj/Localizable.strings#L4091
iOS,body,DuckDuckGo,settings.afterInactivity.idle.interval.hours,,%d hours,Idle interval in hours for settings footer (plural),,%d,true,,,apps/apple/iOS/DuckDuckGo/en.lproj/Localizable.strings,4094,https://github.com/duckduckgo/apple-browsers/blob/ef18f2a4fadcb2229879d6bb32d3afb64c78bde2/iOS/DuckDuckGo/en.lproj/Localizable.strings#L4094
iOS,body,DuckDuckGo,settings.afterInactivity.idle.interval.minute,,1 minute,Idle interval 1 minute for settings footer,,,true,,,apps/apple/iOS/DuckDuckGo/en.lproj/Localizable.strings,4097,https://github.com/duckduckgo/apple-browsers/blob/ef18f2a4fadcb2229879d6bb32d3afb64c78bde2/iOS/DuckDuckGo/en.lproj/Localizable.strings#L4097
iOS,body,DuckDuckGo,settings.afterInactivity.idle.interval.minutes,,%d minutes,Idle interval in minutes for settings footer (plural),,%d,true,,,apps/apple/iOS/DuckDuckGo/en.lproj/Localizable.strings,4100,https://github.com/duckduckgo/apple-browsers/blob/ef18f2a4fadcb2229879d6bb32d3afb64c78bde2/iOS/DuckDuckGo/en.lproj/Localizable.strings#L4100
iOS,body,DuckDuckGo,settings.afterInactivity.idle.interval.second,,1 second,Idle interval 1 second for settings footer,,,true,,,apps/apple/iOS/DuckDuckGo/en.lproj/Localizable.strings,4106,https://github.com/duckduckgo/apple-browsers/blob/ef18f2a4fadcb2229879d6bb32d3afb64c78bde2/iOS/DuckDuckGo/en.lproj/Localizable.strings#L4106
iOS,body,DuckDuckGo,settings.afterInactivity.idle.interval.seconds,,%d seconds,Idle interval in seconds for settings footer (plural),,%d,true,,,apps/apple/iOS/DuckDuckGo/en.lproj/Localizable.strings,4109,https://github.com/duckduckgo/apple-browsers/blob/ef18f2a4fadcb2229879d6bb32d3afb64c78bde2/iOS/DuckDuckGo/en.lproj/Localizable.strings#L4109
iOS,body,DuckDuckGo,settings.aichat.shortcuts,,Duck.ai Shortcuts,Settings screen text for showing AI Chat in various places in the app,,,true,,,apps/apple/iOS/DuckDuckGo/en.lproj/Localizable.strings,4130,https://github.com/duckduckgo/apple-browsers/blob/ef18f2a4fadcb2229879d6bb32d3afb64c78bde2/iOS/DuckDuckGo/en.lproj/Localizable.strings#L4130
iOS,body,DuckDuckGo,settings.aichat.shortcuts.input,,Experimental Address Bar,Settings screen text for showing AI Chat in the input box,,,true,,,apps/apple/iOS/DuckDuckGo/en.lproj/Localizable.strings,4133,https://github.com/duckduckgo/apple-browsers/blob/ef18f2a4fadcb2229879d6bb32d3afb64c78bde2/iOS/DuckDuckGo/en.lproj/Localizable.strings#L4133
iOS,body,DuckDuckGo,settings.aichat.shortcuts.input.footer,,Search the web or ask Duck.ai directly from the Address Bar,Settings screen footer text for showing AI Chat in the input box,,,true,,,apps/apple/iOS/DuckDuckGo/en.lproj/Localizable.strings,4136,https://github.com/duckduckgo/apple-browsers/blob/ef18f2a4fadcb2229879d6bb32d3afb64c78bde2/iOS/DuckDuckGo/en.lproj/Localizable.strings#L4136
iOS,body,DuckDuckGo,settings.aifeatures.automatic.context.subtitle,,Automatically send page content to Duck.ai,Settings screen cell subtitle for enabling automatic page content attachment,,,true,,,apps/apple/iOS/DuckDuckGo/en.lproj/Localizable.strings,4154,https://github.com/duckduckgo/apple-browsers/blob/ef18f2a4fadcb2229879d6bb32d3afb64c78bde2/iOS/DuckDuckGo/en.lproj/Localizable.strings#L4154
iOS,body,DuckDuckGo,settings.aifeatures.disable.all.footer,,"Disables Duck.ai, hides AI-assisted answers in search, and filters known AI spam sites in image search results.",Footer text below the disable all AI features button,,,true,,,apps/apple/iOS/DuckDuckGo/en.lproj/Localizable.strings,4166,https://github.com/duckduckgo/apple-browsers/blob/ef18f2a4fadcb2229879d6bb32d3afb64c78bde2/iOS/DuckDuckGo/en.lproj/Localizable.strings#L4166
iOS,body,DuckDuckGo,settings.aifeatures.disable.all.footer.disabled,,AI is currently disabled in the Browser so you’ll no longer see AI-assisted answers and see fewer AI-generated images in image search results.,Footer text shown once all AI features are already disabled,,,true,,,apps/apple/iOS/DuckDuckGo/en.lproj/Localizable.strings,4169,https://github.com/duckduckgo/apple-browsers/blob/ef18f2a4fadcb2229879d6bb32d3afb64c78bde2/iOS/DuckDuckGo/en.lproj/Localizable.strings#L4169
iOS,body,DuckDuckGo,settings.aifeatures.hide.ai.generated.images.subtitle,,Filters out known AI spam sites from image search results. [Learn more](ddgQuickLink://duckduckgo.com/duckduckgo-help-pages/results/how-to-filter-out-ai-images-in-duckduckgo-search-results),Footnote for the hide AI-generated images setting; ends with a Learn more link to the help page (do not remove the link),,,true,,,apps/apple/iOS/DuckDuckGo/en.lproj/Localizable.strings,4184,https://github.com/duckduckgo/apple-browsers/blob/ef18f2a4fadcb2229879d6bb32d3afb64c78bde2/iOS/DuckDuckGo/en.lproj/Localizable.strings#L4184
iOS,body,DuckDuckGo,settings.appearance.hide.tab.bar.while.scrolling.footer,,"Available on most websites. Duck.ai, maps, and games may keep the tab bar visible.","Footer (iPad only) shown below the Hide Tab Bar While Scrolling toggle, explaining where the behavior applies",,,true,,,apps/apple/iOS/DuckDuckGo/en.lproj/Localizable.strings,4199,https://github.com/duckduckgo/apple-browsers/blob/ef18f2a4fadcb2229879d6bb32d3afb64c78bde2/iOS/DuckDuckGo/en.lproj/Localizable.strings#L4199
iOS,body,DuckDuckGo,settings.associated.apps.description,,Disable to prevent links from automatically opening in other installed apps.,Description for associated apps description,,,true,,,apps/apple/iOS/DuckDuckGo/en.lproj/Localizable.strings,4205,https://github.com/duckduckgo/apple-browsers/blob/ef18f2a4fadcb2229879d6bb32d3afb64c78bde2/iOS/DuckDuckGo/en.lproj/Localizable.strings#L4205
iOS,body,DuckDuckGo,settings.autoclear.cookies.subtitle,,"Delete all site data, including visited sites. May sign you out of accounts.",Subtitle explaining what the cookies option does in auto clear settings,,,true,,,apps/apple/iOS/DuckDuckGo/en.lproj/Localizable.strings,4208,https://github.com/duckduckgo/apple-browsers/blob/ef18f2a4fadcb2229879d6bb32d3afb64c78bde2/iOS/DuckDuckGo/en.lproj/Localizable.strings#L4208
iOS,body,DuckDuckGo,settings.autoclear.duckai.chats.subtitle,,"Delete all chats, including pinned chats",Subtitle explaining what the Duck.ai chats option does in auto clear settings,,,true,,,apps/apple/iOS/DuckDuckGo/en.lproj/Localizable.strings,4214,https://github.com/duckduckgo/apple-browsers/blob/ef18f2a4fadcb2229879d6bb32d3afb64c78bde2/iOS/DuckDuckGo/en.lproj/Localizable.strings#L4214
iOS,body,DuckDuckGo,settings.autoclear.tabs.subtitle,,Close all open tabs,Subtitle explaining what the tabs option does in auto clear settings,,,true,,,apps/apple/iOS/DuckDuckGo/en.lproj/Localizable.strings,4223,https://github.com/duckduckgo/apple-browsers/blob/ef18f2a4fadcb2229879d6bb32d3afb64c78bde2/iOS/DuckDuckGo/en.lproj/Localizable.strings#L4223
iOS,body,DuckDuckGo,settings.autoclear.timing.footer,,App exit is defined by swiping the app to close it while inactivity is when the app is in the background.,Footer text explaining what app exit and inactivity mean for auto clear timing,,,true,,,apps/apple/iOS/DuckDuckGo/en.lproj/Localizable.strings,4244,https://github.com/duckduckgo/apple-browsers/blob/ef18f2a4fadcb2229879d6bb32d3afb64c78bde2/iOS/DuckDuckGo/en.lproj/Localizable.strings#L4244
iOS,body,DuckDuckGo,settings.autoclear.toggle.footer,,Data will be deleted upon restart of the app.,Footer text explaining when data will be cleared when auto clear is enabled,,,true,,,apps/apple/iOS/DuckDuckGo/en.lproj/Localizable.strings,4250,https://github.com/duckduckgo/apple-browsers/blob/ef18f2a4fadcb2229879d6bb32d3afb64c78bde2/iOS/DuckDuckGo/en.lproj/Localizable.strings#L4250
iOS,body,DuckDuckGo,settings.autocomplete.recentlyvisited.subtitle,,"Show recently visited sites in search suggestions. Recently visited sites are private, only stored on your device, and can be cleared with the Fire Button.",Settings label for enabling or disabling recently visited sites,,,true,,,apps/apple/iOS/DuckDuckGo/en.lproj/Localizable.strings,4259,https://github.com/duckduckgo/apple-browsers/blob/ef18f2a4fadcb2229879d6bb32d3afb64c78bde2/iOS/DuckDuckGo/en.lproj/Localizable.strings#L4259
iOS,body,DuckDuckGo,settings.autocomplete.subtitle,,"Show search suggestions as you type, including your bookmarks. All searches are private.",Subtitle for Search Suggestions setting,,,true,,,apps/apple/iOS/DuckDuckGo/en.lproj/Localizable.strings,4262,https://github.com/duckduckgo/apple-browsers/blob/ef18f2a4fadcb2229879d6bb32d3afb64c78bde2/iOS/DuckDuckGo/en.lproj/Localizable.strings#L4262
iOS,body,DuckDuckGo,settings.autocomplete.with.chat.subtitle,,"Show suggestions from your history, bookmarks, and (optionally) Duck.ai chat history as you type in the search bar. All searches are private.",Subtitle for Search Suggestions setting when chat suggestions are available,,,true,,,apps/apple/iOS/DuckDuckGo/en.lproj/Localizable.strings,4265,https://github.com/duckduckgo/apple-browsers/blob/ef18f2a4fadcb2229879d6bb32d3afb64c78bde2/iOS/DuckDuckGo/en.lproj/Localizable.strings#L4265
iOS,body,DuckDuckGo,settings.autolock.description,,"If Touch ID, Face ID, or a system passcode is enabled, you'll be asked to unlock the app when opening it.",Section footer Autolock description,,,true,,,apps/apple/iOS/DuckDuckGo/en.lproj/Localizable.strings,4271,https://github.com/duckduckgo/apple-browsers/blob/ef18f2a4fadcb2229879d6bb32d3afb64c78bde2/iOS/DuckDuckGo/en.lproj/Localizable.strings#L4271
iOS,body,DuckDuckGo,settings.autoplay.footer,,"Autoplay settings will only apply to newly opened tabs. Changes cannot be applied to existing tabs unless the application is restarted. To manage autoplay in Duck Player, go to ","Footer text in the autoplay settings screen explaining that changes only take effect in new tabs, followed by a link to Duck Player Settings",,,true,,,apps/apple/iOS/DuckDuckGo/en.lproj/Localizable.strings,4289,https://github.com/duckduckgo/apple-browsers/blob/ef18f2a4fadcb2229879d6bb32d3afb64c78bde2/iOS/DuckDuckGo/en.lproj/Localizable.strings#L4289
iOS,body,DuckDuckGo,settings.clear.aichat.history.footer,,"Fire Button will also delete Duck.ai history, including pinned chats.",Settings screen footer text explaining that Fire Button also clears AI chat history,,,true,,,apps/apple/iOS/DuckDuckGo/en.lproj/Localizable.strings,4295,https://github.com/duckduckgo/apple-browsers/blob/ef18f2a4fadcb2229879d6bb32d3afb64c78bde2/iOS/DuckDuckGo/en.lproj/Localizable.strings#L4295
iOS,body,DuckDuckGo,settings.cookie.auto-manage.explanation,,"We’ll aim to reject as many cookies as possible for you, then close the pop-ups.",Explanation below the auto-manage cookie pop-ups toggle in settings,,,true,,,apps/apple/iOS/DuckDuckGo/en.lproj/Localizable.strings,4304,https://github.com/duckduckgo/apple-browsers/blob/ef18f2a4fadcb2229879d6bb32d3afb64c78bde2/iOS/DuckDuckGo/en.lproj/Localizable.strings#L4304
iOS,body,DuckDuckGo,settings.cookie.pop.up.protection.explanation,,DuckDuckGo can auto-manage cookie pop-ups to maximize privacy and minimize cookies before you even see them.\n[Learn More](ddgQuickLink://duckduckgo.com/duckduckgo-help-pages/privacy/web-tracking-protections/#cookie-pop-up-protection),Explanation in Settings how the cookie pop up protection feature works,,,true,,,apps/apple/iOS/DuckDuckGo/en.lproj/Localizable.strings,4313,https://github.com/duckduckgo/apple-browsers/blob/ef18f2a4fadcb2229879d6bb32d3afb64c78bde2/iOS/DuckDuckGo/en.lproj/Localizable.strings#L4313
iOS,body,DuckDuckGo,settings.cookie.popups-without-opt-outs.explanation,,"If there’s no reject option, we’ll save you a click, accept these cookies for you, and close the pop-ups.",Explanation below the pop-ups without opt-outs toggle in settings,,,true,,,apps/apple/iOS/DuckDuckGo/en.lproj/Localizable.strings,4319,https://github.com/duckduckgo/apple-browsers/blob/ef18f2a4fadcb2229879d6bb32d3afb64c78bde2/iOS/DuckDuckGo/en.lproj/Localizable.strings#L4319
iOS,body,DuckDuckGo,settings.data.clearing.description,,"Deleting your data can help protect your privacy online. Use the Fire Button to clear data manually, or set up automatic clearing.",Data Clearing settings header description,,,true,,,apps/apple/iOS/DuckDuckGo/en.lproj/Localizable.strings,4334,https://github.com/duckduckgo/apple-browsers/blob/ef18f2a4fadcb2229879d6bb32d3afb64c78bde2/iOS/DuckDuckGo/en.lproj/Localizable.strings#L4334
iOS,body,DuckDuckGo,settings.default.omnibar.mode.footer,,Default toggle position on new tabs.,Footer text explaining the toggle position setting in AI Features settings,,,true,,,apps/apple/iOS/DuckDuckGo/en.lproj/Localizable.strings,4343,https://github.com/duckduckgo/apple-browsers/blob/ef18f2a4fadcb2229879d6bb32d3afb64c78bde2/iOS/DuckDuckGo/en.lproj/Localizable.strings#L4343
iOS,body,DuckDuckGo,settings.email.protection.explanation,,Block email trackers and hide your address without switching your email provider.\n[Learn More](ddgQuickLink://duckduckgo.com/duckduckgo-help-pages/email-protection/what-is-duckduckgo-email-protection/),Explanation in Settings how the email protection feature works,,,true,,,apps/apple/iOS/DuckDuckGo/en.lproj/Localizable.strings,4370,https://github.com/duckduckgo/apple-browsers/blob/ef18f2a4fadcb2229879d6bb32d3afb64c78bde2/iOS/DuckDuckGo/en.lproj/Localizable.strings#L4370
iOS,body,DuckDuckGo,settings.email.protection.signing.out.alert,,Signing out of your Email Protection account will disable Duck Address autofill in this browser. You can still use these addresses and receive forwarded email as usual.,Alert presented to user after clicking on 'Sign out' in Email Protection Settings,,,true,,,apps/apple/iOS/DuckDuckGo/en.lproj/Localizable.strings,4373,https://github.com/duckduckgo/apple-browsers/blob/ef18f2a4fadcb2229879d6bb32d3afb64c78bde2/iOS/DuckDuckGo/en.lproj/Localizable.strings#L4373
iOS,body,DuckDuckGo,settings.emailProtection.description,,Block email trackers and hide your address,Settings cell for Email Protection,,,true,,,apps/apple/iOS/DuckDuckGo/en.lproj/Localizable.strings,4376,https://github.com/duckduckgo/apple-browsers/blob/ef18f2a4fadcb2229879d6bb32d3afb64c78bde2/iOS/DuckDuckGo/en.lproj/Localizable.strings#L4376
iOS,body,DuckDuckGo,settings.enable.aichat.subtitle,,Chat privately with popular 3rd-party AI models,A description of what the AI Chat toggle does,,,true,,,apps/apple/iOS/DuckDuckGo/en.lproj/Localizable.strings,4382,https://github.com/duckduckgo/apple-browsers/blob/ef18f2a4fadcb2229879d6bb32d3afb64c78bde2/iOS/DuckDuckGo/en.lproj/Localizable.strings#L4382
iOS,body,DuckDuckGo,settings.features.assist.subtitle,,Choose how often you want AI-assisted answers to appear in your searches,A description of what the AI Chat toggle does,,,true,,,apps/apple/iOS/DuckDuckGo/en.lproj/Localizable.strings,4391,https://github.com/duckduckgo/apple-browsers/blob/ef18f2a4fadcb2229879d6bb32d3afb64c78bde2/iOS/DuckDuckGo/en.lproj/Localizable.strings#L4391
iOS,body,DuckDuckGo,settings.lastTabShortcut.subtitle,,Displays a link to return to the last used tab when you launch the app after inactivity.,Settings toggle subtitle describing the ‘Return to’ Shortcut option,,,true,,,apps/apple/iOS/DuckDuckGo/en.lproj/Localizable.strings,4427,https://github.com/duckduckgo/apple-browsers/blob/ef18f2a4fadcb2229879d6bb32d3afb64c78bde2/iOS/DuckDuckGo/en.lproj/Localizable.strings#L4427
iOS,body,DuckDuckGo,settings.more.search.settings.explanation,,"Customize your language, region, and more",Subtitle of the 'More Search Settings' button,,,true,,,apps/apple/iOS/DuckDuckGo/en.lproj/Localizable.strings,4451,https://github.com/duckduckgo/apple-browsers/blob/ef18f2a4fadcb2229879d6bb32d3afb64c78bde2/iOS/DuckDuckGo/en.lproj/Localizable.strings#L4451
iOS,body,DuckDuckGo,settings.ppro.footer,,Privacy Policy and Terms of Service,Title for Link in the Footer of Privacy Pro section,,,true,,,apps/apple/iOS/DuckDuckGo/en.lproj/Localizable.strings,4466,https://github.com/duckduckgo/apple-browsers/blob/ef18f2a4fadcb2229879d6bb32d3afb64c78bde2/iOS/DuckDuckGo/en.lproj/Localizable.strings#L4466
iOS,body,DuckDuckGo,settings.private.search.explanation,,"DuckDuckGo Private Search is your default search engine, so you can search the web without being tracked.",Explanation in Settings how the private search feature works,,,true,,,apps/apple/iOS/DuckDuckGo/en.lproj/Localizable.strings,4478,https://github.com/duckduckgo/apple-browsers/blob/ef18f2a4fadcb2229879d6bb32d3afb64c78bde2/iOS/DuckDuckGo/en.lproj/Localizable.strings#L4478
iOS,body,DuckDuckGo,settings.send.crash.reports.description,,Automatically send crash reports to DuckDuckGo.,Explanation of Send Crash Reports settings option,,,true,,,apps/apple/iOS/DuckDuckGo/en.lproj/Localizable.strings,4499,https://github.com/duckduckgo/apple-browsers/blob/ef18f2a4fadcb2229879d6bb32d3afb64c78bde2/iOS/DuckDuckGo/en.lproj/Localizable.strings#L4499
iOS,body,DuckDuckGo,settings.site.permissions.system.settings.footer.format,,You can view and modify DuckDuckGo’s system permissions in %@,Settings footer about DuckDuckGo's iOS app permissions. The placeholder is a tappable link to DuckDuckGo's page in iOS Settings; translators may move it within the sentence.,,%@,true,,,apps/apple/iOS/DuckDuckGo/en.lproj/Localizable.strings,4544,https://github.com/duckduckgo/apple-browsers/blob/ef18f2a4fadcb2229879d6bb32d3afb64c78bde2/iOS/DuckDuckGo/en.lproj/Localizable.strings#L4544
iOS,body,DuckDuckGo,settings.subscription.activating,,Activating,Privacy pro description subtitle in settings when the is activating,,,true,,,apps/apple/iOS/DuckDuckGo/en.lproj/Localizable.strings,4550,https://github.com/duckduckgo/apple-browsers/blob/ef18f2a4fadcb2229879d6bb32d3afb64c78bde2/iOS/DuckDuckGo/en.lproj/Localizable.strings#L4550
iOS,body,DuckDuckGo,settings.subscription.activation.pending.description,,"This is taking longer than usual, please check back later.",Subscription activation pending description,,,true,,,apps/apple/iOS/DuckDuckGo/en.lproj/Localizable.strings,4553,https://github.com/duckduckgo/apple-browsers/blob/ef18f2a4fadcb2229879d6bb32d3afb64c78bde2/iOS/DuckDuckGo/en.lproj/Localizable.strings#L4553
iOS,body,DuckDuckGo,settings.subscription.DBP.subtitle,,Remove your info from sites that sell it,Data Broker protection cell subtitle for privacy pro,,,true,,,apps/apple/iOS/DuckDuckGo/en.lproj/Localizable.strings,4559,https://github.com/duckduckgo/apple-browsers/blob/ef18f2a4fadcb2229879d6bb32d3afb64c78bde2/iOS/DuckDuckGo/en.lproj/Localizable.strings#L4559
iOS,body,DuckDuckGo,settings.subscription.description.no.duck.ai.us,,"Subscribers get our VPN, Personal Information Removal, and Identity Theft Restoration.",Privacy pro description subtitle in settings,,,true,,,apps/apple/iOS/DuckDuckGo/en.lproj/Localizable.strings,4568,https://github.com/duckduckgo/apple-browsers/blob/ef18f2a4fadcb2229879d6bb32d3afb64c78bde2/iOS/DuckDuckGo/en.lproj/Localizable.strings#L4568
iOS,body,DuckDuckGo,settings.subscription.description.us,,"Subscribers get our VPN, advanced AI models in Duck.ai, Personal Information Removal, and Identity Theft Restoration.",Privacy pro description subtitle in settings,,,true,,,apps/apple/iOS/DuckDuckGo/en.lproj/Localizable.strings,4574,https://github.com/duckduckgo/apple-browsers/blob/ef18f2a4fadcb2229879d6bb32d3afb64c78bde2/iOS/DuckDuckGo/en.lproj/Localizable.strings#L4574
iOS,body,DuckDuckGo,settings.subscription.ITR.subtitle,,"If your identity is stolen, we'll help restore it",Identity theft restoration cell subtitle for privacy pro,,,true,,,apps/apple/iOS/DuckDuckGo/en.lproj/Localizable.strings,4583,https://github.com/duckduckgo/apple-browsers/blob/ef18f2a4fadcb2229879d6bb32d3afb64c78bde2/iOS/DuckDuckGo/en.lproj/Localizable.strings#L4583
iOS,body,DuckDuckGo,settings.text.size,,Default Text Zoom,Settings screen cell text for text size,,,true,,,apps/apple/iOS/DuckDuckGo/en.lproj/Localizable.strings,4622,https://github.com/duckduckgo/apple-browsers/blob/ef18f2a4fadcb2229879d6bb32d3afb64c78bde2/iOS/DuckDuckGo/en.lproj/Localizable.strings#L4622
iOS,body,DuckDuckGo,settings.theme.section.footer,,Gives websites a dark appearance if you’re using dark theme.,"Footer shown right below the first section, which has the force dark mode item at the last position",,,true,,,apps/apple/iOS/DuckDuckGo/en.lproj/Localizable.strings,4628,https://github.com/duckduckgo/apple-browsers/blob/ef18f2a4fadcb2229879d6bb32d3afb64c78bde2/iOS/DuckDuckGo/en.lproj/Localizable.strings#L4628
iOS,body,DuckDuckGo,settings.tracking.protection.cname.cloaking.description,,Helps block 3rd-party trackers that try to disguise themselves within a website using DNS.,Description for CNAME cloaking protection feature,,,true,,,apps/apple/iOS/DuckDuckGo/en.lproj/Localizable.strings,4637,https://github.com/duckduckgo/apple-browsers/blob/ef18f2a4fadcb2229879d6bb32d3afb64c78bde2/iOS/DuckDuckGo/en.lproj/Localizable.strings#L4637
iOS,body,DuckDuckGo,settings.tracking.protection.facebook.description,,Disables tracking for Facebook content like Facebook comment widgets on non-Facebook sites.,Description for Facebook tracking protection feature,,,true,,,apps/apple/iOS/DuckDuckGo/en.lproj/Localizable.strings,4643,https://github.com/duckduckgo/apple-browsers/blob/ef18f2a4fadcb2229879d6bb32d3afb64c78bde2/iOS/DuckDuckGo/en.lproj/Localizable.strings#L4643
iOS,body,DuckDuckGo,settings.tracking.protection.fingerprinting.description,,"Helps stop tracking companies from obtaining unique identifiers about your browser and device, which they use to follow you around the web.",Description for fingerprinting protection feature,,,true,,,apps/apple/iOS/DuckDuckGo/en.lproj/Localizable.strings,4649,https://github.com/duckduckgo/apple-browsers/blob/ef18f2a4fadcb2229879d6bb32d3afb64c78bde2/iOS/DuckDuckGo/en.lproj/Localizable.strings#L4649
iOS,body,DuckDuckGo,settings.tracking.protection.first.party.cookies.description,,"Automatically expires 1st-party cookies after 30 days, ensuring sites can't track you indefinitely when you're logged out.",Description for third-party cookie blocking feature,,,true,,,apps/apple/iOS/DuckDuckGo/en.lproj/Localizable.strings,4655,https://github.com/duckduckgo/apple-browsers/blob/ef18f2a4fadcb2229879d6bb32d3afb64c78bde2/iOS/DuckDuckGo/en.lproj/Localizable.strings#L4655
iOS,body,DuckDuckGo,settings.tracking.protection.google.amp.description,,Replaces Google AMP links with the original publisher’s site.,Description for Google AMP protection feature,,,true,,,apps/apple/iOS/DuckDuckGo/en.lproj/Localizable.strings,4661,https://github.com/duckduckgo/apple-browsers/blob/ef18f2a4fadcb2229879d6bb32d3afb64c78bde2/iOS/DuckDuckGo/en.lproj/Localizable.strings#L4661
iOS,body,DuckDuckGo,settings.tracking.protection.google.signin.description,,Blocks Google sign-in pop-ups on sites Google doesn't own.,Description for Google Sign-in pop-up blocking feature,,,true,,,apps/apple/iOS/DuckDuckGo/en.lproj/Localizable.strings,4667,https://github.com/duckduckgo/apple-browsers/blob/ef18f2a4fadcb2229879d6bb32d3afb64c78bde2/iOS/DuckDuckGo/en.lproj/Localizable.strings#L4667
iOS,body,DuckDuckGo,settings.tracking.protection.link.tracking.description,,Removes tracking parameters in links to prevent 3rd parties from tracking your behavior across sites.,Description for link tracking removal feature,,,true,,,apps/apple/iOS/DuckDuckGo/en.lproj/Localizable.strings,4673,https://github.com/duckduckgo/apple-browsers/blob/ef18f2a4fadcb2229879d6bb32d3afb64c78bde2/iOS/DuckDuckGo/en.lproj/Localizable.strings#L4673
iOS,body,DuckDuckGo,settings.tracking.protection.referrer.description,,Helps block companies from identifying the last website you visited.,Description for Referer tracking protection feature,,,true,,,apps/apple/iOS/DuckDuckGo/en.lproj/Localizable.strings,4679,https://github.com/duckduckgo/apple-browsers/blob/ef18f2a4fadcb2229879d6bb32d3afb64c78bde2/iOS/DuckDuckGo/en.lproj/Localizable.strings#L4679
iOS,body,DuckDuckGo,settings.tracking.protection.targeted.ads.description,,"Blocks invasive trackers before they load, effectively eliminating ads that rely on tracking.",Description for targeted ads blocking feature,,,true,,,apps/apple/iOS/DuckDuckGo/en.lproj/Localizable.strings,4685,https://github.com/duckduckgo/apple-browsers/blob/ef18f2a4fadcb2229879d6bb32d3afb64c78bde2/iOS/DuckDuckGo/en.lproj/Localizable.strings#L4685
iOS,body,DuckDuckGo,settings.tracking.protection.third.party.trackers.description,,Helps block 3rd-party cookies that track you from site to site by preventing 3rd-party trackers from loading in the first place.,Description for third-party tracker blocking feature,,,true,,,apps/apple/iOS/DuckDuckGo/en.lproj/Localizable.strings,4691,https://github.com/duckduckgo/apple-browsers/blob/ef18f2a4fadcb2229879d6bb32d3afb64c78bde2/iOS/DuckDuckGo/en.lproj/Localizable.strings#L4691
iOS,body,DuckDuckGo,settings.unprotected.sites.description,,These sites will not be enhanced by Privacy Protection.,Description shown above the list of unprotected sites,,,true,,,apps/apple/iOS/DuckDuckGo/en.lproj/Localizable.strings,4700,https://github.com/duckduckgo/apple-browsers/blob/ef18f2a4fadcb2229879d6bb32d3afb64c78bde2/iOS/DuckDuckGo/en.lproj/Localizable.strings#L4700
iOS,body,DuckDuckGo,settings.unprotected.sites.empty.state,,Privacy Protection enabled for all sites,Message shown when there are no unprotected sites,,,true,,,apps/apple/iOS/DuckDuckGo/en.lproj/Localizable.strings,4703,https://github.com/duckduckgo/apple-browsers/blob/ef18f2a4fadcb2229879d6bb32d3afb64c78bde2/iOS/DuckDuckGo/en.lproj/Localizable.strings#L4703
iOS,body,DuckDuckGo,settings.web.tracking.protection.explanation,,DuckDuckGo automatically blocks hidden trackers as you browse the web.\n[Learn More](ddgQuickLink://duckduckgo.com/duckduckgo-help-pages/privacy/web-tracking-protections/),Explanation in Settings how the web tracking protection feature works,,,true,,,apps/apple/iOS/DuckDuckGo/en.lproj/Localizable.strings,4718,https://github.com/duckduckgo/apple-browsers/blob/ef18f2a4fadcb2229879d6bb32d3afb64c78bde2/iOS/DuckDuckGo/en.lproj/Localizable.strings#L4718
iOS,body,DuckDuckGo,settings.web.tracking.protection.subtitle,,How We Protect You,The title of the web tracking protection grid section,,,true,,,apps/apple/iOS/DuckDuckGo/en.lproj/Localizable.strings,4721,https://github.com/duckduckgo/apple-browsers/blob/ef18f2a4fadcb2229879d6bb32d3afb64c78bde2/iOS/DuckDuckGo/en.lproj/Localizable.strings#L4721
iOS,body,DuckDuckGo,settings.web.tracking.protection.updated.description,,"The DuckDuckGo browser provides tracking protections, which are always active. [Learn More](ddgQuickLink://duckduckgo.com/duckduckgo-help-pages/web-tracking-protections/)",Updated description for web tracking protection settings,,,true,,,apps/apple/iOS/DuckDuckGo/en.lproj/Localizable.strings,4724,https://github.com/duckduckgo/apple-browsers/blob/ef18f2a4fadcb2229879d6bb32d3afb64c78bde2/iOS/DuckDuckGo/en.lproj/Localizable.strings#L4724
iOS,body,DuckDuckGo,site.not.working.description,,Select the option that best describes the problem you experienced.,Description on a report broken site page.,,,true,,,apps/apple/iOS/DuckDuckGo/en.lproj/Localizable.strings,4730,https://github.com/duckduckgo/apple-browsers/blob/ef18f2a4fadcb2229879d6bb32d3afb64c78bde2/iOS/DuckDuckGo/en.lproj/Localizable.strings#L4730
iOS,body,DuckDuckGo,site.not.working.subtitle,,This helps us improve the browser.,Prompt asking user to send report to us if we suspect site may be broken,,,true,,,apps/apple/iOS/DuckDuckGo/en.lproj/Localizable.strings,4739,https://github.com/duckduckgo/apple-browsers/blob/ef18f2a4fadcb2229879d6bb32d3afb64c78bde2/iOS/DuckDuckGo/en.lproj/Localizable.strings#L4739
iOS,body,DuckDuckGo,siteFeedback.domainInfo,,Domain of Broken Site:,Domain is an URL address,,,true,,,apps/apple/iOS/DuckDuckGo/en.lproj/Localizable.strings,4751,https://github.com/duckduckgo/apple-browsers/blob/ef18f2a4fadcb2229879d6bb32d3afb64c78bde2/iOS/DuckDuckGo/en.lproj/Localizable.strings#L4751
iOS,body,DuckDuckGo,siteFeedback.subtitle,,Broken site reporting is completely anonymous and helps us to improve the app!,No comment provided by engineer.,,,true,,,apps/apple/iOS/DuckDuckGo/en.lproj/Localizable.strings,4757,https://github.com/duckduckgo/apple-browsers/blob/ef18f2a4fadcb2229879d6bb32d3afb64c78bde2/iOS/DuckDuckGo/en.lproj/Localizable.strings#L4757
iOS,body,DuckDuckGo,subscription.activate.via.apple.account.description,,Restore your subscription on Apple devices using your Apple Account.,Description for adding subscription via Apple Account,,,true,,,apps/apple/iOS/DuckDuckGo/en.lproj/Localizable.strings,4784,https://github.com/duckduckgo/apple-browsers/blob/ef18f2a4fadcb2229879d6bb32d3afb64c78bde2/iOS/DuckDuckGo/en.lproj/Localizable.strings#L4784
iOS,body,DuckDuckGo,subscription.add.email,,Add an email address to activate your subscription on your other devices. We’ll only use this address to verify your subscription.,Add email to an existing subscription,,,true,,,apps/apple/iOS/DuckDuckGo/en.lproj/Localizable.strings,4799,https://github.com/duckduckgo/apple-browsers/blob/ef18f2a4fadcb2229879d6bb32d3afb64c78bde2/iOS/DuckDuckGo/en.lproj/Localizable.strings#L4799
iOS,body,DuckDuckGo,subscription.billing.google.text,,"Your subscription was purchased through the Google Play Store. To renew your subscription, please open Google Play Store subscription settings on a device signed in to the same Google Account used to originally purchase your subscription.",Text for the manage billing page,,,true,,,apps/apple/iOS/DuckDuckGo/en.lproj/Localizable.strings,4805,https://github.com/duckduckgo/apple-browsers/blob/ef18f2a4fadcb2229879d6bb32d3afb64c78bde2/iOS/DuckDuckGo/en.lproj/Localizable.strings#L4805
iOS,body,DuckDuckGo,subscription.cancel.message,,Your subscription has been removed from this device.,Subscription Removal confirmation message,,,true,,,apps/apple/iOS/DuckDuckGo/en.lproj/Localizable.strings,4814,https://github.com/duckduckgo/apple-browsers/blob/ef18f2a4fadcb2229879d6bb32d3afb64c78bde2/iOS/DuckDuckGo/en.lproj/Localizable.strings#L4814
iOS,body,DuckDuckGo,subscription.cancel.pending.downgrade.banner.caption,,Your plan will downgrade to %1$@ on %2$@.,Pending downgrade info for monthly plan. Parameters are tier name and effective date. This reads as 'Your plan will downgrade to Plus on (date).',,%1$@ %2$@,true,,,apps/apple/iOS/DuckDuckGo/en.lproj/Localizable.strings,4817,https://github.com/duckduckgo/apple-browsers/blob/ef18f2a4fadcb2229879d6bb32d3afb64c78bde2/iOS/DuckDuckGo/en.lproj/Localizable.strings#L4817
iOS,body,DuckDuckGo,subscription.duck.ai.caption,,Chat privately with subscriber-exclusive AI models.\n[Learn More](ddgQuickLink://duckduckgo.com/duckduckgo-help-pages/privacy-pro/),Caption of the Duck.ai settings (do not modify link),,,true,,,apps/apple/iOS/DuckDuckGo/en.lproj/Localizable.strings,4829,https://github.com/duckduckgo/apple-browsers/blob/ef18f2a4fadcb2229879d6bb32d3afb64c78bde2/iOS/DuckDuckGo/en.lproj/Localizable.strings#L4829
iOS,body,DuckDuckGo,subscription.duck.ai.configure.duck.ai.footer,,Configure Duck.ai in AI Features settings.,Instruction to configure ai settings in AI Features settings,,,true,,,apps/apple/iOS/DuckDuckGo/en.lproj/Localizable.strings,4832,https://github.com/duckduckgo/apple-browsers/blob/ef18f2a4fadcb2229879d6bb32d3afb64c78bde2/iOS/DuckDuckGo/en.lproj/Localizable.strings#L4832
iOS,body,DuckDuckGo,subscription.email.inactive.alert.message,,The subscription associated with this email is no longer active.,Alert content for not found subscription,,,true,,,apps/apple/iOS/DuckDuckGo/en.lproj/Localizable.strings,4847,https://github.com/duckduckgo/apple-browsers/blob/ef18f2a4fadcb2229879d6bb32d3afb64c78bde2/iOS/DuckDuckGo/en.lproj/Localizable.strings#L4847
iOS,body,DuckDuckGo,subscription.expired.alert.message,,The subscription associated with this Apple Account is no longer active.,Alert content for not found subscription,,,true,,,apps/apple/iOS/DuckDuckGo/en.lproj/Localizable.strings,4853,https://github.com/duckduckgo/apple-browsers/blob/ef18f2a4fadcb2229879d6bb32d3afb64c78bde2/iOS/DuckDuckGo/en.lproj/Localizable.strings#L4853
iOS,body,DuckDuckGo,subscription.faq,,FAQs and Support,FAQ Button,,,true,,,apps/apple/iOS/DuckDuckGo/en.lproj/Localizable.strings,4856,https://github.com/duckduckgo/apple-browsers/blob/ef18f2a4fadcb2229879d6bb32d3afb64c78bde2/iOS/DuckDuckGo/en.lproj/Localizable.strings#L4856
iOS,body,DuckDuckGo,subscription.found.text,,We found a subscription associated with this Apple Account.,Message for the existing subscription dialog,,,true,,,apps/apple/iOS/DuckDuckGo/en.lproj/Localizable.strings,4868,https://github.com/duckduckgo/apple-browsers/blob/ef18f2a4fadcb2229879d6bb32d3afb64c78bde2/iOS/DuckDuckGo/en.lproj/Localizable.strings#L4868
iOS,body,DuckDuckGo,subscription.notFound.alert.message,,There is no subscription associated with this Apple Account.,Alert content for not found subscription,,,true,,,apps/apple/iOS/DuckDuckGo/en.lproj/Localizable.strings,4886,https://github.com/duckduckgo/apple-browsers/blob/ef18f2a4fadcb2229879d6bb32d3afb64c78bde2/iOS/DuckDuckGo/en.lproj/Localizable.strings#L4886
iOS,body,DuckDuckGo,subscription.pir.heroText,,"In the DuckDuckGo browser for desktop, go to %1$@ and click %2$@ to get started.","Description on how to use Personal information removal in desktop. The first placeholder references a location in the Desktop application. <i.e: Settings > Subscribe to DuckDuckGo>, and the second, the menu entry. i.e. <I have a Subscription>",,%1$@ %2$@,true,,,apps/apple/iOS/DuckDuckGo/en.lproj/Localizable.strings,4895,https://github.com/duckduckgo/apple-browsers/blob/ef18f2a4fadcb2229879d6bb32d3afb64c78bde2/iOS/DuckDuckGo/en.lproj/Localizable.strings#L4895
iOS,body,DuckDuckGo,subscription.pir.heroTextLocation,,Settings > Subscribe to DuckDuckGo,"Settings references a menu in the Desktop app, Subscribe to DuckDuckGo, references our product name",,,true,,,apps/apple/iOS/DuckDuckGo/en.lproj/Localizable.strings,4898,https://github.com/duckduckgo/apple-browsers/blob/ef18f2a4fadcb2229879d6bb32d3afb64c78bde2/iOS/DuckDuckGo/en.lproj/Localizable.strings#L4898
iOS,body,DuckDuckGo,subscription.pir.heroTextMenyEntry,,I have a subscription,Menu item for enabling Personal Information Removal on Desktop,,,true,,,apps/apple/iOS/DuckDuckGo/en.lproj/Localizable.strings,4901,https://github.com/duckduckgo/apple-browsers/blob/ef18f2a4fadcb2229879d6bb32d3afb64c78bde2/iOS/DuckDuckGo/en.lproj/Localizable.strings#L4901
iOS,body,DuckDuckGo,subscription.promo.reinstaller.message,,"DuckDuckGo also has an **optional paid subscription**, with a secure **VPN** and **advanced, private AI**.",Body text of the reinstaller subscription promo. ** markers indicate bold text and should be preserved in translations.,,,true,,,apps/apple/iOS/DuckDuckGo/en.lproj/Localizable.strings,4931,https://github.com/duckduckgo/apple-browsers/blob/ef18f2a4fadcb2229879d6bb32d3afb64c78bde2/iOS/DuckDuckGo/en.lproj/Localizable.strings#L4931
iOS,body,DuckDuckGo,subscription.restore.success.alert.message,,Your purchases have been restored.,Alert message for restored purchase,,,true,,,apps/apple/iOS/DuckDuckGo/en.lproj/Localizable.strings,4964,https://github.com/duckduckgo/apple-browsers/blob/ef18f2a4fadcb2229879d6bb32d3afb64c78bde2/iOS/DuckDuckGo/en.lproj/Localizable.strings#L4964
iOS,body,DuckDuckGo,subscription.subscribed,,Subscribed,Subtitle in header when subscribed,,,true,,,apps/apple/iOS/DuckDuckGo/en.lproj/Localizable.strings,4973,https://github.com/duckduckgo/apple-browsers/blob/ef18f2a4fadcb2229879d6bb32d3afb64c78bde2/iOS/DuckDuckGo/en.lproj/Localizable.strings#L4973
iOS,body,DuckDuckGo,subscription.subscription.expired.caption,,Your subscription expired on %@,Subscription Expired Data. This reads as 'Your subscription expired on (date)',,%@,true,,,apps/apple/iOS/DuckDuckGo/en.lproj/Localizable.strings,4976,https://github.com/duckduckgo/apple-browsers/blob/ef18f2a4fadcb2229879d6bb32d3afb64c78bde2/iOS/DuckDuckGo/en.lproj/Localizable.strings#L4976
iOS,body,DuckDuckGo,subscription.subscription.expiring.monthly.caption,,Your monthly subscription expires on %@.,Monthly subscription expiration info where parameter is expiration date. This reads as 'Your monthly subscription expires on (date)',,%@,true,,,apps/apple/iOS/DuckDuckGo/en.lproj/Localizable.strings,4979,https://github.com/duckduckgo/apple-browsers/blob/ef18f2a4fadcb2229879d6bb32d3afb64c78bde2/iOS/DuckDuckGo/en.lproj/Localizable.strings#L4979
iOS,body,DuckDuckGo,subscription.subscription.expiring.trial.monthly.caption,,Your free trial ends on %@ & will not convert to a paid subscription.,Trial subscription expiration info where parameter is expiration date. This reads as 'Your free trial ends on (date) & will not convert to a paid subscription.',,%@,true,,,apps/apple/iOS/DuckDuckGo/en.lproj/Localizable.strings,4982,https://github.com/duckduckgo/apple-browsers/blob/ef18f2a4fadcb2229879d6bb32d3afb64c78bde2/iOS/DuckDuckGo/en.lproj/Localizable.strings#L4982
iOS,body,DuckDuckGo,subscription.subscription.expiring.unknown.caption,,Your subscription expires on %@.,Unknown period subscription expiration info where parameter is expiration date. This reads as 'Your subscription expires on (date)',,%@,true,,,apps/apple/iOS/DuckDuckGo/en.lproj/Localizable.strings,4985,https://github.com/duckduckgo/apple-browsers/blob/ef18f2a4fadcb2229879d6bb32d3afb64c78bde2/iOS/DuckDuckGo/en.lproj/Localizable.strings#L4985
iOS,body,DuckDuckGo,subscription.subscription.expiring.yearly.caption,,Your annual subscription expires on %@.,Annual subscription expiration info where parameter is expiration date. This reads as 'Your annual subscription expires on (date)',,%@,true,,,apps/apple/iOS/DuckDuckGo/en.lproj/Localizable.strings,4988,https://github.com/duckduckgo/apple-browsers/blob/ef18f2a4fadcb2229879d6bb32d3afb64c78bde2/iOS/DuckDuckGo/en.lproj/Localizable.strings#L4988
iOS,body,DuckDuckGo,subscription.subscription.pending.downgrade.monthly.caption,,Your plan will downgrade to %1$@ Monthly on %2$@.,Pending downgrade info for monthly plan. Parameters are tier name and effective date. This reads as 'Your plan will downgrade to Plus Monthly on (date).',,%1$@ %2$@,true,,,apps/apple/iOS/DuckDuckGo/en.lproj/Localizable.strings,4991,https://github.com/duckduckgo/apple-browsers/blob/ef18f2a4fadcb2229879d6bb32d3afb64c78bde2/iOS/DuckDuckGo/en.lproj/Localizable.strings#L4991
iOS,body,DuckDuckGo,subscription.subscription.pending.downgrade.unknown.caption,,Your plan will downgrade to %1$@ on %2$@.,Pending downgrade info for unknown billing period. Parameters are tier name and effective date. This reads as 'Your plan will downgrade to Plus on (date).',,%1$@ %2$@,true,,,apps/apple/iOS/DuckDuckGo/en.lproj/Localizable.strings,4994,https://github.com/duckduckgo/apple-browsers/blob/ef18f2a4fadcb2229879d6bb32d3afb64c78bde2/iOS/DuckDuckGo/en.lproj/Localizable.strings#L4994
iOS,body,DuckDuckGo,subscription.subscription.pending.downgrade.yearly.caption,,Your plan will downgrade to %1$@ Yearly on %2$@.,Pending downgrade info for yearly plan. Parameters are tier name and effective date. This reads as 'Your plan will downgrade to Plus Yearly on (date).',,%1$@ %2$@,true,,,apps/apple/iOS/DuckDuckGo/en.lproj/Localizable.strings,4997,https://github.com/duckduckgo/apple-browsers/blob/ef18f2a4fadcb2229879d6bb32d3afb64c78bde2/iOS/DuckDuckGo/en.lproj/Localizable.strings#L4997
iOS,body,DuckDuckGo,subscription.subscription.renewing.monthly.caption,,Your monthly subscription renews on %@.,Monthly subscription renewal info where parameter is renewal date. This reads as 'Your monthly subscription renews on (date)',,%@,true,,,apps/apple/iOS/DuckDuckGo/en.lproj/Localizable.strings,5000,https://github.com/duckduckgo/apple-browsers/blob/ef18f2a4fadcb2229879d6bb32d3afb64c78bde2/iOS/DuckDuckGo/en.lproj/Localizable.strings#L5000
iOS,body,DuckDuckGo,subscription.subscription.renewing.trial.monthly.caption,,Your free trial ends on %@ & automatically converts to a monthly paid subscription on that day.,Monthly trial subscription renewal info where parameter is renewal date. This reads as 'Your free trial ends on (date) & automatically converts to a monthly paid subscription on that day.',,%@,true,,,apps/apple/iOS/DuckDuckGo/en.lproj/Localizable.strings,5003,https://github.com/duckduckgo/apple-browsers/blob/ef18f2a4fadcb2229879d6bb32d3afb64c78bde2/iOS/DuckDuckGo/en.lproj/Localizable.strings#L5003
iOS,body,DuckDuckGo,subscription.subscription.renewing.trial.yearly.caption,,Your free trial ends on %@ & automatically converts to an annual paid subscription on that day.,Annual trial subscription renewal info where parameter is renewal date. This reads as 'Your free trial ends on (date) & automatically converts to an annual paid subscription on that day.',,%@,true,,,apps/apple/iOS/DuckDuckGo/en.lproj/Localizable.strings,5006,https://github.com/duckduckgo/apple-browsers/blob/ef18f2a4fadcb2229879d6bb32d3afb64c78bde2/iOS/DuckDuckGo/en.lproj/Localizable.strings#L5006
iOS,body,DuckDuckGo,subscription.subscription.renewing.unknown.caption,,Your subscription renews on %@.,Unknown period subscription renewal info where parameter is renewal date. This reads as 'Your subscription renews on (date)',,%@,true,,,apps/apple/iOS/DuckDuckGo/en.lproj/Localizable.strings,5009,https://github.com/duckduckgo/apple-browsers/blob/ef18f2a4fadcb2229879d6bb32d3afb64c78bde2/iOS/DuckDuckGo/en.lproj/Localizable.strings#L5009
iOS,body,DuckDuckGo,subscription.subscription.renewing.unknown.trial.caption,,Your subscription renews on %@.,Unknown period subscription renewal info where parameter is renewal date. This reads as 'Your subscription renews on (date)',,%@,true,,,apps/apple/iOS/DuckDuckGo/en.lproj/Localizable.strings,5012,https://github.com/duckduckgo/apple-browsers/blob/ef18f2a4fadcb2229879d6bb32d3afb64c78bde2/iOS/DuckDuckGo/en.lproj/Localizable.strings#L5012
iOS,body,DuckDuckGo,subscription.subscription.renewing.yearly.caption,,Your annual subscription renews on %@.,Annual subscription renewal info where parameter is renewal date. This reads as 'Your annual subscription renews on (date)',,%@,true,,,apps/apple/iOS/DuckDuckGo/en.lproj/Localizable.strings,5015,https://github.com/duckduckgo/apple-browsers/blob/ef18f2a4fadcb2229879d6bb32d3afb64c78bde2/iOS/DuckDuckGo/en.lproj/Localizable.strings#L5015
iOS,body,DuckDuckGo,subscription.trial,,Free Trial Active,Subtitle in header when on a free trial subscription,,,true,,,apps/apple/iOS/DuckDuckGo/en.lproj/Localizable.strings,5018,https://github.com/duckduckgo/apple-browsers/blob/ef18f2a4fadcb2229879d6bb32d3afb64c78bde2/iOS/DuckDuckGo/en.lproj/Localizable.strings#L5018
iOS,body,DuckDuckGo,subscription.upgrade.section.caption,,"Unlock smarter, more powerful AI",Caption text in the upgrade section promoting AI features,,,true,,,apps/apple/iOS/DuckDuckGo/en.lproj/Localizable.strings,5024,https://github.com/duckduckgo/apple-browsers/blob/ef18f2a4fadcb2229879d6bb32d3afb64c78bde2/iOS/DuckDuckGo/en.lproj/Localizable.strings#L5024
iOS,body,DuckDuckGo,sync.pairing-v2.confirmation.ddg.message,,"""%@"" will be able to access your synced DuckDuckGo passwords, autofill data, and Duck.ai chats.",Message for the dialog to confirm sync setup with another DuckDuckGo device,,%@,true,,,apps/apple/iOS/DuckDuckGo/en.lproj/Localizable.strings,5039,https://github.com/duckduckgo/apple-browsers/blob/ef18f2a4fadcb2229879d6bb32d3afb64c78bde2/iOS/DuckDuckGo/en.lproj/Localizable.strings#L5039
iOS,body,DuckDuckGo,sync.pairing-v2.confirmation.third-party.message,,"""%@"" will be able to access your synced Duck.ai chats.",Message for the dialog to confirm sync setup with a third-party device,,%@,true,,,apps/apple/iOS/DuckDuckGo/en.lproj/Localizable.strings,5042,https://github.com/duckduckgo/apple-browsers/blob/ef18f2a4fadcb2229879d6bb32d3afb64c78bde2/iOS/DuckDuckGo/en.lproj/Localizable.strings#L5042
iOS,body,DuckDuckGo,sync.promo.bookmarks.message,,"No account needed. End-to-end encryption means nobody but you can see your bookmarks, not even us.",Message for the Sync Promotion banner when user has bookmarks that can be synced,,,true,,,apps/apple/iOS/DuckDuckGo/en.lproj/Localizable.strings,5051,https://github.com/duckduckgo/apple-browsers/blob/ef18f2a4fadcb2229879d6bb32d3afb64c78bde2/iOS/DuckDuckGo/en.lproj/Localizable.strings#L5051
iOS,body,DuckDuckGo,sync.promo.passwords.message,,"No account needed. End-to-end encryption means nobody but you can see your passwords, not even us.",Message for the Sync Promotion banner when user has passwords that can be synced,,,true,,,apps/apple/iOS/DuckDuckGo/en.lproj/Localizable.strings,5069,https://github.com/duckduckgo/apple-browsers/blob/ef18f2a4fadcb2229879d6bb32d3afb64c78bde2/iOS/DuckDuckGo/en.lproj/Localizable.strings#L5069
iOS,body,DuckDuckGo,sync.recovery.alternative.prompt.footer,,Saving your Recovery Code can ensure you’ll be able to restore your passwords easily in the future.,Footer for the sync recovery prompt,,,true,,,apps/apple/iOS/DuckDuckGo/en.lproj/Localizable.strings,5078,https://github.com/duckduckgo/apple-browsers/blob/ef18f2a4fadcb2229879d6bb32d3afb64c78bde2/iOS/DuckDuckGo/en.lproj/Localizable.strings#L5078
iOS,body,DuckDuckGo,sync.recovery.alternative.prompt.message,,Synced passwords can only be restored if you have access to another device or by using the Recovery Code provided as part of Sync & Backup setup.,Message for the sync recovery alternative prompt,,,true,,,apps/apple/iOS/DuckDuckGo/en.lproj/Localizable.strings,5081,https://github.com/duckduckgo/apple-browsers/blob/ef18f2a4fadcb2229879d6bb32d3afb64c78bde2/iOS/DuckDuckGo/en.lproj/Localizable.strings#L5081
iOS,body,DuckDuckGo,sync.recovery.prompt.message,,DuckDuckGo passwords don’t transfer with iCloud because they’re encrypted on your device. Everything else is already here.,Message for the sync recovery prompt,,,true,,,apps/apple/iOS/DuckDuckGo/en.lproj/Localizable.strings,5096,https://github.com/duckduckgo/apple-browsers/blob/ef18f2a4fadcb2229879d6bb32d3afb64c78bde2/iOS/DuckDuckGo/en.lproj/Localizable.strings#L5096
iOS,body,DuckDuckGo,sync.remove-device.message,,"""%@"" will no longer be able to access your synced data.",No comment provided by engineer.,,%@,true,,,apps/apple/iOS/DuckDuckGo/en.lproj/Localizable.strings,5108,https://github.com/duckduckgo/apple-browsers/blob/ef18f2a4fadcb2229879d6bb32d3afb64c78bde2/iOS/DuckDuckGo/en.lproj/Localizable.strings#L5108
iOS,body,DuckDuckGo,sync.simplified.delete.all.confirm.message,,All devices using Sync & Backup will be disconnected and your synced data will be deleted from the server.,Message for the dialog to confirm turning off sync and deleting server data,,,true,,,apps/apple/iOS/DuckDuckGo/en.lproj/Localizable.strings,5117,https://github.com/duckduckgo/apple-browsers/blob/ef18f2a4fadcb2229879d6bb32d3afb64c78bde2/iOS/DuckDuckGo/en.lproj/Localizable.strings#L5117
iOS,body,DuckDuckGo,sync.simplified.turn.off.message,,Your bookmarks and passwords on this device won't be affected.,Alert message when turning off sync,,,true,,,apps/apple/iOS/DuckDuckGo/en.lproj/Localizable.strings,5135,https://github.com/duckduckgo/apple-browsers/blob/ef18f2a4fadcb2229879d6bb32d3afb64c78bde2/iOS/DuckDuckGo/en.lproj/Localizable.strings#L5135
iOS,body,DuckDuckGo,sync.warning.data.syncing.disabled,,"Sorry, but Sync & Backup is currently unavailable. Please try again later.",Data syncing unavailable warning message,,,true,,,apps/apple/iOS/DuckDuckGo/en.lproj/Localizable.strings,5144,https://github.com/duckduckgo/apple-browsers/blob/ef18f2a4fadcb2229879d6bb32d3afb64c78bde2/iOS/DuckDuckGo/en.lproj/Localizable.strings#L5144
iOS,body,DuckDuckGo,sync.warning.data.syncing.disabled.upgrade.required,,"Sorry, but Sync & Backup is no longer available in this app version. Please update DuckDuckGo to the latest version to continue.",Data syncing unavailable warning message,,,true,,,apps/apple/iOS/DuckDuckGo/en.lproj/Localizable.strings,5147,https://github.com/duckduckgo/apple-browsers/blob/ef18f2a4fadcb2229879d6bb32d3afb64c78bde2/iOS/DuckDuckGo/en.lproj/Localizable.strings#L5147
iOS,body,DuckDuckGo,tab.switcher.tracker.count.hide.message,,You can turn this back on in Settings > Appearance.,Alert message explaining how to re-enable tracker count,,,true,,,apps/apple/iOS/DuckDuckGo/en.lproj/Localizable.strings,5201,https://github.com/duckduckgo/apple-browsers/blob/ef18f2a4fadcb2229879d6bb32d3afb64c78bde2/iOS/DuckDuckGo/en.lproj/Localizable.strings#L5201
iOS,body,DuckDuckGo,tab.switcher.tracker.count.info.a11y,,Tracker count options,Accessibility label for tracker count info button,,,true,,,apps/apple/iOS/DuckDuckGo/en.lproj/Localizable.strings,5207,https://github.com/duckduckgo/apple-browsers/blob/ef18f2a4fadcb2229879d6bb32d3afb64c78bde2/iOS/DuckDuckGo/en.lproj/Localizable.strings#L5207
iOS,body,DuckDuckGo,tab.switcher.tracker.count.subtitle,,in the last 7 days,Subtitle for tracker count banner indicating time window,,,true,,,apps/apple/iOS/DuckDuckGo/en.lproj/Localizable.strings,5216,https://github.com/duckduckgo/apple-browsers/blob/ef18f2a4fadcb2229879d6bb32d3afb64c78bde2/iOS/DuckDuckGo/en.lproj/Localizable.strings#L5216
iOS,body,DuckDuckGo,textSize.description,,Increase or decrease text size across all sites.,Description text for the text size adjustment setting,,,true,,,apps/apple/iOS/DuckDuckGo/en.lproj/Localizable.strings,5222,https://github.com/duckduckgo/apple-browsers/blob/ef18f2a4fadcb2229879d6bb32d3afb64c78bde2/iOS/DuckDuckGo/en.lproj/Localizable.strings#L5222
iOS,body,DuckDuckGo,textSize.footer,,Text Size - %@,Replacement string is a current percent value e.g. '120%',,%@,true,,,apps/apple/iOS/DuckDuckGo/en.lproj/Localizable.strings,5225,https://github.com/duckduckgo/apple-browsers/blob/ef18f2a4fadcb2229879d6bb32d3afb64c78bde2/iOS/DuckDuckGo/en.lproj/Localizable.strings#L5225
iOS,body,DuckDuckGo,voiceSearch.alert.no-permission.message,,Please allow Microphone access in iOS System Settings for DuckDuckGo to use voice features.,Message for alert warning the user about missing microphone permission,,,true,,,apps/apple/iOS/DuckDuckGo/en.lproj/Localizable.strings,5279,https://github.com/duckduckgo/apple-browsers/blob/ef18f2a4fadcb2229879d6bb32d3afb64c78bde2/iOS/DuckDuckGo/en.lproj/Localizable.strings#L5279
iOS,body,DuckDuckGo,voiceSearch.footer.note,,"Add Private Voice Search option to the address bar. Audio is not stored or shared with anyone, including DuckDuckGo.",Voice-search footer note with on-device privacy warning,,,true,,,apps/apple/iOS/DuckDuckGo/en.lproj/Localizable.strings,5291,https://github.com/duckduckgo/apple-browsers/blob/ef18f2a4fadcb2229879d6bb32d3afb64c78bde2/iOS/DuckDuckGo/en.lproj/Localizable.strings#L5291
iOS,body,DuckDuckGo,voiceSearch.footer.note.old,,"Audio is processed on-device. It's not stored or shared with anyone, including DuckDuckGo.",Voice-search footer note with on-device privacy warning,,,true,,,apps/apple/iOS/DuckDuckGo/en.lproj/Localizable.strings,5294,https://github.com/duckduckgo/apple-browsers/blob/ef18f2a4fadcb2229879d6bb32d3afb64c78bde2/iOS/DuckDuckGo/en.lproj/Localizable.strings#L5294
iOS,body,DuckDuckGo,vpn.access-revoked.alert.message,,Subscribe to DuckDuckGo to reconnect the VPN.,Alert message for the alert when the Privacy Pro subscription expiress,,,true,,,apps/apple/iOS/DuckDuckGo/en.lproj/Localizable.strings,5303,https://github.com/duckduckgo/apple-browsers/blob/ef18f2a4fadcb2229879d6bb32d3afb64c78bde2/iOS/DuckDuckGo/en.lproj/Localizable.strings#L5303
iOS,body,DuckDuckGo,vpn.control-widget.disable.vpn.intent.success,,DuckDuckGo VPN is disconnected,Message for success when running the intent to disable the DuckDuckGo VPN,,,true,,,apps/apple/iOS/DuckDuckGo/en.lproj/Localizable.strings,5312,https://github.com/duckduckgo/apple-browsers/blob/ef18f2a4fadcb2229879d6bb32d3afb64c78bde2/iOS/DuckDuckGo/en.lproj/Localizable.strings#L5312
iOS,body,DuckDuckGo,vpn.control-widget.education.screen.description,,"Siri Shortcuts let you connect to your VPN with a quick voice command, like “Siri, turn on DuckDuckGo VPN”. It’s a fast, hands-free way to use your VPN.",No comment provided by engineer.,,,true,,,apps/apple/iOS/DuckDuckGo/en.lproj/Localizable.strings,5315,https://github.com/duckduckgo/apple-browsers/blob/ef18f2a4fadcb2229879d6bb32d3afb64c78bde2/iOS/DuckDuckGo/en.lproj/Localizable.strings#L5315
iOS,body,DuckDuckGo,vpn.control-widget.education.screen.example1,,"Siri, start DuckDuckGo VPN.",Siri commands education screen: example 1,,,true,,,apps/apple/iOS/DuckDuckGo/en.lproj/Localizable.strings,5318,https://github.com/duckduckgo/apple-browsers/blob/ef18f2a4fadcb2229879d6bb32d3afb64c78bde2/iOS/DuckDuckGo/en.lproj/Localizable.strings#L5318
iOS,body,DuckDuckGo,vpn.control-widget.education.screen.example2,,"Siri, enable DuckDuckGo VPN.",Siri commands education screen: example 2,,,true,,,apps/apple/iOS/DuckDuckGo/en.lproj/Localizable.strings,5321,https://github.com/duckduckgo/apple-browsers/blob/ef18f2a4fadcb2229879d6bb32d3afb64c78bde2/iOS/DuckDuckGo/en.lproj/Localizable.strings#L5321
iOS,body,DuckDuckGo,vpn.control-widget.education.screen.example3,,"Siri, protect my device with DuckDuckGo.",Siri commands education screen: example 3,,,true,,,apps/apple/iOS/DuckDuckGo/en.lproj/Localizable.strings,5324,https://github.com/duckduckgo/apple-browsers/blob/ef18f2a4fadcb2229879d6bb32d3afb64c78bde2/iOS/DuckDuckGo/en.lproj/Localizable.strings#L5324
iOS,body,DuckDuckGo,vpn.control-widget.enable.vpn.intent.success,,DuckDuckGo VPN is connected,Message for success when running the intent to enable the DuckDuckGo VPN,,,true,,,apps/apple/iOS/DuckDuckGo/en.lproj/Localizable.strings,5330,https://github.com/duckduckgo/apple-browsers/blob/ef18f2a4fadcb2229879d6bb32d3afb64c78bde2/iOS/DuckDuckGo/en.lproj/Localizable.strings#L5330
iOS,body,DuckDuckGo,vpn.feedback-form.sending-confirmation.description,,Your feedback will help us improve the\nDuckDuckGo VPN.,Title for the feedback sent view description of the VPN feedback form,,,true,,,apps/apple/iOS/DuckDuckGo/en.lproj/Localizable.strings,5372,https://github.com/duckduckgo/apple-browsers/blob/ef18f2a4fadcb2229879d6bb32d3afb64c78bde2/iOS/DuckDuckGo/en.lproj/Localizable.strings#L5372
iOS,body,DuckDuckGo,vpn.feedback-form.submitted.message,,Thank You! Feedback submitted.,Toast message when the VPN feedback form is submitted successfully,,,true,,,apps/apple/iOS/DuckDuckGo/en.lproj/Localizable.strings,5381,https://github.com/duckduckgo/apple-browsers/blob/ef18f2a4fadcb2229879d6bb32d3afb64c78bde2/iOS/DuckDuckGo/en.lproj/Localizable.strings#L5381
iOS,body,DuckDuckGo,vpn.feedback-form.text-1,,"Please describe what's happening, what you expected to happen, and the steps that led to the issue:",Text for the body of the VPN feedback form,,,true,,,apps/apple/iOS/DuckDuckGo/en.lproj/Localizable.strings,5384,https://github.com/duckduckgo/apple-browsers/blob/ef18f2a4fadcb2229879d6bb32d3afb64c78bde2/iOS/DuckDuckGo/en.lproj/Localizable.strings#L5384
iOS,body,DuckDuckGo,vpn.feedback-form.text-2,,"In addition to the details entered into this form, your app issue report will contain:",Text for the body of the VPN feedback form,,,true,,,apps/apple/iOS/DuckDuckGo/en.lproj/Localizable.strings,5387,https://github.com/duckduckgo/apple-browsers/blob/ef18f2a4fadcb2229879d6bb32d3afb64c78bde2/iOS/DuckDuckGo/en.lproj/Localizable.strings#L5387
iOS,body,DuckDuckGo,vpn.feedback-form.text-3,,• Whether specific DuckDuckGo features are enabled,Bullet text for the body of the VPN feedback form,,,true,,,apps/apple/iOS/DuckDuckGo/en.lproj/Localizable.strings,5390,https://github.com/duckduckgo/apple-browsers/blob/ef18f2a4fadcb2229879d6bb32d3afb64c78bde2/iOS/DuckDuckGo/en.lproj/Localizable.strings#L5390
iOS,body,DuckDuckGo,vpn.feedback-form.text-4,,• Aggregate DuckDuckGo app diagnostics,Bullet text for the body of the VPN feedback form,,,true,,,apps/apple/iOS/DuckDuckGo/en.lproj/Localizable.strings,5393,https://github.com/duckduckgo/apple-browsers/blob/ef18f2a4fadcb2229879d6bb32d3afb64c78bde2/iOS/DuckDuckGo/en.lproj/Localizable.strings#L5393
iOS,body,DuckDuckGo,vpn.feedback-form.text-5,,"By tapping ""Submit"" I agree that DuckDuckGo may use the information in this report for purposes of improving the app's features.",Text for the body of the VPN feedback form,,,true,,,apps/apple/iOS/DuckDuckGo/en.lproj/Localizable.strings,5396,https://github.com/duckduckgo/apple-browsers/blob/ef18f2a4fadcb2229879d6bb32d3afb64c78bde2/iOS/DuckDuckGo/en.lproj/Localizable.strings#L5396
iOS,body,DuckDuckGo,vpn.settings.dns.section-disclaimer,,Using a custom DNS server can impact browsing speeds and expose your activity to 3rd parties if the server isn't secure or reliable.,Disclaimer for the DNS Server section on the DNS Server screen,,,true,,,apps/apple/iOS/DuckDuckGo/en.lproj/Localizable.strings,5411,https://github.com/duckduckgo/apple-browsers/blob/ef18f2a4fadcb2229879d6bb32d3afb64c78bde2/iOS/DuckDuckGo/en.lproj/Localizable.strings#L5411
iOS,body,DuckDuckGo,vpn.settings.dns.server.content.blocking.explanation,,"Block 150,000+ domains flagged for hosting malware, phishing attacks, and online scams with a DNS-level blocklist. [Learn More](ddgQuickLink://duckduckgo.com/duckduckgo-help-pages/privacy-pro/vpn/dns-blocklists/)",Explanation in Settings how the vpn blocks risky sites (do not remove the link),,,true,,,apps/apple/iOS/DuckDuckGo/en.lproj/Localizable.strings,5420,https://github.com/duckduckgo/apple-browsers/blob/ef18f2a4fadcb2229879d6bb32d3afb64c78bde2/iOS/DuckDuckGo/en.lproj/Localizable.strings#L5420
iOS,body,DuckDuckGo,waitlist.privacy-disclaimer,,You won’t need to share any personal information to join the waitlist. You’ll secure your place in line with a timestamp that exists solely on your device so we can notify you when it’s your turn.,Privacy disclaimer for the Waitlist feature,,,true,,,apps/apple/iOS/DuckDuckGo/en.lproj/Localizable.strings,5486,https://github.com/duckduckgo/apple-browsers/blob/ef18f2a4fadcb2229879d6bb32d3afb64c78bde2/iOS/DuckDuckGo/en.lproj/Localizable.strings#L5486
iOS,body,DuckDuckGo,webJSAlert.website-message.format,,A message from %@:,Alert title explaining the message is shown by a website,,%@,true,,,apps/apple/iOS/DuckDuckGo/en.lproj/Localizable.strings,5519,https://github.com/duckduckgo/apple-browsers/blob/ef18f2a4fadcb2229879d6bb32d3afb64c78bde2/iOS/DuckDuckGo/en.lproj/Localizable.strings#L5519
iOS,body,DuckDuckGo,win-back.campaign.modal.message,,"Stay protected with our VPN, private AI, and more. Resubscribe today and save 25%.",Message of the modal dialog promoting the win-back campaign,,,true,,,apps/apple/iOS/DuckDuckGo/en.lproj/Localizable.strings,5531,https://github.com/duckduckgo/apple-browsers/blob/ef18f2a4fadcb2229879d6bb32d3afb64c78bde2/iOS/DuckDuckGo/en.lproj/Localizable.strings#L5531
iOS,body,DuckDuckGo,win-back.campaign.modal.subtitle,,Limited time only,Subtitle of the modal dialog promoting the win-back campaign,,,true,,,apps/apple/iOS/DuckDuckGo/en.lproj/Localizable.strings,5534,https://github.com/duckduckgo/apple-browsers/blob/ef18f2a4fadcb2229879d6bb32d3afb64c78bde2/iOS/DuckDuckGo/en.lproj/Localizable.strings#L5534
iOS,body,DuckDuckGo,win-back.campaign.subscription.settings.page.resubscribe.subtitle,,"Stay protected with our VPN, private AI, and more.\nLimited time offer.",Subtitle for resubscribe CTA for users eligible for the win-back offer.,,,true,,,apps/apple/iOS/DuckDuckGo/en.lproj/Localizable.strings,5558,https://github.com/duckduckgo/apple-browsers/blob/ef18f2a4fadcb2229879d6bb32d3afb64c78bde2/iOS/DuckDuckGo/en.lproj/Localizable.strings#L5558
iOS,body,DuckDuckGo,windows-waitlist.share-sheet.message,,"Ready to start browsing privately on Windows?

Visit this URL on your Computer to download:
https://duckduckgo.com/windows",Message used when sharing to iMessage,,,true,,,apps/apple/iOS/DuckDuckGo/en.lproj/Localizable.strings,5567,https://github.com/duckduckgo/apple-browsers/blob/ef18f2a4fadcb2229879d6bb32d3afb64c78bde2/iOS/DuckDuckGo/en.lproj/Localizable.strings#L5567
iOS,body,DuckDuckGo,windows-waitlist.summary,,"DuckDuckGo for Windows has what you need to browse with more privacy — private search, tracker blocking, forced encryption, and cookie pop-up blocking, plus more best-in-class protections on the way.",Summary text for the Windows browser waitlist,,,true,,,apps/apple/iOS/DuckDuckGo/en.lproj/Localizable.strings,5573,https://github.com/duckduckgo/apple-browsers/blob/ef18f2a4fadcb2229879d6bb32d3afb64c78bde2/iOS/DuckDuckGo/en.lproj/Localizable.strings#L5573
iOS,body,DuckDuckGo,youtube.ad.blocking.breakage-report.message,,Send an anonymous report to DuckDuckGo and help make ad blocking better for everyone!,Body text of the bottom sheet asking the user to send an anonymous breakage report,,,true,,,apps/apple/iOS/DuckDuckGo/en.lproj/Localizable.strings,5582,https://github.com/duckduckgo/apple-browsers/blob/ef18f2a4fadcb2229879d6bb32d3afb64c78bde2/iOS/DuckDuckGo/en.lproj/Localizable.strings#L5582
iOS,body,DuckDuckGo,youtube.ad.blocking.explanation,,"DuckDuckGo blocks video ads on YouTube, so you can watch videos without interruption.",Explanation text for YouTube Ad Blocking feature,,,true,,,apps/apple/iOS/DuckDuckGo/en.lproj/Localizable.strings,5594,https://github.com/duckduckgo/apple-browsers/blob/ef18f2a4fadcb2229879d6bb32d3afb64c78bde2/iOS/DuckDuckGo/en.lproj/Localizable.strings#L5594
iOS,body,DuckDuckGo,youtube.ad.blocking.toggle.footer,,"When on, DuckDuckGo will anonymously detect ad blocking interference or YouTube errors, to improve the experience for everyone. DuckDuckGo never sees which videos you view or any personally identifiable information.",Description shown below the YouTube ad blocking toggle,,,true,,,apps/apple/iOS/DuckDuckGo/en.lproj/Localizable.strings,5621,https://github.com/duckduckgo/apple-browsers/blob/ef18f2a4fadcb2229879d6bb32d3afb64c78bde2/iOS/DuckDuckGo/en.lproj/Localizable.strings#L5621
iOS,body,DuckDuckGo,youtube.ad.blocking.toggle.footer.learn-more,,Learn More,Learn More link appended after the YouTube ad blocking toggle description,,,true,,,apps/apple/iOS/DuckDuckGo/en.lproj/Localizable.strings,5624,https://github.com/duckduckgo/apple-browsers/blob/ef18f2a4fadcb2229879d6bb32d3afb64c78bde2/iOS/DuckDuckGo/en.lproj/Localizable.strings#L5624
iOS,body,DuckDuckGo,youtube.ad.blocking.unavailable.message,,Ad Blocking has been affected by recent changes to YouTube. We're working to fix these issues and appreciate your understanding.,Body text of the bottom sheet shown when YouTube ad blocking has been remotely disabled,,,true,,,apps/apple/iOS/DuckDuckGo/en.lproj/Localizable.strings,5630,https://github.com/duckduckgo/apple-browsers/blob/ef18f2a4fadcb2229879d6bb32d3afb64c78bde2/iOS/DuckDuckGo/en.lproj/Localizable.strings#L5630
iOS,body,DuckDuckGo,zip.content.import.type.bookmarks,,Bookmarks,Option to select to import bookmarks,,,true,,,apps/apple/iOS/DuckDuckGo/en.lproj/Localizable.strings,5636,https://github.com/duckduckgo/apple-browsers/blob/ef18f2a4fadcb2229879d6bb32d3afb64c78bde2/iOS/DuckDuckGo/en.lproj/Localizable.strings#L5636
iOS,body,DuckDuckGo,zip.content.import.type.creditCards,,Credit Cards,Option to select to import credit cards,,,true,,,apps/apple/iOS/DuckDuckGo/en.lproj/Localizable.strings,5642,https://github.com/duckduckgo/apple-browsers/blob/ef18f2a4fadcb2229879d6bb32d3afb64c78bde2/iOS/DuckDuckGo/en.lproj/Localizable.strings#L5642
iOS,body,DuckDuckGo,zip.content.import.type.passwords,,Passwords,Option to select to import passwords,,,true,,,apps/apple/iOS/DuckDuckGo/en.lproj/Localizable.strings,5645,https://github.com/duckduckgo/apple-browsers/blob/ef18f2a4fadcb2229879d6bb32d3afb64c78bde2/iOS/DuckDuckGo/en.lproj/Localizable.strings#L5645
iOS,body,DuckDuckGo,aiChat.history.download.complete.message,plural:one,%d chat downloaded,,,%d,true,,,apps/apple/iOS/DuckDuckGo/en.lproj/Localizable.stringsdict,5,https://github.com/duckduckgo/apple-browsers/blob/ef18f2a4fadcb2229879d6bb32d3afb64c78bde2/iOS/DuckDuckGo/en.lproj/Localizable.stringsdict#L5
iOS,body,DuckDuckGo,aiChat.history.download.complete.message,plural:other,%d chats downloaded,,,%d,true,,,apps/apple/iOS/DuckDuckGo/en.lproj/Localizable.stringsdict,5,https://github.com/duckduckgo/apple-browsers/blob/ef18f2a4fadcb2229879d6bb32d3afb64c78bde2/iOS/DuckDuckGo/en.lproj/Localizable.stringsdict#L5
iOS,body,DuckDuckGo,fire.confirmation.data.subtitle.withCount,plural:one,Delete from 1 site. May sign you out of accounts.,,,,true,,,apps/apple/iOS/DuckDuckGo/en.lproj/Localizable.stringsdict,53,https://github.com/duckduckgo/apple-browsers/blob/ef18f2a4fadcb2229879d6bb32d3afb64c78bde2/iOS/DuckDuckGo/en.lproj/Localizable.stringsdict#L53
iOS,body,DuckDuckGo,fire.confirmation.data.subtitle.withCount,plural:other,Delete from %d sites. May sign you out of accounts.,,,%d,true,,,apps/apple/iOS/DuckDuckGo/en.lproj/Localizable.stringsdict,53,https://github.com/duckduckgo/apple-browsers/blob/ef18f2a4fadcb2229879d6bb32d3afb64c78bde2/iOS/DuckDuckGo/en.lproj/Localizable.stringsdict#L53
iOS,body,DuckDuckGo,fire.confirmation.data.subtitle.withCount,plural:zero,None,,,,true,,,apps/apple/iOS/DuckDuckGo/en.lproj/Localizable.stringsdict,53,https://github.com/duckduckgo/apple-browsers/blob/ef18f2a4fadcb2229879d6bb32d3afb64c78bde2/iOS/DuckDuckGo/en.lproj/Localizable.stringsdict#L53
iOS,body,DuckDuckGo,fire.confirmation.tabs.subtitle.withCount,plural:one,Close %d tab,,,%d,true,,,apps/apple/iOS/DuckDuckGo/en.lproj/Localizable.stringsdict,71,https://github.com/duckduckgo/apple-browsers/blob/ef18f2a4fadcb2229879d6bb32d3afb64c78bde2/iOS/DuckDuckGo/en.lproj/Localizable.stringsdict#L71
iOS,body,DuckDuckGo,fire.confirmation.tabs.subtitle.withCount,plural:other,Close all %d tabs,,,%d,true,,,apps/apple/iOS/DuckDuckGo/en.lproj/Localizable.stringsdict,71,https://github.com/duckduckgo/apple-browsers/blob/ef18f2a4fadcb2229879d6bb32d3afb64c78bde2/iOS/DuckDuckGo/en.lproj/Localizable.stringsdict#L71
iOS,body,DuckDuckGo,fire.confirmation.tabs.subtitle.withCount,plural:zero,None,,,,true,,,apps/apple/iOS/DuckDuckGo/en.lproj/Localizable.stringsdict,71,https://github.com/duckduckgo/apple-browsers/blob/ef18f2a4fadcb2229879d6bb32d3afb64c78bde2/iOS/DuckDuckGo/en.lproj/Localizable.stringsdict#L71
iOS,body,DuckDuckGo,bookmark.deleteFolderAlert.message,plural:one,Are you sure you want to delete this folder and %d item?,,,%d,true,,,apps/apple/iOS/DuckDuckGo/en.lproj/Localizable.stringsdict,89,https://github.com/duckduckgo/apple-browsers/blob/ef18f2a4fadcb2229879d6bb32d3afb64c78bde2/iOS/DuckDuckGo/en.lproj/Localizable.stringsdict#L89
iOS,body,DuckDuckGo,bookmark.deleteFolderAlert.message,plural:other,Are you sure you want to delete this folder and %d items?,,,%d,true,,,apps/apple/iOS/DuckDuckGo/en.lproj/Localizable.stringsdict,89,https://github.com/duckduckgo/apple-browsers/blob/ef18f2a4fadcb2229879d6bb32d3afb64c78bde2/iOS/DuckDuckGo/en.lproj/Localizable.stringsdict#L89
iOS,body,DuckDuckGo,autofill.delete.all.passwords.confirmation.body,passwords.plural:other,%1$#@passwords@,,,%1$#@,true,,,apps/apple/iOS/DuckDuckGo/en.lproj/Localizable.stringsdict,321,https://github.com/duckduckgo/apple-browsers/blob/ef18f2a4fadcb2229879d6bb32d3afb64c78bde2/iOS/DuckDuckGo/en.lproj/Localizable.stringsdict#L321
iOS,body,DuckDuckGo,autofill.delete.all.passwords.confirmation.body,passwords.plural:one,%1$#@passwords@,,,%1$#@,true,,,apps/apple/iOS/DuckDuckGo/en.lproj/Localizable.stringsdict,321,https://github.com/duckduckgo/apple-browsers/blob/ef18f2a4fadcb2229879d6bb32d3afb64c78bde2/iOS/DuckDuckGo/en.lproj/Localizable.stringsdict#L321
iOS,body,DuckDuckGo,autofill.delete.all.passwords.confirmation.body,accounts.plural:other,%1$#@passwords@,,,%1$#@,true,,,apps/apple/iOS/DuckDuckGo/en.lproj/Localizable.stringsdict,321,https://github.com/duckduckgo/apple-browsers/blob/ef18f2a4fadcb2229879d6bb32d3afb64c78bde2/iOS/DuckDuckGo/en.lproj/Localizable.stringsdict#L321
iOS,body,DuckDuckGo,autofill.delete.all.passwords.confirmation.body,accounts.plural:one,%1$#@passwords@,,,%1$#@,true,,,apps/apple/iOS/DuckDuckGo/en.lproj/Localizable.stringsdict,321,https://github.com/duckduckgo/apple-browsers/blob/ef18f2a4fadcb2229879d6bb32d3afb64c78bde2/iOS/DuckDuckGo/en.lproj/Localizable.stringsdict#L321
iOS,body,DuckDuckGo,autofill.delete.all.passwords.sync.confirmation.body,passwords.plural:other,%1$#@passwords@,,,%1$#@,true,,,apps/apple/iOS/DuckDuckGo/en.lproj/Localizable.stringsdict,348,https://github.com/duckduckgo/apple-browsers/blob/ef18f2a4fadcb2229879d6bb32d3afb64c78bde2/iOS/DuckDuckGo/en.lproj/Localizable.stringsdict#L348
iOS,body,DuckDuckGo,autofill.delete.all.passwords.sync.confirmation.body,passwords.plural:one,%1$#@passwords@,,,%1$#@,true,,,apps/apple/iOS/DuckDuckGo/en.lproj/Localizable.stringsdict,348,https://github.com/duckduckgo/apple-browsers/blob/ef18f2a4fadcb2229879d6bb32d3afb64c78bde2/iOS/DuckDuckGo/en.lproj/Localizable.stringsdict#L348
iOS,body,DuckDuckGo,autofill.delete.all.passwords.sync.confirmation.body,accounts.plural:other,%1$#@passwords@,,,%1$#@,true,,,apps/apple/iOS/DuckDuckGo/en.lproj/Localizable.stringsdict,348,https://github.com/duckduckgo/apple-browsers/blob/ef18f2a4fadcb2229879d6bb32d3afb64c78bde2/iOS/DuckDuckGo/en.lproj/Localizable.stringsdict#L348
iOS,body,DuckDuckGo,autofill.delete.all.passwords.sync.confirmation.body,accounts.plural:one,%1$#@passwords@,,,%1$#@,true,,,apps/apple/iOS/DuckDuckGo/en.lproj/Localizable.stringsdict,348,https://github.com/duckduckgo/apple-browsers/blob/ef18f2a4fadcb2229879d6bb32d3afb64c78bde2/iOS/DuckDuckGo/en.lproj/Localizable.stringsdict#L348
iOS,body,DuckDuckGo,settings.fireproofed.sites.subtitle,plural:zero,%d sites excluded from clearing,,,%d,true,,,apps/apple/iOS/DuckDuckGo/en.lproj/Localizable.stringsdict,711,https://github.com/duckduckgo/apple-browsers/blob/ef18f2a4fadcb2229879d6bb32d3afb64c78bde2/iOS/DuckDuckGo/en.lproj/Localizable.stringsdict#L711
iOS,body,DuckDuckGo,settings.fireproofed.sites.subtitle,plural:one,%d site excluded from clearing,,,%d,true,,,apps/apple/iOS/DuckDuckGo/en.lproj/Localizable.stringsdict,711,https://github.com/duckduckgo/apple-browsers/blob/ef18f2a4fadcb2229879d6bb32d3afb64c78bde2/iOS/DuckDuckGo/en.lproj/Localizable.stringsdict#L711
iOS,body,DuckDuckGo,settings.fireproofed.sites.subtitle,plural:other,%d sites excluded from clearing,,,%d,true,,,apps/apple/iOS/DuckDuckGo/en.lproj/Localizable.stringsdict,711,https://github.com/duckduckgo/apple-browsers/blob/ef18f2a4fadcb2229879d6bb32d3afb64c78bde2/iOS/DuckDuckGo/en.lproj/Localizable.stringsdict#L711
iOS,body,SetDefaultBrowser,setDefaultBrowser.modal.message,,Make us your default browser so all site links open in DuckDuckGo.,,,,true,,,apps/apple/iOS/LocalPackages/SetDefaultBrowser/Sources/SetDefaultBrowserUI/Resources/en.lproj/Localizable.strings,2,https://github.com/duckduckgo/apple-browsers/blob/ef18f2a4fadcb2229879d6bb32d3afb64c78bde2/iOS/LocalPackages/SetDefaultBrowser/Sources/SetDefaultBrowserUI/Resources/en.lproj/Localizable.strings#L2
iOS,body,SitePermissions,sitePermissions.dialog.location.duckduckgo-serp.body,,"We’ll anonymize your location and use it to deliver better results, closer to you.",Explanation shown when DuckDuckGo search results ask to use location. Copy requires review.,,,true,,,apps/apple/iOS/LocalPackages/SitePermissions/Sources/SitePermissions/Resources/en.lproj/Localizable.strings,17,https://github.com/duckduckgo/apple-browsers/blob/ef18f2a4fadcb2229879d6bb32d3afb64c78bde2/iOS/LocalPackages/SitePermissions/Sources/SitePermissions/Resources/en.lproj/Localizable.strings#L17
iOS,body,SitePermissions,sitePermissions.management.reload-caption,,Reload the page for changes to take effect.,Caption below on-site permission rows explaining when changes apply.,,,true,,,apps/apple/iOS/LocalPackages/SitePermissions/Sources/SitePermissions/Resources/en.lproj/Localizable.strings,62,https://github.com/duckduckgo/apple-browsers/blob/ef18f2a4fadcb2229879d6bb32d3afb64c78bde2/iOS/LocalPackages/SitePermissions/Sources/SitePermissions/Resources/en.lproj/Localizable.strings#L62
iOS,body,SitePermissions,sitePermissions.management.reminder,,"DuckDuckGo needs to access your %@, if you want to use related features on this site.","Reminder shown when iOS blocks permissions a website is allowed to use. %@ is a localized list of camera, location, or microphone names. Copy requires review.",,%@,true,,,apps/apple/iOS/LocalPackages/SitePermissions/Sources/SitePermissions/Resources/en.lproj/Localizable.strings,65,https://github.com/duckduckgo/apple-browsers/blob/ef18f2a4fadcb2229879d6bb32d3afb64c78bde2/iOS/LocalPackages/SitePermissions/Sources/SitePermissions/Resources/en.lproj/Localizable.strings#L65
iOS,body,SitePermissions,sitePermissions.recovery.reminder.camera-and-microphone.body,,Camera and microphone permissions are needed if you want to use related features on this site.,Body of the reminder shown when both iOS camera and microphone access are blocked. The combined wording requires copy review.,,,true,,,apps/apple/iOS/LocalPackages/SitePermissions/Sources/SitePermissions/Resources/en.lproj/Localizable.strings,83,https://github.com/duckduckgo/apple-browsers/blob/ef18f2a4fadcb2229879d6bb32d3afb64c78bde2/iOS/LocalPackages/SitePermissions/Sources/SitePermissions/Resources/en.lproj/Localizable.strings#L83
iOS,body,SitePermissions,sitePermissions.recovery.reminder.camera.body,,Camera permissions are needed if you want to use camera features on this site.,Body of the reminder shown when iOS camera access is blocked.,,,true,,,apps/apple/iOS/LocalPackages/SitePermissions/Sources/SitePermissions/Resources/en.lproj/Localizable.strings,89,https://github.com/duckduckgo/apple-browsers/blob/ef18f2a4fadcb2229879d6bb32d3afb64c78bde2/iOS/LocalPackages/SitePermissions/Sources/SitePermissions/Resources/en.lproj/Localizable.strings#L89
iOS,body,SitePermissions,sitePermissions.recovery.reminder.location.body,,Location permissions are needed if you want to use location features on this site.,Body of the reminder shown when iOS location access is blocked.,,,true,,,apps/apple/iOS/LocalPackages/SitePermissions/Sources/SitePermissions/Resources/en.lproj/Localizable.strings,101,https://github.com/duckduckgo/apple-browsers/blob/ef18f2a4fadcb2229879d6bb32d3afb64c78bde2/iOS/LocalPackages/SitePermissions/Sources/SitePermissions/Resources/en.lproj/Localizable.strings#L101
iOS,body,SitePermissions,sitePermissions.recovery.reminder.microphone.body,,Microphone permissions are needed if you want to use microphone features on this site.,Body of the reminder shown when iOS microphone access is blocked.,,,true,,,apps/apple/iOS/LocalPackages/SitePermissions/Sources/SitePermissions/Resources/en.lproj/Localizable.strings,107,https://github.com/duckduckgo/apple-browsers/blob/ef18f2a4fadcb2229879d6bb32d3afb64c78bde2/iOS/LocalPackages/SitePermissions/Sources/SitePermissions/Resources/en.lproj/Localizable.strings#L107
iOS,body,SitePermissions,sitePermissions.voice-chat.reminder.body,,Microphone permissions are needed if you want to use Voice Chat in Duck.ai.,Body of the reminder shown when iOS microphone access for Duck.ai Voice Chat is blocked.,,,true,,,apps/apple/iOS/LocalPackages/SitePermissions/Sources/SitePermissions/Resources/en.lproj/Localizable.strings,125,https://github.com/duckduckgo/apple-browsers/blob/ef18f2a4fadcb2229879d6bb32d3afb64c78bde2/iOS/LocalPackages/SitePermissions/Sources/SitePermissions/Resources/en.lproj/Localizable.strings#L125
iOS,body,SitePermissions,sitePermissions.voice-search.reminder.body,,Microphone permissions are needed if you want to use our Private Voice Search.,Body of the reminder shown when iOS microphone access for Voice Search is blocked.,,,true,,,apps/apple/iOS/LocalPackages/SitePermissions/Sources/SitePermissions/Resources/en.lproj/Localizable.strings,128,https://github.com/duckduckgo/apple-browsers/blob/ef18f2a4fadcb2229879d6bb32d3afb64c78bde2/iOS/LocalPackages/SitePermissions/Sources/SitePermissions/Resources/en.lproj/Localizable.strings#L128
iOS,body,SitePermissions,sitePermissions.voice-search.settings-reminder.body,,Microphone permissions are needed if you want to use our private voice features.,Body of the reminder shown when enabling Private Voice Search in Settings while iOS microphone access is blocked.,,,true,,,apps/apple/iOS/LocalPackages/SitePermissions/Sources/SitePermissions/Resources/en.lproj/Localizable.strings,137,https://github.com/duckduckgo/apple-browsers/blob/ef18f2a4fadcb2229879d6bb32d3afb64c78bde2/iOS/LocalPackages/SitePermissions/Sources/SitePermissions/Resources/en.lproj/Localizable.strings#L137
iOS,body,SyncUI-iOS,auto.restore.ready.description,,"Resume your Sync & Backup session to restore your bookmarks, passwords, and more, or continue with a new setup.",Auto-Restore Ready Sheet - Description,,,true,,,apps/apple/iOS/LocalPackages/SyncUI-iOS/Sources/SyncUI-iOS/Resources/en.lproj/Localizable.strings,2,https://github.com/duckduckgo/apple-browsers/blob/ef18f2a4fadcb2229879d6bb32d3afb64c78bde2/iOS/LocalPackages/SyncUI-iOS/Sources/SyncUI-iOS/Resources/en.lproj/Localizable.strings#L2
iOS,body,SyncUI-iOS,auto.restore.screen.description,,"If you reinstall the DuckDuckGo app, we'll ask if you want to restore your data on this device.",Auto-Restore Screen - Description,,,true,,,apps/apple/iOS/LocalPackages/SyncUI-iOS/Sources/SyncUI-iOS/Resources/en.lproj/Localizable.strings,14,https://github.com/duckduckgo/apple-browsers/blob/ef18f2a4fadcb2229879d6bb32d3afb64c78bde2/iOS/LocalPackages/SyncUI-iOS/Sources/SyncUI-iOS/Resources/en.lproj/Localizable.strings#L14
iOS,body,SyncUI-iOS,camera.permission.instructions,,Please go to your device's settings and grant permission for this app to access your camera.,Camera View - Permission Instructions,,,true,,,apps/apple/iOS/LocalPackages/SyncUI-iOS/Sources/SyncUI-iOS/Resources/en.lproj/Localizable.strings,44,https://github.com/duckduckgo/apple-browsers/blob/ef18f2a4fadcb2229879d6bb32d3afb64c78bde2/iOS/LocalPackages/SyncUI-iOS/Sources/SyncUI-iOS/Resources/en.lproj/Localizable.strings#L44
iOS,body,SyncUI-iOS,fetch.favicons.onboarding.message,,Do you want this device to automatically download icons for any new bookmarks synced from your other devices? This will expose the download to your network any time a bookmark is synced.,Fetch Favicons Onboarding - Message,,,true,,,apps/apple/iOS/LocalPackages/SyncUI-iOS/Sources/SyncUI-iOS/Resources/en.lproj/Localizable.strings,74,https://github.com/duckduckgo/apple-browsers/blob/ef18f2a4fadcb2229879d6bb32d3afb64c78bde2/iOS/LocalPackages/SyncUI-iOS/Sources/SyncUI-iOS/Resources/en.lproj/Localizable.strings#L74
iOS,body,SyncUI-iOS,recover.synced.data.sheet.description,,You’ll need the Recovery Code you got when you set up Sync & Backup. You may have saved it as a PDF on the device you used.,Recover Synced Data Sheet - Description,,,true,,,apps/apple/iOS/LocalPackages/SyncUI-iOS/Sources/SyncUI-iOS/Resources/en.lproj/Localizable.strings,95,https://github.com/duckduckgo/apple-browsers/blob/ef18f2a4fadcb2229879d6bb32d3afb64c78bde2/iOS/LocalPackages/SyncUI-iOS/Sources/SyncUI-iOS/Resources/en.lproj/Localizable.strings#L95
iOS,body,SyncUI-iOS,recovering.data.description,,"Reconnecting to sync your bookmarks, saved logins, and other devices.",Recovering Data Sheet - Description,,,true,,,apps/apple/iOS/LocalPackages/SyncUI-iOS/Sources/SyncUI-iOS/Resources/en.lproj/Localizable.strings,101,https://github.com/duckduckgo/apple-browsers/blob/ef18f2a4fadcb2229879d6bb32d3afb64c78bde2/iOS/LocalPackages/SyncUI-iOS/Sources/SyncUI-iOS/Resources/en.lproj/Localizable.strings#L101
iOS,body,SyncUI-iOS,remove.device.message,,"""%@"" will no longer be able to access your synced data.",Remove Device View - Message,,%@,true,,,apps/apple/iOS/LocalPackages/SyncUI-iOS/Sources/SyncUI-iOS/Resources/en.lproj/Localizable.strings,113,https://github.com/duckduckgo/apple-browsers/blob/ef18f2a4fadcb2229879d6bb32d3afb64c78bde2/iOS/LocalPackages/SyncUI-iOS/Sources/SyncUI-iOS/Resources/en.lproj/Localizable.strings#L113
iOS,body,SyncUI-iOS,sync.get.other.devices.card.message,,"To download DuckDuckGo on desktop or another mobile device, visit:",Message before share link for downloading DuckDuckGo on other devices,,,true,,,apps/apple/iOS/LocalPackages/SyncUI-iOS/Sources/SyncUI-iOS/Resources/en.lproj/Localizable.strings,122,https://github.com/duckduckgo/apple-browsers/blob/ef18f2a4fadcb2229879d6bb32d3afb64c78bde2/iOS/LocalPackages/SyncUI-iOS/Sources/SyncUI-iOS/Resources/en.lproj/Localizable.strings#L122
iOS,body,SyncUI-iOS,sync.get.other.devices.share.link.message,,Install the DuckDuckGo browser on your devices to start securely syncing your bookmarks and autofill data:,Message included when sharing a url via the system share sheet,,,true,,,apps/apple/iOS/LocalPackages/SyncUI-iOS/Sources/SyncUI-iOS/Resources/en.lproj/Localizable.strings,131,https://github.com/duckduckgo/apple-browsers/blob/ef18f2a4fadcb2229879d6bb32d3afb64c78bde2/iOS/LocalPackages/SyncUI-iOS/Sources/SyncUI-iOS/Resources/en.lproj/Localizable.strings#L131
iOS,body,SyncUI-iOS,sync.passcode.required.alert.message,,A device password is required to use Sync & Backup.,Sync passcode required alert - message,,,true,,,apps/apple/iOS/LocalPackages/SyncUI-iOS/Sources/SyncUI-iOS/Resources/en.lproj/Localizable.strings,137,https://github.com/duckduckgo/apple-browsers/blob/ef18f2a4fadcb2229879d6bb32d3afb64c78bde2/iOS/LocalPackages/SyncUI-iOS/Sources/SyncUI-iOS/Resources/en.lproj/Localizable.strings#L137
iOS,body,SyncUI-iOS,sync.simplified.another.device.v2.body,,We’ll help you sync your devices.,Body on the sync-setup prompt explaining the sync-another-device option,,,true,,,apps/apple/iOS/LocalPackages/SyncUI-iOS/Sources/SyncUI-iOS/Resources/en.lproj/Localizable.strings,146,https://github.com/duckduckgo/apple-browsers/blob/ef18f2a4fadcb2229879d6bb32d3afb64c78bde2/iOS/LocalPackages/SyncUI-iOS/Sources/SyncUI-iOS/Resources/en.lproj/Localizable.strings#L146
iOS,body,SyncUI-iOS,sync.simplified.bookmarks.section.fetch-favicons.caption,,Loads icons from websites you've bookmarked. Icon downloads are exposed to your network.,Caption displayed on 'auto-download bookmarks icons' toggle.,,,true,,,apps/apple/iOS/LocalPackages/SyncUI-iOS/Sources/SyncUI-iOS/Resources/en.lproj/Localizable.strings,152,https://github.com/duckduckgo/apple-browsers/blob/ef18f2a4fadcb2229879d6bb32d3afb64c78bde2/iOS/LocalPackages/SyncUI-iOS/Sources/SyncUI-iOS/Resources/en.lproj/Localizable.strings#L152
iOS,body,SyncUI-iOS,sync.simplified.bookmarks.section.unified-favorites.caption,,Use the same favorite bookmarks on mobile and desktop.,Caption displayed on 'unify favorites' toggle.,,,true,,,apps/apple/iOS/LocalPackages/SyncUI-iOS/Sources/SyncUI-iOS/Resources/en.lproj/Localizable.strings,161,https://github.com/duckduckgo/apple-browsers/blob/ef18f2a4fadcb2229879d6bb32d3afb64c78bde2/iOS/LocalPackages/SyncUI-iOS/Sources/SyncUI-iOS/Resources/en.lproj/Localizable.strings#L161
iOS,body,SyncUI-iOS,sync.simplified.device.added.v2.description,,Use this code to restore your data if you lose access to your devices. Keep it safe.,Description on the device-added success screen explaining what the recovery code is for,,,true,,,apps/apple/iOS/LocalPackages/SyncUI-iOS/Sources/SyncUI-iOS/Resources/en.lproj/Localizable.strings,176,https://github.com/duckduckgo/apple-browsers/blob/ef18f2a4fadcb2229879d6bb32d3afb64c78bde2/iOS/LocalPackages/SyncUI-iOS/Sources/SyncUI-iOS/Resources/en.lproj/Localizable.strings#L176
iOS,body,SyncUI-iOS,sync.simplified.enabled.header.message,,"Your bookmarks, autofill data, and Duck.ai chats are being synced and backed up with end-to-end encryption.",Description shown when Sync & Backup is enabled (when AI chat sync is available),,,true,,,apps/apple/iOS/LocalPackages/SyncUI-iOS/Sources/SyncUI-iOS/Resources/en.lproj/Localizable.strings,194,https://github.com/duckduckgo/apple-browsers/blob/ef18f2a4fadcb2229879d6bb32d3afb64c78bde2/iOS/LocalPackages/SyncUI-iOS/Sources/SyncUI-iOS/Resources/en.lproj/Localizable.strings#L194
iOS,body,SyncUI-iOS,sync.simplified.enabled.header.message.basic,,Your bookmarks and autofill data are being synced with end-to-end encryption.,Description shown when Sync & Backup is enabled,,,true,,,apps/apple/iOS/LocalPackages/SyncUI-iOS/Sources/SyncUI-iOS/Resources/en.lproj/Localizable.strings,197,https://github.com/duckduckgo/apple-browsers/blob/ef18f2a4fadcb2229879d6bb32d3afb64c78bde2/iOS/LocalPackages/SyncUI-iOS/Sources/SyncUI-iOS/Resources/en.lproj/Localizable.strings#L197
iOS,body,SyncUI-iOS,sync.simplified.enter.code.open.app,,Open your other %@,"First part of the enter-code instructions. %@ is replaced by the DuckDuckGo app name (e.g. “DuckDuckGo App”), shown with the DuckDuckGo icon before it.",,%@,true,,,apps/apple/iOS/LocalPackages/SyncUI-iOS/Sources/SyncUI-iOS/Resources/en.lproj/Localizable.strings,206,https://github.com/duckduckgo/apple-browsers/blob/ef18f2a4fadcb2229879d6bb32d3afb64c78bde2/iOS/LocalPackages/SyncUI-iOS/Sources/SyncUI-iOS/Resources/en.lproj/Localizable.strings#L206
iOS,body,SyncUI-iOS,sync.simplified.enter.code.steps,,Go to **Sync & Backup** › **Sync With Another Device** › **Copy Text Code**.,Second part of the enter-code instructions. **...** marks the parts shown in the primary text color.,,,true,,,apps/apple/iOS/LocalPackages/SyncUI-iOS/Sources/SyncUI-iOS/Resources/en.lproj/Localizable.strings,212,https://github.com/duckduckgo/apple-browsers/blob/ef18f2a4fadcb2229879d6bb32d3afb64c78bde2/iOS/LocalPackages/SyncUI-iOS/Sources/SyncUI-iOS/Resources/en.lproj/Localizable.strings#L212
iOS,body,SyncUI-iOS,sync.simplified.header.message.basic.v2,,"Sync your autofill data and bookmarks, end-to-end encrypted across your DuckDuckGo apps.",Description of the Sync & Backup feature,,,true,,,apps/apple/iOS/LocalPackages/SyncUI-iOS/Sources/SyncUI-iOS/Resources/en.lproj/Localizable.strings,224,https://github.com/duckduckgo/apple-browsers/blob/ef18f2a4fadcb2229879d6bb32d3afb64c78bde2/iOS/LocalPackages/SyncUI-iOS/Sources/SyncUI-iOS/Resources/en.lproj/Localizable.strings#L224
iOS,body,SyncUI-iOS,sync.simplified.header.message.v2,,"Sync and back up your autofill data, bookmarks, and Duck.ai chats, end-to-end encrypted across your DuckDuckGo apps.",Description of the Sync & Backup feature (when AI chat sync is available),,,true,,,apps/apple/iOS/LocalPackages/SyncUI-iOS/Sources/SyncUI-iOS/Resources/en.lproj/Localizable.strings,227,https://github.com/duckduckgo/apple-browsers/blob/ef18f2a4fadcb2229879d6bb32d3afb64c78bde2/iOS/LocalPackages/SyncUI-iOS/Sources/SyncUI-iOS/Resources/en.lproj/Localizable.strings#L227
iOS,body,SyncUI-iOS,sync.simplified.manage.device.remove.footer,,This device will no longer be able to access your synced data if you remove it.,Footer caption shown under the Remove Device button on the manage device screen,,,true,,,apps/apple/iOS/LocalPackages/SyncUI-iOS/Sources/SyncUI-iOS/Resources/en.lproj/Localizable.strings,233,https://github.com/duckduckgo/apple-browsers/blob/ef18f2a4fadcb2229879d6bb32d3afb64c78bde2/iOS/LocalPackages/SyncUI-iOS/Sources/SyncUI-iOS/Resources/en.lproj/Localizable.strings#L233
iOS,body,SyncUI-iOS,sync.simplified.manage.device.turn.off.footer,,This device will no longer be able to access your synced data if this is turned off.,Footer caption shown under the Sync & Backup This Device toggle on the manage this device screen,,,true,,,apps/apple/iOS/LocalPackages/SyncUI-iOS/Sources/SyncUI-iOS/Resources/en.lproj/Localizable.strings,239,https://github.com/duckduckgo/apple-browsers/blob/ef18f2a4fadcb2229879d6bb32d3afb64c78bde2/iOS/LocalPackages/SyncUI-iOS/Sources/SyncUI-iOS/Resources/en.lproj/Localizable.strings#L239
iOS,body,SyncUI-iOS,sync.simplified.recovery.complete.v2.description,,End-to-end encrypted on all your devices.,Description on the success screen shown after synced data has been recovered on this device,,,true,,,apps/apple/iOS/LocalPackages/SyncUI-iOS/Sources/SyncUI-iOS/Resources/en.lproj/Localizable.strings,254,https://github.com/duckduckgo/apple-browsers/blob/ef18f2a4fadcb2229879d6bb32d3afb64c78bde2/iOS/LocalPackages/SyncUI-iOS/Sources/SyncUI-iOS/Resources/en.lproj/Localizable.strings#L254
iOS,body,SyncUI-iOS,sync.simplified.recovery.section.footer,,Use this code to restore your data if you lose access to this device. Sync & Backup data can’t be recovered after 18 months of inactivity. [Learn More](%@),Sync settings data recovery section footer. %@ is replaced with the URL.,,%@,true,,,apps/apple/iOS/LocalPackages/SyncUI-iOS/Sources/SyncUI-iOS/Resources/en.lproj/Localizable.strings,260,https://github.com/duckduckgo/apple-browsers/blob/ef18f2a4fadcb2229879d6bb32d3afb64c78bde2/iOS/LocalPackages/SyncUI-iOS/Sources/SyncUI-iOS/Resources/en.lproj/Localizable.strings#L260
iOS,body,SyncUI-iOS,sync.simplified.scan-or-view-code.copy-confirmation.message,,Come back to this device after pasting the code.,Message of the reminder shown after the user copies the sync code.,,,true,,,apps/apple/iOS/LocalPackages/SyncUI-iOS/Sources/SyncUI-iOS/Resources/en.lproj/Localizable.strings,269,https://github.com/duckduckgo/apple-browsers/blob/ef18f2a4fadcb2229879d6bb32d3afb64c78bde2/iOS/LocalPackages/SyncUI-iOS/Sources/SyncUI-iOS/Resources/en.lproj/Localizable.strings#L269
iOS,body,SyncUI-iOS,sync.simplified.scan.v2.qr.open.app,,Open %@,"First part of the scan-QR instructions. %@ is replaced by the DuckDuckGo desktop app name (e.g. “DuckDuckGo for Desktop”), shown with the DuckDuckGo icon before it.",,%@,true,,,apps/apple/iOS/LocalPackages/SyncUI-iOS/Sources/SyncUI-iOS/Resources/en.lproj/Localizable.strings,290,https://github.com/duckduckgo/apple-browsers/blob/ef18f2a4fadcb2229879d6bb32d3afb64c78bde2/iOS/LocalPackages/SyncUI-iOS/Sources/SyncUI-iOS/Resources/en.lproj/Localizable.strings#L290
iOS,body,SyncUI-iOS,sync.simplified.scan.v2.qr.steps,,and go to **Sync & Backup** › **Sync With Another Device**,Second part of the scan-QR instructions. **...** marks the parts shown in the primary text color.,,,true,,,apps/apple/iOS/LocalPackages/SyncUI-iOS/Sources/SyncUI-iOS/Resources/en.lproj/Localizable.strings,296,https://github.com/duckduckgo/apple-browsers/blob/ef18f2a4fadcb2229879d6bb32d3afb64c78bde2/iOS/LocalPackages/SyncUI-iOS/Sources/SyncUI-iOS/Resources/en.lproj/Localizable.strings#L296
iOS,body,SyncUI-iOS,sync.simplified.sync.code.sheet.open.app,,"On another device, open %@","First part of the sync-code sheet instructions. %@ is replaced by the DuckDuckGo app name (e.g. “DuckDuckGo App”), shown with the DuckDuckGo icon before it.",,%@,true,,,apps/apple/iOS/LocalPackages/SyncUI-iOS/Sources/SyncUI-iOS/Resources/en.lproj/Localizable.strings,314,https://github.com/duckduckgo/apple-browsers/blob/ef18f2a4fadcb2229879d6bb32d3afb64c78bde2/iOS/LocalPackages/SyncUI-iOS/Sources/SyncUI-iOS/Resources/en.lproj/Localizable.strings#L314
iOS,body,SyncUI-iOS,sync.simplified.sync.code.sheet.scan,,Go to **Sync & Backup** › **Sync With Another Device** and scan this code:,Second part of the sync-code sheet instructions. **...** marks the parts shown in the primary text color.,,,true,,,apps/apple/iOS/LocalPackages/SyncUI-iOS/Sources/SyncUI-iOS/Resources/en.lproj/Localizable.strings,317,https://github.com/duckduckgo/apple-browsers/blob/ef18f2a4fadcb2229879d6bb32d3afb64c78bde2/iOS/LocalPackages/SyncUI-iOS/Sources/SyncUI-iOS/Resources/en.lproj/Localizable.strings#L317
iOS,body,SyncUI-iOS,sync.warning.data.syncing.disabled,,"Sorry, but Sync & Backup is currently unavailable. Please try again later.",Data syncing unavailable warning message,,,true,,,apps/apple/iOS/LocalPackages/SyncUI-iOS/Sources/SyncUI-iOS/Resources/en.lproj/Localizable.strings,335,https://github.com/duckduckgo/apple-browsers/blob/ef18f2a4fadcb2229879d6bb32d3afb64c78bde2/iOS/LocalPackages/SyncUI-iOS/Sources/SyncUI-iOS/Resources/en.lproj/Localizable.strings#L335
iOS,body,SyncUI-iOS,sync.warning.data.syncing.disabled.upgrade.required,,"Sorry, but Sync & Backup is no longer available in this app version. Please update DuckDuckGo to the latest version to continue.",Data syncing unavailable warning message,,,true,,,apps/apple/iOS/LocalPackages/SyncUI-iOS/Sources/SyncUI-iOS/Resources/en.lproj/Localizable.strings,338,https://github.com/duckduckgo/apple-browsers/blob/ef18f2a4fadcb2229879d6bb32d3afb64c78bde2/iOS/LocalPackages/SyncUI-iOS/Sources/SyncUI-iOS/Resources/en.lproj/Localizable.strings#L338
iOS,body,SyncUI-iOS,sync.warning.sync.unavailable,,Sync & Backup is Unavailable,Title of the warning message,,,true,,,apps/apple/iOS/LocalPackages/SyncUI-iOS/Sources/SyncUI-iOS/Resources/en.lproj/Localizable.strings,341,https://github.com/duckduckgo/apple-browsers/blob/ef18f2a4fadcb2229879d6bb32d3afb64c78bde2/iOS/LocalPackages/SyncUI-iOS/Sources/SyncUI-iOS/Resources/en.lproj/Localizable.strings#L341
iOS,body,Widgets,intent.vpn.needs.to.be.enabled.from.app,,You need to enable the VPN from the DuckDuckGo App.,"Message that comes up when trying to enable the VPN from intents, asking the user to enable it from the app so it's configured",,,true,,,apps/apple/iOS/Widgets/en.lproj/Localizable.strings,2,https://github.com/duckduckgo/apple-browsers/blob/ef18f2a4fadcb2229879d6bb32d3afb64c78bde2/iOS/Widgets/en.lproj/Localizable.strings#L2
iOS,body,Widgets,lock.screen.widget.aichat.description,,Quickly start a new AI chat in Duck.ai,Description shown to the user when adding the Duck.ai lock screen widget,,,true,,,apps/apple/iOS/Widgets/en.lproj/Localizable.strings,5,https://github.com/duckduckgo/apple-browsers/blob/ef18f2a4fadcb2229879d6bb32d3afb64c78bde2/iOS/Widgets/en.lproj/Localizable.strings#L5
iOS,body,Widgets,lock.screen.widget.email.description,,Instantly generate a new private Duck Address.,Description shown to the user when adding the Email Protection lock screen widget,,,true,,,apps/apple/iOS/Widgets/en.lproj/Localizable.strings,11,https://github.com/duckduckgo/apple-browsers/blob/ef18f2a4fadcb2229879d6bb32d3afb64c78bde2/iOS/Widgets/en.lproj/Localizable.strings#L11
iOS,body,Widgets,lock.screen.widget.favorites.description,,Quickly open your favorite websites with a tap.,Description shown to the user when adding the Search lock screen widget,,,true,,,apps/apple/iOS/Widgets/en.lproj/Localizable.strings,17,https://github.com/duckduckgo/apple-browsers/blob/ef18f2a4fadcb2229879d6bb32d3afb64c78bde2/iOS/Widgets/en.lproj/Localizable.strings#L17
iOS,body,Widgets,lock.screen.widget.fire.description,,Instantly delete your browsing history and start a new private search in DuckDuckGo.,Description shown to the user when adding the Fire Button lock screen widget,,,true,,,apps/apple/iOS/Widgets/en.lproj/Localizable.strings,23,https://github.com/duckduckgo/apple-browsers/blob/ef18f2a4fadcb2229879d6bb32d3afb64c78bde2/iOS/Widgets/en.lproj/Localizable.strings#L23
iOS,body,Widgets,lock.screen.widget.passwords.description,,Quickly search your saved DuckDuckGo passwords.,Description shown to the user when adding the Search Passwords lock screen widget,,,true,,,apps/apple/iOS/Widgets/en.lproj/Localizable.strings,29,https://github.com/duckduckgo/apple-browsers/blob/ef18f2a4fadcb2229879d6bb32d3afb64c78bde2/iOS/Widgets/en.lproj/Localizable.strings#L29
iOS,body,Widgets,lock.screen.widget.search.description,,Instantly start a private search in DuckDuckGo.,Description shown to the user when adding the Search lock screen widget,,,true,,,apps/apple/iOS/Widgets/en.lproj/Localizable.strings,35,https://github.com/duckduckgo/apple-browsers/blob/ef18f2a4fadcb2229879d6bb32d3afb64c78bde2/iOS/Widgets/en.lproj/Localizable.strings#L35
iOS,body,Widgets,lock.screen.widget.voice.description,,Instantly start a new private voice search in DuckDuckGo.,Description shown to the user when adding the Voice Search lock screen widget,,,true,,,apps/apple/iOS/Widgets/en.lproj/Localizable.strings,41,https://github.com/duckduckgo/apple-browsers/blob/ef18f2a4fadcb2229879d6bb32d3afb64c78bde2/iOS/Widgets/en.lproj/Localizable.strings#L41
iOS,body,Widgets,lock.screen.widget.voicechat.description,,Quickly start a new voice chat in Duck.ai,Description shown to the user when adding the Duck.ai Voice lock screen widget,,,true,,,apps/apple/iOS/Widgets/en.lproj/Localizable.strings,47,https://github.com/duckduckgo/apple-browsers/blob/ef18f2a4fadcb2229879d6bb32d3afb64c78bde2/iOS/Widgets/en.lproj/Localizable.strings#L47
iOS,body,Widgets,vpn.control.widget.connecting,,Connecting...,Description for the control widget when connecting,,,true,,,apps/apple/iOS/Widgets/en.lproj/Localizable.strings,53,https://github.com/duckduckgo/apple-browsers/blob/ef18f2a4fadcb2229879d6bb32d3afb64c78bde2/iOS/Widgets/en.lproj/Localizable.strings#L53
iOS,body,Widgets,vpn.control.widget.disconnecting,,Disconnecting...,Description for the control widget when disconnecting,,,true,,,apps/apple/iOS/Widgets/en.lproj/Localizable.strings,56,https://github.com/duckduckgo/apple-browsers/blob/ef18f2a4fadcb2229879d6bb32d3afb64c78bde2/iOS/Widgets/en.lproj/Localizable.strings#L56
iOS,body,Widgets,vpn.control.widget.location-unknown,,Unknown Location,Description for the control widget when the location is unknown,,,true,,,apps/apple/iOS/Widgets/en.lproj/Localizable.strings,59,https://github.com/duckduckgo/apple-browsers/blob/ef18f2a4fadcb2229879d6bb32d3afb64c78bde2/iOS/Widgets/en.lproj/Localizable.strings#L59
iOS,body,Widgets,vpn.control.widget.not-connected,,Not Connected,Description for the control widget when not connected,,,true,,,apps/apple/iOS/Widgets/en.lproj/Localizable.strings,62,https://github.com/duckduckgo/apple-browsers/blob/ef18f2a4fadcb2229879d6bb32d3afb64c78bde2/iOS/Widgets/en.lproj/Localizable.strings#L62
iOS,body,Widgets,widget.gallery.customshortcuts.description,,Pick shortcuts to your favorite actions.,Description of quickActions widget in widget gallery,,,true,,,apps/apple/iOS/Widgets/en.lproj/Localizable.strings,71,https://github.com/duckduckgo/apple-browsers/blob/ef18f2a4fadcb2229879d6bb32d3afb64c78bde2/iOS/Widgets/en.lproj/Localizable.strings#L71
iOS,body,Widgets,widget.gallery.customshortcuts.edit.description,,Choose your shortcuts,Description for editing custom shortcuts,,,true,,,apps/apple/iOS/Widgets/en.lproj/Localizable.strings,77,https://github.com/duckduckgo/apple-browsers/blob/ef18f2a4fadcb2229879d6bb32d3afb64c78bde2/iOS/Widgets/en.lproj/Localizable.strings#L77
iOS,body,Widgets,widget.gallery.passwords.description,,Quickly search your saved DuckDuckGo passwords.,Description of search passwords widget in widget gallery,,,true,,,apps/apple/iOS/Widgets/en.lproj/Localizable.strings,101,https://github.com/duckduckgo/apple-browsers/blob/ef18f2a4fadcb2229879d6bb32d3afb64c78bde2/iOS/Widgets/en.lproj/Localizable.strings#L101
iOS,body,Widgets,widget.gallery.search.and.favorites.description,,Search or visit your favorite sites privately with just one tap.,Description of search and favorites widget in widget gallery,,,true,,,apps/apple/iOS/Widgets/en.lproj/Localizable.strings,107,https://github.com/duckduckgo/apple-browsers/blob/ef18f2a4fadcb2229879d6bb32d3afb64c78bde2/iOS/Widgets/en.lproj/Localizable.strings#L107
iOS,body,Widgets,widget.gallery.search.description,,Quickly launch a private search in DuckDuckGo.,Description of search only widget in widget gallery,,,true,,,apps/apple/iOS/Widgets/en.lproj/Localizable.strings,113,https://github.com/duckduckgo/apple-browsers/blob/ef18f2a4fadcb2229879d6bb32d3afb64c78bde2/iOS/Widgets/en.lproj/Localizable.strings#L113
iOS,body,Widgets,widget.gallery.vpn.description,,View and manage your VPN connection. Requires a DuckDuckGo subscription.,Description of VPN widget in widget gallery,,,true,,,apps/apple/iOS/Widgets/en.lproj/Localizable.strings,119,https://github.com/duckduckgo/apple-browsers/blob/ef18f2a4fadcb2229879d6bb32d3afb64c78bde2/iOS/Widgets/en.lproj/Localizable.strings#L119
iOS,body,Widgets,widget.no.favorites.message,,Quickly visit your favorite sites.,Message shown in the favorites widget empty state.,,,true,,,apps/apple/iOS/Widgets/en.lproj/Localizable.strings,128,https://github.com/duckduckgo/apple-browsers/blob/ef18f2a4fadcb2229879d6bb32d3afb64c78bde2/iOS/Widgets/en.lproj/Localizable.strings#L128
iOS,body,Widgets,widget.passwords,,Search Passwords,Text in passwords widget,,,true,,,apps/apple/iOS/Widgets/en.lproj/Localizable.strings,131,https://github.com/duckduckgo/apple-browsers/blob/ef18f2a4fadcb2229879d6bb32d3afb64c78bde2/iOS/Widgets/en.lproj/Localizable.strings#L131
iOS,body,Widgets,widget.vpn.subtitle.disconnected,,Not connected,Subtitle describing VPN disconnected status,,,true,,,apps/apple/iOS/Widgets/en.lproj/Localizable.strings,197,https://github.com/duckduckgo/apple-browsers/blob/ef18f2a4fadcb2229879d6bb32d3afb64c78bde2/iOS/Widgets/en.lproj/Localizable.strings#L197
