platform,content_type,module,key,variant,text,developer_comment,context_comment,placeholders,translatable,state,internal_only,source_file,line,source_url
iOS,buttons,DuckDuckGo,action.generic.edit,,Edit,Buton label for Edit action,,,true,,,apps/apple/iOS/DuckDuckGo/en.lproj/Localizable.strings,11,https://github.com/duckduckgo/apple-browsers/blob/42b742242ce4057dd26a170b05b99f25a62099ad/iOS/DuckDuckGo/en.lproj/Localizable.strings#L11
iOS,buttons,DuckDuckGo,action.generic.show,,Show,Button label for a generic show action,,,true,,,apps/apple/iOS/DuckDuckGo/en.lproj/Localizable.strings,14,https://github.com/duckduckgo/apple-browsers/blob/42b742242ce4057dd26a170b05b99f25a62099ad/iOS/DuckDuckGo/en.lproj/Localizable.strings#L14
iOS,buttons,DuckDuckGo,action.generic.undo,,Undo,Button label for Undo action,,,true,,,apps/apple/iOS/DuckDuckGo/en.lproj/Localizable.strings,17,https://github.com/duckduckgo/apple-browsers/blob/42b742242ce4057dd26a170b05b99f25a62099ad/iOS/DuckDuckGo/en.lproj/Localizable.strings#L17
iOS,buttons,DuckDuckGo,action.manage.favorites,,Manage,Button label for managing favorites,,,true,,,apps/apple/iOS/DuckDuckGo/en.lproj/Localizable.strings,20,https://github.com/duckduckgo/apple-browsers/blob/42b742242ce4057dd26a170b05b99f25a62099ad/iOS/DuckDuckGo/en.lproj/Localizable.strings#L20
iOS,buttons,DuckDuckGo,action.ok,,OK,Button label for OK action,,,true,,,apps/apple/iOS/DuckDuckGo/en.lproj/Localizable.strings,23,https://github.com/duckduckgo/apple-browsers/blob/42b742242ce4057dd26a170b05b99f25a62099ad/iOS/DuckDuckGo/en.lproj/Localizable.strings#L23
iOS,buttons,DuckDuckGo,action.title.aiChat.hideContextualSheetButton,,Hide Bottom Sheet Shortcut,Long-press menu item on the iPad Duck.ai chrome chip that hides the bottom-sheet button half.,,,true,,,apps/apple/iOS/DuckDuckGo/en.lproj/Localizable.strings,41,https://github.com/duckduckgo/apple-browsers/blob/42b742242ce4057dd26a170b05b99f25a62099ad/iOS/DuckDuckGo/en.lproj/Localizable.strings#L41
iOS,buttons,DuckDuckGo,action.title.aiChat.hideDuckAIButton,,Hide Duck.ai Shortcut,Long-press menu item on the iPad Duck.ai chrome chip that hides the Duck.ai (open) button half.,,,true,,,apps/apple/iOS/DuckDuckGo/en.lproj/Localizable.strings,44,https://github.com/duckduckgo/apple-browsers/blob/42b742242ce4057dd26a170b05b99f25a62099ad/iOS/DuckDuckGo/en.lproj/Localizable.strings#L44
iOS,buttons,DuckDuckGo,action.title.aiChat.showContextualSheetButton,,Show Bottom Sheet Shortcut,Long-press menu item on the iPad Duck.ai chrome chip that re-shows the bottom-sheet button half.,,,true,,,apps/apple/iOS/DuckDuckGo/en.lproj/Localizable.strings,59,https://github.com/duckduckgo/apple-browsers/blob/42b742242ce4057dd26a170b05b99f25a62099ad/iOS/DuckDuckGo/en.lproj/Localizable.strings#L59
iOS,buttons,DuckDuckGo,action.title.aiChat.showDuckAIButton,,Show Duck.ai Shortcut,Long-press menu item on the iPad Duck.ai chrome chip that re-shows the Duck.ai (open) button half.,,,true,,,apps/apple/iOS/DuckDuckGo/en.lproj/Localizable.strings,62,https://github.com/duckduckgo/apple-browsers/blob/42b742242ce4057dd26a170b05b99f25a62099ad/iOS/DuckDuckGo/en.lproj/Localizable.strings#L62
iOS,buttons,DuckDuckGo,action.title.cancel,,Cancel,Cancel action - button shown in alert,,,true,,,apps/apple/iOS/DuckDuckGo/en.lproj/Localizable.strings,77,https://github.com/duckduckgo/apple-browsers/blob/42b742242ce4057dd26a170b05b99f25a62099ad/iOS/DuckDuckGo/en.lproj/Localizable.strings#L77
iOS,buttons,DuckDuckGo,action.title.forgetAllDone,,Tabs and data cleared,Confirmation message,,,true,,,apps/apple/iOS/DuckDuckGo/en.lproj/Localizable.strings,119,https://github.com/duckduckgo/apple-browsers/blob/42b742242ce4057dd26a170b05b99f25a62099ad/iOS/DuckDuckGo/en.lproj/Localizable.strings#L119
iOS,buttons,DuckDuckGo,action.title.newFireTabAction,,New Fire Tab,Create New Fire Tab action,,,true,,,apps/apple/iOS/DuckDuckGo/en.lproj/Localizable.strings,125,https://github.com/duckduckgo/apple-browsers/blob/42b742242ce4057dd26a170b05b99f25a62099ad/iOS/DuckDuckGo/en.lproj/Localizable.strings#L125
iOS,buttons,DuckDuckGo,action.title.newTabAction,,New Tab,Create New Tab action,,,true,,,apps/apple/iOS/DuckDuckGo/en.lproj/Localizable.strings,131,https://github.com/duckduckgo/apple-browsers/blob/42b742242ce4057dd26a170b05b99f25a62099ad/iOS/DuckDuckGo/en.lproj/Localizable.strings#L131
iOS,buttons,DuckDuckGo,action.title.save,,Save,Save action - button shown in alert,,,true,,,apps/apple/iOS/DuckDuckGo/en.lproj/Localizable.strings,170,https://github.com/duckduckgo/apple-browsers/blob/42b742242ce4057dd26a170b05b99f25a62099ad/iOS/DuckDuckGo/en.lproj/Localizable.strings#L170
iOS,buttons,DuckDuckGo,action.title.save.bookmark,,Add Bookmark,Add to Bookmarks action,,,true,,,apps/apple/iOS/DuckDuckGo/en.lproj/Localizable.strings,173,https://github.com/duckduckgo/apple-browsers/blob/42b742242ce4057dd26a170b05b99f25a62099ad/iOS/DuckDuckGo/en.lproj/Localizable.strings#L173
iOS,buttons,DuckDuckGo,action.title.save.favorite,,Add Favorite,Add to Favorites action,,,true,,,apps/apple/iOS/DuckDuckGo/en.lproj/Localizable.strings,176,https://github.com/duckduckgo/apple-browsers/blob/42b742242ce4057dd26a170b05b99f25a62099ad/iOS/DuckDuckGo/en.lproj/Localizable.strings#L176
iOS,buttons,DuckDuckGo,addWidget.button,,Add Widget,No comment provided by engineer.,,,true,,,apps/apple/iOS/DuckDuckGo/en.lproj/Localizable.strings,209,https://github.com/duckduckgo/apple-browsers/blob/42b742242ce4057dd26a170b05b99f25a62099ad/iOS/DuckDuckGo/en.lproj/Localizable.strings#L209
iOS,buttons,DuckDuckGo,aiChat.history.emptyState.openDuckAi,,Open Duck.ai,Primary button on the empty Duck.ai chat-history screen; opens the Duck.ai web chat.,,,true,,,apps/apple/iOS/DuckDuckGo/en.lproj/Localizable.strings,329,https://github.com/duckduckgo/apple-browsers/blob/42b742242ce4057dd26a170b05b99f25a62099ad/iOS/DuckDuckGo/en.lproj/Localizable.strings#L329
iOS,buttons,DuckDuckGo,aiChat.history.selection.deleteAll,,Delete All,Multi-select toolbar button that deletes all chats when none are individually selected.,,,true,,,apps/apple/iOS/DuckDuckGo/en.lproj/Localizable.strings,380,https://github.com/duckduckgo/apple-browsers/blob/42b742242ce4057dd26a170b05b99f25a62099ad/iOS/DuckDuckGo/en.lproj/Localizable.strings#L380
iOS,buttons,DuckDuckGo,aiChat.syncPromo.button,,Sync With Another Device,Primary button of the sync promo card shown above the Duck.ai recent chats list.,,,true,,,apps/apple/iOS/DuckDuckGo/en.lproj/Localizable.strings,422,https://github.com/duckduckgo/apple-browsers/blob/42b742242ce4057dd26a170b05b99f25a62099ad/iOS/DuckDuckGo/en.lproj/Localizable.strings#L422
iOS,buttons,DuckDuckGo,aichat.usageWarnings.action.startUsingWeeklyLimit,,Start Using Weekly Limit,Button in the Duck.ai input footer letting a paid user keep chatting on their weekly allowance after the daily one is spent,,,true,,,apps/apple/iOS/DuckDuckGo/en.lproj/Localizable.strings,470,https://github.com/duckduckgo/apple-browsers/blob/42b742242ce4057dd26a170b05b99f25a62099ad/iOS/DuckDuckGo/en.lproj/Localizable.strings#L470
iOS,buttons,DuckDuckGo,aichat.usageWarnings.action.subscribe,,Subscribe,Button in the Duck.ai input footer warning taking a user who has already used their free trial to the subscription flow,,,true,,,apps/apple/iOS/DuckDuckGo/en.lproj/Localizable.strings,473,https://github.com/duckduckgo/apple-browsers/blob/42b742242ce4057dd26a170b05b99f25a62099ad/iOS/DuckDuckGo/en.lproj/Localizable.strings#L473
iOS,buttons,DuckDuckGo,aichat.usageWarnings.action.tryForFree,,Try Subscription for Free,Button in the Duck.ai input footer warning taking a user who is still eligible for a free trial to the subscription flow,,,true,,,apps/apple/iOS/DuckDuckGo/en.lproj/Localizable.strings,479,https://github.com/duckduckgo/apple-browsers/blob/42b742242ce4057dd26a170b05b99f25a62099ad/iOS/DuckDuckGo/en.lproj/Localizable.strings#L479
iOS,buttons,DuckDuckGo,aichat.usageWarnings.dismiss.a11y,,Dismiss,Accessibility label for the button that dismisses the Duck.ai input footer warning,,,true,,,apps/apple/iOS/DuckDuckGo/en.lproj/Localizable.strings,491,https://github.com/duckduckgo/apple-browsers/blob/42b742242ce4057dd26a170b05b99f25a62099ad/iOS/DuckDuckGo/en.lproj/Localizable.strings#L491
iOS,buttons,DuckDuckGo,alert.sync-already-paired-with-account-button,,Got It,Button title for Sync error shown when both devices are already paired with the same account,,,true,,,apps/apple/iOS/DuckDuckGo/en.lproj/Localizable.strings,509,https://github.com/duckduckgo/apple-browsers/blob/42b742242ce4057dd26a170b05b99f25a62099ad/iOS/DuckDuckGo/en.lproj/Localizable.strings#L509
iOS,buttons,DuckDuckGo,alert.sync-cancelled-from-other-device-button,,Got It,Button title for Sync error shown when setup is canceled from the other device,,,true,,,apps/apple/iOS/DuckDuckGo/en.lproj/Localizable.strings,527,https://github.com/duckduckgo/apple-browsers/blob/42b742242ce4057dd26a170b05b99f25a62099ad/iOS/DuckDuckGo/en.lproj/Localizable.strings#L527
iOS,buttons,DuckDuckGo,alert.sync-new-device.button,,Sync Now,Sync Now button in alert asking if they would like to sync with another device,,,true,,,apps/apple/iOS/DuckDuckGo/en.lproj/Localizable.strings,575,https://github.com/duckduckgo/apple-browsers/blob/42b742242ce4057dd26a170b05b99f25a62099ad/iOS/DuckDuckGo/en.lproj/Localizable.strings#L575
iOS,buttons,DuckDuckGo,alert.sync-paused-alert-learn-more-button,,Learn More,Learn more button in alert,,,true,,,apps/apple/iOS/DuckDuckGo/en.lproj/Localizable.strings,584,https://github.com/duckduckgo/apple-browsers/blob/42b742242ce4057dd26a170b05b99f25a62099ad/iOS/DuckDuckGo/en.lproj/Localizable.strings#L584
iOS,buttons,DuckDuckGo,alert.sync-paused-alert-ok-button,,OK,Confirmation button in alert,,,true,,,apps/apple/iOS/DuckDuckGo/en.lproj/Localizable.strings,587,https://github.com/duckduckgo/apple-browsers/blob/42b742242ce4057dd26a170b05b99f25a62099ad/iOS/DuckDuckGo/en.lproj/Localizable.strings#L587
iOS,buttons,DuckDuckGo,alert.sync-setup-error-got-it-button,,Got It,Button title for Sync setup error alerts,,,true,,,apps/apple/iOS/DuckDuckGo/en.lproj/Localizable.strings,593,https://github.com/duckduckgo/apple-browsers/blob/42b742242ce4057dd26a170b05b99f25a62099ad/iOS/DuckDuckGo/en.lproj/Localizable.strings#L593
iOS,buttons,DuckDuckGo,alert.sync-switch-account-button,,Switch Sync,Switch account button in alert,,,true,,,apps/apple/iOS/DuckDuckGo/en.lproj/Localizable.strings,596,https://github.com/duckduckgo/apple-browsers/blob/42b742242ce4057dd26a170b05b99f25a62099ad/iOS/DuckDuckGo/en.lproj/Localizable.strings#L596
iOS,buttons,DuckDuckGo,alert.title.save.bookmark,,Save Bookmark,Save Bookmark action,,,true,,,apps/apple/iOS/DuckDuckGo/en.lproj/Localizable.strings,623,https://github.com/duckduckgo/apple-browsers/blob/42b742242ce4057dd26a170b05b99f25a62099ad/iOS/DuckDuckGo/en.lproj/Localizable.strings#L623
iOS,buttons,DuckDuckGo,alert.title.save.favorite,,Save Favorite,Save Favorite action,,,true,,,apps/apple/iOS/DuckDuckGo/en.lproj/Localizable.strings,626,https://github.com/duckduckgo/apple-browsers/blob/42b742242ce4057dd26a170b05b99f25a62099ad/iOS/DuckDuckGo/en.lproj/Localizable.strings#L626
iOS,buttons,DuckDuckGo,auth.alert.login.button,,Sign In,Authentication Alert Sign In Button,,,true,,,apps/apple/iOS/DuckDuckGo/en.lproj/Localizable.strings,662,https://github.com/duckduckgo/apple-browsers/blob/42b742242ce4057dd26a170b05b99f25a62099ad/iOS/DuckDuckGo/en.lproj/Localizable.strings#L662
iOS,buttons,DuckDuckGo,autofill.creditcard.details.delete-confirmation.button,,Delete Card,Autofill alert button confirming delete credit card,,,true,,,apps/apple/iOS/DuckDuckGo/en.lproj/Localizable.strings,740,https://github.com/duckduckgo/apple-browsers/blob/42b742242ce4057dd26a170b05b99f25a62099ad/iOS/DuckDuckGo/en.lproj/Localizable.strings#L740
iOS,buttons,DuckDuckGo,autofill.creditcard.save-prompt.dismiss-button,,Don't Save,Title for button to dismiss the save credit card details prompt,,,true,,,apps/apple/iOS/DuckDuckGo/en.lproj/Localizable.strings,791,https://github.com/duckduckgo/apple-browsers/blob/42b742242ce4057dd26a170b05b99f25a62099ad/iOS/DuckDuckGo/en.lproj/Localizable.strings#L791
iOS,buttons,DuckDuckGo,autofill.creditcard.save-prompt.save-button,,Save Card,Title for button to save credit card details,,,true,,,apps/apple/iOS/DuckDuckGo/en.lproj/Localizable.strings,794,https://github.com/duckduckgo/apple-browsers/blob/42b742242ce4057dd26a170b05b99f25a62099ad/iOS/DuckDuckGo/en.lproj/Localizable.strings#L794
iOS,buttons,DuckDuckGo,autofill.disable.prompt.action.open-settings,,Open Settings,Open Settings action for disabling autofill in Settings,,,true,,,apps/apple/iOS/DuckDuckGo/en.lproj/Localizable.strings,824,https://github.com/duckduckgo/apple-browsers/blob/42b742242ce4057dd26a170b05b99f25a62099ad/iOS/DuckDuckGo/en.lproj/Localizable.strings#L824
iOS,buttons,DuckDuckGo,autofill.extension.activation.done.button.title,,Done,Button title to dismiss the autofill extension activation view,,,true,,,apps/apple/iOS/DuckDuckGo/en.lproj/Localizable.strings,833,https://github.com/duckduckgo/apple-browsers/blob/42b742242ce4057dd26a170b05b99f25a62099ad/iOS/DuckDuckGo/en.lproj/Localizable.strings#L833
iOS,buttons,DuckDuckGo,autofill.extension.promo.button.dismiss.title,,Set up Later in Settings,Dismiss button title for the Autofill extension promotion,,,true,,,apps/apple/iOS/DuckDuckGo/en.lproj/Localizable.strings,848,https://github.com/duckduckgo/apple-browsers/blob/42b742242ce4057dd26a170b05b99f25a62099ad/iOS/DuckDuckGo/en.lproj/Localizable.strings#L848
iOS,buttons,DuckDuckGo,autofill.extension.promo.button.title,,Turn On Autofill in Other Apps,CTA button title for the Autofill extension promotion,,,true,,,apps/apple/iOS/DuckDuckGo/en.lproj/Localizable.strings,851,https://github.com/duckduckgo/apple-browsers/blob/42b742242ce4057dd26a170b05b99f25a62099ad/iOS/DuckDuckGo/en.lproj/Localizable.strings#L851
iOS,buttons,DuckDuckGo,autofill.extension.turn.off.button.title,,Turn Off in System Settings...,Button title that opens system settings to turn off the autofill extension,,,true,,,apps/apple/iOS/DuckDuckGo/en.lproj/Localizable.strings,872,https://github.com/duckduckgo/apple-browsers/blob/42b742242ce4057dd26a170b05b99f25a62099ad/iOS/DuckDuckGo/en.lproj/Localizable.strings#L872
iOS,buttons,DuckDuckGo,autofill.extension.turn.on.button.title,,Turn On...,Button title that triggers system prompt to turn on the autofill extension,,,true,,,apps/apple/iOS/DuckDuckGo/en.lproj/Localizable.strings,875,https://github.com/duckduckgo/apple-browsers/blob/42b742242ce4057dd26a170b05b99f25a62099ad/iOS/DuckDuckGo/en.lproj/Localizable.strings#L875
iOS,buttons,DuckDuckGo,autofill.import.passwords.via.sync.get-browser-button,,Get Desktop Browser,Button label to get link to download the desktop browser,,,true,,,apps/apple/iOS/DuckDuckGo/en.lproj/Localizable.strings,884,https://github.com/duckduckgo/apple-browsers/blob/42b742242ce4057dd26a170b05b99f25a62099ad/iOS/DuckDuckGo/en.lproj/Localizable.strings#L884
iOS,buttons,DuckDuckGo,autofill.import.passwords.via.sync.sync-button,,Sync With Desktop,Button label to sync passwords with desktop browser,,,true,,,apps/apple/iOS/DuckDuckGo/en.lproj/Localizable.strings,914,https://github.com/duckduckgo/apple-browsers/blob/42b742242ce4057dd26a170b05b99f25a62099ad/iOS/DuckDuckGo/en.lproj/Localizable.strings#L914
iOS,buttons,DuckDuckGo,autofill.keep-enabled.alert.disable,,Disable,Disable action for alert when asking the user if they want to keep using autofill,,,true,,,apps/apple/iOS/DuckDuckGo/en.lproj/Localizable.strings,920,https://github.com/duckduckgo/apple-browsers/blob/42b742242ce4057dd26a170b05b99f25a62099ad/iOS/DuckDuckGo/en.lproj/Localizable.strings#L920
iOS,buttons,DuckDuckGo,autofill.login-save-action-button.toast,,View,Button displayed after saving/updating an autofill login that takes the user to the saved login,,,true,,,apps/apple/iOS/DuckDuckGo/en.lproj/Localizable.strings,926,https://github.com/duckduckgo/apple-browsers/blob/42b742242ce4057dd26a170b05b99f25a62099ad/iOS/DuckDuckGo/en.lproj/Localizable.strings#L926
iOS,buttons,DuckDuckGo,autofill.logins.delete.all.authentication.prompt.button,,Authenticate Now,Title of button in prompt requiring authentication before all passwords are deleted,,,true,,,apps/apple/iOS/DuckDuckGo/en.lproj/Localizable.strings,950,https://github.com/duckduckgo/apple-browsers/blob/42b742242ce4057dd26a170b05b99f25a62099ad/iOS/DuckDuckGo/en.lproj/Localizable.strings#L950
iOS,buttons,DuckDuckGo,autofill.logins.details.delete-confirmation.button,,Delete Password,Autofill alert button confirming delete autofill login,,,true,,,apps/apple/iOS/DuckDuckGo/en.lproj/Localizable.strings,968,https://github.com/duckduckgo/apple-browsers/blob/42b742242ce4057dd26a170b05b99f25a62099ad/iOS/DuckDuckGo/en.lproj/Localizable.strings#L968
iOS,buttons,DuckDuckGo,autofill.logins.details.save-duplicate-alert.action,,OK,Action text for alert when attempting to save a duplicate login,,,true,,,apps/apple/iOS/DuckDuckGo/en.lproj/Localizable.strings,1010,https://github.com/duckduckgo/apple-browsers/blob/42b742242ce4057dd26a170b05b99f25a62099ad/iOS/DuckDuckGo/en.lproj/Localizable.strings#L1010
iOS,buttons,DuckDuckGo,autofill.logins.empty-view.button.title,,Import Passwords,Title for button to Import Passwords when autofill has no items,,,true,,,apps/apple/iOS/DuckDuckGo/en.lproj/Localizable.strings,1022,https://github.com/duckduckgo/apple-browsers/blob/42b742242ce4057dd26a170b05b99f25a62099ad/iOS/DuckDuckGo/en.lproj/Localizable.strings#L1022
iOS,buttons,DuckDuckGo,autofill.logins.empty-view.import-via-sync.button.title,,Sync Desktop Passwords,Title for button to sync with the desktop app to fetch your passwords when autofill has no items,,,true,,,apps/apple/iOS/DuckDuckGo/en.lproj/Localizable.strings,1025,https://github.com/duckduckgo/apple-browsers/blob/42b742242ce4057dd26a170b05b99f25a62099ad/iOS/DuckDuckGo/en.lproj/Localizable.strings#L1025
iOS,buttons,DuckDuckGo,autofill.logins.list.auth.cancel,,Cancel,Cancel button for auth when opening login list,,,true,,,apps/apple/iOS/DuckDuckGo/en.lproj/Localizable.strings,1034,https://github.com/duckduckgo/apple-browsers/blob/42b742242ce4057dd26a170b05b99f25a62099ad/iOS/DuckDuckGo/en.lproj/Localizable.strings#L1034
iOS,buttons,DuckDuckGo,autofill.logins.list.delete.all,,Delete All,Title for button to delete all saved autofill passwords,,,true,,,apps/apple/iOS/DuckDuckGo/en.lproj/Localizable.strings,1043,https://github.com/duckduckgo/apple-browsers/blob/42b742242ce4057dd26a170b05b99f25a62099ad/iOS/DuckDuckGo/en.lproj/Localizable.strings#L1043
iOS,buttons,DuckDuckGo,autofill.logins.list.never.saved,,Reset Excluded Sites,Title for a button that allows a user to reset their list of never saved sites,,,true,,,apps/apple/iOS/DuckDuckGo/en.lproj/Localizable.strings,1058,https://github.com/duckduckgo/apple-browsers/blob/42b742242ce4057dd26a170b05b99f25a62099ad/iOS/DuckDuckGo/en.lproj/Localizable.strings#L1058
iOS,buttons,DuckDuckGo,autofill.logins.list.never.saved.reset.action.cancel,,Cancel,Cancel button for resetting list of never saved sites,,,true,,,apps/apple/iOS/DuckDuckGo/en.lproj/Localizable.strings,1061,https://github.com/duckduckgo/apple-browsers/blob/42b742242ce4057dd26a170b05b99f25a62099ad/iOS/DuckDuckGo/en.lproj/Localizable.strings#L1061
iOS,buttons,DuckDuckGo,autofill.logins.list.never.saved.reset.action.confirm,,Reset Excluded Sites,Confirm button to reset list of never saved sites,,,true,,,apps/apple/iOS/DuckDuckGo/en.lproj/Localizable.strings,1064,https://github.com/duckduckgo/apple-browsers/blob/42b742242ce4057dd26a170b05b99f25a62099ad/iOS/DuckDuckGo/en.lproj/Localizable.strings#L1064
iOS,buttons,DuckDuckGo,autofill.logins.prompt.auth.cancel,,Cancel,Cancel button for auth during login prompt,,,true,,,apps/apple/iOS/DuckDuckGo/en.lproj/Localizable.strings,1091,https://github.com/duckduckgo/apple-browsers/blob/42b742242ce4057dd26a170b05b99f25a62099ad/iOS/DuckDuckGo/en.lproj/Localizable.strings#L1091
iOS,buttons,DuckDuckGo,autofill.logins.prompt.password.button.title,,Password for %@,Title of button for autofill login prompt to use a saved password for a website,,%@,true,,,apps/apple/iOS/DuckDuckGo/en.lproj/Localizable.strings,1106,https://github.com/duckduckgo/apple-browsers/blob/42b742242ce4057dd26a170b05b99f25a62099ad/iOS/DuckDuckGo/en.lproj/Localizable.strings#L1106
iOS,buttons,DuckDuckGo,autofill.password-generation-prompt.use-generated-password.cta,,Use Strong Password,Button title choosing to use the suggested generated password for creating a login,,,true,,,apps/apple/iOS/DuckDuckGo/en.lproj/Localizable.strings,1160,https://github.com/duckduckgo/apple-browsers/blob/42b742242ce4057dd26a170b05b99f25a62099ad/iOS/DuckDuckGo/en.lproj/Localizable.strings#L1160
iOS,buttons,DuckDuckGo,autofill.password-generation-prompt.use-own-password.cta,,Create My Own,Button title choosing to use own password for creating a login,,,true,,,apps/apple/iOS/DuckDuckGo/en.lproj/Localizable.strings,1163,https://github.com/duckduckgo/apple-browsers/blob/42b742242ce4057dd26a170b05b99f25a62099ad/iOS/DuckDuckGo/en.lproj/Localizable.strings#L1163
iOS,buttons,DuckDuckGo,autofill.removed.duck.address.button,,Got it,Button text for the alert dialog telling the user an updated username is no longer a private email address,,,true,,,apps/apple/iOS/DuckDuckGo/en.lproj/Localizable.strings,1187,https://github.com/duckduckgo/apple-browsers/blob/42b742242ce4057dd26a170b05b99f25a62099ad/iOS/DuckDuckGo/en.lproj/Localizable.strings#L1187
iOS,buttons,DuckDuckGo,autofill.save-login.never-prompt.CTA,,Never Ask for This Site,CTA displayed on modal asking if the user never wants to be prompted to save a login for this website agin,,,true,,,apps/apple/iOS/DuckDuckGo/en.lproj/Localizable.strings,1196,https://github.com/duckduckgo/apple-browsers/blob/42b742242ce4057dd26a170b05b99f25a62099ad/iOS/DuckDuckGo/en.lproj/Localizable.strings#L1196
iOS,buttons,DuckDuckGo,autofill.save-password.save.CTA,,Save Password,Confirm CTA displayed on modal asking for the user to save the password,,,true,,,apps/apple/iOS/DuckDuckGo/en.lproj/Localizable.strings,1208,https://github.com/duckduckgo/apple-browsers/blob/42b742242ce4057dd26a170b05b99f25a62099ad/iOS/DuckDuckGo/en.lproj/Localizable.strings#L1208
iOS,buttons,DuckDuckGo,autofill.settings.ask-to-save-and-autofill,,Ask to save and autofill,Title for the toggle that enables autofill,,,true,,,apps/apple/iOS/DuckDuckGo/en.lproj/Localizable.strings,1211,https://github.com/duckduckgo/apple-browsers/blob/42b742242ce4057dd26a170b05b99f25a62099ad/iOS/DuckDuckGo/en.lproj/Localizable.strings#L1211
iOS,buttons,DuckDuckGo,autofill.settings.report.not.working.button.title,,Report a problem with autofill,Title for the button to report that autofill is not working on a site in autofill settings,,,true,,,apps/apple/iOS/DuckDuckGo/en.lproj/Localizable.strings,1220,https://github.com/duckduckgo/apple-browsers/blob/42b742242ce4057dd26a170b05b99f25a62099ad/iOS/DuckDuckGo/en.lproj/Localizable.strings#L1220
iOS,buttons,DuckDuckGo,autofill.settings.report.not.working.confirmation.button,,Send Report,Button title for the confirmation prompt when reporting autofill is not working for a website,,,true,,,apps/apple/iOS/DuckDuckGo/en.lproj/Localizable.strings,1223,https://github.com/duckduckgo/apple-browsers/blob/42b742242ce4057dd26a170b05b99f25a62099ad/iOS/DuckDuckGo/en.lproj/Localizable.strings#L1223
iOS,buttons,DuckDuckGo,autofill.update-password.save.CTA,,Update Password,Confirm CTA displayed on modal asking for the user to update the password,,,true,,,apps/apple/iOS/DuckDuckGo/en.lproj/Localizable.strings,1256,https://github.com/duckduckgo/apple-browsers/blob/42b742242ce4057dd26a170b05b99f25a62099ad/iOS/DuckDuckGo/en.lproj/Localizable.strings#L1256
iOS,buttons,DuckDuckGo,autofill.update-username.save.CTA,,Update Username,Confirm CTA displayed on modal asking for the user to update the login,,,true,,,apps/apple/iOS/DuckDuckGo/en.lproj/Localizable.strings,1262,https://github.com/duckduckgo/apple-browsers/blob/42b742242ce4057dd26a170b05b99f25a62099ad/iOS/DuckDuckGo/en.lproj/Localizable.strings#L1262
iOS,buttons,DuckDuckGo,black-friday.campaign.view.plans.cta,,Save %d%% on First Year,View plans button text during Black Friday campaign,,%d,true,,,apps/apple/iOS/DuckDuckGo/en.lproj/Localizable.strings,1277,https://github.com/duckduckgo/apple-browsers/blob/42b742242ce4057dd26a170b05b99f25a62099ad/iOS/DuckDuckGo/en.lproj/Localizable.strings#L1277
iOS,buttons,DuckDuckGo,bookmark.addFolderButton,,Add Folder,Add bookmark folder button text,,,true,,,apps/apple/iOS/DuckDuckGo/en.lproj/Localizable.strings,1289,https://github.com/duckduckgo/apple-browsers/blob/42b742242ce4057dd26a170b05b99f25a62099ad/iOS/DuckDuckGo/en.lproj/Localizable.strings#L1289
iOS,buttons,DuckDuckGo,bookmark.deleteFolderAlert.deleteButton,,Delete,Delete bookmark folder alert delete button,,,true,,,apps/apple/iOS/DuckDuckGo/en.lproj/Localizable.strings,1304,https://github.com/duckduckgo/apple-browsers/blob/42b742242ce4057dd26a170b05b99f25a62099ad/iOS/DuckDuckGo/en.lproj/Localizable.strings#L1304
iOS,buttons,DuckDuckGo,bookmark.moreButton,,More,More options button text,,,true,,,apps/apple/iOS/DuckDuckGo/en.lproj/Localizable.strings,1325,https://github.com/duckduckgo/apple-browsers/blob/42b742242ce4057dd26a170b05b99f25a62099ad/iOS/DuckDuckGo/en.lproj/Localizable.strings#L1325
iOS,buttons,DuckDuckGo,bookmarkAll.tabs.saved,,All tabs bookmarked,Confirmation message after selecting Bookmark All button,,,true,,,apps/apple/iOS/DuckDuckGo/en.lproj/Localizable.strings,1340,https://github.com/duckduckgo/apple-browsers/blob/42b742242ce4057dd26a170b05b99f25a62099ad/iOS/DuckDuckGo/en.lproj/Localizable.strings#L1340
iOS,buttons,DuckDuckGo,bookmarks.button.hint,,Bookmarks,No comment provided by engineer.,,,true,,,apps/apple/iOS/DuckDuckGo/en.lproj/Localizable.strings,1343,https://github.com/duckduckgo/apple-browsers/blob/42b742242ce4057dd26a170b05b99f25a62099ad/iOS/DuckDuckGo/en.lproj/Localizable.strings#L1343
iOS,buttons,DuckDuckGo,broken.site.report.missing.description.alert.button,,Got It,Acknowledge button,,,true,,,apps/apple/iOS/DuckDuckGo/en.lproj/Localizable.strings,1379,https://github.com/duckduckgo/apple-browsers/blob/42b742242ce4057dd26a170b05b99f25a62099ad/iOS/DuckDuckGo/en.lproj/Localizable.strings#L1379
iOS,buttons,DuckDuckGo,close.all.tabs,,Close All Tabs,Close All Tabs,,,true,,,apps/apple/iOS/DuckDuckGo/en.lproj/Localizable.strings,1391,https://github.com/duckduckgo/apple-browsers/blob/42b742242ce4057dd26a170b05b99f25a62099ad/iOS/DuckDuckGo/en.lproj/Localizable.strings#L1391
iOS,buttons,DuckDuckGo,contextual.chat.delete.confirmation.button,,Delete Chat,Button to confirm deleting a contextual AI chat,,,true,,,apps/apple/iOS/DuckDuckGo/en.lproj/Localizable.strings,1394,https://github.com/duckduckgo/apple-browsers/blob/42b742242ce4057dd26a170b05b99f25a62099ad/iOS/DuckDuckGo/en.lproj/Localizable.strings#L1394
iOS,buttons,DuckDuckGo,contextual.onboarding.addToDock.buttons.skip,,Skip,Button to continue the onboarding process,,,true,,,apps/apple/iOS/DuckDuckGo/en.lproj/Localizable.strings,1400,https://github.com/duckduckgo/apple-browsers/blob/42b742242ce4057dd26a170b05b99f25a62099ad/iOS/DuckDuckGo/en.lproj/Localizable.strings#L1400
iOS,buttons,DuckDuckGo,contextual.onboarding.addToDock.buttons.startBrowsing,,Start Browsing,"Button on the last screen of the onboarding, it will dismiss the onboarding screen.",,,true,,,apps/apple/iOS/DuckDuckGo/en.lproj/Localizable.strings,1403,https://github.com/duckduckgo/apple-browsers/blob/42b742242ce4057dd26a170b05b99f25a62099ad/iOS/DuckDuckGo/en.lproj/Localizable.strings#L1403
iOS,buttons,DuckDuckGo,contextual.onboarding.addToDock.buttons.tutorial,,Show Me How,Button of the onboarding dialog. On click it shows a dialog with a tutorial video about how to add the DDG browser icon to the device dock.,,,true,,,apps/apple/iOS/DuckDuckGo/en.lproj/Localizable.strings,1406,https://github.com/duckduckgo/apple-browsers/blob/42b742242ce4057dd26a170b05b99f25a62099ad/iOS/DuckDuckGo/en.lproj/Localizable.strings#L1406
iOS,buttons,DuckDuckGo,contextual.onboarding.final-screen.button,,High five!,"Button on the last screen of the onboarding, it will dismiss the onboarding screen.",,,true,,,apps/apple/iOS/DuckDuckGo/en.lproj/Localizable.strings,1430,https://github.com/duckduckgo/apple-browsers/blob/42b742242ce4057dd26a170b05b99f25a62099ad/iOS/DuckDuckGo/en.lproj/Localizable.strings#L1430
iOS,buttons,DuckDuckGo,contextual.onboarding.got-it.button,,Got it!,During onboarding steps this button is shown and takes either to the next steps or closes the onboarding.,,,true,,,apps/apple/iOS/DuckDuckGo/en.lproj/Localizable.strings,1436,https://github.com/duckduckgo/apple-browsers/blob/42b742242ce4057dd26a170b05b99f25a62099ad/iOS/DuckDuckGo/en.lproj/Localizable.strings#L1436
iOS,buttons,DuckDuckGo,contextual.onboarding.try-fire-button.message,,Instantly clear your browsing activity with the Fire Button.\n\nGive it a try! 🔥,Message of a popover on the browser that invites the user to try visiting the browser Fire Button. Please leave the line break,,,true,,,apps/apple/iOS/DuckDuckGo/en.lproj/Localizable.strings,1463,https://github.com/duckduckgo/apple-browsers/blob/42b742242ce4057dd26a170b05b99f25a62099ad/iOS/DuckDuckGo/en.lproj/Localizable.strings#L1463
iOS,buttons,DuckDuckGo,cookie-popup-protection.opt-in.confirm,,Confirm,Confirm button in the Cookie Pop-up Protection opt-in dialog,,,true,,,apps/apple/iOS/DuckDuckGo/en.lproj/Localizable.strings,1499,https://github.com/duckduckgo/apple-browsers/blob/42b742242ce4057dd26a170b05b99f25a62099ad/iOS/DuckDuckGo/en.lproj/Localizable.strings#L1499
iOS,buttons,DuckDuckGo,crash.report.dialog.always.send,,Always Send Crash Reports,Crash Report always send button title,,,true,,,apps/apple/iOS/DuckDuckGo/en.lproj/Localizable.strings,1529,https://github.com/duckduckgo/apple-browsers/blob/42b742242ce4057dd26a170b05b99f25a62099ad/iOS/DuckDuckGo/en.lproj/Localizable.strings#L1529
iOS,buttons,DuckDuckGo,crash.report.dialog.never.send,,Never Send,Crash Report never send button title,,,true,,,apps/apple/iOS/DuckDuckGo/en.lproj/Localizable.strings,1538,https://github.com/duckduckgo/apple-browsers/blob/42b742242ce4057dd26a170b05b99f25a62099ad/iOS/DuckDuckGo/en.lproj/Localizable.strings#L1538
iOS,buttons,DuckDuckGo,data.import.bookmarks.file-button,,Import Bookmarks File...,Button label to select zip or html file for importing,,,true,,,apps/apple/iOS/DuckDuckGo/en.lproj/Localizable.strings,1547,https://github.com/duckduckgo/apple-browsers/blob/42b742242ce4057dd26a170b05b99f25a62099ad/iOS/DuckDuckGo/en.lproj/Localizable.strings#L1547
iOS,buttons,DuckDuckGo,data.import.detail.safari.export-button,,Export from Safari,Primary button on the Safari import detail screen to start the export flow,,,true,,,apps/apple/iOS/DuckDuckGo/en.lproj/Localizable.strings,1595,https://github.com/duckduckgo/apple-browsers/blob/42b742242ce4057dd26a170b05b99f25a62099ad/iOS/DuckDuckGo/en.lproj/Localizable.strings#L1595
iOS,buttons,DuckDuckGo,data.import.file-error.button,,Got It,Dismiss button on the file import error sheet,,,true,,,apps/apple/iOS/DuckDuckGo/en.lproj/Localizable.strings,1613,https://github.com/duckduckgo/apple-browsers/blob/42b742242ce4057dd26a170b05b99f25a62099ad/iOS/DuckDuckGo/en.lproj/Localizable.strings#L1613
iOS,buttons,DuckDuckGo,data.import.passwords.select-file-button,,Select File...,Button label to select zip or csv file for importing,,,true,,,apps/apple/iOS/DuckDuckGo/en.lproj/Localizable.strings,1676,https://github.com/duckduckgo/apple-browsers/blob/42b742242ce4057dd26a170b05b99f25a62099ad/iOS/DuckDuckGo/en.lproj/Localizable.strings#L1676
iOS,buttons,DuckDuckGo,data.import.safari.interstitial.button,,Open Settings to Export,Button on the Safari export interstitial that triggers the system import sheet,,,true,,,apps/apple/iOS/DuckDuckGo/en.lproj/Localizable.strings,1685,https://github.com/duckduckgo/apple-browsers/blob/42b742242ce4057dd26a170b05b99f25a62099ad/iOS/DuckDuckGo/en.lproj/Localizable.strings#L1685
iOS,buttons,DuckDuckGo,data.import.summary.button.title.done,,Done,Title of button to dismiss the screen,,,true,,,apps/apple/iOS/DuckDuckGo/en.lproj/Localizable.strings,1712,https://github.com/duckduckgo/apple-browsers/blob/42b742242ce4057dd26a170b05b99f25a62099ad/iOS/DuckDuckGo/en.lproj/Localizable.strings#L1712
iOS,buttons,DuckDuckGo,data.import.summary.button.title.sync,,Sync & Back Up %@,Title of button to prompt users to sync and back up their imported data. Reads as 'Sync & Back Up Passwords | Bookmarks | Data' depending on what the user has chosen to import,,%@,true,,,apps/apple/iOS/DuckDuckGo/en.lproj/Localizable.strings,1715,https://github.com/duckduckgo/apple-browsers/blob/42b742242ce4057dd26a170b05b99f25a62099ad/iOS/DuckDuckGo/en.lproj/Localizable.strings#L1715
iOS,buttons,DuckDuckGo,data.import.summary.button.title.sync.bookmarks,,Bookmarks,Parameter for autofill.import.passwords.complete.button.title.sync,,,true,,,apps/apple/iOS/DuckDuckGo/en.lproj/Localizable.strings,1718,https://github.com/duckduckgo/apple-browsers/blob/42b742242ce4057dd26a170b05b99f25a62099ad/iOS/DuckDuckGo/en.lproj/Localizable.strings#L1718
iOS,buttons,DuckDuckGo,data.import.summary.button.title.sync.data,,Data,Parameter for data.import.summary.button.title.sync,,,true,,,apps/apple/iOS/DuckDuckGo/en.lproj/Localizable.strings,1721,https://github.com/duckduckgo/apple-browsers/blob/42b742242ce4057dd26a170b05b99f25a62099ad/iOS/DuckDuckGo/en.lproj/Localizable.strings#L1721
iOS,buttons,DuckDuckGo,data.import.summary.button.title.sync.passwords,,Passwords,Parameter for autofill.import.passwords.complete.button.title.sync,,,true,,,apps/apple/iOS/DuckDuckGo/en.lproj/Localizable.strings,1724,https://github.com/duckduckgo/apple-browsers/blob/42b742242ce4057dd26a170b05b99f25a62099ad/iOS/DuckDuckGo/en.lproj/Localizable.strings#L1724
iOS,buttons,DuckDuckGo,data.import.summary.promo.continue.action,,Continue,Continue button title for summary footer promos,,,true,,,apps/apple/iOS/DuckDuckGo/en.lproj/Localizable.strings,1748,https://github.com/duckduckgo/apple-browsers/blob/42b742242ce4057dd26a170b05b99f25a62099ad/iOS/DuckDuckGo/en.lproj/Localizable.strings#L1748
iOS,buttons,DuckDuckGo,data.import.summary.promo.dismiss.action,,Not Now,Dismiss button title for summary footer promos,,,true,,,apps/apple/iOS/DuckDuckGo/en.lproj/Localizable.strings,1751,https://github.com/duckduckgo/apple-browsers/blob/42b742242ce4057dd26a170b05b99f25a62099ad/iOS/DuckDuckGo/en.lproj/Localizable.strings#L1751
iOS,buttons,DuckDuckGo,dax.easter.egg.reset.to.default,,Reset Search Logo,Button to reset the search logo to the default Dax logo,,,true,,,apps/apple/iOS/DuckDuckGo/en.lproj/Localizable.strings,1775,https://github.com/duckduckgo/apple-browsers/blob/42b742242ce4057dd26a170b05b99f25a62099ad/iOS/DuckDuckGo/en.lproj/Localizable.strings#L1775
iOS,buttons,DuckDuckGo,dax.onboarding.browsing.site.owned.by.major.tracker.cta,,Got It,Got It,,,true,,,apps/apple/iOS/DuckDuckGo/en.lproj/Localizable.strings,1787,https://github.com/duckduckgo/apple-browsers/blob/42b742242ce4057dd26a170b05b99f25a62099ad/iOS/DuckDuckGo/en.lproj/Localizable.strings#L1787
iOS,buttons,DuckDuckGo,downloads.alert.action.save-to-downloads,,Save to Downloads,Alert action for starting a file dowload,,,true,,,apps/apple/iOS/DuckDuckGo/en.lproj/Localizable.strings,1817,https://github.com/duckduckgo/apple-browsers/blob/42b742242ce4057dd26a170b05b99f25a62099ad/iOS/DuckDuckGo/en.lproj/Localizable.strings#L1817
iOS,buttons,DuckDuckGo,downloads.cancel-download.alert.cancel,,Cancel,Cancel download action for downloads,,,true,,,apps/apple/iOS/DuckDuckGo/en.lproj/Localizable.strings,1820,https://github.com/duckduckgo/apple-browsers/blob/42b742242ce4057dd26a170b05b99f25a62099ad/iOS/DuckDuckGo/en.lproj/Localizable.strings#L1820
iOS,buttons,DuckDuckGo,downloads.cancel-download.alert.no,,No,Confirm action for alert when trying to cancel the file download,,,true,,,apps/apple/iOS/DuckDuckGo/en.lproj/Localizable.strings,1826,https://github.com/duckduckgo/apple-browsers/blob/42b742242ce4057dd26a170b05b99f25a62099ad/iOS/DuckDuckGo/en.lproj/Localizable.strings#L1826
iOS,buttons,DuckDuckGo,downloads.cancel-download.alert.yes,,Yes,Confirm action for for alert when trying to cancel the file download,,,true,,,apps/apple/iOS/DuckDuckGo/en.lproj/Localizable.strings,1832,https://github.com/duckduckgo/apple-browsers/blob/42b742242ce4057dd26a170b05b99f25a62099ad/iOS/DuckDuckGo/en.lproj/Localizable.strings#L1832
iOS,buttons,DuckDuckGo,downloads.downloads-list.delete-all,,Delete All,Button for deleting all items on downloads list,,,true,,,apps/apple/iOS/DuckDuckGo/en.lproj/Localizable.strings,1835,https://github.com/duckduckgo/apple-browsers/blob/42b742242ce4057dd26a170b05b99f25a62099ad/iOS/DuckDuckGo/en.lproj/Localizable.strings#L1835
iOS,buttons,DuckDuckGo,downloads.fire-button.alert.message,,This will also cancel downloads in progress,Additional alert message shown when there are active downloads when using the fire button,,,true,,,apps/apple/iOS/DuckDuckGo/en.lproj/Localizable.strings,1850,https://github.com/duckduckgo/apple-browsers/blob/42b742242ce4057dd26a170b05b99f25a62099ad/iOS/DuckDuckGo/en.lproj/Localizable.strings#L1850
iOS,buttons,DuckDuckGo,duck-player.video-contingency-cta,,Learn More,Button for the message explaining to the user that Duck Player is not available so the user can learn more,,,true,,,apps/apple/iOS/DuckDuckGo/en.lproj/Localizable.strings,1871,https://github.com/duckduckgo/apple-browsers/blob/42b742242ce4057dd26a170b05b99f25a62099ad/iOS/DuckDuckGo/en.lproj/Localizable.strings#L1871
iOS,buttons,DuckDuckGo,duckai.contextual.recent.chats.button,,Recent Chats,Accessibility label for the recent chats button in the Duck.ai contextual sheet header,,,true,,,apps/apple/iOS/DuckDuckGo/en.lproj/Localizable.strings,1895,https://github.com/duckduckgo/apple-browsers/blob/42b742242ce4057dd26a170b05b99f25a62099ad/iOS/DuckDuckGo/en.lproj/Localizable.strings#L1895
iOS,buttons,DuckDuckGo,duckai.contextual.view.all.chats,,View all chats,Action to view all chats in the recent chats popup,,,true,,,apps/apple/iOS/DuckDuckGo/en.lproj/Localizable.strings,1901,https://github.com/duckduckgo/apple-browsers/blob/42b742242ce4057dd26a170b05b99f25a62099ad/iOS/DuckDuckGo/en.lproj/Localizable.strings#L1901
iOS,buttons,DuckDuckGo,duckai.quick.action.ask.about.page,,Ask about page,Title for the ask about page quick action chip in Duck.ai contextual sheet. Tapping attaches the current page content.,,,true,,,apps/apple/iOS/DuckDuckGo/en.lproj/Localizable.strings,1910,https://github.com/duckduckgo/apple-browsers/blob/42b742242ce4057dd26a170b05b99f25a62099ad/iOS/DuckDuckGo/en.lproj/Localizable.strings#L1910
iOS,buttons,DuckDuckGo,duckai.quick.action.attach,,Attach Page Content,Title for the attach page content quick action chip in Duck.ai contextual sheet,,,true,,,apps/apple/iOS/DuckDuckGo/en.lproj/Localizable.strings,1913,https://github.com/duckduckgo/apple-browsers/blob/42b742242ce4057dd26a170b05b99f25a62099ad/iOS/DuckDuckGo/en.lproj/Localizable.strings#L1913
iOS,buttons,DuckDuckGo,duckai.quick.action.summarize,,Summarize This Page,Title for the summarize quick action chip in Duck.ai contextual sheet,,,true,,,apps/apple/iOS/DuckDuckGo/en.lproj/Localizable.strings,1916,https://github.com/duckduckgo/apple-browsers/blob/42b742242ce4057dd26a170b05b99f25a62099ad/iOS/DuckDuckGo/en.lproj/Localizable.strings#L1916
iOS,buttons,DuckDuckGo,duckai.quick.action.summarize.page,,Summarize page,Title for the summarize page quick action chip in the improved Duck.ai contextual sheet,,,true,,,apps/apple/iOS/DuckDuckGo/en.lproj/Localizable.strings,1919,https://github.com/duckduckgo/apple-browsers/blob/42b742242ce4057dd26a170b05b99f25a62099ad/iOS/DuckDuckGo/en.lproj/Localizable.strings#L1919
iOS,buttons,DuckDuckGo,duckai.recent.chat.remove.confirmation.button,,Delete,Destructive button confirming deletion of a recent Duck.ai chat,,,true,,,apps/apple/iOS/DuckDuckGo/en.lproj/Localizable.strings,1922,https://github.com/duckduckgo/apple-browsers/blob/42b742242ce4057dd26a170b05b99f25a62099ad/iOS/DuckDuckGo/en.lproj/Localizable.strings#L1922
iOS,buttons,DuckDuckGo,duckplayer.play.in.duck.player,,Play this video in Duck Player,Button text to play a video in Duck Player,,,true,,,apps/apple/iOS/DuckDuckGo/en.lproj/Localizable.strings,2315,https://github.com/duckduckgo/apple-browsers/blob/42b742242ce4057dd26a170b05b99f25a62099ad/iOS/DuckDuckGo/en.lproj/Localizable.strings#L2315
iOS,buttons,DuckDuckGo,duckplayer.presentation.modal.dismiss-button,,Got it!,Button that will dismiss the modal,,,true,,,apps/apple/iOS/DuckDuckGo/en.lproj/Localizable.strings,2321,https://github.com/duckduckgo/apple-browsers/blob/42b742242ce4057dd26a170b05b99f25a62099ad/iOS/DuckDuckGo/en.lproj/Localizable.strings#L2321
iOS,buttons,DuckDuckGo,duckplayer.resume.in.duck.player,,Resume in Duck Player,Button text to resume video in Duck Player,,,true,,,apps/apple/iOS/DuckDuckGo/en.lproj/Localizable.strings,2330,https://github.com/duckduckgo/apple-browsers/blob/42b742242ce4057dd26a170b05b99f25a62099ad/iOS/DuckDuckGo/en.lproj/Localizable.strings#L2330
iOS,buttons,DuckDuckGo,duckplayer.settings.learn-more,,Learn More,Button that takes the user to learn more about Duck Player.,,,true,,,apps/apple/iOS/DuckDuckGo/en.lproj/Localizable.strings,2360,https://github.com/duckduckgo/apple-browsers/blob/42b742242ce4057dd26a170b05b99f25a62099ad/iOS/DuckDuckGo/en.lproj/Localizable.strings#L2360
iOS,buttons,DuckDuckGo,duckplayer.settings.tab.alert.ok,,OK,OK button text for the alert when changing Duck Player variant,,,true,,,apps/apple/iOS/DuckDuckGo/en.lproj/Localizable.strings,2378,https://github.com/duckduckgo/apple-browsers/blob/42b742242ce4057dd26a170b05b99f25a62099ad/iOS/DuckDuckGo/en.lproj/Localizable.strings#L2378
iOS,buttons,DuckDuckGo,duckplayer.watch.on.youtube,,Watch on YouTube,Button text to watch video on YouTube,,,true,,,apps/apple/iOS/DuckDuckGo/en.lproj/Localizable.strings,2414,https://github.com/duckduckgo/apple-browsers/blob/42b742242ce4057dd26a170b05b99f25a62099ad/iOS/DuckDuckGo/en.lproj/Localizable.strings#L2414
iOS,buttons,DuckDuckGo,email.aliasAlert.decline,,Cancel,Cancel option for the email alias alert,,,true,,,apps/apple/iOS/DuckDuckGo/en.lproj/Localizable.strings,2426,https://github.com/duckduckgo/apple-browsers/blob/42b742242ce4057dd26a170b05b99f25a62099ad/iOS/DuckDuckGo/en.lproj/Localizable.strings#L2426
iOS,buttons,DuckDuckGo,email.signup-prompt.alert.continue,,Continue Setup,Option to continue the Email Protection signup,,,true,,,apps/apple/iOS/DuckDuckGo/en.lproj/Localizable.strings,2468,https://github.com/duckduckgo/apple-browsers/blob/42b742242ce4057dd26a170b05b99f25a62099ad/iOS/DuckDuckGo/en.lproj/Localizable.strings#L2468
iOS,buttons,DuckDuckGo,email.signup-prompt.do-not-signup-button.cta,,Don’t Show Again,Button title choosing not to sign up for email protection and not to be prompted again,,,true,,,apps/apple/iOS/DuckDuckGo/en.lproj/Localizable.strings,2477,https://github.com/duckduckgo/apple-browsers/blob/42b742242ce4057dd26a170b05b99f25a62099ad/iOS/DuckDuckGo/en.lproj/Localizable.strings#L2477
iOS,buttons,DuckDuckGo,email.signup-prompt.signup-button.cta,,Protect My Email,Button title choosing to sign up for email protection,,,true,,,apps/apple/iOS/DuckDuckGo/en.lproj/Localizable.strings,2480,https://github.com/duckduckgo/apple-browsers/blob/42b742242ce4057dd26a170b05b99f25a62099ad/iOS/DuckDuckGo/en.lproj/Localizable.strings#L2480
iOS,buttons,DuckDuckGo,feedback.form.submit,,Submit,Confirmation button,,,true,,,apps/apple/iOS/DuckDuckGo/en.lproj/Localizable.strings,2675,https://github.com/duckduckgo/apple-browsers/blob/42b742242ce4057dd26a170b05b99f25a62099ad/iOS/DuckDuckGo/en.lproj/Localizable.strings#L2675
iOS,buttons,DuckDuckGo,feedback.negative.supplementary,,What is your frustration most related to?,No comment provided by engineer.,,,true,,,apps/apple/iOS/DuckDuckGo/en.lproj/Localizable.strings,2723,https://github.com/duckduckgo/apple-browsers/blob/42b742242ce4057dd26a170b05b99f25a62099ad/iOS/DuckDuckGo/en.lproj/Localizable.strings#L2723
iOS,buttons,DuckDuckGo,feedback.positive.form.supplementary,,Are there any details you’d like to share with the team?,No comment provided by engineer.,,,true,,,apps/apple/iOS/DuckDuckGo/en.lproj/Localizable.strings,2777,https://github.com/duckduckgo/apple-browsers/blob/42b742242ce4057dd26a170b05b99f25a62099ad/iOS/DuckDuckGo/en.lproj/Localizable.strings#L2777
iOS,buttons,DuckDuckGo,feedback.positive.noThanks,,No Thanks! I’m Done,No comment provided by engineer.,,,true,,,apps/apple/iOS/DuckDuckGo/en.lproj/Localizable.strings,2783,https://github.com/duckduckgo/apple-browsers/blob/42b742242ce4057dd26a170b05b99f25a62099ad/iOS/DuckDuckGo/en.lproj/Localizable.strings#L2783
iOS,buttons,DuckDuckGo,feedback.positive.submit,,Share Details,Button encouraging uses to share details aboout their feedback,,,true,,,apps/apple/iOS/DuckDuckGo/en.lproj/Localizable.strings,2786,https://github.com/duckduckgo/apple-browsers/blob/42b742242ce4057dd26a170b05b99f25a62099ad/iOS/DuckDuckGo/en.lproj/Localizable.strings#L2786
iOS,buttons,DuckDuckGo,fireButtonAnimation.airstream.name,,Airstream,No comment provided by engineer.,,,true,,,apps/apple/iOS/DuckDuckGo/en.lproj/Localizable.strings,2873,https://github.com/duckduckgo/apple-browsers/blob/42b742242ce4057dd26a170b05b99f25a62099ad/iOS/DuckDuckGo/en.lproj/Localizable.strings#L2873
iOS,buttons,DuckDuckGo,fireButtonAnimation.fireRising.legacy.name,,Inferno Classic,The name of the legacy fire animation in the App Settings. This can be translated and it's not a brand or product name. Refer To 'fireButtonAnimation.fireRising.name' for translation,,,true,,,apps/apple/iOS/DuckDuckGo/en.lproj/Localizable.strings,2876,https://github.com/duckduckgo/apple-browsers/blob/42b742242ce4057dd26a170b05b99f25a62099ad/iOS/DuckDuckGo/en.lproj/Localizable.strings#L2876
iOS,buttons,DuckDuckGo,fireButtonAnimation.fireRising.name,,Inferno,No comment provided by engineer.,,,true,,,apps/apple/iOS/DuckDuckGo/en.lproj/Localizable.strings,2879,https://github.com/duckduckgo/apple-browsers/blob/42b742242ce4057dd26a170b05b99f25a62099ad/iOS/DuckDuckGo/en.lproj/Localizable.strings#L2879
iOS,buttons,DuckDuckGo,fireButtonAnimation.none.name,,None,No comment provided by engineer.,,,true,,,apps/apple/iOS/DuckDuckGo/en.lproj/Localizable.strings,2882,https://github.com/duckduckgo/apple-browsers/blob/42b742242ce4057dd26a170b05b99f25a62099ad/iOS/DuckDuckGo/en.lproj/Localizable.strings#L2882
iOS,buttons,DuckDuckGo,fireButtonAnimation.waterSwirl.name,,Whirlpool,No comment provided by engineer.,,,true,,,apps/apple/iOS/DuckDuckGo/en.lproj/Localizable.strings,2885,https://github.com/duckduckgo/apple-browsers/blob/42b742242ce4057dd26a170b05b99f25a62099ad/iOS/DuckDuckGo/en.lproj/Localizable.strings#L2885
iOS,buttons,DuckDuckGo,get.browser.on-your-desktop-go-to,,"On your computer, go to:",Description text above the Share Link button,,,true,,,apps/apple/iOS/DuckDuckGo/en.lproj/Localizable.strings,2888,https://github.com/duckduckgo/apple-browsers/blob/42b742242ce4057dd26a170b05b99f25a62099ad/iOS/DuckDuckGo/en.lproj/Localizable.strings#L2888
iOS,buttons,DuckDuckGo,import.passwords.promo.button.title,,Import Passwords,Title for button of the Import Passwords Promotion banner,,,true,,,apps/apple/iOS/DuckDuckGo/en.lproj/Localizable.strings,2930,https://github.com/duckduckgo/apple-browsers/blob/42b742242ce4057dd26a170b05b99f25a62099ad/iOS/DuckDuckGo/en.lproj/Localizable.strings#L2930
iOS,buttons,DuckDuckGo,import.passwords.promo.dismiss.button.title,,Don’t Ask Again,Title for button to dismiss the Import Passwords Promotion banner,,,true,,,apps/apple/iOS/DuckDuckGo/en.lproj/Localizable.strings,2933,https://github.com/duckduckgo/apple-browsers/blob/42b742242ce4057dd26a170b05b99f25a62099ad/iOS/DuckDuckGo/en.lproj/Localizable.strings#L2933
iOS,buttons,DuckDuckGo,invite.alert.ok.button,,OK,OK title for invite screen alert dismissal button,,,true,,,apps/apple/iOS/DuckDuckGo/en.lproj/Localizable.strings,2954,https://github.com/duckduckgo/apple-browsers/blob/42b742242ce4057dd26a170b05b99f25a62099ad/iOS/DuckDuckGo/en.lproj/Localizable.strings#L2954
iOS,buttons,DuckDuckGo,invite.dialog.continue.button,,Continue,Continue button on an invite dialog,,,true,,,apps/apple/iOS/DuckDuckGo/en.lproj/Localizable.strings,2957,https://github.com/duckduckgo/apple-browsers/blob/42b742242ce4057dd26a170b05b99f25a62099ad/iOS/DuckDuckGo/en.lproj/Localizable.strings#L2957
iOS,buttons,DuckDuckGo,invite.dialog.get.started.button,,Get Started,Get Started button on an invite dialog,,,true,,,apps/apple/iOS/DuckDuckGo/en.lproj/Localizable.strings,2960,https://github.com/duckduckgo/apple-browsers/blob/42b742242ce4057dd26a170b05b99f25a62099ad/iOS/DuckDuckGo/en.lproj/Localizable.strings#L2960
iOS,buttons,DuckDuckGo,keyCommandClose,,Close,No comment provided by engineer.,,,true,,,apps/apple/iOS/DuckDuckGo/en.lproj/Localizable.strings,2978,https://github.com/duckduckgo/apple-browsers/blob/42b742242ce4057dd26a170b05b99f25a62099ad/iOS/DuckDuckGo/en.lproj/Localizable.strings#L2978
iOS,buttons,DuckDuckGo,mac-waitlist.join-waitlist-screen.on-your-computer-go-to,,"On your Windows computer, go to:",Description text above the Share Link button,,,true,,,apps/apple/iOS/DuckDuckGo/en.lproj/Localizable.strings,3047,https://github.com/duckduckgo/apple-browsers/blob/42b742242ce4057dd26a170b05b99f25a62099ad/iOS/DuckDuckGo/en.lproj/Localizable.strings#L3047
iOS,buttons,DuckDuckGo,mac-waitlist.join-waitlist-screen.on-your-mac-go-to,,"On your Mac, go to:",Description text above the Share Link button,,,true,,,apps/apple/iOS/DuckDuckGo/en.lproj/Localizable.strings,3050,https://github.com/duckduckgo/apple-browsers/blob/42b742242ce4057dd26a170b05b99f25a62099ad/iOS/DuckDuckGo/en.lproj/Localizable.strings#L3050
iOS,buttons,DuckDuckGo,mac-waitlist.join-waitlist-screen.windows-waitlist,,Looking for the Windows version?,Title for the macOS waitlist button redirecting to Windows waitlist,,,true,,,apps/apple/iOS/DuckDuckGo/en.lproj/Localizable.strings,3059,https://github.com/duckduckgo/apple-browsers/blob/42b742242ce4057dd26a170b05b99f25a62099ad/iOS/DuckDuckGo/en.lproj/Localizable.strings#L3059
iOS,buttons,DuckDuckGo,malicious-site-protection.settings.footer.button.learn-more,,Learn More,Button that redirect the user to a web page explaining what Malicious Site Protection is,,,true,,,apps/apple/iOS/DuckDuckGo/en.lproj/Localizable.strings,3080,https://github.com/duckduckgo/apple-browsers/blob/42b742242ce4057dd26a170b05b99f25a62099ad/iOS/DuckDuckGo/en.lproj/Localizable.strings#L3080
iOS,buttons,DuckDuckGo,menu.button.hint,,Browsing Menu,No comment provided by engineer.,,,true,,,apps/apple/iOS/DuckDuckGo/en.lproj/Localizable.strings,3092,https://github.com/duckduckgo/apple-browsers/blob/42b742242ce4057dd26a170b05b99f25a62099ad/iOS/DuckDuckGo/en.lproj/Localizable.strings#L3092
iOS,buttons,DuckDuckGo,mobile.customization.addressbar.button,,Address Bar Button,The name of the Address Bar button when referenced in settings.,,,true,,,apps/apple/iOS/DuckDuckGo/en.lproj/Localizable.strings,3095,https://github.com/duckduckgo/apple-browsers/blob/42b742242ce4057dd26a170b05b99f25a62099ad/iOS/DuckDuckGo/en.lproj/Localizable.strings#L3095
iOS,buttons,DuckDuckGo,mobile.customization.show.reload.button.title,,Show Reload Button,The label for the toggle that hides and shows the reload button.,,,true,,,apps/apple/iOS/DuckDuckGo/en.lproj/Localizable.strings,3110,https://github.com/duckduckgo/apple-browsers/blob/42b742242ce4057dd26a170b05b99f25a62099ad/iOS/DuckDuckGo/en.lproj/Localizable.strings#L3110
iOS,buttons,DuckDuckGo,mobile.customization.toolbar.button,,Toolbar Button,The name of the address bar button when referenced in settings.,,,true,,,apps/apple/iOS/DuckDuckGo/en.lproj/Localizable.strings,3113,https://github.com/duckduckgo/apple-browsers/blob/42b742242ce4057dd26a170b05b99f25a62099ad/iOS/DuckDuckGo/en.lproj/Localizable.strings#L3113
iOS,buttons,DuckDuckGo,navbar.back-button.title,,Back,Title for back button in navigation bar,,,true,,,apps/apple/iOS/DuckDuckGo/en.lproj/Localizable.strings,3119,https://github.com/duckduckgo/apple-browsers/blob/42b742242ce4057dd26a170b05b99f25a62099ad/iOS/DuckDuckGo/en.lproj/Localizable.strings#L3119
iOS,buttons,DuckDuckGo,navbar.next-button.title,,Next,Title for next button in navigation bar to progress forward,,,true,,,apps/apple/iOS/DuckDuckGo/en.lproj/Localizable.strings,3122,https://github.com/duckduckgo/apple-browsers/blob/42b742242ce4057dd26a170b05b99f25a62099ad/iOS/DuckDuckGo/en.lproj/Localizable.strings#L3122
iOS,buttons,DuckDuckGo,navigation.title.done,,Done,Finish editing bookmarks button,,,true,,,apps/apple/iOS/DuckDuckGo/en.lproj/Localizable.strings,3125,https://github.com/duckduckgo/apple-browsers/blob/42b742242ce4057dd26a170b05b99f25a62099ad/iOS/DuckDuckGo/en.lproj/Localizable.strings#L3125
iOS,buttons,DuckDuckGo,network.protection.quick-action.open-vpn,,Open VPN,Title text for an iOS quick action that opens VPN settings,,,true,,,apps/apple/iOS/DuckDuckGo/en.lproj/Localizable.strings,3194,https://github.com/duckduckgo/apple-browsers/blob/42b742242ce4057dd26a170b05b99f25a62099ad/iOS/DuckDuckGo/en.lproj/Localizable.strings#L3194
iOS,buttons,DuckDuckGo,network.protection.status.view.action.snooze,,Snooze For 20 Minutes,Snooze button title shown in NetworkProtection's status view.,,,true,,,apps/apple/iOS/DuckDuckGo/en.lproj/Localizable.strings,3248,https://github.com/duckduckgo/apple-browsers/blob/42b742242ce4057dd26a170b05b99f25a62099ad/iOS/DuckDuckGo/en.lproj/Localizable.strings#L3248
iOS,buttons,DuckDuckGo,network.protection.status.view.action.wake-up,,Wake Up,Wake Up button title shown in NetworkProtection's status view.,,,true,,,apps/apple/iOS/DuckDuckGo/en.lproj/Localizable.strings,3251,https://github.com/duckduckgo/apple-browsers/blob/42b742242ce4057dd26a170b05b99f25a62099ad/iOS/DuckDuckGo/en.lproj/Localizable.strings#L3251
iOS,buttons,DuckDuckGo,network.protection.turn.on.notifications.button.title,,Turn On Notifications,Title for the button to link to the iOS app settings and enable notifications app-wide.,,,true,,,apps/apple/iOS/DuckDuckGo/en.lproj/Localizable.strings,3305,https://github.com/duckduckgo/apple-browsers/blob/42b742242ce4057dd26a170b05b99f25a62099ad/iOS/DuckDuckGo/en.lproj/Localizable.strings#L3305
iOS,buttons,DuckDuckGo,new.address.bar.picker.confirm,,Confirm,Confirm button for the new address bar picker,,,true,,,apps/apple/iOS/DuckDuckGo/en.lproj/Localizable.strings,3410,https://github.com/duckduckgo/apple-browsers/blob/42b742242ce4057dd26a170b05b99f25a62099ad/iOS/DuckDuckGo/en.lproj/Localizable.strings#L3410
iOS,buttons,DuckDuckGo,onboarding.addToDock.buttons.gotIt,,Got It,"Button on the Add to Dock tutorial screen of the onboarding, it will proceed to the next step of the onboarding.",,,true,,,apps/apple/iOS/DuckDuckGo/en.lproj/Localizable.strings,3458,https://github.com/duckduckgo/apple-browsers/blob/42b742242ce4057dd26a170b05b99f25a62099ad/iOS/DuckDuckGo/en.lproj/Localizable.strings#L3458
iOS,buttons,DuckDuckGo,onboarding.browsers.cta,,Choose Your Browser,Button to change the default browser,,,true,,,apps/apple/iOS/DuckDuckGo/en.lproj/Localizable.strings,3461,https://github.com/duckduckgo/apple-browsers/blob/42b742242ce4057dd26a170b05b99f25a62099ad/iOS/DuckDuckGo/en.lproj/Localizable.strings#L3461
iOS,buttons,DuckDuckGo,onboarding.duckai.aiComparison.cta,,Give Duck.ai a try!,Title of the button (CTA) that continues the Duck.ai onboarding flow from the AI comparison screen. 'Duck.ai' is a brand name and should not be translated.,,,true,,,apps/apple/iOS/DuckDuckGo/en.lproj/Localizable.strings,3479,https://github.com/duckduckgo/apple-browsers/blob/42b742242ce4057dd26a170b05b99f25a62099ad/iOS/DuckDuckGo/en.lproj/Localizable.strings#L3479
iOS,buttons,DuckDuckGo,onboarding.duckai.skip.cta.confirm,,Start AI Chat,Title of the button (CTA) shown in the skip-onboarding dialog of the Duck.ai flow that dismisses onboarding and starts an AI chat,,,true,,,apps/apple/iOS/DuckDuckGo/en.lproj/Localizable.strings,3503,https://github.com/duckduckgo/apple-browsers/blob/42b742242ce4057dd26a170b05b99f25a62099ad/iOS/DuckDuckGo/en.lproj/Localizable.strings#L3503
iOS,buttons,DuckDuckGo,onboarding.highlights.addressBarPosition.cta,,Next,The title of the CTA to progress to the next onboarding screen.,,,true,,,apps/apple/iOS/DuckDuckGo/en.lproj/Localizable.strings,3527,https://github.com/duckduckgo/apple-browsers/blob/42b742242ce4057dd26a170b05b99f25a62099ad/iOS/DuckDuckGo/en.lproj/Localizable.strings#L3527
iOS,buttons,DuckDuckGo,onboarding.highlights.appIconSelection.cta,,Next,The title of the CTA to progress to the next onboarding screen.,,,true,,,apps/apple/iOS/DuckDuckGo/en.lproj/Localizable.strings,3542,https://github.com/duckduckgo/apple-browsers/blob/42b742242ce4057dd26a170b05b99f25a62099ad/iOS/DuckDuckGo/en.lproj/Localizable.strings#L3542
iOS,buttons,DuckDuckGo,onboarding.highlights.fireDialog.cta.skip,,Skip,The title of the fire button CTA to skip erasing the data.,,,true,,,apps/apple/iOS/DuckDuckGo/en.lproj/Localizable.strings,3584,https://github.com/duckduckgo/apple-browsers/blob/42b742242ce4057dd26a170b05b99f25a62099ad/iOS/DuckDuckGo/en.lproj/Localizable.strings#L3584
iOS,buttons,DuckDuckGo,onboarding.highlights.searchExperience.cta,,Next,The title of the CTA to progress to the next onboarding screen.,,,true,,,apps/apple/iOS/DuckDuckGo/en.lproj/Localizable.strings,3590,https://github.com/duckduckgo/apple-browsers/blob/42b742242ce4057dd26a170b05b99f25a62099ad/iOS/DuckDuckGo/en.lproj/Localizable.strings#L3590
iOS,buttons,DuckDuckGo,onboarding.intro.cta,,Let’s get started!,Button to continue the onboarding process.,,,true,,,apps/apple/iOS/DuckDuckGo/en.lproj/Localizable.strings,3611,https://github.com/duckduckgo/apple-browsers/blob/42b742242ce4057dd26a170b05b99f25a62099ad/iOS/DuckDuckGo/en.lproj/Localizable.strings#L3611
iOS,buttons,DuckDuckGo,onboarding.intro.cta.skip,,I’ve been here before,Button to skip the onboarding process,,,true,,,apps/apple/iOS/DuckDuckGo/en.lproj/Localizable.strings,3614,https://github.com/duckduckgo/apple-browsers/blob/42b742242ce4057dd26a170b05b99f25a62099ad/iOS/DuckDuckGo/en.lproj/Localizable.strings#L3614
iOS,buttons,DuckDuckGo,onboarding.privacypro.promo.buttons.learnMore,,Learn More,Button on the Privacy Pro promotion onboarding step. Tapping the button navigates to the Privacy Pro paywall.,,,true,,,apps/apple/iOS/DuckDuckGo/en.lproj/Localizable.strings,3617,https://github.com/duckduckgo/apple-browsers/blob/42b742242ce4057dd26a170b05b99f25a62099ad/iOS/DuckDuckGo/en.lproj/Localizable.strings#L3617
iOS,buttons,DuckDuckGo,onboarding.privacypro.promo.buttons.rebranding.skip,,No thanks,Button to decline and dismiss the subscription promotion and continue the onboarding process.,,,true,,,apps/apple/iOS/DuckDuckGo/en.lproj/Localizable.strings,3620,https://github.com/duckduckgo/apple-browsers/blob/42b742242ce4057dd26a170b05b99f25a62099ad/iOS/DuckDuckGo/en.lproj/Localizable.strings#L3620
iOS,buttons,DuckDuckGo,onboarding.privacypro.promo.buttons.skip,,Skip,Button to continue the onboarding process.,,,true,,,apps/apple/iOS/DuckDuckGo/en.lproj/Localizable.strings,3623,https://github.com/duckduckgo/apple-browsers/blob/42b742242ce4057dd26a170b05b99f25a62099ad/iOS/DuckDuckGo/en.lproj/Localizable.strings#L3623
iOS,buttons,DuckDuckGo,onboarding.restore.prompt.restore.cta,,Restore My Stuff,Primary CTA to start restoring data on returning-user restore prompt,,,true,,,apps/apple/iOS/DuckDuckGo/en.lproj/Localizable.strings,3647,https://github.com/duckduckgo/apple-browsers/blob/42b742242ce4057dd26a170b05b99f25a62099ad/iOS/DuckDuckGo/en.lproj/Localizable.strings#L3647
iOS,buttons,DuckDuckGo,onboarding.restore.prompt.skip.cta,,Skip,Secondary CTA to skip restore on returning-user restore prompt,,,true,,,apps/apple/iOS/DuckDuckGo/en.lproj/Localizable.strings,3650,https://github.com/duckduckgo/apple-browsers/blob/42b742242ce4057dd26a170b05b99f25a62099ad/iOS/DuckDuckGo/en.lproj/Localizable.strings#L3650
iOS,buttons,DuckDuckGo,onboarding.skip.cta.confirmSkip,,Start Browsing,The title of the button to skip the onboarding and start browsing.,,,true,,,apps/apple/iOS/DuckDuckGo/en.lproj/Localizable.strings,3656,https://github.com/duckduckgo/apple-browsers/blob/42b742242ce4057dd26a170b05b99f25a62099ad/iOS/DuckDuckGo/en.lproj/Localizable.strings#L3656
iOS,buttons,DuckDuckGo,onboarding.skip.cta.resumeOnboarding,,Show Tutorial,The title of the button to resume the onboarding.,,,true,,,apps/apple/iOS/DuckDuckGo/en.lproj/Localizable.strings,3659,https://github.com/duckduckgo/apple-browsers/blob/42b742242ce4057dd26a170b05b99f25a62099ad/iOS/DuckDuckGo/en.lproj/Localizable.strings#L3659
iOS,buttons,DuckDuckGo,onboarding.subscription.promo.buttons.rebranding.tryItFree,,Try it free!,Button on the Subscription promotion onboarding step when the user is eligible for a free trial. Tapping the button navigates to the Subscription paywall.,,,true,,,apps/apple/iOS/DuckDuckGo/en.lproj/Localizable.strings,3668,https://github.com/duckduckgo/apple-browsers/blob/42b742242ce4057dd26a170b05b99f25a62099ad/iOS/DuckDuckGo/en.lproj/Localizable.strings#L3668
iOS,buttons,DuckDuckGo,onboarding.subscription.promo.buttons.tryItForFree,,Try it for free!,Button on the Subscription promotion onboarding step when the user is eligible for a free trial. Tapping the button navigates to the Subscription paywall.,,,true,,,apps/apple/iOS/DuckDuckGo/en.lproj/Localizable.strings,3671,https://github.com/duckduckgo/apple-browsers/blob/42b742242ce4057dd26a170b05b99f25a62099ad/iOS/DuckDuckGo/en.lproj/Localizable.strings#L3671
iOS,buttons,DuckDuckGo,onboarding.widgets.continueButton,,Add Widget,No comment provided by engineer.,,,true,,,apps/apple/iOS/DuckDuckGo/en.lproj/Localizable.strings,3683,https://github.com/duckduckgo/apple-browsers/blob/42b742242ce4057dd26a170b05b99f25a62099ad/iOS/DuckDuckGo/en.lproj/Localizable.strings#L3683
iOS,buttons,DuckDuckGo,onboarding.widgets.skipButton,,Maybe Later,No comment provided by engineer.,,,true,,,apps/apple/iOS/DuckDuckGo/en.lproj/Localizable.strings,3689,https://github.com/duckduckgo/apple-browsers/blob/42b742242ce4057dd26a170b05b99f25a62099ad/iOS/DuckDuckGo/en.lproj/Localizable.strings#L3689
iOS,buttons,DuckDuckGo,onboardingContinue,,Continue,No comment provided by engineer.,,,true,,,apps/apple/iOS/DuckDuckGo/en.lproj/Localizable.strings,3692,https://github.com/duckduckgo/apple-browsers/blob/42b742242ce4057dd26a170b05b99f25a62099ad/iOS/DuckDuckGo/en.lproj/Localizable.strings#L3692
iOS,buttons,DuckDuckGo,onboardingSkip,,Skip,No comment provided by engineer.,,,true,,,apps/apple/iOS/DuckDuckGo/en.lproj/Localizable.strings,3704,https://github.com/duckduckgo/apple-browsers/blob/42b742242ce4057dd26a170b05b99f25a62099ad/iOS/DuckDuckGo/en.lproj/Localizable.strings#L3704
iOS,buttons,DuckDuckGo,onboardingStartBrowsing,,Start Browsing,This is on a button presented on the last of the onboarding screens.,,,true,,,apps/apple/iOS/DuckDuckGo/en.lproj/Localizable.strings,3707,https://github.com/duckduckgo/apple-browsers/blob/42b742242ce4057dd26a170b05b99f25a62099ad/iOS/DuckDuckGo/en.lproj/Localizable.strings#L3707
iOS,buttons,DuckDuckGo,pm.activate,,Reactivate,Activate button,,,true,,,apps/apple/iOS/DuckDuckGo/en.lproj/Localizable.strings,3728,https://github.com/duckduckgo/apple-browsers/blob/42b742242ce4057dd26a170b05b99f25a62099ad/iOS/DuckDuckGo/en.lproj/Localizable.strings#L3728
iOS,buttons,DuckDuckGo,pm.cancel,,Cancel,Cancel button,,,true,,,apps/apple/iOS/DuckDuckGo/en.lproj/Localizable.strings,3731,https://github.com/duckduckgo/apple-browsers/blob/42b742242ce4057dd26a170b05b99f25a62099ad/iOS/DuckDuckGo/en.lproj/Localizable.strings#L3731
iOS,buttons,DuckDuckGo,pm.deactivate,,Deactivate,Deactivate button,,,true,,,apps/apple/iOS/DuckDuckGo/en.lproj/Localizable.strings,3734,https://github.com/duckduckgo/apple-browsers/blob/42b742242ce4057dd26a170b05b99f25a62099ad/iOS/DuckDuckGo/en.lproj/Localizable.strings#L3734
iOS,buttons,DuckDuckGo,prefrences.sync.bookmarks-limit-exceeded-action,,Manage Bookmarks…,Button title for sync bookmarks limits exceeded warning to go to manage bookmarks,,,true,,,apps/apple/iOS/DuckDuckGo/en.lproj/Localizable.strings,3821,https://github.com/duckduckgo/apple-browsers/blob/42b742242ce4057dd26a170b05b99f25a62099ad/iOS/DuckDuckGo/en.lproj/Localizable.strings#L3821
iOS,buttons,DuckDuckGo,prefrences.sync.credentials-limit-exceeded-action,,Manage Passwords…,Button title for sync credentials limits exceeded warning to go to manage passwords,,,true,,,apps/apple/iOS/DuckDuckGo/en.lproj/Localizable.strings,3827,https://github.com/duckduckgo/apple-browsers/blob/42b742242ce4057dd26a170b05b99f25a62099ad/iOS/DuckDuckGo/en.lproj/Localizable.strings#L3827
iOS,buttons,DuckDuckGo,prefrences.sync.credit-cards-limit-exceeded-action,,Manage Credit Cards…,Button title for sync credit cards limits exceeded warning to go to manage credit cards,,,true,,,apps/apple/iOS/DuckDuckGo/en.lproj/Localizable.strings,3836,https://github.com/duckduckgo/apple-browsers/blob/42b742242ce4057dd26a170b05b99f25a62099ad/iOS/DuckDuckGo/en.lproj/Localizable.strings#L3836
iOS,buttons,DuckDuckGo,preserveLogins.remove.all.ok,,OK,Confirmation button in alert,,,true,,,apps/apple/iOS/DuckDuckGo/en.lproj/Localizable.strings,3887,https://github.com/duckduckgo/apple-browsers/blob/42b742242ce4057dd26a170b05b99f25a62099ad/iOS/DuckDuckGo/en.lproj/Localizable.strings#L3887
iOS,buttons,DuckDuckGo,scoped.fire.confirmation.delete.all.button,,Delete All,Button to delete all tabs and data in scoped fire confirmation dialog,,,true,,,apps/apple/iOS/DuckDuckGo/en.lproj/Localizable.strings,3950,https://github.com/duckduckgo/apple-browsers/blob/42b742242ce4057dd26a170b05b99f25a62099ad/iOS/DuckDuckGo/en.lproj/Localizable.strings#L3950
iOS,buttons,DuckDuckGo,scoped.fire.confirmation.delete.chats.button,,Delete Chats,Button to delete all chats in scoped fire confirmation dialog,,,true,,,apps/apple/iOS/DuckDuckGo/en.lproj/Localizable.strings,3953,https://github.com/duckduckgo/apple-browsers/blob/42b742242ce4057dd26a170b05b99f25a62099ad/iOS/DuckDuckGo/en.lproj/Localizable.strings#L3953
iOS,buttons,DuckDuckGo,scoped.fire.confirmation.delete.tab.button,,Delete Tab,Button to delete a single tab and its site data in scoped fire confirmation dialog,,,true,,,apps/apple/iOS/DuckDuckGo/en.lproj/Localizable.strings,3956,https://github.com/duckduckgo/apple-browsers/blob/42b742242ce4057dd26a170b05b99f25a62099ad/iOS/DuckDuckGo/en.lproj/Localizable.strings#L3956
iOS,buttons,DuckDuckGo,scoped.fire.confirmation.delete.this.chat.button,,Delete This Chat,Button to delete only the current chat in scoped fire confirmation dialog,,,true,,,apps/apple/iOS/DuckDuckGo/en.lproj/Localizable.strings,3959,https://github.com/duckduckgo/apple-browsers/blob/42b742242ce4057dd26a170b05b99f25a62099ad/iOS/DuckDuckGo/en.lproj/Localizable.strings#L3959
iOS,buttons,DuckDuckGo,scoped.fire.confirmation.delete.this.tab.button,,Delete This Tab,Button to delete only the current tab in scoped fire confirmation dialog,,,true,,,apps/apple/iOS/DuckDuckGo/en.lproj/Localizable.strings,3965,https://github.com/duckduckgo/apple-browsers/blob/42b742242ce4057dd26a170b05b99f25a62099ad/iOS/DuckDuckGo/en.lproj/Localizable.strings#L3965
iOS,buttons,DuckDuckGo,search.input.toggle.aichat.button.title,,Duck.ai,Search input toggle button title for asking AI Chat,,,true,,,apps/apple/iOS/DuckDuckGo/en.lproj/Localizable.strings,3980,https://github.com/duckduckgo/apple-browsers/blob/42b742242ce4057dd26a170b05b99f25a62099ad/iOS/DuckDuckGo/en.lproj/Localizable.strings#L3980
iOS,buttons,DuckDuckGo,search.input.toggle.search.button.title,,Search,Search input toggle button title for searching on the web,,,true,,,apps/apple/iOS/DuckDuckGo/en.lproj/Localizable.strings,3983,https://github.com/duckduckgo/apple-browsers/blob/42b742242ce4057dd26a170b05b99f25a62099ad/iOS/DuckDuckGo/en.lproj/Localizable.strings#L3983
iOS,buttons,DuckDuckGo,settings.aifeatures.disable.all,,Use DuckDuckGo Without AI,Button that turns off all AI features,,,true,,,apps/apple/iOS/DuckDuckGo/en.lproj/Localizable.strings,4127,https://github.com/duckduckgo/apple-browsers/blob/42b742242ce4057dd26a170b05b99f25a62099ad/iOS/DuckDuckGo/en.lproj/Localizable.strings#L4127
iOS,buttons,DuckDuckGo,settings.clear.browsing.data,,Clear Browsing Data,Button to clear browsing data,,,true,,,apps/apple/iOS/DuckDuckGo/en.lproj/Localizable.strings,4262,https://github.com/duckduckgo/apple-browsers/blob/42b742242ce4057dd26a170b05b99f25a62099ad/iOS/DuckDuckGo/en.lproj/Localizable.strings#L4262
iOS,buttons,DuckDuckGo,settings.customizable.button.delete.tabs.and.data,,Delete Tabs and Data,Label for customizable toolbar button that deletes tabs and data,,,true,,,apps/apple/iOS/DuckDuckGo/en.lproj/Localizable.strings,4289,https://github.com/duckduckgo/apple-browsers/blob/42b742242ce4057dd26a170b05b99f25a62099ad/iOS/DuckDuckGo/en.lproj/Localizable.strings#L4289
iOS,buttons,DuckDuckGo,settings.disable.email.protection.autofill,,Disable Email Protection Autofill,Label of a button disabling email protection,,,true,,,apps/apple/iOS/DuckDuckGo/en.lproj/Localizable.strings,4325,https://github.com/duckduckgo/apple-browsers/blob/42b742242ce4057dd26a170b05b99f25a62099ad/iOS/DuckDuckGo/en.lproj/Localizable.strings#L4325
iOS,buttons,DuckDuckGo,settings.enable.email.protection,,Enable Email Protection,Label of a button enabling the email protection feature,,,true,,,apps/apple/iOS/DuckDuckGo/en.lproj/Localizable.strings,4349,https://github.com/duckduckgo/apple-browsers/blob/42b742242ce4057dd26a170b05b99f25a62099ad/iOS/DuckDuckGo/en.lproj/Localizable.strings#L4349
iOS,buttons,DuckDuckGo,settings.firebutton,,Fire Button Animation,Settings screen cell text for fire button animation,,,true,,,apps/apple/iOS/DuckDuckGo/en.lproj/Localizable.strings,4361,https://github.com/duckduckgo/apple-browsers/blob/42b742242ce4057dd26a170b05b99f25a62099ad/iOS/DuckDuckGo/en.lproj/Localizable.strings#L4361
iOS,buttons,DuckDuckGo,settings.manage.account,,Manage Account,Label of a button managing email protection account,,,true,,,apps/apple/iOS/DuckDuckGo/en.lproj/Localizable.strings,4403,https://github.com/duckduckgo/apple-browsers/blob/42b742242ce4057dd26a170b05b99f25a62099ad/iOS/DuckDuckGo/en.lproj/Localizable.strings#L4403
iOS,buttons,DuckDuckGo,settings.more.search.settings,,More Search Settings,Button navigating to other settings related to search,,,true,,,apps/apple/iOS/DuckDuckGo/en.lproj/Localizable.strings,4412,https://github.com/duckduckgo/apple-browsers/blob/42b742242ce4057dd26a170b05b99f25a62099ad/iOS/DuckDuckGo/en.lproj/Localizable.strings#L4412
iOS,buttons,DuckDuckGo,settings.refreshButton.position.addressBar,,Address Bar,Settings screen option to set refresh button in the address bar,,,true,,,apps/apple/iOS/DuckDuckGo/en.lproj/Localizable.strings,4445,https://github.com/duckduckgo/apple-browsers/blob/42b742242ce4057dd26a170b05b99f25a62099ad/iOS/DuckDuckGo/en.lproj/Localizable.strings#L4445
iOS,buttons,DuckDuckGo,settings.refreshButton.position.menu,,Menu,Settings screen option to set refresh button in the menu,,,true,,,apps/apple/iOS/DuckDuckGo/en.lproj/Localizable.strings,4448,https://github.com/duckduckgo/apple-browsers/blob/42b742242ce4057dd26a170b05b99f25a62099ad/iOS/DuckDuckGo/en.lproj/Localizable.strings#L4448
iOS,buttons,DuckDuckGo,settings.refreshButton.position.title,,Reload Button Position,Settings screen cell text for setting the refresh button position.,,,true,,,apps/apple/iOS/DuckDuckGo/en.lproj/Localizable.strings,4451,https://github.com/duckduckgo/apple-browsers/blob/42b742242ce4057dd26a170b05b99f25a62099ad/iOS/DuckDuckGo/en.lproj/Localizable.strings#L4451
iOS,buttons,DuckDuckGo,settings.subscription.existing.subscription,,I Have a Subscription,I have a Subscription button text for privacy pro,,,true,,,apps/apple/iOS/DuckDuckGo/en.lproj/Localizable.strings,4499,https://github.com/duckduckgo/apple-browsers/blob/42b742242ce4057dd26a170b05b99f25a62099ad/iOS/DuckDuckGo/en.lproj/Localizable.strings#L4499
iOS,buttons,DuckDuckGo,settings.subscription.manage,,Subscription Settings,Subscription Settings button text for privacy pro,,,true,,,apps/apple/iOS/DuckDuckGo/en.lproj/Localizable.strings,4511,https://github.com/duckduckgo/apple-browsers/blob/42b742242ce4057dd26a170b05b99f25a62099ad/iOS/DuckDuckGo/en.lproj/Localizable.strings#L4511
iOS,buttons,DuckDuckGo,settings.subscription.subscribe.button,,Subscribe to DuckDuckGo,Subscribe to DuckDuckGo button text,,,true,,,apps/apple/iOS/DuckDuckGo/en.lproj/Localizable.strings,4517,https://github.com/duckduckgo/apple-browsers/blob/42b742242ce4057dd26a170b05b99f25a62099ad/iOS/DuckDuckGo/en.lproj/Localizable.strings#L4517
iOS,buttons,DuckDuckGo,settings.subscription.try.free.button,,Try Free,Try DuckDuckGo Subscription Free button text,,,true,,,apps/apple/iOS/DuckDuckGo/en.lproj/Localizable.strings,4526,https://github.com/duckduckgo/apple-browsers/blob/42b742242ce4057dd26a170b05b99f25a62099ad/iOS/DuckDuckGo/en.lproj/Localizable.strings#L4526
iOS,buttons,DuckDuckGo,settings.support,,Support,Label of a button navigating to the Support page,,,true,,,apps/apple/iOS/DuckDuckGo/en.lproj/Localizable.strings,4532,https://github.com/duckduckgo/apple-browsers/blob/42b742242ce4057dd26a170b05b99f25a62099ad/iOS/DuckDuckGo/en.lproj/Localizable.strings#L4532
iOS,buttons,DuckDuckGo,site.not.working.dismiss,,Dismiss,Dismiss button,,,true,,,apps/apple/iOS/DuckDuckGo/en.lproj/Localizable.strings,4655,https://github.com/duckduckgo/apple-browsers/blob/42b742242ce4057dd26a170b05b99f25a62099ad/iOS/DuckDuckGo/en.lproj/Localizable.strings#L4655
iOS,buttons,DuckDuckGo,site.not.working.report.broken.site,,Report Broken Site,Button that triggers flow to report broken site,,,true,,,apps/apple/iOS/DuckDuckGo/en.lproj/Localizable.strings,4658,https://github.com/duckduckgo/apple-browsers/blob/42b742242ce4057dd26a170b05b99f25a62099ad/iOS/DuckDuckGo/en.lproj/Localizable.strings#L4658
iOS,buttons,DuckDuckGo,siteFeedback.buttonText,,Submit Report,Report a Broken Site screen confirmation button,,,true,,,apps/apple/iOS/DuckDuckGo/en.lproj/Localizable.strings,4667,https://github.com/duckduckgo/apple-browsers/blob/42b742242ce4057dd26a170b05b99f25a62099ad/iOS/DuckDuckGo/en.lproj/Localizable.strings#L4667
iOS,buttons,DuckDuckGo,subscription.activate.add.to.device.button,,Add to Device,Button for adding this subscription to another device,,,true,,,apps/apple/iOS/DuckDuckGo/en.lproj/Localizable.strings,4685,https://github.com/duckduckgo/apple-browsers/blob/42b742242ce4057dd26a170b05b99f25a62099ad/iOS/DuckDuckGo/en.lproj/Localizable.strings#L4685
iOS,buttons,DuckDuckGo,subscription.activate.edit.email.button,,Edit Email,Button for editing email address added to subscription,,,true,,,apps/apple/iOS/DuckDuckGo/en.lproj/Localizable.strings,4688,https://github.com/duckduckgo/apple-browsers/blob/42b742242ce4057dd26a170b05b99f25a62099ad/iOS/DuckDuckGo/en.lproj/Localizable.strings#L4688
iOS,buttons,DuckDuckGo,subscription.activate.manage.email.cancel,,Cancel,Button title for cancelling email deletion,,,true,,,apps/apple/iOS/DuckDuckGo/en.lproj/Localizable.strings,4694,https://github.com/duckduckgo/apple-browsers/blob/42b742242ce4057dd26a170b05b99f25a62099ad/iOS/DuckDuckGo/en.lproj/Localizable.strings#L4694
iOS,buttons,DuckDuckGo,subscription.activate.manage.email.OK,,OK,Button title for confirming email deletion,,,true,,,apps/apple/iOS/DuckDuckGo/en.lproj/Localizable.strings,4697,https://github.com/duckduckgo/apple-browsers/blob/42b742242ce4057dd26a170b05b99f25a62099ad/iOS/DuckDuckGo/en.lproj/Localizable.strings#L4697
iOS,buttons,DuckDuckGo,subscription.activate.via.apple.account.button,,Restore Purchase,Button title for starting the process of adding subscription via Apple Account,,,true,,,apps/apple/iOS/DuckDuckGo/en.lproj/Localizable.strings,4700,https://github.com/duckduckgo/apple-browsers/blob/42b742242ce4057dd26a170b05b99f25a62099ad/iOS/DuckDuckGo/en.lproj/Localizable.strings#L4700
iOS,buttons,DuckDuckGo,subscription.activate.via.email.button,,Get Started,Button title for starting the process of adding subscription via email address,,,true,,,apps/apple/iOS/DuckDuckGo/en.lproj/Localizable.strings,4709,https://github.com/duckduckgo/apple-browsers/blob/42b742242ce4057dd26a170b05b99f25a62099ad/iOS/DuckDuckGo/en.lproj/Localizable.strings#L4709
iOS,buttons,DuckDuckGo,subscription.cancel.downgrade.button,,Cancel Downgrade,Button to cancel a pending downgrade of the subscription,,,true,,,apps/apple/iOS/DuckDuckGo/en.lproj/Localizable.strings,4730,https://github.com/duckduckgo/apple-browsers/blob/42b742242ce4057dd26a170b05b99f25a62099ad/iOS/DuckDuckGo/en.lproj/Localizable.strings#L4730
iOS,buttons,DuckDuckGo,subscription.change.plan,,Update Plan or Cancel,Change plan or cancel title,,,true,,,apps/apple/iOS/DuckDuckGo/en.lproj/Localizable.strings,4739,https://github.com/duckduckgo/apple-browsers/blob/42b742242ce4057dd26a170b05b99f25a62099ad/iOS/DuckDuckGo/en.lproj/Localizable.strings#L4739
iOS,buttons,DuckDuckGo,subscription.close,,Close,Navigation Button for closing subscription view,,,true,,,apps/apple/iOS/DuckDuckGo/en.lproj/Localizable.strings,4742,https://github.com/duckduckgo/apple-browsers/blob/42b742242ce4057dd26a170b05b99f25a62099ad/iOS/DuckDuckGo/en.lproj/Localizable.strings#L4742
iOS,buttons,DuckDuckGo,subscription.feedback,,Share Feedback,Share Feedback Button,,,true,,,apps/apple/iOS/DuckDuckGo/en.lproj/Localizable.strings,4778,https://github.com/duckduckgo/apple-browsers/blob/42b742242ce4057dd26a170b05b99f25a62099ad/iOS/DuckDuckGo/en.lproj/Localizable.strings#L4778
iOS,buttons,DuckDuckGo,subscription.found.cancel,,Cancel,Cancel action for the existing subscription dialog,,,true,,,apps/apple/iOS/DuckDuckGo/en.lproj/Localizable.strings,4781,https://github.com/duckduckgo/apple-browsers/blob/42b742242ce4057dd26a170b05b99f25a62099ad/iOS/DuckDuckGo/en.lproj/Localizable.strings#L4781
iOS,buttons,DuckDuckGo,subscription.found.restore,,Restore,Restore action for the existing subscription dialog,,,true,,,apps/apple/iOS/DuckDuckGo/en.lproj/Localizable.strings,4784,https://github.com/duckduckgo/apple-browsers/blob/42b742242ce4057dd26a170b05b99f25a62099ad/iOS/DuckDuckGo/en.lproj/Localizable.strings#L4784
iOS,buttons,DuckDuckGo,subscription.manage.payment,,Manage Payment or Cancel,Manage Payment or cancel action title,,,true,,,apps/apple/iOS/DuckDuckGo/en.lproj/Localizable.strings,4796,https://github.com/duckduckgo/apple-browsers/blob/42b742242ce4057dd26a170b05b99f25a62099ad/iOS/DuckDuckGo/en.lproj/Localizable.strings#L4796
iOS,buttons,DuckDuckGo,subscription.notFound.view.plans,,View Plans,View plans button text,,,true,,,apps/apple/iOS/DuckDuckGo/en.lproj/Localizable.strings,4811,https://github.com/duckduckgo/apple-browsers/blob/42b742242ce4057dd26a170b05b99f25a62099ad/iOS/DuckDuckGo/en.lproj/Localizable.strings#L4811
iOS,buttons,DuckDuckGo,subscription.pir.macos,,Mac,Text for the 'macOS' button,,,true,,,apps/apple/iOS/DuckDuckGo/en.lproj/Localizable.strings,4823,https://github.com/duckduckgo/apple-browsers/blob/42b742242ce4057dd26a170b05b99f25a62099ad/iOS/DuckDuckGo/en.lproj/Localizable.strings#L4823
iOS,buttons,DuckDuckGo,subscription.pir.windows,,Windows,Text for the 'Windows' button,,,true,,,apps/apple/iOS/DuckDuckGo/en.lproj/Localizable.strings,4826,https://github.com/duckduckgo/apple-browsers/blob/42b742242ce4057dd26a170b05b99f25a62099ad/iOS/DuckDuckGo/en.lproj/Localizable.strings#L4826
iOS,buttons,DuckDuckGo,subscription.promo.reinstaller.buttons.notNow,,Not Now,Dismiss button on the reinstaller subscription promo.,,,true,,,apps/apple/iOS/DuckDuckGo/en.lproj/Localizable.strings,4847,https://github.com/duckduckgo/apple-browsers/blob/42b742242ce4057dd26a170b05b99f25a62099ad/iOS/DuckDuckGo/en.lproj/Localizable.strings#L4847
iOS,buttons,DuckDuckGo,subscription.remove.from.device.button,,Remove From This Device,Remove from this device button,,,true,,,apps/apple/iOS/DuckDuckGo/en.lproj/Localizable.strings,4853,https://github.com/duckduckgo/apple-browsers/blob/42b742242ce4057dd26a170b05b99f25a62099ad/iOS/DuckDuckGo/en.lproj/Localizable.strings#L4853
iOS,buttons,DuckDuckGo,subscription.remove.subscription,,Remove Subscription,Remove subscription button text,,,true,,,apps/apple/iOS/DuckDuckGo/en.lproj/Localizable.strings,4859,https://github.com/duckduckgo/apple-browsers/blob/42b742242ce4057dd26a170b05b99f25a62099ad/iOS/DuckDuckGo/en.lproj/Localizable.strings#L4859
iOS,buttons,DuckDuckGo,subscription.remove.subscription.cancel,,Cancel,Remove subscription cancel button text,,,true,,,apps/apple/iOS/DuckDuckGo/en.lproj/Localizable.strings,4862,https://github.com/duckduckgo/apple-browsers/blob/42b742242ce4057dd26a170b05b99f25a62099ad/iOS/DuckDuckGo/en.lproj/Localizable.strings#L4862
iOS,buttons,DuckDuckGo,subscription.restore.backend.error.button,,Back to Settings,Button text for general error message,,,true,,,apps/apple/iOS/DuckDuckGo/en.lproj/Localizable.strings,4865,https://github.com/duckduckgo/apple-browsers/blob/42b742242ce4057dd26a170b05b99f25a62099ad/iOS/DuckDuckGo/en.lproj/Localizable.strings#L4865
iOS,buttons,DuckDuckGo,subscription.restore.success.alert.button,,OK,Alert button text for restored purchase alert,,,true,,,apps/apple/iOS/DuckDuckGo/en.lproj/Localizable.strings,4880,https://github.com/duckduckgo/apple-browsers/blob/42b742242ce4057dd26a170b05b99f25a62099ad/iOS/DuckDuckGo/en.lproj/Localizable.strings#L4880
iOS,buttons,DuckDuckGo,subscription.upgrade.button,,Upgrade to %@,"Button to upgrade subscription. Parameter is the tier name (e.g., 'Pro')",,%@,true,,,apps/apple/iOS/DuckDuckGo/en.lproj/Localizable.strings,4940,https://github.com/duckduckgo/apple-browsers/blob/42b742242ce4057dd26a170b05b99f25a62099ad/iOS/DuckDuckGo/en.lproj/Localizable.strings#L4940
iOS,buttons,DuckDuckGo,subscription.view.all.plans,,View All Plans,View All Plans button to see available subscription tiers,,,true,,,apps/apple/iOS/DuckDuckGo/en.lproj/Localizable.strings,4949,https://github.com/duckduckgo/apple-browsers/blob/42b742242ce4057dd26a170b05b99f25a62099ad/iOS/DuckDuckGo/en.lproj/Localizable.strings#L4949
iOS,buttons,DuckDuckGo,sync.delete.all.confirm.action,,Delete Server Data,Caption for a button to delete Sync server data,,,true,,,apps/apple/iOS/DuckDuckGo/en.lproj/Localizable.strings,4952,https://github.com/duckduckgo/apple-browsers/blob/42b742242ce4057dd26a170b05b99f25a62099ad/iOS/DuckDuckGo/en.lproj/Localizable.strings#L4952
iOS,buttons,DuckDuckGo,sync.pairing-v2.confirmation.action,,Sync Now,Caption for a button to confirm sync setup with another device,,,true,,,apps/apple/iOS/DuckDuckGo/en.lproj/Localizable.strings,4955,https://github.com/duckduckgo/apple-browsers/blob/42b742242ce4057dd26a170b05b99f25a62099ad/iOS/DuckDuckGo/en.lproj/Localizable.strings#L4955
iOS,buttons,DuckDuckGo,sync.promo.confirm.action,,Set Up Sync,Title for a button in the Sync Promotion banner to set up Sync,,,true,,,apps/apple/iOS/DuckDuckGo/en.lproj/Localizable.strings,4976,https://github.com/duckduckgo/apple-browsers/blob/42b742242ce4057dd26a170b05b99f25a62099ad/iOS/DuckDuckGo/en.lproj/Localizable.strings#L4976
iOS,buttons,DuckDuckGo,sync.promo.dismiss.action,,No Thanks,Title for a button in the Sync Promotion banner to dismiss Sync promotion banner,,,true,,,apps/apple/iOS/DuckDuckGo/en.lproj/Localizable.strings,4985,https://github.com/duckduckgo/apple-browsers/blob/42b742242ce4057dd26a170b05b99f25a62099ad/iOS/DuckDuckGo/en.lproj/Localizable.strings#L4985
iOS,buttons,DuckDuckGo,sync.recovery.alternative.prompt.backup.button,,Sync & Backup This Device,Button title to start backup,,,true,,,apps/apple/iOS/DuckDuckGo/en.lproj/Localizable.strings,4994,https://github.com/duckduckgo/apple-browsers/blob/42b742242ce4057dd26a170b05b99f25a62099ad/iOS/DuckDuckGo/en.lproj/Localizable.strings#L4994
iOS,buttons,DuckDuckGo,sync.recovery.alternative.prompt.sync.button,,Scan Recovery Code,Button title to start sync QR scan,,,true,,,apps/apple/iOS/DuckDuckGo/en.lproj/Localizable.strings,5006,https://github.com/duckduckgo/apple-browsers/blob/42b742242ce4057dd26a170b05b99f25a62099ad/iOS/DuckDuckGo/en.lproj/Localizable.strings#L5006
iOS,buttons,DuckDuckGo,sync.recovery.prompt.continue.button,,Don’t Have Another Device?,Button title to show alternatives,,,true,,,apps/apple/iOS/DuckDuckGo/en.lproj/Localizable.strings,5012,https://github.com/duckduckgo/apple-browsers/blob/42b742242ce4057dd26a170b05b99f25a62099ad/iOS/DuckDuckGo/en.lproj/Localizable.strings#L5012
iOS,buttons,DuckDuckGo,sync.recovery.prompt.sync.button,,Sync With Another Device,Button title to sync with another device,,,true,,,apps/apple/iOS/DuckDuckGo/en.lproj/Localizable.strings,5018,https://github.com/duckduckgo/apple-browsers/blob/42b742242ce4057dd26a170b05b99f25a62099ad/iOS/DuckDuckGo/en.lproj/Localizable.strings#L5018
iOS,buttons,DuckDuckGo,sync.remove-device.action,,Remove,Caption for a button to remove device from Sync,,,true,,,apps/apple/iOS/DuckDuckGo/en.lproj/Localizable.strings,5024,https://github.com/duckduckgo/apple-browsers/blob/42b742242ce4057dd26a170b05b99f25a62099ad/iOS/DuckDuckGo/en.lproj/Localizable.strings#L5024
iOS,buttons,DuckDuckGo,sync.simplified.turn.off.action,,Turn Off,Alert button to confirm turning off sync,,,true,,,apps/apple/iOS/DuckDuckGo/en.lproj/Localizable.strings,5051,https://github.com/duckduckgo/apple-browsers/blob/42b742242ce4057dd26a170b05b99f25a62099ad/iOS/DuckDuckGo/en.lproj/Localizable.strings#L5051
iOS,buttons,DuckDuckGo,tab.close.home,,Close home tab,Accessibility label on remove button,,,true,,,apps/apple/iOS/DuckDuckGo/en.lproj/Localizable.strings,5081,https://github.com/duckduckgo/apple-browsers/blob/42b742242ce4057dd26a170b05b99f25a62099ad/iOS/DuckDuckGo/en.lproj/Localizable.strings#L5081
iOS,buttons,DuckDuckGo,tab.switcher.tracker.count.hide.action,,Hide,Action button to hide tracker count banner,,,true,,,apps/apple/iOS/DuckDuckGo/en.lproj/Localizable.strings,5117,https://github.com/duckduckgo/apple-browsers/blob/42b742242ce4057dd26a170b05b99f25a62099ad/iOS/DuckDuckGo/en.lproj/Localizable.strings#L5117
iOS,buttons,DuckDuckGo,tab.switcher.tracker.count.keep.action,,Keep,Action button to keep showing tracker count banner,,,true,,,apps/apple/iOS/DuckDuckGo/en.lproj/Localizable.strings,5132,https://github.com/duckduckgo/apple-browsers/blob/42b742242ce4057dd26a170b05b99f25a62099ad/iOS/DuckDuckGo/en.lproj/Localizable.strings#L5132
iOS,buttons,DuckDuckGo,voiceSearch.alert.no-permission.action.settings,,Settings,No microphone permission alert action button to open the settings app,,,true,,,apps/apple/iOS/DuckDuckGo/en.lproj/Localizable.strings,5195,https://github.com/duckduckgo/apple-browsers/blob/42b742242ce4057dd26a170b05b99f25a62099ad/iOS/DuckDuckGo/en.lproj/Localizable.strings#L5195
iOS,buttons,DuckDuckGo,voiceSearch.alert.no-permission.ok,,OK,OK button alert warning the user about missing microphone permission,,,true,,,apps/apple/iOS/DuckDuckGo/en.lproj/Localizable.strings,5201,https://github.com/duckduckgo/apple-browsers/blob/42b742242ce4057dd26a170b05b99f25a62099ad/iOS/DuckDuckGo/en.lproj/Localizable.strings#L5201
iOS,buttons,DuckDuckGo,voiceSearch.cancel,,Cancel,Cancel button for voice search,,,true,,,apps/apple/iOS/DuckDuckGo/en.lproj/Localizable.strings,5207,https://github.com/duckduckgo/apple-browsers/blob/42b742242ce4057dd26a170b05b99f25a62099ad/iOS/DuckDuckGo/en.lproj/Localizable.strings#L5207
iOS,buttons,DuckDuckGo,vpn.access-revoked.alert.action.cancel,,Dismiss,Cancel action for the alert when the subscription expires,,,true,,,apps/apple/iOS/DuckDuckGo/en.lproj/Localizable.strings,5216,https://github.com/duckduckgo/apple-browsers/blob/42b742242ce4057dd26a170b05b99f25a62099ad/iOS/DuckDuckGo/en.lproj/Localizable.strings#L5216
iOS,buttons,DuckDuckGo,vpn.access-revoked.alert.action.subscribe,,Subscribe,Primary action for the alert when the subscription expires,,,true,,,apps/apple/iOS/DuckDuckGo/en.lproj/Localizable.strings,5219,https://github.com/duckduckgo/apple-browsers/blob/42b742242ce4057dd26a170b05b99f25a62099ad/iOS/DuckDuckGo/en.lproj/Localizable.strings#L5219
iOS,buttons,DuckDuckGo,vpn.feedback-form.button.cancel,,Cancel,Title for the Cancel button of the VPN feedback form,,,true,,,apps/apple/iOS/DuckDuckGo/en.lproj/Localizable.strings,5252,https://github.com/duckduckgo/apple-browsers/blob/42b742242ce4057dd26a170b05b99f25a62099ad/iOS/DuckDuckGo/en.lproj/Localizable.strings#L5252
iOS,buttons,DuckDuckGo,vpn.feedback-form.button.done,,Done,Title for the Done button of the VPN feedback form,,,true,,,apps/apple/iOS/DuckDuckGo/en.lproj/Localizable.strings,5255,https://github.com/duckduckgo/apple-browsers/blob/42b742242ce4057dd26a170b05b99f25a62099ad/iOS/DuckDuckGo/en.lproj/Localizable.strings#L5255
iOS,buttons,DuckDuckGo,vpn.feedback-form.button.submit,,Submit,Title for the Submit button of the VPN feedback form,,,true,,,apps/apple/iOS/DuckDuckGo/en.lproj/Localizable.strings,5258,https://github.com/duckduckgo/apple-browsers/blob/42b742242ce4057dd26a170b05b99f25a62099ad/iOS/DuckDuckGo/en.lproj/Localizable.strings#L5258
iOS,buttons,DuckDuckGo,vpn.feedback-form.button.submitting,,Submitting…,Title for the Submitting state of the VPN feedback form,,,true,,,apps/apple/iOS/DuckDuckGo/en.lproj/Localizable.strings,5261,https://github.com/duckduckgo/apple-browsers/blob/42b742242ce4057dd26a170b05b99f25a62099ad/iOS/DuckDuckGo/en.lproj/Localizable.strings#L5261
iOS,buttons,DuckDuckGo,vpn.settings.dns.server.apply.button.title,,Apply,Title for the Apply button on the DNS Server setting screen,,,true,,,apps/apple/iOS/DuckDuckGo/en.lproj/Localizable.strings,5336,https://github.com/duckduckgo/apple-browsers/blob/42b742242ce4057dd26a170b05b99f25a62099ad/iOS/DuckDuckGo/en.lproj/Localizable.strings#L5336
iOS,buttons,DuckDuckGo,web.url.remove.favorite.done,,Favorite removed,Confirmation message,,,true,,,apps/apple/iOS/DuckDuckGo/en.lproj/Localizable.strings,5417,https://github.com/duckduckgo/apple-browsers/blob/42b742242ce4057dd26a170b05b99f25a62099ad/iOS/DuckDuckGo/en.lproj/Localizable.strings#L5417
iOS,buttons,DuckDuckGo,web.url.save.bookmark.done,,Bookmark added,Confirmation message,,,true,,,apps/apple/iOS/DuckDuckGo/en.lproj/Localizable.strings,5420,https://github.com/duckduckgo/apple-browsers/blob/42b742242ce4057dd26a170b05b99f25a62099ad/iOS/DuckDuckGo/en.lproj/Localizable.strings#L5420
iOS,buttons,DuckDuckGo,web.url.save.bookmark.exists,,Bookmark already saved,Floating Info message,,,true,,,apps/apple/iOS/DuckDuckGo/en.lproj/Localizable.strings,5423,https://github.com/duckduckgo/apple-browsers/blob/42b742242ce4057dd26a170b05b99f25a62099ad/iOS/DuckDuckGo/en.lproj/Localizable.strings#L5423
iOS,buttons,DuckDuckGo,web.url.save.bookmark.none,,No webpage to bookmark,Floating message indicating failure,,,true,,,apps/apple/iOS/DuckDuckGo/en.lproj/Localizable.strings,5426,https://github.com/duckduckgo/apple-browsers/blob/42b742242ce4057dd26a170b05b99f25a62099ad/iOS/DuckDuckGo/en.lproj/Localizable.strings#L5426
iOS,buttons,DuckDuckGo,web.url.save.favorite.done,,Favorite added,Confirmation message,,,true,,,apps/apple/iOS/DuckDuckGo/en.lproj/Localizable.strings,5429,https://github.com/duckduckgo/apple-browsers/blob/42b742242ce4057dd26a170b05b99f25a62099ad/iOS/DuckDuckGo/en.lproj/Localizable.strings#L5429
iOS,buttons,DuckDuckGo,webJSAlert.cancel.button,,Cancel,Cancel button for JavaScript alerts,,,true,,,apps/apple/iOS/DuckDuckGo/en.lproj/Localizable.strings,5432,https://github.com/duckduckgo/apple-browsers/blob/42b742242ce4057dd26a170b05b99f25a62099ad/iOS/DuckDuckGo/en.lproj/Localizable.strings#L5432
iOS,buttons,DuckDuckGo,webJSAlert.OK.button,,OK,OK button for JavaScript alerts,,,true,,,apps/apple/iOS/DuckDuckGo/en.lproj/Localizable.strings,5435,https://github.com/duckduckgo/apple-browsers/blob/42b742242ce4057dd26a170b05b99f25a62099ad/iOS/DuckDuckGo/en.lproj/Localizable.strings#L5435
iOS,buttons,DuckDuckGo,win-back.campaign.modal.cta,,See Offer,CTA of the modal dialog promoting the win-back campaign,,,true,,,apps/apple/iOS/DuckDuckGo/en.lproj/Localizable.strings,5444,https://github.com/duckduckgo/apple-browsers/blob/42b742242ce4057dd26a170b05b99f25a62099ad/iOS/DuckDuckGo/en.lproj/Localizable.strings#L5444
iOS,buttons,DuckDuckGo,win-back.campaign.modal.dismiss,,Not Now,Dismiss of the modal dialog promoting the win-back campaign,,,true,,,apps/apple/iOS/DuckDuckGo/en.lproj/Localizable.strings,5447,https://github.com/duckduckgo/apple-browsers/blob/42b742242ce4057dd26a170b05b99f25a62099ad/iOS/DuckDuckGo/en.lproj/Localizable.strings#L5447
iOS,buttons,DuckDuckGo,win-back.campaign.subscription.settings.menu.cta,,See Offer,CTA of the Subscription settings menu item during the win-back campaign,,,true,,,apps/apple/iOS/DuckDuckGo/en.lproj/Localizable.strings,5459,https://github.com/duckduckgo/apple-browsers/blob/42b742242ce4057dd26a170b05b99f25a62099ad/iOS/DuckDuckGo/en.lproj/Localizable.strings#L5459
iOS,buttons,DuckDuckGo,win-back.campaign.subscription.settings.menu.existing.subscription.button,,I Have a Subscription,Button for using existing subscription during the win-back campaign,,,true,,,apps/apple/iOS/DuckDuckGo/en.lproj/Localizable.strings,5462,https://github.com/duckduckgo/apple-browsers/blob/42b742242ce4057dd26a170b05b99f25a62099ad/iOS/DuckDuckGo/en.lproj/Localizable.strings#L5462
iOS,buttons,DuckDuckGo,win-back.campaign.subscription.settings.page.resubscribe.cta,,Resubscribe,CTA of the message displayed for logged in users to resubscribe during the win-back campaign,,,true,,,apps/apple/iOS/DuckDuckGo/en.lproj/Localizable.strings,5474,https://github.com/duckduckgo/apple-browsers/blob/42b742242ce4057dd26a170b05b99f25a62099ad/iOS/DuckDuckGo/en.lproj/Localizable.strings#L5474
iOS,buttons,DuckDuckGo,windows-waitlist.join-waitlist-screen.mac-waitlist,,Looking for the Mac version?,Title for the Windows waitlist button redirecting to Mac waitlist,,,true,,,apps/apple/iOS/DuckDuckGo/en.lproj/Localizable.strings,5480,https://github.com/duckduckgo/apple-browsers/blob/42b742242ce4057dd26a170b05b99f25a62099ad/iOS/DuckDuckGo/en.lproj/Localizable.strings#L5480
iOS,buttons,DuckDuckGo,youtube.ad.blocking.unavailable.got-it,,Got It,Acknowledgement button on the YouTube ad-blocking unavailable bottom sheet,,,true,,,apps/apple/iOS/DuckDuckGo/en.lproj/Localizable.strings,5546,https://github.com/duckduckgo/apple-browsers/blob/42b742242ce4057dd26a170b05b99f25a62099ad/iOS/DuckDuckGo/en.lproj/Localizable.strings#L5546
iOS,buttons,DuckDuckGo,zip.content.import.type.button.title.continue,,Continue,Title of button to continue after selecting what data to import,,,true,,,apps/apple/iOS/DuckDuckGo/en.lproj/Localizable.strings,5558,https://github.com/duckduckgo/apple-browsers/blob/42b742242ce4057dd26a170b05b99f25a62099ad/iOS/DuckDuckGo/en.lproj/Localizable.strings#L5558
iOS,buttons,DuckDuckGo,tab.close,plural:other,Close Tabs,,,,true,,,apps/apple/iOS/DuckDuckGo/en.lproj/Localizable.stringsdict,391,https://github.com/duckduckgo/apple-browsers/blob/42b742242ce4057dd26a170b05b99f25a62099ad/iOS/DuckDuckGo/en.lproj/Localizable.stringsdict#L391
iOS,buttons,DuckDuckGo,tab.close,plural:one,Close Tab,,,,true,,,apps/apple/iOS/DuckDuckGo/en.lproj/Localizable.stringsdict,391,https://github.com/duckduckgo/apple-browsers/blob/42b742242ce4057dd26a170b05b99f25a62099ad/iOS/DuckDuckGo/en.lproj/Localizable.stringsdict#L391
iOS,buttons,DuckDuckGo,tab.switcher.close-tabs.button.withCount,plural:other,Close %d Tabs,,,%d,true,,,apps/apple/iOS/DuckDuckGo/en.lproj/Localizable.stringsdict,407,https://github.com/duckduckgo/apple-browsers/blob/42b742242ce4057dd26a170b05b99f25a62099ad/iOS/DuckDuckGo/en.lproj/Localizable.stringsdict#L407
iOS,buttons,DuckDuckGo,tab.switcher.close-tabs.button.withCount,plural:one,Close %d Tab,,,%d,true,,,apps/apple/iOS/DuckDuckGo/en.lproj/Localizable.stringsdict,407,https://github.com/duckduckgo/apple-browsers/blob/42b742242ce4057dd26a170b05b99f25a62099ad/iOS/DuckDuckGo/en.lproj/Localizable.stringsdict#L407
iOS,buttons,DuckDuckGo,tab.switcher.close-tabs.button.withCount,plural:zero,Close Tabs,,,,true,,,apps/apple/iOS/DuckDuckGo/en.lproj/Localizable.stringsdict,407,https://github.com/duckduckgo/apple-browsers/blob/42b742242ce4057dd26a170b05b99f25a62099ad/iOS/DuckDuckGo/en.lproj/Localizable.stringsdict#L407
iOS,buttons,DuckDuckGo,closeAllTabs.withCount,plural:other,Close All %d Tabs,,,%d,true,,,apps/apple/iOS/DuckDuckGo/en.lproj/Localizable.stringsdict,425,https://github.com/duckduckgo/apple-browsers/blob/42b742242ce4057dd26a170b05b99f25a62099ad/iOS/DuckDuckGo/en.lproj/Localizable.stringsdict#L425
iOS,buttons,DuckDuckGo,closeAllTabs.withCount,plural:one,Close Tab,,,,true,,,apps/apple/iOS/DuckDuckGo/en.lproj/Localizable.stringsdict,425,https://github.com/duckduckgo/apple-browsers/blob/42b742242ce4057dd26a170b05b99f25a62099ad/iOS/DuckDuckGo/en.lproj/Localizable.stringsdict#L425
iOS,buttons,DuckDuckGo,closeAllTabs.withCount,plural:zero,Close All Tabs,,,,true,,,apps/apple/iOS/DuckDuckGo/en.lproj/Localizable.stringsdict,425,https://github.com/duckduckgo/apple-browsers/blob/42b742242ce4057dd26a170b05b99f25a62099ad/iOS/DuckDuckGo/en.lproj/Localizable.stringsdict#L425
iOS,buttons,DuckDuckGo,alertTitleCloseSelectedTabs.withCount,plural:other,Close %d tabs?,,,%d,true,,,apps/apple/iOS/DuckDuckGo/en.lproj/Localizable.stringsdict,443,https://github.com/duckduckgo/apple-browsers/blob/42b742242ce4057dd26a170b05b99f25a62099ad/iOS/DuckDuckGo/en.lproj/Localizable.stringsdict#L443
iOS,buttons,DuckDuckGo,alertTitleCloseSelectedTabs.withCount,plural:one,Close tab?,,,,true,,,apps/apple/iOS/DuckDuckGo/en.lproj/Localizable.stringsdict,443,https://github.com/duckduckgo/apple-browsers/blob/42b742242ce4057dd26a170b05b99f25a62099ad/iOS/DuckDuckGo/en.lproj/Localizable.stringsdict#L443
iOS,buttons,DuckDuckGo,alertTitleCloseOtherTabs.withCount,plural:other,Close %d other tabs?,,,%d,true,,,apps/apple/iOS/DuckDuckGo/en.lproj/Localizable.stringsdict,459,https://github.com/duckduckgo/apple-browsers/blob/42b742242ce4057dd26a170b05b99f25a62099ad/iOS/DuckDuckGo/en.lproj/Localizable.stringsdict#L459
iOS,buttons,DuckDuckGo,alertTitleCloseOtherTabs.withCount,plural:one,Close other tab?,,,,true,,,apps/apple/iOS/DuckDuckGo/en.lproj/Localizable.stringsdict,459,https://github.com/duckduckgo/apple-browsers/blob/42b742242ce4057dd26a170b05b99f25a62099ad/iOS/DuckDuckGo/en.lproj/Localizable.stringsdict#L459
iOS,buttons,DuckDuckGo,alertMessageCloseOtherTabs.withCount,plural:other,Are you sure you want to close these tabs?,,,,true,,,apps/apple/iOS/DuckDuckGo/en.lproj/Localizable.stringsdict,475,https://github.com/duckduckgo/apple-browsers/blob/42b742242ce4057dd26a170b05b99f25a62099ad/iOS/DuckDuckGo/en.lproj/Localizable.stringsdict#L475
iOS,buttons,DuckDuckGo,alertMessageCloseOtherTabs.withCount,plural:one,Are you sure you want to close the tab?,,,,true,,,apps/apple/iOS/DuckDuckGo/en.lproj/Localizable.stringsdict,475,https://github.com/duckduckgo/apple-browsers/blob/42b742242ce4057dd26a170b05b99f25a62099ad/iOS/DuckDuckGo/en.lproj/Localizable.stringsdict#L475
iOS,buttons,DuckDuckGo,alertTitleCloseTabs.withCount,plural:other,Close %d tabs?,,,%d,true,,,apps/apple/iOS/DuckDuckGo/en.lproj/Localizable.stringsdict,491,https://github.com/duckduckgo/apple-browsers/blob/42b742242ce4057dd26a170b05b99f25a62099ad/iOS/DuckDuckGo/en.lproj/Localizable.stringsdict#L491
iOS,buttons,DuckDuckGo,alertTitleCloseTabs.withCount,plural:one,Close tab?,,,,true,,,apps/apple/iOS/DuckDuckGo/en.lproj/Localizable.stringsdict,491,https://github.com/duckduckgo/apple-browsers/blob/42b742242ce4057dd26a170b05b99f25a62099ad/iOS/DuckDuckGo/en.lproj/Localizable.stringsdict#L491
iOS,buttons,DuckDuckGo,alertMessageCloseTabs.withCount,plural:other,Are you sure you want to close these tabs?,,,,true,,,apps/apple/iOS/DuckDuckGo/en.lproj/Localizable.stringsdict,507,https://github.com/duckduckgo/apple-browsers/blob/42b742242ce4057dd26a170b05b99f25a62099ad/iOS/DuckDuckGo/en.lproj/Localizable.stringsdict#L507
iOS,buttons,DuckDuckGo,alertMessageCloseTabs.withCount,plural:one,Are you sure you want to close this tab?,,,,true,,,apps/apple/iOS/DuckDuckGo/en.lproj/Localizable.stringsdict,507,https://github.com/duckduckgo/apple-browsers/blob/42b742242ce4057dd26a170b05b99f25a62099ad/iOS/DuckDuckGo/en.lproj/Localizable.stringsdict#L507
iOS,buttons,DuckDuckGo,alertTitleCloseAllTabs.withCount,plural:other,Close all %d tabs?,,,%d,true,,,apps/apple/iOS/DuckDuckGo/en.lproj/Localizable.stringsdict,523,https://github.com/duckduckgo/apple-browsers/blob/42b742242ce4057dd26a170b05b99f25a62099ad/iOS/DuckDuckGo/en.lproj/Localizable.stringsdict#L523
iOS,buttons,DuckDuckGo,alertTitleCloseAllTabs.withCount,plural:one,Close tab?,,,,true,,,apps/apple/iOS/DuckDuckGo/en.lproj/Localizable.stringsdict,523,https://github.com/duckduckgo/apple-browsers/blob/42b742242ce4057dd26a170b05b99f25a62099ad/iOS/DuckDuckGo/en.lproj/Localizable.stringsdict#L523
iOS,buttons,DuckDuckGo,alertMessageCloseAllTabs.withCount,plural:other,Are you sure you want to close all tabs?,,,,true,,,apps/apple/iOS/DuckDuckGo/en.lproj/Localizable.stringsdict,539,https://github.com/duckduckgo/apple-browsers/blob/42b742242ce4057dd26a170b05b99f25a62099ad/iOS/DuckDuckGo/en.lproj/Localizable.stringsdict#L539
iOS,buttons,DuckDuckGo,alertMessageCloseAllTabs.withCount,plural:one,Are you sure you want to close this tab?,,,,true,,,apps/apple/iOS/DuckDuckGo/en.lproj/Localizable.stringsdict,539,https://github.com/duckduckgo/apple-browsers/blob/42b742242ce4057dd26a170b05b99f25a62099ad/iOS/DuckDuckGo/en.lproj/Localizable.stringsdict#L539
iOS,buttons,DuckDuckGo,tab.switcher.close-others.withCount,plural:other,Close Other Tabs,,,,true,,,apps/apple/iOS/DuckDuckGo/en.lproj/Localizable.stringsdict,571,https://github.com/duckduckgo/apple-browsers/blob/42b742242ce4057dd26a170b05b99f25a62099ad/iOS/DuckDuckGo/en.lproj/Localizable.stringsdict#L571
iOS,buttons,DuckDuckGo,tab.switcher.close-others.withCount,plural:one,Close Other Tab,,,,true,,,apps/apple/iOS/DuckDuckGo/en.lproj/Localizable.stringsdict,571,https://github.com/duckduckgo/apple-browsers/blob/42b742242ce4057dd26a170b05b99f25a62099ad/iOS/DuckDuckGo/en.lproj/Localizable.stringsdict#L571
iOS,buttons,SetDefaultBrowser,setDefaultBrowser.modal.cta.cancel,,Close,,,,true,,,apps/apple/iOS/LocalPackages/SetDefaultBrowser/Sources/SetDefaultBrowserUI/Resources/en.lproj/Localizable.strings,3,https://github.com/duckduckgo/apple-browsers/blob/42b742242ce4057dd26a170b05b99f25a62099ad/iOS/LocalPackages/SetDefaultBrowser/Sources/SetDefaultBrowserUI/Resources/en.lproj/Localizable.strings#L3
iOS,buttons,SetDefaultBrowser,setDefaultBrowser.cta.primary.title,,Set As Default Browser,,,,true,,,apps/apple/iOS/LocalPackages/SetDefaultBrowser/Sources/SetDefaultBrowserUI/Resources/en.lproj/Localizable.strings,4,https://github.com/duckduckgo/apple-browsers/blob/42b742242ce4057dd26a170b05b99f25a62099ad/iOS/LocalPackages/SetDefaultBrowser/Sources/SetDefaultBrowserUI/Resources/en.lproj/Localizable.strings#L4
iOS,buttons,SetDefaultBrowser,setDefaultBrowser.cta.secondary.title,,Don’t Ask Again,,,,true,,,apps/apple/iOS/LocalPackages/SetDefaultBrowser/Sources/SetDefaultBrowserUI/Resources/en.lproj/Localizable.strings,5,https://github.com/duckduckgo/apple-browsers/blob/42b742242ce4057dd26a170b05b99f25a62099ad/iOS/LocalPackages/SetDefaultBrowser/Sources/SetDefaultBrowserUI/Resources/en.lproj/Localizable.strings#L5
iOS,buttons,SetDefaultBrowser,setDefaultBrowser.modal.inactive-user.cta.primary.title,,Open Links With DuckDuckGo,,,,true,,,apps/apple/iOS/LocalPackages/SetDefaultBrowser/Sources/SetDefaultBrowserUI/Resources/en.lproj/Localizable.strings,8,https://github.com/duckduckgo/apple-browsers/blob/42b742242ce4057dd26a170b05b99f25a62099ad/iOS/LocalPackages/SetDefaultBrowser/Sources/SetDefaultBrowserUI/Resources/en.lproj/Localizable.strings#L8
iOS,buttons,SetDefaultBrowser,setDefaultBrowser.modal.inactive-user.cta.secondary.title,,Maybe Later,,,,true,,,apps/apple/iOS/LocalPackages/SetDefaultBrowser/Sources/SetDefaultBrowserUI/Resources/en.lproj/Localizable.strings,9,https://github.com/duckduckgo/apple-browsers/blob/42b742242ce4057dd26a170b05b99f25a62099ad/iOS/LocalPackages/SetDefaultBrowser/Sources/SetDefaultBrowserUI/Resources/en.lproj/Localizable.strings#L9
iOS,buttons,SyncUI-iOS,auto.restore.ready.restore.button,,Resume Sync & Backup,Auto-Restore Ready Sheet - Restore Button,,,true,,,apps/apple/iOS/LocalPackages/SyncUI-iOS/Sources/SyncUI-iOS/Resources/en.lproj/Localizable.strings,5,https://github.com/duckduckgo/apple-browsers/blob/42b742242ce4057dd26a170b05b99f25a62099ad/iOS/LocalPackages/SyncUI-iOS/Sources/SyncUI-iOS/Resources/en.lproj/Localizable.strings#L5
iOS,buttons,SyncUI-iOS,back.button,,Back,Standard Buttons - Back Button,,,true,,,apps/apple/iOS/LocalPackages/SyncUI-iOS/Sources/SyncUI-iOS/Resources/en.lproj/Localizable.strings,29,https://github.com/duckduckgo/apple-browsers/blob/42b742242ce4057dd26a170b05b99f25a62099ad/iOS/LocalPackages/SyncUI-iOS/Sources/SyncUI-iOS/Resources/en.lproj/Localizable.strings#L29
iOS,buttons,SyncUI-iOS,camera.go.to.settings.button,,Go to Settings,Camera View - Go to Settings Button,,,true,,,apps/apple/iOS/LocalPackages/SyncUI-iOS/Sources/SyncUI-iOS/Resources/en.lproj/Localizable.strings,38,https://github.com/duckduckgo/apple-browsers/blob/42b742242ce4057dd26a170b05b99f25a62099ad/iOS/LocalPackages/SyncUI-iOS/Sources/SyncUI-iOS/Resources/en.lproj/Localizable.strings#L38
iOS,buttons,SyncUI-iOS,cancel.button,,Cancel,Standard Buttons - Cancel Button,,,true,,,apps/apple/iOS/LocalPackages/SyncUI-iOS/Sources/SyncUI-iOS/Resources/en.lproj/Localizable.strings,50,https://github.com/duckduckgo/apple-browsers/blob/42b742242ce4057dd26a170b05b99f25a62099ad/iOS/LocalPackages/SyncUI-iOS/Sources/SyncUI-iOS/Resources/en.lproj/Localizable.strings#L50
iOS,buttons,SyncUI-iOS,copy.button,,Copy,Standard Buttons - Copy Button,,,true,,,apps/apple/iOS/LocalPackages/SyncUI-iOS/Sources/SyncUI-iOS/Resources/en.lproj/Localizable.strings,53,https://github.com/duckduckgo/apple-browsers/blob/42b742242ce4057dd26a170b05b99f25a62099ad/iOS/LocalPackages/SyncUI-iOS/Sources/SyncUI-iOS/Resources/en.lproj/Localizable.strings#L53
iOS,buttons,SyncUI-iOS,done.button,,Done,Standard Buttons - Done Button,,,true,,,apps/apple/iOS/LocalPackages/SyncUI-iOS/Sources/SyncUI-iOS/Resources/en.lproj/Localizable.strings,68,https://github.com/duckduckgo/apple-browsers/blob/42b742242ce4057dd26a170b05b99f25a62099ad/iOS/LocalPackages/SyncUI-iOS/Sources/SyncUI-iOS/Resources/en.lproj/Localizable.strings#L68
iOS,buttons,SyncUI-iOS,fetch.favicons.onboarding.button.title,,Keep Bookmarks Icons Updated,Fetch Favicons Onboarding - Button Title,,,true,,,apps/apple/iOS/LocalPackages/SyncUI-iOS/Sources/SyncUI-iOS/Resources/en.lproj/Localizable.strings,71,https://github.com/duckduckgo/apple-browsers/blob/42b742242ce4057dd26a170b05b99f25a62099ad/iOS/LocalPackages/SyncUI-iOS/Sources/SyncUI-iOS/Resources/en.lproj/Localizable.strings#L71
iOS,buttons,SyncUI-iOS,not.now.button,,Not Now,Standard Buttons - Not Now Button,,,true,,,apps/apple/iOS/LocalPackages/SyncUI-iOS/Sources/SyncUI-iOS/Resources/en.lproj/Localizable.strings,83,https://github.com/duckduckgo/apple-browsers/blob/42b742242ce4057dd26a170b05b99f25a62099ad/iOS/LocalPackages/SyncUI-iOS/Sources/SyncUI-iOS/Resources/en.lproj/Localizable.strings#L83
iOS,buttons,SyncUI-iOS,prefrences.sync.bookmarks-limit-exceeded-action,,Manage Bookmarks,Button title for sync bookmarks limits exceeded warning to go to manage bookmarks,,,true,,,apps/apple/iOS/LocalPackages/SyncUI-iOS/Sources/SyncUI-iOS/Resources/en.lproj/Localizable.strings,86,https://github.com/duckduckgo/apple-browsers/blob/42b742242ce4057dd26a170b05b99f25a62099ad/iOS/LocalPackages/SyncUI-iOS/Sources/SyncUI-iOS/Resources/en.lproj/Localizable.strings#L86
iOS,buttons,SyncUI-iOS,prefrences.sync.credentials-limit-exceeded-action,,Manage passwords…,Button title for sync credentials limits exceeded warning to go to manage passwords,,,true,,,apps/apple/iOS/LocalPackages/SyncUI-iOS/Sources/SyncUI-iOS/Resources/en.lproj/Localizable.strings,89,https://github.com/duckduckgo/apple-browsers/blob/42b742242ce4057dd26a170b05b99f25a62099ad/iOS/LocalPackages/SyncUI-iOS/Sources/SyncUI-iOS/Resources/en.lproj/Localizable.strings#L89
iOS,buttons,SyncUI-iOS,prefrences.sync.credit-cards-limit-exceeded-action,,Manage Credit Cards…,Button title for sync credit cards limits exceeded warning to go to manage credit cards,,,true,,,apps/apple/iOS/LocalPackages/SyncUI-iOS/Sources/SyncUI-iOS/Resources/en.lproj/Localizable.strings,92,https://github.com/duckduckgo/apple-browsers/blob/42b742242ce4057dd26a170b05b99f25a62099ad/iOS/LocalPackages/SyncUI-iOS/Sources/SyncUI-iOS/Resources/en.lproj/Localizable.strings#L92
iOS,buttons,SyncUI-iOS,recover.synced.data.sheet.button,,Recover Synced Data,Recover Synced Data Sheet - Button,,,true,,,apps/apple/iOS/LocalPackages/SyncUI-iOS/Sources/SyncUI-iOS/Resources/en.lproj/Localizable.strings,95,https://github.com/duckduckgo/apple-browsers/blob/42b742242ce4057dd26a170b05b99f25a62099ad/iOS/LocalPackages/SyncUI-iOS/Sources/SyncUI-iOS/Resources/en.lproj/Localizable.strings#L95
iOS,buttons,SyncUI-iOS,remove.device.button,,Remove Device,Remove Device View - Button,,,true,,,apps/apple/iOS/LocalPackages/SyncUI-iOS/Sources/SyncUI-iOS/Resources/en.lproj/Localizable.strings,113,https://github.com/duckduckgo/apple-browsers/blob/42b742242ce4057dd26a170b05b99f25a62099ad/iOS/LocalPackages/SyncUI-iOS/Sources/SyncUI-iOS/Resources/en.lproj/Localizable.strings#L113
iOS,buttons,SyncUI-iOS,sync.get.other.devices.card.button.title,,Share Download Link,Button title to share link for downloading DuckDuckGo on other devices,,,true,,,apps/apple/iOS/LocalPackages/SyncUI-iOS/Sources/SyncUI-iOS/Resources/en.lproj/Localizable.strings,122,https://github.com/duckduckgo/apple-browsers/blob/42b742242ce4057dd26a170b05b99f25a62099ad/iOS/LocalPackages/SyncUI-iOS/Sources/SyncUI-iOS/Resources/en.lproj/Localizable.strings#L122
iOS,buttons,SyncUI-iOS,sync.passcode.required.alert.go.to.settings.button,,Go to Settings,Sync passcode required alert - button,,,true,,,apps/apple/iOS/LocalPackages/SyncUI-iOS/Sources/SyncUI-iOS/Resources/en.lproj/Localizable.strings,137,https://github.com/duckduckgo/apple-browsers/blob/42b742242ce4057dd26a170b05b99f25a62099ad/iOS/LocalPackages/SyncUI-iOS/Sources/SyncUI-iOS/Resources/en.lproj/Localizable.strings#L137
iOS,buttons,SyncUI-iOS,sync.simplified.copy.recovery.code.button,,Copy Recovery Code,Sync settings 'Copy Recovery Code' button,,,true,,,apps/apple/iOS/LocalPackages/SyncUI-iOS/Sources/SyncUI-iOS/Resources/en.lproj/Localizable.strings,167,https://github.com/duckduckgo/apple-browsers/blob/42b742242ce4057dd26a170b05b99f25a62099ad/iOS/LocalPackages/SyncUI-iOS/Sources/SyncUI-iOS/Resources/en.lproj/Localizable.strings#L167
iOS,buttons,SyncUI-iOS,sync.simplified.delete.sync.data.button,,Turn Off Sync and Delete Server Data,Sync settings action button title to turn off sync and delete server data,,,true,,,apps/apple/iOS/LocalPackages/SyncUI-iOS/Sources/SyncUI-iOS/Resources/en.lproj/Localizable.strings,170,https://github.com/duckduckgo/apple-browsers/blob/42b742242ce4057dd26a170b05b99f25a62099ad/iOS/LocalPackages/SyncUI-iOS/Sources/SyncUI-iOS/Resources/en.lproj/Localizable.strings#L170
iOS,buttons,SyncUI-iOS,sync.simplified.download.recovery.code.button,,Download Recovery Code,Sync settings 'Download Recovery Code' button,,,true,,,apps/apple/iOS/LocalPackages/SyncUI-iOS/Sources/SyncUI-iOS/Resources/en.lproj/Localizable.strings,182,https://github.com/duckduckgo/apple-browsers/blob/42b742242ce4057dd26a170b05b99f25a62099ad/iOS/LocalPackages/SyncUI-iOS/Sources/SyncUI-iOS/Resources/en.lproj/Localizable.strings#L182
iOS,buttons,SyncUI-iOS,sync.simplified.download.your.recovery.code.button,,Download Your Recovery Code,Button to download the recovery code on the recover-your-data screen,,,true,,,apps/apple/iOS/LocalPackages/SyncUI-iOS/Sources/SyncUI-iOS/Resources/en.lproj/Localizable.strings,188,https://github.com/duckduckgo/apple-browsers/blob/42b742242ce4057dd26a170b05b99f25a62099ad/iOS/LocalPackages/SyncUI-iOS/Sources/SyncUI-iOS/Resources/en.lproj/Localizable.strings#L188
iOS,buttons,SyncUI-iOS,sync.simplified.enter.code.paste.button,,Paste Sync Code,Button to paste the sync code on the enter-code tab,,,true,,,apps/apple/iOS/LocalPackages/SyncUI-iOS/Sources/SyncUI-iOS/Resources/en.lproj/Localizable.strings,206,https://github.com/duckduckgo/apple-browsers/blob/42b742242ce4057dd26a170b05b99f25a62099ad/iOS/LocalPackages/SyncUI-iOS/Sources/SyncUI-iOS/Resources/en.lproj/Localizable.strings#L206
iOS,buttons,SyncUI-iOS,sync.simplified.have.recovery.code.button,,I Have a Recovery Code,Sync setup row label to recover synced data using an existing recovery code,,,true,,,apps/apple/iOS/LocalPackages/SyncUI-iOS/Sources/SyncUI-iOS/Resources/en.lproj/Localizable.strings,218,https://github.com/duckduckgo/apple-browsers/blob/42b742242ce4057dd26a170b05b99f25a62099ad/iOS/LocalPackages/SyncUI-iOS/Sources/SyncUI-iOS/Resources/en.lproj/Localizable.strings#L218
iOS,buttons,SyncUI-iOS,sync.simplified.scan-or-view-code.share,,Share Code,Title of button to share a sync code,,,true,,,apps/apple/iOS/LocalPackages/SyncUI-iOS/Sources/SyncUI-iOS/Resources/en.lproj/Localizable.strings,275,https://github.com/duckduckgo/apple-browsers/blob/42b742242ce4057dd26a170b05b99f25a62099ad/iOS/LocalPackages/SyncUI-iOS/Sources/SyncUI-iOS/Resources/en.lproj/Localizable.strings#L275
iOS,buttons,SyncUI-iOS,sync.simplified.scan.v2.close.button,,Close,Close button in the scan screen navigation bar,,,true,,,apps/apple/iOS/LocalPackages/SyncUI-iOS/Sources/SyncUI-iOS/Resources/en.lproj/Localizable.strings,278,https://github.com/duckduckgo/apple-browsers/blob/42b742242ce4057dd26a170b05b99f25a62099ad/iOS/LocalPackages/SyncUI-iOS/Sources/SyncUI-iOS/Resources/en.lproj/Localizable.strings#L278
iOS,buttons,SyncUI-iOS,sync.simplified.scan.v2.qr.ready.button,,I’m Ready to Scan,Button on the scan-QR intro animation that dismisses the animation and reveals the camera,,,true,,,apps/apple/iOS/LocalPackages/SyncUI-iOS/Sources/SyncUI-iOS/Resources/en.lproj/Localizable.strings,290,https://github.com/duckduckgo/apple-browsers/blob/42b742242ce4057dd26a170b05b99f25a62099ad/iOS/LocalPackages/SyncUI-iOS/Sources/SyncUI-iOS/Resources/en.lproj/Localizable.strings#L290
iOS,buttons,SyncUI-iOS,sync.simplified.sync.code.copy.button,,Copy Text Code,Button to copy the text sync code on the sync-code sheet,,,true,,,apps/apple/iOS/LocalPackages/SyncUI-iOS/Sources/SyncUI-iOS/Resources/en.lproj/Localizable.strings,308,https://github.com/duckduckgo/apple-browsers/blob/42b742242ce4057dd26a170b05b99f25a62099ad/iOS/LocalPackages/SyncUI-iOS/Sources/SyncUI-iOS/Resources/en.lproj/Localizable.strings#L308
iOS,buttons,SyncUI-iOS,sync.simplified.this.device.only,,Sync This Device Only,"Button on the sync-setup prompt to enable Sync & Backup on the current device only, without pairing another device",,,true,,,apps/apple/iOS/LocalPackages/SyncUI-iOS/Sources/SyncUI-iOS/Resources/en.lproj/Localizable.strings,320,https://github.com/duckduckgo/apple-browsers/blob/42b742242ce4057dd26a170b05b99f25a62099ad/iOS/LocalPackages/SyncUI-iOS/Sources/SyncUI-iOS/Resources/en.lproj/Localizable.strings#L320
iOS,buttons,SyncUI-iOS,sync.simplified.with.another.device.button,,Sync With Another Device,Sync With Another Device sync setup button label,,,true,,,apps/apple/iOS/LocalPackages/SyncUI-iOS/Sources/SyncUI-iOS/Resources/en.lproj/Localizable.strings,326,https://github.com/duckduckgo/apple-browsers/blob/42b742242ce4057dd26a170b05b99f25a62099ad/iOS/LocalPackages/SyncUI-iOS/Sources/SyncUI-iOS/Resources/en.lproj/Localizable.strings#L326
iOS,buttons,Widgets,widget.no.favorites.cta,,Add Favorites,CTA shown in the favorites widget empty state.,,,true,,,apps/apple/iOS/Widgets/en.lproj/Localizable.strings,125,https://github.com/duckduckgo/apple-browsers/blob/42b742242ce4057dd26a170b05b99f25a62099ad/iOS/Widgets/en.lproj/Localizable.strings#L125
iOS,buttons,Widgets,widget.vpn.button.connect,,Connect,VPN connect button text,,,true,,,apps/apple/iOS/Widgets/en.lproj/Localizable.strings,167,https://github.com/duckduckgo/apple-browsers/blob/42b742242ce4057dd26a170b05b99f25a62099ad/iOS/Widgets/en.lproj/Localizable.strings#L167
iOS,buttons,Widgets,widget.vpn.button.disconnect,,Disconnect,VPN disconnect button text,,,true,,,apps/apple/iOS/Widgets/en.lproj/Localizable.strings,170,https://github.com/duckduckgo/apple-browsers/blob/42b742242ce4057dd26a170b05b99f25a62099ad/iOS/Widgets/en.lproj/Localizable.strings#L170
iOS,buttons,Widgets,widget.vpn.live-activity.button.dismiss,,Dismiss,VPN Live Activity dismiss button text,,,true,,,apps/apple/iOS/Widgets/en.lproj/Localizable.strings,176,https://github.com/duckduckgo/apple-browsers/blob/42b742242ce4057dd26a170b05b99f25a62099ad/iOS/Widgets/en.lproj/Localizable.strings#L176
iOS,buttons,Widgets,widget.vpn.live-activity.button.wake-up,,Wake Up,VPN Live Activity wake up button text,,,true,,,apps/apple/iOS/Widgets/en.lproj/Localizable.strings,179,https://github.com/duckduckgo/apple-browsers/blob/42b742242ce4057dd26a170b05b99f25a62099ad/iOS/Widgets/en.lproj/Localizable.strings#L179
