platform,content_type,module,key,variant,text,developer_comment,context_comment,placeholders,translatable,state,internal_only,source_file,line,source_url
iOS,headings,DuckDuckGo,action.text-zoom-sheet-title,,Text Zoom (%d%%),"Title for text zoom sheet view. %d%% is replaced with percent, e.g. 56% so do not change that please.",,%d,true,,,apps/apple/iOS/DuckDuckGo/en.lproj/Localizable.strings,32,https://github.com/duckduckgo/apple-browsers/blob/4b46aae14c44aa7044649466a6110eb1d31ba2a7/iOS/DuckDuckGo/en.lproj/Localizable.strings#L32
iOS,headings,DuckDuckGo,action.title.add,,Add,Add action - button shown in alert,,,true,,,apps/apple/iOS/DuckDuckGo/en.lproj/Localizable.strings,35,https://github.com/duckduckgo/apple-browsers/blob/4b46aae14c44aa7044649466a6110eb1d31ba2a7/iOS/DuckDuckGo/en.lproj/Localizable.strings#L35
iOS,headings,DuckDuckGo,action.title.aiChat.askDuckAI,,Ask Duck.ai,Edit-menu action shown on text selected in the browser; attaches the selection to Duck.ai so the user can ask their own question about it,,,true,,,apps/apple/iOS/DuckDuckGo/en.lproj/Localizable.strings,38,https://github.com/duckduckgo/apple-browsers/blob/4b46aae14c44aa7044649466a6110eb1d31ba2a7/iOS/DuckDuckGo/en.lproj/Localizable.strings#L38
iOS,headings,DuckDuckGo,action.title.aiChat.history,,Duck.ai Chats,Open AI Chat history action in the menu list,,,true,,,apps/apple/iOS/DuckDuckGo/en.lproj/Localizable.strings,47,https://github.com/duckduckgo/apple-browsers/blob/4b46aae14c44aa7044649466a6110eb1d31ba2a7/iOS/DuckDuckGo/en.lproj/Localizable.strings#L47
iOS,headings,DuckDuckGo,action.title.aiChat.new,,New Chat,Start new AI Chat action in the menu list,,,true,,,apps/apple/iOS/DuckDuckGo/en.lproj/Localizable.strings,50,https://github.com/duckduckgo/apple-browsers/blob/4b46aae14c44aa7044649466a6110eb1d31ba2a7/iOS/DuckDuckGo/en.lproj/Localizable.strings#L50
iOS,headings,DuckDuckGo,action.title.aiChat.openSettings,,Open AI Settings,Title of the long-press menu item on the iPad Duck.ai chrome chip that deep-links to Settings → AI Features.,,,true,,,apps/apple/iOS/DuckDuckGo/en.lproj/Localizable.strings,53,https://github.com/duckduckgo/apple-browsers/blob/4b46aae14c44aa7044649466a6110eb1d31ba2a7/iOS/DuckDuckGo/en.lproj/Localizable.strings#L53
iOS,headings,DuckDuckGo,action.title.aiChat.settings,,Duck.ai Settings,Open AI Chat settings action in the menu list,,,true,,,apps/apple/iOS/DuckDuckGo/en.lproj/Localizable.strings,56,https://github.com/duckduckgo/apple-browsers/blob/4b46aae14c44aa7044649466a6110eb1d31ba2a7/iOS/DuckDuckGo/en.lproj/Localizable.strings#L56
iOS,headings,DuckDuckGo,action.title.autofill.logins,,Passwords,Autofill Logins menu item opening the login list,,,true,,,apps/apple/iOS/DuckDuckGo/en.lproj/Localizable.strings,68,https://github.com/duckduckgo/apple-browsers/blob/4b46aae14c44aa7044649466a6110eb1d31ba2a7/iOS/DuckDuckGo/en.lproj/Localizable.strings#L68
iOS,headings,DuckDuckGo,action.title.bookmark,,Bookmark,Confirmation of Add to Bookmarks action in Add All Open Tabs to Bookmarks alert,,,true,,,apps/apple/iOS/DuckDuckGo/en.lproj/Localizable.strings,71,https://github.com/duckduckgo/apple-browsers/blob/4b46aae14c44aa7044649466a6110eb1d31ba2a7/iOS/DuckDuckGo/en.lproj/Localizable.strings#L71
iOS,headings,DuckDuckGo,action.title.bookmarks,,Bookmarks,Button: Open bookmarks list,,,true,,,apps/apple/iOS/DuckDuckGo/en.lproj/Localizable.strings,74,https://github.com/duckduckgo/apple-browsers/blob/4b46aae14c44aa7044649466a6110eb1d31ba2a7/iOS/DuckDuckGo/en.lproj/Localizable.strings#L74
iOS,headings,DuckDuckGo,action.title.chats,,Chats,Open the native Duck.ai chat history sheet from the browser menu.,,,true,,,apps/apple/iOS/DuckDuckGo/en.lproj/Localizable.strings,80,https://github.com/duckduckgo/apple-browsers/blob/4b46aae14c44aa7044649466a6110eb1d31ba2a7/iOS/DuckDuckGo/en.lproj/Localizable.strings#L80
iOS,headings,DuckDuckGo,action.title.copy,,Copy,Copy action,,,true,,,apps/apple/iOS/DuckDuckGo/en.lproj/Localizable.strings,83,https://github.com/duckduckgo/apple-browsers/blob/4b46aae14c44aa7044649466a6110eb1d31ba2a7/iOS/DuckDuckGo/en.lproj/Localizable.strings#L83
iOS,headings,DuckDuckGo,action.title.delete,,Delete,Delete action - button shown in alert,,,true,,,apps/apple/iOS/DuckDuckGo/en.lproj/Localizable.strings,95,https://github.com/duckduckgo/apple-browsers/blob/4b46aae14c44aa7044649466a6110eb1d31ba2a7/iOS/DuckDuckGo/en.lproj/Localizable.strings#L95
iOS,headings,DuckDuckGo,action.title.disable.protection,,Disable Privacy Protection,Disable protection action,,,true,,,apps/apple/iOS/DuckDuckGo/en.lproj/Localizable.strings,98,https://github.com/duckduckgo/apple-browsers/blob/4b46aae14c44aa7044649466a6110eb1d31ba2a7/iOS/DuckDuckGo/en.lproj/Localizable.strings#L98
iOS,headings,DuckDuckGo,action.title.downloads,,Downloads,Downloads menu item opening the downlods list,,,true,,,apps/apple/iOS/DuckDuckGo/en.lproj/Localizable.strings,101,https://github.com/duckduckgo/apple-browsers/blob/4b46aae14c44aa7044649466a6110eb1d31ba2a7/iOS/DuckDuckGo/en.lproj/Localizable.strings#L101
iOS,headings,DuckDuckGo,action.title.duckai,,Duck.ai,Open AI Chat action in the menu list,,,true,,,apps/apple/iOS/DuckDuckGo/en.lproj/Localizable.strings,104,https://github.com/duckduckgo/apple-browsers/blob/4b46aae14c44aa7044649466a6110eb1d31ba2a7/iOS/DuckDuckGo/en.lproj/Localizable.strings#L104
iOS,headings,DuckDuckGo,action.title.duckai.voice,,Duck.ai Voice,Open Duck.ai Voice mode action,,,true,,,apps/apple/iOS/DuckDuckGo/en.lproj/Localizable.strings,107,https://github.com/duckduckgo/apple-browsers/blob/4b46aae14c44aa7044649466a6110eb1d31ba2a7/iOS/DuckDuckGo/en.lproj/Localizable.strings#L107
iOS,headings,DuckDuckGo,action.title.edit.bookmark,,Edit Bookmark,Edit Bookmark action,,,true,,,apps/apple/iOS/DuckDuckGo/en.lproj/Localizable.strings,110,https://github.com/duckduckgo/apple-browsers/blob/4b46aae14c44aa7044649466a6110eb1d31ba2a7/iOS/DuckDuckGo/en.lproj/Localizable.strings#L110
iOS,headings,DuckDuckGo,action.title.enable.protection,,Enable Privacy Protection,Enable protection action,,,true,,,apps/apple/iOS/DuckDuckGo/en.lproj/Localizable.strings,113,https://github.com/duckduckgo/apple-browsers/blob/4b46aae14c44aa7044649466a6110eb1d31ba2a7/iOS/DuckDuckGo/en.lproj/Localizable.strings#L113
iOS,headings,DuckDuckGo,action.title.forgetAll,,Clear Tabs and Data,No comment provided by engineer.,,,true,,,apps/apple/iOS/DuckDuckGo/en.lproj/Localizable.strings,116,https://github.com/duckduckgo/apple-browsers/blob/4b46aae14c44aa7044649466a6110eb1d31ba2a7/iOS/DuckDuckGo/en.lproj/Localizable.strings#L116
iOS,headings,DuckDuckGo,action.title.open,,Open,Open action,,,true,,,apps/apple/iOS/DuckDuckGo/en.lproj/Localizable.strings,137,https://github.com/duckduckgo/apple-browsers/blob/4b46aae14c44aa7044649466a6110eb1d31ba2a7/iOS/DuckDuckGo/en.lproj/Localizable.strings#L137
iOS,headings,DuckDuckGo,action.title.passwords,,Passwords,Button: Open passwords list,,,true,,,apps/apple/iOS/DuckDuckGo/en.lproj/Localizable.strings,140,https://github.com/duckduckgo/apple-browsers/blob/4b46aae14c44aa7044649466a6110eb1d31ba2a7/iOS/DuckDuckGo/en.lproj/Localizable.strings#L140
iOS,headings,DuckDuckGo,action.title.pasteAndGo,,Paste & Go,Paste and Go action,,,true,,,apps/apple/iOS/DuckDuckGo/en.lproj/Localizable.strings,143,https://github.com/duckduckgo/apple-browsers/blob/4b46aae14c44aa7044649466a6110eb1d31ba2a7/iOS/DuckDuckGo/en.lproj/Localizable.strings#L143
iOS,headings,DuckDuckGo,action.title.print,,Print,Print action in the menu header,,,true,,,apps/apple/iOS/DuckDuckGo/en.lproj/Localizable.strings,146,https://github.com/duckduckgo/apple-browsers/blob/4b46aae14c44aa7044649466a6110eb1d31ba2a7/iOS/DuckDuckGo/en.lproj/Localizable.strings#L146
iOS,headings,DuckDuckGo,action.title.print.site,,Print,Print action in the menu list,,,true,,,apps/apple/iOS/DuckDuckGo/en.lproj/Localizable.strings,149,https://github.com/duckduckgo/apple-browsers/blob/4b46aae14c44aa7044649466a6110eb1d31ba2a7/iOS/DuckDuckGo/en.lproj/Localizable.strings#L149
iOS,headings,DuckDuckGo,action.title.refresh,,Refresh,Refresh action - button shown in alert,,,true,,,apps/apple/iOS/DuckDuckGo/en.lproj/Localizable.strings,152,https://github.com/duckduckgo/apple-browsers/blob/4b46aae14c44aa7044649466a6110eb1d31ba2a7/iOS/DuckDuckGo/en.lproj/Localizable.strings#L152
iOS,headings,DuckDuckGo,action.title.refreshPage,,Reload Page,Refresh page action,,,true,,,apps/apple/iOS/DuckDuckGo/en.lproj/Localizable.strings,155,https://github.com/duckduckgo/apple-browsers/blob/4b46aae14c44aa7044649466a6110eb1d31ba2a7/iOS/DuckDuckGo/en.lproj/Localizable.strings#L155
iOS,headings,DuckDuckGo,action.title.remove.favorite,,Remove Favorite,Remove Favorite action,,,true,,,apps/apple/iOS/DuckDuckGo/en.lproj/Localizable.strings,158,https://github.com/duckduckgo/apple-browsers/blob/4b46aae14c44aa7044649466a6110eb1d31ba2a7/iOS/DuckDuckGo/en.lproj/Localizable.strings#L158
iOS,headings,DuckDuckGo,action.title.reportBrokenSite,,Report Broken Site,Report broken site action,,,true,,,apps/apple/iOS/DuckDuckGo/en.lproj/Localizable.strings,161,https://github.com/duckduckgo/apple-browsers/blob/4b46aae14c44aa7044649466a6110eb1d31ba2a7/iOS/DuckDuckGo/en.lproj/Localizable.strings#L161
iOS,headings,DuckDuckGo,action.title.request.desktop.site,,Desktop Site,Action to reload current page in desktop mode,,,true,,,apps/apple/iOS/DuckDuckGo/en.lproj/Localizable.strings,164,https://github.com/duckduckgo/apple-browsers/blob/4b46aae14c44aa7044649466a6110eb1d31ba2a7/iOS/DuckDuckGo/en.lproj/Localizable.strings#L164
iOS,headings,DuckDuckGo,action.title.request.mobile.site,,Mobile Site,Action to reload current page in mobile mode,,,true,,,apps/apple/iOS/DuckDuckGo/en.lproj/Localizable.strings,167,https://github.com/duckduckgo/apple-browsers/blob/4b46aae14c44aa7044649466a6110eb1d31ba2a7/iOS/DuckDuckGo/en.lproj/Localizable.strings#L167
iOS,headings,DuckDuckGo,action.title.searchWithDuckDuckGo,,Search,Edit-menu action shown on text selected in the browser; opens a DuckDuckGo search for the selected text in a new tab,,,true,,,apps/apple/iOS/DuckDuckGo/en.lproj/Localizable.strings,179,https://github.com/duckduckgo/apple-browsers/blob/4b46aae14c44aa7044649466a6110eb1d31ba2a7/iOS/DuckDuckGo/en.lproj/Localizable.strings#L179
iOS,headings,DuckDuckGo,action.title.settings,,Settings,Settings action,,,true,,,apps/apple/iOS/DuckDuckGo/en.lproj/Localizable.strings,182,https://github.com/duckduckgo/apple-browsers/blob/4b46aae14c44aa7044649466a6110eb1d31ba2a7/iOS/DuckDuckGo/en.lproj/Localizable.strings#L182
iOS,headings,DuckDuckGo,action.title.share,,Share,Share action,,,true,,,apps/apple/iOS/DuckDuckGo/en.lproj/Localizable.strings,185,https://github.com/duckduckgo/apple-browsers/blob/4b46aae14c44aa7044649466a6110eb1d31ba2a7/iOS/DuckDuckGo/en.lproj/Localizable.strings#L185
iOS,headings,DuckDuckGo,action.title.vpn,,VPN,VPN menu item,,,true,,,apps/apple/iOS/DuckDuckGo/en.lproj/Localizable.strings,191,https://github.com/duckduckgo/apple-browsers/blob/4b46aae14c44aa7044649466a6110eb1d31ba2a7/iOS/DuckDuckGo/en.lproj/Localizable.strings#L191
iOS,headings,DuckDuckGo,ad.blocking.youtube.section.header,,YouTube Ad Blocking,Section header for YouTube-specific ad blocking settings,,,true,,,apps/apple/iOS/DuckDuckGo/en.lproj/Localizable.strings,200,https://github.com/duckduckgo/apple-browsers/blob/4b46aae14c44aa7044649466a6110eb1d31ba2a7/iOS/DuckDuckGo/en.lproj/Localizable.strings#L200
iOS,headings,DuckDuckGo,addWidget.settings.title,,Find and select **DuckDuckGo**. Then choose a widget.,No comment provided by engineer.,,,true,,,apps/apple/iOS/DuckDuckGo/en.lproj/Localizable.strings,224,https://github.com/duckduckgo/apple-browsers/blob/4b46aae14c44aa7044649466a6110eb1d31ba2a7/iOS/DuckDuckGo/en.lproj/Localizable.strings#L224
iOS,headings,DuckDuckGo,addWidget.title,,One tap to your favorite sites.,No comment provided by engineer.,,,true,,,apps/apple/iOS/DuckDuckGo/en.lproj/Localizable.strings,227,https://github.com/duckduckgo/apple-browsers/blob/4b46aae14c44aa7044649466a6110eb1d31ba2a7/iOS/DuckDuckGo/en.lproj/Localizable.strings#L227
iOS,headings,DuckDuckGo,ai-features.settings.title,,AI Features,Settings screen title for AI features,,,true,,,apps/apple/iOS/DuckDuckGo/en.lproj/Localizable.strings,230,https://github.com/duckduckgo/apple-browsers/blob/4b46aae14c44aa7044649466a6110eb1d31ba2a7/iOS/DuckDuckGo/en.lproj/Localizable.strings#L230
iOS,headings,DuckDuckGo,aichat.attachment.recent-tabs.section-title,,Recent Tabs,attachment-menu section title for recently viewed tabs,,,true,,,apps/apple/iOS/DuckDuckGo/en.lproj/Localizable.strings,296,https://github.com/duckduckgo/apple-browsers/blob/4b46aae14c44aa7044649466a6110eb1d31ba2a7/iOS/DuckDuckGo/en.lproj/Localizable.strings#L296
iOS,headings,DuckDuckGo,aichat.choose-tabs.title,,Add tabs,title of the tab attachment picker,,,true,,,apps/apple/iOS/DuckDuckGo/en.lproj/Localizable.strings,320,https://github.com/duckduckgo/apple-browsers/blob/4b46aae14c44aa7044649466a6110eb1d31ba2a7/iOS/DuckDuckGo/en.lproj/Localizable.strings#L320
iOS,headings,DuckDuckGo,aichat.createImage.modelSwitch.title,,Now using %@,"Title of the Duck.ai input footer card shown after the app switched the model so the user can generate images. %@ is the short name of the model now in use, such as '5.6 Luna'",,%@,true,,,apps/apple/iOS/DuckDuckGo/en.lproj/Localizable.strings,329,https://github.com/duckduckgo/apple-browsers/blob/4b46aae14c44aa7044649466a6110eb1d31ba2a7/iOS/DuckDuckGo/en.lproj/Localizable.strings#L329
iOS,headings,DuckDuckGo,aiChat.history.emptyState.title,,No recent chats,Title shown when the user has no Duck.ai chat history yet.,,,true,,,apps/apple/iOS/DuckDuckGo/en.lproj/Localizable.strings,362,https://github.com/duckduckgo/apple-browsers/blob/4b46aae14c44aa7044649466a6110eb1d31ba2a7/iOS/DuckDuckGo/en.lproj/Localizable.strings#L362
iOS,headings,DuckDuckGo,aiChat.history.noSearchResults.title,,No matches found,Shown inside the Duck.ai chat history list when the user's search query returns no matching chats.,,,true,,,apps/apple/iOS/DuckDuckGo/en.lproj/Localizable.strings,380,https://github.com/duckduckgo/apple-browsers/blob/4b46aae14c44aa7044649466a6110eb1d31ba2a7/iOS/DuckDuckGo/en.lproj/Localizable.strings#L380
iOS,headings,DuckDuckGo,aiChat.history.section.pinned,,Pinned,Section header above the user's pinned chats in the Duck.ai chat history list.,,,true,,,apps/apple/iOS/DuckDuckGo/en.lproj/Localizable.strings,404,https://github.com/duckduckgo/apple-browsers/blob/4b46aae14c44aa7044649466a6110eb1d31ba2a7/iOS/DuckDuckGo/en.lproj/Localizable.strings#L404
iOS,headings,DuckDuckGo,aiChat.history.section.recent,,Recent,Section header above the user's recent (unpinned) chats in the Duck.ai chat history list.,,,true,,,apps/apple/iOS/DuckDuckGo/en.lproj/Localizable.strings,407,https://github.com/duckduckgo/apple-browsers/blob/4b46aae14c44aa7044649466a6110eb1d31ba2a7/iOS/DuckDuckGo/en.lproj/Localizable.strings#L407
iOS,headings,DuckDuckGo,aichat.reasoning.extended.title,,Extended Reasoning,Title for the extended reasoning mode in the Duck.ai reasoning picker,,,true,,,apps/apple/iOS/DuckDuckGo/en.lproj/Localizable.strings,443,https://github.com/duckduckgo/apple-browsers/blob/4b46aae14c44aa7044649466a6110eb1d31ba2a7/iOS/DuckDuckGo/en.lproj/Localizable.strings#L443
iOS,headings,DuckDuckGo,aichat.reasoning.fast.title,,Fast,Title for the fast reasoning mode in the Duck.ai reasoning picker,,,true,,,apps/apple/iOS/DuckDuckGo/en.lproj/Localizable.strings,449,https://github.com/duckduckgo/apple-browsers/blob/4b46aae14c44aa7044649466a6110eb1d31ba2a7/iOS/DuckDuckGo/en.lproj/Localizable.strings#L449
iOS,headings,DuckDuckGo,aichat.reasoning.reasoning.title,,Reasoning,Title for the reasoning mode in the Duck.ai reasoning picker,,,true,,,apps/apple/iOS/DuckDuckGo/en.lproj/Localizable.strings,455,https://github.com/duckduckgo/apple-browsers/blob/4b46aae14c44aa7044649466a6110eb1d31ba2a7/iOS/DuckDuckGo/en.lproj/Localizable.strings#L455
iOS,headings,DuckDuckGo,aiChat.syncPromo.title,,Access your chats across your devices using Sync & Backup.,Headline of the sync promo card shown above the Duck.ai recent chats list.,,,true,,,apps/apple/iOS/DuckDuckGo/en.lproj/Localizable.strings,464,https://github.com/duckduckgo/apple-browsers/blob/4b46aae14c44aa7044649466a6110eb1d31ba2a7/iOS/DuckDuckGo/en.lproj/Localizable.strings#L464
iOS,headings,DuckDuckGo,aichat.toolbar.tools.customizeResponses.title,,Customize Responses,Title for the customize responses action in the unified input tools menu,,,true,,,apps/apple/iOS/DuckDuckGo/en.lproj/Localizable.strings,488,https://github.com/duckduckgo/apple-browsers/blob/4b46aae14c44aa7044649466a6110eb1d31ba2a7/iOS/DuckDuckGo/en.lproj/Localizable.strings#L488
iOS,headings,DuckDuckGo,aichat.toolbar.tools.imagegeneration.title,,Create Image,Title for the image generation tool in the unified input tools menu,,,true,,,apps/apple/iOS/DuckDuckGo/en.lproj/Localizable.strings,494,https://github.com/duckduckgo/apple-browsers/blob/4b46aae14c44aa7044649466a6110eb1d31ba2a7/iOS/DuckDuckGo/en.lproj/Localizable.strings#L494
iOS,headings,DuckDuckGo,aichat.toolbar.tools.websearch.title,,Web Search,Title for the web search tool in the unified input tools menu,,,true,,,apps/apple/iOS/DuckDuckGo/en.lproj/Localizable.strings,503,https://github.com/duckduckgo/apple-browsers/blob/4b46aae14c44aa7044649466a6110eb1d31ba2a7/iOS/DuckDuckGo/en.lproj/Localizable.strings#L503
iOS,headings,DuckDuckGo,aichat.usageWarnings.advancedModelsLimitReached.title,,Advanced AI models limit reached,"Title of the Duck.ai input footer warning shown once the allowance for advanced AI models specifically is used up, while free models remain available",,,true,,,apps/apple/iOS/DuckDuckGo/en.lproj/Localizable.strings,518,https://github.com/duckduckgo/apple-browsers/blob/4b46aae14c44aa7044649466a6110eb1d31ba2a7/iOS/DuckDuckGo/en.lproj/Localizable.strings#L518
iOS,headings,DuckDuckGo,aichat.usageWarnings.dailyLimitReached.title,,Daily limit reached,Title of the Duck.ai input footer warning shown once the user's daily message limit is used up,,,true,,,apps/apple/iOS/DuckDuckGo/en.lproj/Localizable.strings,521,https://github.com/duckduckgo/apple-browsers/blob/4b46aae14c44aa7044649466a6110eb1d31ba2a7/iOS/DuckDuckGo/en.lproj/Localizable.strings#L521
iOS,headings,DuckDuckGo,aichat.usageWarnings.dailyUsage.title,,%d%% of daily limit,"Title of the Duck.ai input footer warning, telling the user what share of their daily message limit is used. %d is a percentage",,%d,true,,,apps/apple/iOS/DuckDuckGo/en.lproj/Localizable.strings,524,https://github.com/duckduckgo/apple-browsers/blob/4b46aae14c44aa7044649466a6110eb1d31ba2a7/iOS/DuckDuckGo/en.lproj/Localizable.strings#L524
iOS,headings,DuckDuckGo,aichat.usageWarnings.weeklyLimitReached.title,,Weekly usage limit reached,Title of the Duck.ai input footer warning shown once the user's weekly message limit is used up,,,true,,,apps/apple/iOS/DuckDuckGo/en.lproj/Localizable.strings,536,https://github.com/duckduckgo/apple-browsers/blob/4b46aae14c44aa7044649466a6110eb1d31ba2a7/iOS/DuckDuckGo/en.lproj/Localizable.strings#L536
iOS,headings,DuckDuckGo,aichat.usageWarnings.weeklyUsage.title,,%d%% of weekly limit,"Title of the Duck.ai input footer warning, telling the user what share of their weekly message limit is used. %d is a percentage",,%d,true,,,apps/apple/iOS/DuckDuckGo/en.lproj/Localizable.strings,539,https://github.com/duckduckgo/apple-browsers/blob/4b46aae14c44aa7044649466a6110eb1d31ba2a7/iOS/DuckDuckGo/en.lproj/Localizable.strings#L539
iOS,headings,DuckDuckGo,alert.sync-already-paired-with-account-title,,Already synced.,Title for Sync error shown when both devices are already paired with the same account,,,true,,,apps/apple/iOS/DuckDuckGo/en.lproj/Localizable.strings,551,https://github.com/duckduckgo/apple-browsers/blob/4b46aae14c44aa7044649466a6110eb1d31ba2a7/iOS/DuckDuckGo/en.lproj/Localizable.strings#L551
iOS,headings,DuckDuckGo,alert.sync-bookmarks-paused-title,,Bookmark Sync is Paused,Title for alert shown when sync bookmarks paused for too many items,,,true,,,apps/apple/iOS/DuckDuckGo/en.lproj/Localizable.strings,560,https://github.com/duckduckgo/apple-browsers/blob/4b46aae14c44aa7044649466a6110eb1d31ba2a7/iOS/DuckDuckGo/en.lproj/Localizable.strings#L560
iOS,headings,DuckDuckGo,alert.sync-cancelled-from-other-device-title,,Sync canceled from your other device.,Title for Sync error shown when setup is canceled from the other device,,,true,,,apps/apple/iOS/DuckDuckGo/en.lproj/Localizable.strings,569,https://github.com/duckduckgo/apple-browsers/blob/4b46aae14c44aa7044649466a6110eb1d31ba2a7/iOS/DuckDuckGo/en.lproj/Localizable.strings#L569
iOS,headings,DuckDuckGo,alert.sync-code-only-compatible-with-duckai-title,,Scan this code using a browser other than DuckDuckGo.,Title for Sync error shown when a third-party recovery code can only be used with Duck.ai,,,true,,,apps/apple/iOS/DuckDuckGo/en.lproj/Localizable.strings,575,https://github.com/duckduckgo/apple-browsers/blob/4b46aae14c44aa7044649466a6110eb1d31ba2a7/iOS/DuckDuckGo/en.lproj/Localizable.strings#L575
iOS,headings,DuckDuckGo,alert.sync-credentials-paused-title,,Password Sync is Paused,Title for alert shown when sync credentials paused for too many items,,,true,,,apps/apple/iOS/DuckDuckGo/en.lproj/Localizable.strings,584,https://github.com/duckduckgo/apple-browsers/blob/4b46aae14c44aa7044649466a6110eb1d31ba2a7/iOS/DuckDuckGo/en.lproj/Localizable.strings#L584
iOS,headings,DuckDuckGo,alert.sync-credit-cards-paused-title,,Credit Card Sync is Paused,Title for alert shown when sync credit cards paused for too many items,,,true,,,apps/apple/iOS/DuckDuckGo/en.lproj/Localizable.strings,593,https://github.com/duckduckgo/apple-browsers/blob/4b46aae14c44aa7044649466a6110eb1d31ba2a7/iOS/DuckDuckGo/en.lproj/Localizable.strings#L593
iOS,headings,DuckDuckGo,alert.sync-new-device.title,,Sync new device?,Asks the user if they would like to sync with a new device,,,true,,,apps/apple/iOS/DuckDuckGo/en.lproj/Localizable.strings,617,https://github.com/duckduckgo/apple-browsers/blob/4b46aae14c44aa7044649466a6110eb1d31ba2a7/iOS/DuckDuckGo/en.lproj/Localizable.strings#L617
iOS,headings,DuckDuckGo,alert.sync-paused-title,,Sync is Paused,Title for alert shown when sync paused for an error,,,true,,,apps/apple/iOS/DuckDuckGo/en.lproj/Localizable.strings,626,https://github.com/duckduckgo/apple-browsers/blob/4b46aae14c44aa7044649466a6110eb1d31ba2a7/iOS/DuckDuckGo/en.lproj/Localizable.strings#L626
iOS,headings,DuckDuckGo,alert.sync-switch-account-title,,Switch to a different Sync?,Switch account title in alert,,,true,,,apps/apple/iOS/DuckDuckGo/en.lproj/Localizable.strings,638,https://github.com/duckduckgo/apple-browsers/blob/4b46aae14c44aa7044649466a6110eb1d31ba2a7/iOS/DuckDuckGo/en.lproj/Localizable.strings#L638
iOS,headings,DuckDuckGo,alert.sync-update-required-title,,Update the DuckDuckGo browser and try again.,Title for Sync error shown when the app version does not support the scanned Sync code,,,true,,,apps/apple/iOS/DuckDuckGo/en.lproj/Localizable.strings,644,https://github.com/duckduckgo/apple-browsers/blob/4b46aae14c44aa7044649466a6110eb1d31ba2a7/iOS/DuckDuckGo/en.lproj/Localizable.strings#L644
iOS,headings,DuckDuckGo,alert.title.disable.protection,,Add to Unprotected Sites,Disable protection alert,,,true,,,apps/apple/iOS/DuckDuckGo/en.lproj/Localizable.strings,653,https://github.com/duckduckgo/apple-browsers/blob/4b46aae14c44aa7044649466a6110eb1d31ba2a7/iOS/DuckDuckGo/en.lproj/Localizable.strings#L653
iOS,headings,DuckDuckGo,alert.unable-to-scan-qr-code-title,,This is not a valid Sync code.,Title for unable to scan qr code error,,,true,,,apps/apple/iOS/DuckDuckGo/en.lproj/Localizable.strings,680,https://github.com/duckduckgo/apple-browsers/blob/4b46aae14c44aa7044649466a6110eb1d31ba2a7/iOS/DuckDuckGo/en.lproj/Localizable.strings#L680
iOS,headings,DuckDuckGo,auth.alert.title,,Authentication Required,Authentication Alert Title,,,true,,,apps/apple/iOS/DuckDuckGo/en.lproj/Localizable.strings,710,https://github.com/duckduckgo/apple-browsers/blob/4b46aae14c44aa7044649466a6110eb1d31ba2a7/iOS/DuckDuckGo/en.lproj/Localizable.strings#L710
iOS,headings,DuckDuckGo,autoconsent.info.header,,"When DuckDuckGo detects cookie consent pop-ups on sites you visit, we can try to automatically set your cookie preferences to minimize cookies and maximize privacy, then close the pop-ups. Some sites don't provide an option to manage cookie preferences, so we can only hide pop-ups like these.",No comment provided by engineer.,,,true,,,apps/apple/iOS/DuckDuckGo/en.lproj/Localizable.strings,734,https://github.com/duckduckgo/apple-browsers/blob/4b46aae14c44aa7044649466a6110eb1d31ba2a7/iOS/DuckDuckGo/en.lproj/Localizable.strings#L734
iOS,headings,DuckDuckGo,autofill.creditcard.deleted-message-no-title,,Card deleted,Toast message when a credit card item is deleted,,,true,,,apps/apple/iOS/DuckDuckGo/en.lproj/Localizable.strings,740,https://github.com/duckduckgo/apple-browsers/blob/4b46aae14c44aa7044649466a6110eb1d31ba2a7/iOS/DuckDuckGo/en.lproj/Localizable.strings#L740
iOS,headings,DuckDuckGo,autofill.creditcard.details.default-title,,Card,Title for autofill credit card details,,,true,,,apps/apple/iOS/DuckDuckGo/en.lproj/Localizable.strings,770,https://github.com/duckduckgo/apple-browsers/blob/4b46aae14c44aa7044649466a6110eb1d31ba2a7/iOS/DuckDuckGo/en.lproj/Localizable.strings#L770
iOS,headings,DuckDuckGo,autofill.creditcard.details.edit-title,,Edit Card,Title when editing autofill credit card details,,,true,,,apps/apple/iOS/DuckDuckGo/en.lproj/Localizable.strings,782,https://github.com/duckduckgo/apple-browsers/blob/4b46aae14c44aa7044649466a6110eb1d31ba2a7/iOS/DuckDuckGo/en.lproj/Localizable.strings#L782
iOS,headings,DuckDuckGo,autofill.creditcard.details.new-title,,Add Card,Title when adding new autofill credit card,,,true,,,apps/apple/iOS/DuckDuckGo/en.lproj/Localizable.strings,797,https://github.com/duckduckgo/apple-browsers/blob/4b46aae14c44aa7044649466a6110eb1d31ba2a7/iOS/DuckDuckGo/en.lproj/Localizable.strings#L797
iOS,headings,DuckDuckGo,autofill.creditcard.empty-view.title,,No credit cards saved yet,Title for view displayed when autofill has no credit cards saved,,,true,,,apps/apple/iOS/DuckDuckGo/en.lproj/Localizable.strings,809,https://github.com/duckduckgo/apple-browsers/blob/4b46aae14c44aa7044649466a6110eb1d31ba2a7/iOS/DuckDuckGo/en.lproj/Localizable.strings#L809
iOS,headings,DuckDuckGo,autofill.creditcard.list.title,,Credit Cards,Title for screen listing autofill credit cards,,,true,,,apps/apple/iOS/DuckDuckGo/en.lproj/Localizable.strings,818,https://github.com/duckduckgo/apple-browsers/blob/4b46aae14c44aa7044649466a6110eb1d31ba2a7/iOS/DuckDuckGo/en.lproj/Localizable.strings#L818
iOS,headings,DuckDuckGo,autofill.creditcard.no-auth.title,,Secure your device to save credit cards,Title for view displayed when autofill is locked on devices where a passcode has not been set,,,true,,,apps/apple/iOS/DuckDuckGo/en.lproj/Localizable.strings,824,https://github.com/duckduckgo/apple-browsers/blob/4b46aae14c44aa7044649466a6110eb1d31ba2a7/iOS/DuckDuckGo/en.lproj/Localizable.strings#L824
iOS,headings,DuckDuckGo,autofill.creditcard.save-prompt.title,,Do you want DuckDuckGo to save your card info?,Title for prompt asking the user if they wish to save their credit card details,,,true,,,apps/apple/iOS/DuckDuckGo/en.lproj/Localizable.strings,836,https://github.com/duckduckgo/apple-browsers/blob/4b46aae14c44aa7044649466a6110eb1d31ba2a7/iOS/DuckDuckGo/en.lproj/Localizable.strings#L836
iOS,headings,DuckDuckGo,autofill.creditcard.use-saved-prompt.title,,Use a saved card?,Title for prompt asking the user if they wish to autofill a saved credit card,,,true,,,apps/apple/iOS/DuckDuckGo/en.lproj/Localizable.strings,842,https://github.com/duckduckgo/apple-browsers/blob/4b46aae14c44aa7044649466a6110eb1d31ba2a7/iOS/DuckDuckGo/en.lproj/Localizable.strings#L842
iOS,headings,DuckDuckGo,autofill.delete.all.passwords.confirmation.title,,autofill.delete.all.passwords.confirmation.title,Do not translate - stringsdict entry,,,true,,,apps/apple/iOS/DuckDuckGo/en.lproj/Localizable.strings,854,https://github.com/duckduckgo/apple-browsers/blob/4b46aae14c44aa7044649466a6110eb1d31ba2a7/iOS/DuckDuckGo/en.lproj/Localizable.strings#L854
iOS,headings,DuckDuckGo,autofill.extension.activation.title,,Autofill passwords activated!,Title shown when the autofill extension activation succeeds,,,true,,,apps/apple/iOS/DuckDuckGo/en.lproj/Localizable.strings,872,https://github.com/duckduckgo/apple-browsers/blob/4b46aae14c44aa7044649466a6110eb1d31ba2a7/iOS/DuckDuckGo/en.lproj/Localizable.strings#L872
iOS,headings,DuckDuckGo,autofill.extension.header.disabled,,Autofill in Other Apps,Header text shown when the autofill extension is disabled,,,true,,,apps/apple/iOS/DuckDuckGo/en.lproj/Localizable.strings,878,https://github.com/duckduckgo/apple-browsers/blob/4b46aae14c44aa7044649466a6110eb1d31ba2a7/iOS/DuckDuckGo/en.lproj/Localizable.strings#L878
iOS,headings,DuckDuckGo,autofill.extension.header.enabled,,Autofill in Other Apps Enabled,Header text shown when the autofill extension is enabled,,,true,,,apps/apple/iOS/DuckDuckGo/en.lproj/Localizable.strings,881,https://github.com/duckduckgo/apple-browsers/blob/4b46aae14c44aa7044649466a6110eb1d31ba2a7/iOS/DuckDuckGo/en.lproj/Localizable.strings#L881
iOS,headings,DuckDuckGo,autofill.extension.promo.title,,Quickly sign in to your apps without typing passwords,Title for the Autofill extension promotion,,,true,,,apps/apple/iOS/DuckDuckGo/en.lproj/Localizable.strings,893,https://github.com/duckduckgo/apple-browsers/blob/4b46aae14c44aa7044649466a6110eb1d31ba2a7/iOS/DuckDuckGo/en.lproj/Localizable.strings#L893
iOS,headings,DuckDuckGo,autofill.extension.screen.title,,Autofill Passwords in Other Apps,Title for screen showing autofill extension settings,,,true,,,apps/apple/iOS/DuckDuckGo/en.lproj/Localizable.strings,896,https://github.com/duckduckgo/apple-browsers/blob/4b46aae14c44aa7044649466a6110eb1d31ba2a7/iOS/DuckDuckGo/en.lproj/Localizable.strings#L896
iOS,headings,DuckDuckGo,autofill.extension.title,,Autofill in Other Apps,Title for autofill extension settings row,,,true,,,apps/apple/iOS/DuckDuckGo/en.lproj/Localizable.strings,905,https://github.com/duckduckgo/apple-browsers/blob/4b46aae14c44aa7044649466a6110eb1d31ba2a7/iOS/DuckDuckGo/en.lproj/Localizable.strings#L905
iOS,headings,DuckDuckGo,autofill.import.passwords.via.sync.instructions.title,,Import from the desktop browser:,Title for section with instructions to import passwords,,,true,,,apps/apple/iOS/DuckDuckGo/en.lproj/Localizable.strings,944,https://github.com/duckduckgo/apple-browsers/blob/4b46aae14c44aa7044649466a6110eb1d31ba2a7/iOS/DuckDuckGo/en.lproj/Localizable.strings#L944
iOS,headings,DuckDuckGo,autofill.import.passwords.via.sync.title,,How to Sync Desktop Passwords,Title for screen to import passwords by syncing with desktop browser,,,true,,,apps/apple/iOS/DuckDuckGo/en.lproj/Localizable.strings,953,https://github.com/duckduckgo/apple-browsers/blob/4b46aae14c44aa7044649466a6110eb1d31ba2a7/iOS/DuckDuckGo/en.lproj/Localizable.strings#L953
iOS,headings,DuckDuckGo,autofill.learn.more.link.title,,[Learn More](ddgQuickLink://duckduckgo.com/duckduckgo-help-pages/sync-and-backup/password-manager-security/),A link that takes the user to the DuckDuckGo help pages explaining password managers,,,true,,,apps/apple/iOS/DuckDuckGo/en.lproj/Localizable.strings,959,https://github.com/duckduckgo/apple-browsers/blob/4b46aae14c44aa7044649466a6110eb1d31ba2a7/iOS/DuckDuckGo/en.lproj/Localizable.strings#L959
iOS,headings,DuckDuckGo,autofill.logins.delete.all.authentication.prompt.title,,Authenticate To Delete All Passwords,Title of prompt requiring authentication before all passwords are deleted,,,true,,,apps/apple/iOS/DuckDuckGo/en.lproj/Localizable.strings,989,https://github.com/duckduckgo/apple-browsers/blob/4b46aae14c44aa7044649466a6110eb1d31ba2a7/iOS/DuckDuckGo/en.lproj/Localizable.strings#L989
iOS,headings,DuckDuckGo,autofill.logins.details.default-title,,Password,Title for autofill login details,,,true,,,apps/apple/iOS/DuckDuckGo/en.lproj/Localizable.strings,998,https://github.com/duckduckgo/apple-browsers/blob/4b46aae14c44aa7044649466a6110eb1d31ba2a7/iOS/DuckDuckGo/en.lproj/Localizable.strings#L998
iOS,headings,DuckDuckGo,autofill.logins.details.edit-title,,Edit Password,Title when editing autofill login details,,,true,,,apps/apple/iOS/DuckDuckGo/en.lproj/Localizable.strings,1007,https://github.com/duckduckgo/apple-browsers/blob/4b46aae14c44aa7044649466a6110eb1d31ba2a7/iOS/DuckDuckGo/en.lproj/Localizable.strings#L1007
iOS,headings,DuckDuckGo,autofill.logins.details.missing-website-or-username-alert.title,,Website or Username Required,Title for alert when attempting to save a password that has neither a website nor a username,,,true,,,apps/apple/iOS/DuckDuckGo/en.lproj/Localizable.strings,1031,https://github.com/duckduckgo/apple-browsers/blob/4b46aae14c44aa7044649466a6110eb1d31ba2a7/iOS/DuckDuckGo/en.lproj/Localizable.strings#L1031
iOS,headings,DuckDuckGo,autofill.logins.details.new-title,,Add password,Title when adding new autofill login,,,true,,,apps/apple/iOS/DuckDuckGo/en.lproj/Localizable.strings,1034,https://github.com/duckduckgo/apple-browsers/blob/4b46aae14c44aa7044649466a6110eb1d31ba2a7/iOS/DuckDuckGo/en.lproj/Localizable.strings#L1034
iOS,headings,DuckDuckGo,autofill.logins.details.open-website-prompt.title,,Open Website,Menu item title for option to open website from selected url,,,true,,,apps/apple/iOS/DuckDuckGo/en.lproj/Localizable.strings,1040,https://github.com/duckduckgo/apple-browsers/blob/4b46aae14c44aa7044649466a6110eb1d31ba2a7/iOS/DuckDuckGo/en.lproj/Localizable.strings#L1040
iOS,headings,DuckDuckGo,autofill.logins.details.save-duplicate-alert.title,,Duplicate Password,Title for alert when attempting to save a duplicate login,,,true,,,apps/apple/iOS/DuckDuckGo/en.lproj/Localizable.strings,1052,https://github.com/duckduckgo/apple-browsers/blob/4b46aae14c44aa7044649466a6110eb1d31ba2a7/iOS/DuckDuckGo/en.lproj/Localizable.strings#L1052
iOS,headings,DuckDuckGo,autofill.logins.empty-view.title,,No passwords saved yet,Title for view displayed when autofill has no items,,,true,,,apps/apple/iOS/DuckDuckGo/en.lproj/Localizable.strings,1067,https://github.com/duckduckgo/apple-browsers/blob/4b46aae14c44aa7044649466a6110eb1d31ba2a7/iOS/DuckDuckGo/en.lproj/Localizable.strings#L1067
iOS,headings,DuckDuckGo,autofill.logins.list.close-title,,Close,Title for close navigation button,,,true,,,apps/apple/iOS/DuckDuckGo/en.lproj/Localizable.strings,1076,https://github.com/duckduckgo/apple-browsers/blob/4b46aae14c44aa7044649466a6110eb1d31ba2a7/iOS/DuckDuckGo/en.lproj/Localizable.strings#L1076
iOS,headings,DuckDuckGo,autofill.logins.list.enable,,Save and autofill passwords,Title for a toggle that enables autofill,,,true,,,apps/apple/iOS/DuckDuckGo/en.lproj/Localizable.strings,1082,https://github.com/duckduckgo/apple-browsers/blob/4b46aae14c44aa7044649466a6110eb1d31ba2a7/iOS/DuckDuckGo/en.lproj/Localizable.strings#L1082
iOS,headings,DuckDuckGo,autofill.logins.list.login-deleted-message-no-title,,Password deleted,Toast message when a login item without a title is deleted,,,true,,,apps/apple/iOS/DuckDuckGo/en.lproj/Localizable.strings,1091,https://github.com/duckduckgo/apple-browsers/blob/4b46aae14c44aa7044649466a6110eb1d31ba2a7/iOS/DuckDuckGo/en.lproj/Localizable.strings#L1091
iOS,headings,DuckDuckGo,autofill.logins.list.never.saved.reset.action.title,,"If you reset excluded sites, you will be prompted to save your password next time you sign in to any of these sites.",Alert title,,,true,,,apps/apple/iOS/DuckDuckGo/en.lproj/Localizable.strings,1103,https://github.com/duckduckgo/apple-browsers/blob/4b46aae14c44aa7044649466a6110eb1d31ba2a7/iOS/DuckDuckGo/en.lproj/Localizable.strings#L1103
iOS,headings,DuckDuckGo,autofill.logins.list.suggested,,Suggested,Section title for group of suggested saved logins,,,true,,,apps/apple/iOS/DuckDuckGo/en.lproj/Localizable.strings,1115,https://github.com/duckduckgo/apple-browsers/blob/4b46aae14c44aa7044649466a6110eb1d31ba2a7/iOS/DuckDuckGo/en.lproj/Localizable.strings#L1115
iOS,headings,DuckDuckGo,autofill.logins.list.title,,Passwords,Title for screen listing autofill logins,,,true,,,apps/apple/iOS/DuckDuckGo/en.lproj/Localizable.strings,1118,https://github.com/duckduckgo/apple-browsers/blob/4b46aae14c44aa7044649466a6110eb1d31ba2a7/iOS/DuckDuckGo/en.lproj/Localizable.strings#L1118
iOS,headings,DuckDuckGo,autofill.logins.no-auth.title,,Secure your device to save passwords,Title for view displayed when autofill is locked on devices where a passcode has not been set,,,true,,,apps/apple/iOS/DuckDuckGo/en.lproj/Localizable.strings,1124,https://github.com/duckduckgo/apple-browsers/blob/4b46aae14c44aa7044649466a6110eb1d31ba2a7/iOS/DuckDuckGo/en.lproj/Localizable.strings#L1124
iOS,headings,DuckDuckGo,autofill.logins.prompt.exact.match.title,,From this website,Title for section of autofill logins that are an exact match to the current website,,,true,,,apps/apple/iOS/DuckDuckGo/en.lproj/Localizable.strings,1133,https://github.com/duckduckgo/apple-browsers/blob/4b46aae14c44aa7044649466a6110eb1d31ba2a7/iOS/DuckDuckGo/en.lproj/Localizable.strings#L1133
iOS,headings,DuckDuckGo,autofill.logins.prompt.partial.match.title,,From %@,Title for section of autofill logins that are an approximate match to the current website,,%@,true,,,apps/apple/iOS/DuckDuckGo/en.lproj/Localizable.strings,1139,https://github.com/duckduckgo/apple-browsers/blob/4b46aae14c44aa7044649466a6110eb1d31ba2a7/iOS/DuckDuckGo/en.lproj/Localizable.strings#L1139
iOS,headings,DuckDuckGo,autofill.logins.prompt.title,,Use a saved password?,Title for autofill login prompt,,,true,,,apps/apple/iOS/DuckDuckGo/en.lproj/Localizable.strings,1145,https://github.com/duckduckgo/apple-browsers/blob/4b46aae14c44aa7044649466a6110eb1d31ba2a7/iOS/DuckDuckGo/en.lproj/Localizable.strings#L1145
iOS,headings,DuckDuckGo,autofill.logins.search.no-results.title,,No Results,Title displayed when there are no results on Autofill search,,,true,,,apps/apple/iOS/DuckDuckGo/en.lproj/Localizable.strings,1151,https://github.com/duckduckgo/apple-browsers/blob/4b46aae14c44aa7044649466a6110eb1d31ba2a7/iOS/DuckDuckGo/en.lproj/Localizable.strings#L1151
iOS,headings,DuckDuckGo,autofill.onboarding.key-features.secure-storage.title,,Secure storage,Title of autofill onboarding prompt's secure storage feature,,,true,,,apps/apple/iOS/DuckDuckGo/en.lproj/Localizable.strings,1172,https://github.com/duckduckgo/apple-browsers/blob/4b46aae14c44aa7044649466a6110eb1d31ba2a7/iOS/DuckDuckGo/en.lproj/Localizable.strings#L1172
iOS,headings,DuckDuckGo,autofill.onboarding.key-features.sign-ins.title,,Seamless sign-ins,Title of autofill onboarding prompt's sign-in feature,,,true,,,apps/apple/iOS/DuckDuckGo/en.lproj/Localizable.strings,1178,https://github.com/duckduckgo/apple-browsers/blob/4b46aae14c44aa7044649466a6110eb1d31ba2a7/iOS/DuckDuckGo/en.lproj/Localizable.strings#L1178
iOS,headings,DuckDuckGo,autofill.onboarding.key-features.sync.title,,Sync between devices,Title of autofill onboarding prompt's sync feature,,,true,,,apps/apple/iOS/DuckDuckGo/en.lproj/Localizable.strings,1184,https://github.com/duckduckgo/apple-browsers/blob/4b46aae14c44aa7044649466a6110eb1d31ba2a7/iOS/DuckDuckGo/en.lproj/Localizable.strings#L1184
iOS,headings,DuckDuckGo,autofill.onboarding.key-features.title,,Key Features,Title of autofill onboarding prompt's features list,,,true,,,apps/apple/iOS/DuckDuckGo/en.lproj/Localizable.strings,1187,https://github.com/duckduckgo/apple-browsers/blob/4b46aae14c44aa7044649466a6110eb1d31ba2a7/iOS/DuckDuckGo/en.lproj/Localizable.strings#L1187
iOS,headings,DuckDuckGo,autofill.password-generation-prompt.title,,Use a strong password from DuckDuckGo?,Title for prompt to use suggested strong password for creating a login,,,true,,,apps/apple/iOS/DuckDuckGo/en.lproj/Localizable.strings,1193,https://github.com/duckduckgo/apple-browsers/blob/4b46aae14c44aa7044649466a6110eb1d31ba2a7/iOS/DuckDuckGo/en.lproj/Localizable.strings#L1193
iOS,headings,DuckDuckGo,autofill.private.email.mesage.activate.confirm.title,,Reactivate Private Duck Address?,Title for the confirmation message displayed when a user tries activate a Private Email Address,,,true,,,apps/apple/iOS/DuckDuckGo/en.lproj/Localizable.strings,1205,https://github.com/duckduckgo/apple-browsers/blob/4b46aae14c44aa7044649466a6110eb1d31ba2a7/iOS/DuckDuckGo/en.lproj/Localizable.strings#L1205
iOS,headings,DuckDuckGo,autofill.private.email.mesage.deactivate.confirm.title,,Deactivate Private Duck Address?,Title for the confirmation message displayed when a user tries deactivate a Private Email Address,,,true,,,apps/apple/iOS/DuckDuckGo/en.lproj/Localizable.strings,1214,https://github.com/duckduckgo/apple-browsers/blob/4b46aae14c44aa7044649466a6110eb1d31ba2a7/iOS/DuckDuckGo/en.lproj/Localizable.strings#L1214
iOS,headings,DuckDuckGo,autofill.removed.duck.address.title,,Private Duck Address username was removed,Title for the alert dialog telling the user an updated username is no longer a private email address,,,true,,,apps/apple/iOS/DuckDuckGo/en.lproj/Localizable.strings,1229,https://github.com/duckduckgo/apple-browsers/blob/4b46aae14c44aa7044649466a6110eb1d31ba2a7/iOS/DuckDuckGo/en.lproj/Localizable.strings#L1229
iOS,headings,DuckDuckGo,autofill.save-login.new-user.title,,Save this password?,Title displayed on modal asking for the user to save the login for the first time,,,true,,,apps/apple/iOS/DuckDuckGo/en.lproj/Localizable.strings,1235,https://github.com/duckduckgo/apple-browsers/blob/4b46aae14c44aa7044649466a6110eb1d31ba2a7/iOS/DuckDuckGo/en.lproj/Localizable.strings#L1235
iOS,headings,DuckDuckGo,autofill.save-login.title,,Save password?,Title displayed on modal asking for the user to save the login,,,true,,,apps/apple/iOS/DuckDuckGo/en.lproj/Localizable.strings,1241,https://github.com/duckduckgo/apple-browsers/blob/4b46aae14c44aa7044649466a6110eb1d31ba2a7/iOS/DuckDuckGo/en.lproj/Localizable.strings#L1241
iOS,headings,DuckDuckGo,autofill.settings.import-passwords.section-header,,Import Passwords,Section header for the autofill settings screen,,,true,,,apps/apple/iOS/DuckDuckGo/en.lproj/Localizable.strings,1250,https://github.com/duckduckgo/apple-browsers/blob/4b46aae14c44aa7044649466a6110eb1d31ba2a7/iOS/DuckDuckGo/en.lproj/Localizable.strings#L1250
iOS,headings,DuckDuckGo,autofill.settings.options.section-header,,Password Options,Section header for the autofill passwords options section of the settings screen,,,true,,,apps/apple/iOS/DuckDuckGo/en.lproj/Localizable.strings,1253,https://github.com/duckduckgo/apple-browsers/blob/4b46aae14c44aa7044649466a6110eb1d31ba2a7/iOS/DuckDuckGo/en.lproj/Localizable.strings#L1253
iOS,headings,DuckDuckGo,autofill.settings.report.not.working.confirmation.title,,Report autofill not working on %@?,Title for the confirmation prompt when reporting autofill is not working for a website,,%@,true,,,apps/apple/iOS/DuckDuckGo/en.lproj/Localizable.strings,1265,https://github.com/duckduckgo/apple-browsers/blob/4b46aae14c44aa7044649466a6110eb1d31ba2a7/iOS/DuckDuckGo/en.lproj/Localizable.strings#L1265
iOS,headings,DuckDuckGo,autofill.settings.report.not.working.title,,Autofill not working?,Title for the row to report that autofill is not working on a site in autofill settings,,,true,,,apps/apple/iOS/DuckDuckGo/en.lproj/Localizable.strings,1274,https://github.com/duckduckgo/apple-browsers/blob/4b46aae14c44aa7044649466a6110eb1d31ba2a7/iOS/DuckDuckGo/en.lproj/Localizable.strings#L1274
iOS,headings,DuckDuckGo,autofill.settings.view.section-header,,View,Section header for the autofill settings screen,,,true,,,apps/apple/iOS/DuckDuckGo/en.lproj/Localizable.strings,1277,https://github.com/duckduckgo/apple-browsers/blob/4b46aae14c44aa7044649466a6110eb1d31ba2a7/iOS/DuckDuckGo/en.lproj/Localizable.strings#L1277
iOS,headings,DuckDuckGo,autofill.update-password.title,,Update password for\n%@?,Title displayed on modal asking for the user to update the password,,%@,true,,,apps/apple/iOS/DuckDuckGo/en.lproj/Localizable.strings,1295,https://github.com/duckduckgo/apple-browsers/blob/4b46aae14c44aa7044649466a6110eb1d31ba2a7/iOS/DuckDuckGo/en.lproj/Localizable.strings#L1295
iOS,headings,DuckDuckGo,autofill.update-usernamr.title,,Update username?,Title displayed on modal asking for the user to update the username,,,true,,,apps/apple/iOS/DuckDuckGo/en.lproj/Localizable.strings,1301,https://github.com/duckduckgo/apple-browsers/blob/4b46aae14c44aa7044649466a6110eb1d31ba2a7/iOS/DuckDuckGo/en.lproj/Localizable.strings#L1301
iOS,headings,DuckDuckGo,bookmark.addBookmark.title,,Add Bookmark,Add bookmark screen title,,,true,,,apps/apple/iOS/DuckDuckGo/en.lproj/Localizable.strings,1316,https://github.com/duckduckgo/apple-browsers/blob/4b46aae14c44aa7044649466a6110eb1d31ba2a7/iOS/DuckDuckGo/en.lproj/Localizable.strings#L1316
iOS,headings,DuckDuckGo,bookmark.addFavorite.title,,Add Favorite,Add favorite screen title,,,true,,,apps/apple/iOS/DuckDuckGo/en.lproj/Localizable.strings,1319,https://github.com/duckduckgo/apple-browsers/blob/4b46aae14c44aa7044649466a6110eb1d31ba2a7/iOS/DuckDuckGo/en.lproj/Localizable.strings#L1319
iOS,headings,DuckDuckGo,bookmark.addFolder.title,,Add Folder,Add folder screen title,,,true,,,apps/apple/iOS/DuckDuckGo/en.lproj/Localizable.strings,1322,https://github.com/duckduckgo/apple-browsers/blob/4b46aae14c44aa7044649466a6110eb1d31ba2a7/iOS/DuckDuckGo/en.lproj/Localizable.strings#L1322
iOS,headings,DuckDuckGo,bookmark.delete.alert.title,,Delete?,Delete bookmark alert title,,,true,,,apps/apple/iOS/DuckDuckGo/en.lproj/Localizable.strings,1334,https://github.com/duckduckgo/apple-browsers/blob/4b46aae14c44aa7044649466a6110eb1d31ba2a7/iOS/DuckDuckGo/en.lproj/Localizable.strings#L1334
iOS,headings,DuckDuckGo,bookmark.deleteFolderAlert.title,,Delete %@?,Delete bookmark folder alert title,,%@,true,,,apps/apple/iOS/DuckDuckGo/en.lproj/Localizable.strings,1346,https://github.com/duckduckgo/apple-browsers/blob/4b46aae14c44aa7044649466a6110eb1d31ba2a7/iOS/DuckDuckGo/en.lproj/Localizable.strings#L1346
iOS,headings,DuckDuckGo,bookmark.editBookmark.title,,Edit Bookmark,Edit bookmark screen title,,,true,,,apps/apple/iOS/DuckDuckGo/en.lproj/Localizable.strings,1349,https://github.com/duckduckgo/apple-browsers/blob/4b46aae14c44aa7044649466a6110eb1d31ba2a7/iOS/DuckDuckGo/en.lproj/Localizable.strings#L1349
iOS,headings,DuckDuckGo,bookmark.editFavorite.title,,Edit Favorite,Edit favorite screen title,,,true,,,apps/apple/iOS/DuckDuckGo/en.lproj/Localizable.strings,1352,https://github.com/duckduckgo/apple-browsers/blob/4b46aae14c44aa7044649466a6110eb1d31ba2a7/iOS/DuckDuckGo/en.lproj/Localizable.strings#L1352
iOS,headings,DuckDuckGo,bookmark.editFolder.title,,Edit Folder,Edit folder screen title,,,true,,,apps/apple/iOS/DuckDuckGo/en.lproj/Localizable.strings,1355,https://github.com/duckduckgo/apple-browsers/blob/4b46aae14c44aa7044649466a6110eb1d31ba2a7/iOS/DuckDuckGo/en.lproj/Localizable.strings#L1355
iOS,headings,DuckDuckGo,bookmark.folderSelect.title,,Location,Header for folder selection for bookmarks,,,true,,,apps/apple/iOS/DuckDuckGo/en.lproj/Localizable.strings,1358,https://github.com/duckduckgo/apple-browsers/blob/4b46aae14c44aa7044649466a6110eb1d31ba2a7/iOS/DuckDuckGo/en.lproj/Localizable.strings#L1358
iOS,headings,DuckDuckGo,bookmark.topLevelFolder.title,,Bookmarks,Top level bookmarks folder title,,,true,,,apps/apple/iOS/DuckDuckGo/en.lproj/Localizable.strings,1370,https://github.com/duckduckgo/apple-browsers/blob/4b46aae14c44aa7044649466a6110eb1d31ba2a7/iOS/DuckDuckGo/en.lproj/Localizable.strings#L1370
iOS,headings,DuckDuckGo,bookmarks.exportAction.html.title,,Export HTML File,Title of option to export HTML,,,true,,,apps/apple/iOS/DuckDuckGo/en.lproj/Localizable.strings,1391,https://github.com/duckduckgo/apple-browsers/blob/4b46aae14c44aa7044649466a6110eb1d31ba2a7/iOS/DuckDuckGo/en.lproj/Localizable.strings#L1391
iOS,headings,DuckDuckGo,bookmarks.exportAction.title,,Export Bookmarks,Title of option to export bookmarks as HTML,,,true,,,apps/apple/iOS/DuckDuckGo/en.lproj/Localizable.strings,1394,https://github.com/duckduckgo/apple-browsers/blob/4b46aae14c44aa7044649466a6110eb1d31ba2a7/iOS/DuckDuckGo/en.lproj/Localizable.strings#L1394
iOS,headings,DuckDuckGo,bookmarks.importAction.html.title,,Import HTML File,Title of option to import HTML,,,true,,,apps/apple/iOS/DuckDuckGo/en.lproj/Localizable.strings,1403,https://github.com/duckduckgo/apple-browsers/blob/4b46aae14c44aa7044649466a6110eb1d31ba2a7/iOS/DuckDuckGo/en.lproj/Localizable.strings#L1403
iOS,headings,DuckDuckGo,bookmarks.importAction.title,,Import Bookmarks,Title of option to import HTML,,,true,,,apps/apple/iOS/DuckDuckGo/en.lproj/Localizable.strings,1406,https://github.com/duckduckgo/apple-browsers/blob/4b46aae14c44aa7044649466a6110eb1d31ba2a7/iOS/DuckDuckGo/en.lproj/Localizable.strings#L1406
iOS,headings,DuckDuckGo,bookmarks.importExport.title,,Import bookmarks from other popular browsers.,Title of prompt for users where they can choose to import or export an HTML file containing webpage bookmarks,,,true,,,apps/apple/iOS/DuckDuckGo/en.lproj/Localizable.strings,1409,https://github.com/duckduckgo/apple-browsers/blob/4b46aae14c44aa7044649466a6110eb1d31ba2a7/iOS/DuckDuckGo/en.lproj/Localizable.strings#L1409
iOS,headings,DuckDuckGo,broken.site.report.missing.description.alert.title,,Description Required,It appears as an alert after user tries to send a report without submitting any details,,,true,,,apps/apple/iOS/DuckDuckGo/en.lproj/Localizable.strings,1421,https://github.com/duckduckgo/apple-browsers/blob/4b46aae14c44aa7044649466a6110eb1d31ba2a7/iOS/DuckDuckGo/en.lproj/Localizable.strings#L1421
iOS,headings,DuckDuckGo,contextual.chat.delete.confirmation.title,,Delete this chat?,Title for the confirmation dialog when deleting a contextual AI chat,,,true,,,apps/apple/iOS/DuckDuckGo/en.lproj/Localizable.strings,1433,https://github.com/duckduckgo/apple-browsers/blob/4b46aae14c44aa7044649466a6110eb1d31ba2a7/iOS/DuckDuckGo/en.lproj/Localizable.strings#L1433
iOS,headings,DuckDuckGo,contextual.onboarding.addToDock.promo.title,,Add me to your Dock!,The title of the onboarding dialog popup that promotes adding the DDG browser icon to the dock.,,,true,,,apps/apple/iOS/DuckDuckGo/en.lproj/Localizable.strings,1451,https://github.com/duckduckgo/apple-browsers/blob/4b46aae14c44aa7044649466a6110eb1d31ba2a7/iOS/DuckDuckGo/en.lproj/Localizable.strings#L1451
iOS,headings,DuckDuckGo,contextual.onboarding.addToDock.tutorial.title,,Adding me to your Dock is easy.,The title of the onboarding dialog popup that explains how to add the DDG browser icon to the dock.,,,true,,,apps/apple/iOS/DuckDuckGo/en.lproj/Localizable.strings,1457,https://github.com/duckduckgo/apple-browsers/blob/4b46aae14c44aa7044649466a6110eb1d31ba2a7/iOS/DuckDuckGo/en.lproj/Localizable.strings#L1457
iOS,headings,DuckDuckGo,contextual.onboarding.final-screen.title,,You’ve got this!,Title of the last screen of the onboarding to the browser app,,,true,,,apps/apple/iOS/DuckDuckGo/en.lproj/Localizable.strings,1469,https://github.com/duckduckgo/apple-browsers/blob/4b46aae14c44aa7044649466a6110eb1d31ba2a7/iOS/DuckDuckGo/en.lproj/Localizable.strings#L1469
iOS,headings,DuckDuckGo,contextual.onboarding.ntp.try-a-site.title,,Try visiting a site!,Title of a popover on the new tab page browser that invites the user to try a visiting a website,,,true,,,apps/apple/iOS/DuckDuckGo/en.lproj/Localizable.strings,1487,https://github.com/duckduckgo/apple-browsers/blob/4b46aae14c44aa7044649466a6110eb1d31ba2a7/iOS/DuckDuckGo/en.lproj/Localizable.strings#L1487
iOS,headings,DuckDuckGo,contextual.onboarding.try-a-search.title,,Ready to get started?\nTry a search!,Title of a popover on the browser that invites the user to try a search,,,true,,,apps/apple/iOS/DuckDuckGo/en.lproj/Localizable.strings,1490,https://github.com/duckduckgo/apple-browsers/blob/4b46aae14c44aa7044649466a6110eb1d31ba2a7/iOS/DuckDuckGo/en.lproj/Localizable.strings#L1490
iOS,headings,DuckDuckGo,contextual.onboarding.try-a-site.title,,"Next, try visiting a site!",Title of a popover on the browser that invites the user to try a visiting a website,,,true,,,apps/apple/iOS/DuckDuckGo/en.lproj/Localizable.strings,1496,https://github.com/duckduckgo/apple-browsers/blob/4b46aae14c44aa7044649466a6110eb1d31ba2a7/iOS/DuckDuckGo/en.lproj/Localizable.strings#L1496
iOS,headings,DuckDuckGo,contextual.onboarding.try-search.surprise-me-title,,Surprise me!,Title for a button that triggers an unknown search query for the user.,,,true,,,apps/apple/iOS/DuckDuckGo/en.lproj/Localizable.strings,1514,https://github.com/duckduckgo/apple-browsers/blob/4b46aae14c44aa7044649466a6110eb1d31ba2a7/iOS/DuckDuckGo/en.lproj/Localizable.strings#L1514
iOS,headings,DuckDuckGo,cookie-popup-protection.opt-in.disabled.title,,Tired of cookie pop-ups that won't leave you alone?,Title of the opt-in dialog when cookie pop-up protection is off,,,true,,,apps/apple/iOS/DuckDuckGo/en.lproj/Localizable.strings,1547,https://github.com/duckduckgo/apple-browsers/blob/4b46aae14c44aa7044649466a6110eb1d31ba2a7/iOS/DuckDuckGo/en.lproj/Localizable.strings#L1547
iOS,headings,DuckDuckGo,cookie-popup-protection.opt-in.enabled.title,,Tired of cookie pop-ups that don't let you opt out?,Title of the opt-in dialog when cookie pop-up protection is already enabled,,,true,,,apps/apple/iOS/DuckDuckGo/en.lproj/Localizable.strings,1559,https://github.com/duckduckgo/apple-browsers/blob/4b46aae14c44aa7044649466a6110eb1d31ba2a7/iOS/DuckDuckGo/en.lproj/Localizable.strings#L1559
iOS,headings,DuckDuckGo,crash.report.dialog.title,,Automatically send crash reports?,Crash Report dialog title,,,true,,,apps/apple/iOS/DuckDuckGo/en.lproj/Localizable.strings,1580,https://github.com/duckduckgo/apple-browsers/blob/4b46aae14c44aa7044649466a6110eb1d31ba2a7/iOS/DuckDuckGo/en.lproj/Localizable.strings#L1580
iOS,headings,DuckDuckGo,data.import.bookmarks.instructions.header,,How to export bookmarks from Safari,Header for section with instructions for how to export bookmarks from Safari,,,true,,,apps/apple/iOS/DuckDuckGo/en.lproj/Localizable.strings,1586,https://github.com/duckduckgo/apple-browsers/blob/4b46aae14c44aa7044649466a6110eb1d31ba2a7/iOS/DuckDuckGo/en.lproj/Localizable.strings#L1586
iOS,headings,DuckDuckGo,data.import.bookmarks.title,,Import Bookmarks to DuckDuckGo,Title for screen to import bookmarks,,,true,,,apps/apple/iOS/DuckDuckGo/en.lproj/Localizable.strings,1592,https://github.com/duckduckgo/apple-browsers/blob/4b46aae14c44aa7044649466a6110eb1d31ba2a7/iOS/DuckDuckGo/en.lproj/Localizable.strings#L1592
iOS,headings,DuckDuckGo,data.import.detail.chrome.title,,Import from Chrome,Navigation title for the Chrome import detail screen,,,true,,,apps/apple/iOS/DuckDuckGo/en.lproj/Localizable.strings,1607,https://github.com/duckduckgo/apple-browsers/blob/4b46aae14c44aa7044649466a6110eb1d31ba2a7/iOS/DuckDuckGo/en.lproj/Localizable.strings#L1607
iOS,headings,DuckDuckGo,data.import.detail.done-exporting-header,,Done Exporting?,Section header above the upload file row on the Safari import detail screen,,,true,,,apps/apple/iOS/DuckDuckGo/en.lproj/Localizable.strings,1610,https://github.com/duckduckgo/apple-browsers/blob/4b46aae14c44aa7044649466a6110eb1d31ba2a7/iOS/DuckDuckGo/en.lproj/Localizable.strings#L1610
iOS,headings,DuckDuckGo,data.import.detail.passwords.title,,Import from Passwords,Navigation title for the Passwords App import detail screen,,,true,,,apps/apple/iOS/DuckDuckGo/en.lproj/Localizable.strings,1625,https://github.com/duckduckgo/apple-browsers/blob/4b46aae14c44aa7044649466a6110eb1d31ba2a7/iOS/DuckDuckGo/en.lproj/Localizable.strings#L1625
iOS,headings,DuckDuckGo,data.import.detail.safari.title,,Import from Safari,Navigation title for the Safari import detail screen,,,true,,,apps/apple/iOS/DuckDuckGo/en.lproj/Localizable.strings,1634,https://github.com/duckduckgo/apple-browsers/blob/4b46aae14c44aa7044649466a6110eb1d31ba2a7/iOS/DuckDuckGo/en.lproj/Localizable.strings#L1634
iOS,headings,DuckDuckGo,data.import.hub.title,,Bring to DuckDuckGo,Title for the data import hub screen,,,true,,,apps/apple/iOS/DuckDuckGo/en.lproj/Localizable.strings,1679,https://github.com/duckduckgo/apple-browsers/blob/4b46aae14c44aa7044649466a6110eb1d31ba2a7/iOS/DuckDuckGo/en.lproj/Localizable.strings#L1679
iOS,headings,DuckDuckGo,data.import.passwords.instructions.header,,How to export passwords,Header for section with instructions for how to export passwords from Safari or Chrome,,,true,,,apps/apple/iOS/DuckDuckGo/en.lproj/Localizable.strings,1694,https://github.com/duckduckgo/apple-browsers/blob/4b46aae14c44aa7044649466a6110eb1d31ba2a7/iOS/DuckDuckGo/en.lproj/Localizable.strings#L1694
iOS,headings,DuckDuckGo,data.import.passwords.instructions.title,,How to export Passwords from Safari:,Title for section with instructions to export passwords from Safari,,,true,,,apps/apple/iOS/DuckDuckGo/en.lproj/Localizable.strings,1709,https://github.com/duckduckgo/apple-browsers/blob/4b46aae14c44aa7044649466a6110eb1d31ba2a7/iOS/DuckDuckGo/en.lproj/Localizable.strings#L1709
iOS,headings,DuckDuckGo,data.import.passwords.title,,Import Passwords to DuckDuckGo,Title for screen to import passwords,,,true,,,apps/apple/iOS/DuckDuckGo/en.lproj/Localizable.strings,1718,https://github.com/duckduckgo/apple-browsers/blob/4b46aae14c44aa7044649466a6110eb1d31ba2a7/iOS/DuckDuckGo/en.lproj/Localizable.strings#L1718
iOS,headings,DuckDuckGo,data.import.source.section.import-from,,Import From,Section header for password import sources on the hub screen,,,true,,,apps/apple/iOS/DuckDuckGo/en.lproj/Localizable.strings,1736,https://github.com/duckduckgo/apple-browsers/blob/4b46aae14c44aa7044649466a6110eb1d31ba2a7/iOS/DuckDuckGo/en.lproj/Localizable.strings#L1736
iOS,headings,DuckDuckGo,data.import.source.section.sync-from,,Sync From,Section header for sync-based import sources on the hub screen,,,true,,,apps/apple/iOS/DuckDuckGo/en.lproj/Localizable.strings,1739,https://github.com/duckduckgo/apple-browsers/blob/4b46aae14c44aa7044649466a6110eb1d31ba2a7/iOS/DuckDuckGo/en.lproj/Localizable.strings#L1739
iOS,headings,DuckDuckGo,data.import.summary.complete.title,,Import complete!,Title for screen shown after attempting to import data (passwords / bookmarks),,,true,,,apps/apple/iOS/DuckDuckGo/en.lproj/Localizable.strings,1763,https://github.com/duckduckgo/apple-browsers/blob/4b46aae14c44aa7044649466a6110eb1d31ba2a7/iOS/DuckDuckGo/en.lproj/Localizable.strings#L1763
iOS,headings,DuckDuckGo,data.import.summary.promo.bookmarks.title,,Want to bring your bookmarks from Safari too?,Title for the summary footer promo that suggests importing Safari bookmarks,,,true,,,apps/apple/iOS/DuckDuckGo/en.lproj/Localizable.strings,1781,https://github.com/duckduckgo/apple-browsers/blob/4b46aae14c44aa7044649466a6110eb1d31ba2a7/iOS/DuckDuckGo/en.lproj/Localizable.strings#L1781
iOS,headings,DuckDuckGo,data.import.summary.promo.passwords.title,,Want to bring your passwords too?,Title for the summary footer promo that suggests importing passwords,,,true,,,apps/apple/iOS/DuckDuckGo/en.lproj/Localizable.strings,1790,https://github.com/duckduckgo/apple-browsers/blob/4b46aae14c44aa7044649466a6110eb1d31ba2a7/iOS/DuckDuckGo/en.lproj/Localizable.strings#L1790
iOS,headings,DuckDuckGo,date.range.past-month,,Past month,Title for a section containing only items from past month,,,true,,,apps/apple/iOS/DuckDuckGo/en.lproj/Localizable.strings,1793,https://github.com/duckduckgo/apple-browsers/blob/4b46aae14c44aa7044649466a6110eb1d31ba2a7/iOS/DuckDuckGo/en.lproj/Localizable.strings#L1793
iOS,headings,DuckDuckGo,date.range.past-week,,Past week,Title for a section containing only items from past week,,,true,,,apps/apple/iOS/DuckDuckGo/en.lproj/Localizable.strings,1796,https://github.com/duckduckgo/apple-browsers/blob/4b46aae14c44aa7044649466a6110eb1d31ba2a7/iOS/DuckDuckGo/en.lproj/Localizable.strings#L1796
iOS,headings,DuckDuckGo,date.range.today,,Today,Title for a section containing only items from today,,,true,,,apps/apple/iOS/DuckDuckGo/en.lproj/Localizable.strings,1799,https://github.com/duckduckgo/apple-browsers/blob/4b46aae14c44aa7044649466a6110eb1d31ba2a7/iOS/DuckDuckGo/en.lproj/Localizable.strings#L1799
iOS,headings,DuckDuckGo,date.range.yesterday,,Yesterday,Title for a section containing only items from yesterday,,,true,,,apps/apple/iOS/DuckDuckGo/en.lproj/Localizable.strings,1802,https://github.com/duckduckgo/apple-browsers/blob/4b46aae14c44aa7044649466a6110eb1d31ba2a7/iOS/DuckDuckGo/en.lproj/Localizable.strings#L1802
iOS,headings,DuckDuckGo,dax.easter.egg.found.title,,You found a hidden logo!,Title shown when user taps on an easter egg logo in full screen view,,,true,,,apps/apple/iOS/DuckDuckGo/en.lproj/Localizable.strings,1805,https://github.com/duckduckgo/apple-browsers/blob/4b46aae14c44aa7044649466a6110eb1d31ba2a7/iOS/DuckDuckGo/en.lproj/Localizable.strings#L1805
iOS,headings,DuckDuckGo,downloads.cancel-download.alert.title,,Cancel download?,Title for alert when trying to cancel the file download,,,true,,,apps/apple/iOS/DuckDuckGo/en.lproj/Localizable.strings,1865,https://github.com/duckduckgo/apple-browsers/blob/4b46aae14c44aa7044649466a6110eb1d31ba2a7/iOS/DuckDuckGo/en.lproj/Localizable.strings#L1865
iOS,headings,DuckDuckGo,downloads.downloads-list.title,,Downloads,Downloads list screen title,,,true,,,apps/apple/iOS/DuckDuckGo/en.lproj/Localizable.strings,1883,https://github.com/duckduckgo/apple-browsers/blob/4b46aae14c44aa7044649466a6110eb1d31ba2a7/iOS/DuckDuckGo/en.lproj/Localizable.strings#L1883
iOS,headings,DuckDuckGo,duck-player.contingency-title,,Duck Player Unavailable,Title for message explaining to the user that Duck Player is not available,,,true,,,apps/apple/iOS/DuckDuckGo/en.lproj/Localizable.strings,1904,https://github.com/duckduckgo/apple-browsers/blob/4b46aae14c44aa7044649466a6110eb1d31ba2a7/iOS/DuckDuckGo/en.lproj/Localizable.strings#L1904
iOS,headings,DuckDuckGo,duckai.contextual.recent.chats.section,,Recent Chats,Section header in the recent chats popup,,,true,,,apps/apple/iOS/DuckDuckGo/en.lproj/Localizable.strings,1934,https://github.com/duckduckgo/apple-browsers/blob/4b46aae14c44aa7044649466a6110eb1d31ba2a7/iOS/DuckDuckGo/en.lproj/Localizable.strings#L1934
iOS,headings,DuckDuckGo,duckai.control.center.education.navBar.title,,Add Duck.ai Voice Shortcut to Your Control Center,Navigation bar title for Duck.ai Control Center education screen,,,true,,,apps/apple/iOS/DuckDuckGo/en.lproj/Localizable.strings,1940,https://github.com/duckduckgo/apple-browsers/blob/4b46aae14c44aa7044649466a6110eb1d31ba2a7/iOS/DuckDuckGo/en.lproj/Localizable.strings#L1940
iOS,headings,DuckDuckGo,duckai.recent.chat.remove.confirmation.title,,Delete this chat?,Title of the confirmation alert shown before deleting a recent Duck.ai chat,,,true,,,apps/apple/iOS/DuckDuckGo/en.lproj/Localizable.strings,1964,https://github.com/duckduckgo/apple-browsers/blob/4b46aae14c44aa7044649466a6110eb1d31ba2a7/iOS/DuckDuckGo/en.lproj/Localizable.strings#L1964
iOS,headings,DuckDuckGo,duckai.settings.allowFollowUpQuestions.section.title,,Search shortcuts,Title for section that groups settings related to search results,,,true,,,apps/apple/iOS/DuckDuckGo/en.lproj/Localizable.strings,1976,https://github.com/duckduckgo/apple-browsers/blob/4b46aae14c44aa7044649466a6110eb1d31ba2a7/iOS/DuckDuckGo/en.lproj/Localizable.strings#L1976
iOS,headings,DuckDuckGo,duckai.settings.browserShortcuts.section.title,,Browser shortcuts,Title for section that groups shortcuts related to browser,,,true,,,apps/apple/iOS/DuckDuckGo/en.lproj/Localizable.strings,1982,https://github.com/duckduckgo/apple-browsers/blob/4b46aae14c44aa7044649466a6110eb1d31ba2a7/iOS/DuckDuckGo/en.lproj/Localizable.strings#L1982
iOS,headings,DuckDuckGo,duckai.settings.title,,Duck.ai,Accessibility label for Duck.ai,,,true,,,apps/apple/iOS/DuckDuckGo/en.lproj/Localizable.strings,2009,https://github.com/duckduckgo/apple-browsers/blob/4b46aae14c44aa7044649466a6110eb1d31ba2a7/iOS/DuckDuckGo/en.lproj/Localizable.strings#L2009
iOS,headings,DuckDuckGo,duckai.shortcuts.section.header,,Shortcuts,Section header for Duck.ai shortcuts in AI Chat settings,,,true,,,apps/apple/iOS/DuckDuckGo/en.lproj/Localizable.strings,2012,https://github.com/duckduckgo/apple-browsers/blob/4b46aae14c44aa7044649466a6110eb1d31ba2a7/iOS/DuckDuckGo/en.lproj/Localizable.strings#L2012
iOS,headings,DuckDuckGo,duckai.siri.education.screen.title,,Talk with Duck.ai using Siri!,Title for the Duck.ai Siri education screen,,,true,,,apps/apple/iOS/DuckDuckGo/en.lproj/Localizable.strings,2027,https://github.com/duckduckgo/apple-browsers/blob/4b46aae14c44aa7044649466a6110eb1d31ba2a7/iOS/DuckDuckGo/en.lproj/Localizable.strings#L2027
iOS,headings,DuckDuckGo,duckai.text-selection.context-title,,Text selection,Generic title sent to Duck.ai for an attached text selection rather than a full web page,,,true,,,apps/apple/iOS/DuckDuckGo/en.lproj/Localizable.strings,2288,https://github.com/duckduckgo/apple-browsers/blob/4b46aae14c44aa7044649466a6110eb1d31ba2a7/iOS/DuckDuckGo/en.lproj/Localizable.strings#L2288
iOS,headings,DuckDuckGo,duckduckgo.subscription.activate.header.title,,Add your DuckDuckGo subscription to this device,Header title for the subscription activation view,,,true,,,apps/apple/iOS/DuckDuckGo/en.lproj/Localizable.strings,2297,https://github.com/duckduckgo/apple-browsers/blob/4b46aae14c44aa7044649466a6110eb1d31ba2a7/iOS/DuckDuckGo/en.lproj/Localizable.strings#L2297
iOS,headings,DuckDuckGo,duckduckgo.subscription.add.to.devices.header,,Add your subscription to other devices,Header for section for activating subscription on other devices,,,true,,,apps/apple/iOS/DuckDuckGo/en.lproj/Localizable.strings,2303,https://github.com/duckduckgo/apple-browsers/blob/4b46aae14c44aa7044649466a6110eb1d31ba2a7/iOS/DuckDuckGo/en.lproj/Localizable.strings#L2303
iOS,headings,DuckDuckGo,duckplayer.open.video.settings.title,,Duck Player,Settings screen cell text for DuckPlayer settings,,,true,,,apps/apple/iOS/DuckDuckGo/en.lproj/Localizable.strings,2333,https://github.com/duckduckgo/apple-browsers/blob/4b46aae14c44aa7044649466a6110eb1d31ba2a7/iOS/DuckDuckGo/en.lproj/Localizable.strings#L2333
iOS,headings,DuckDuckGo,duckplayer.opt-in.message.title,,"YouTube, but with fewer ads and more privacy",Title for Duck Player opt-in message,,,true,,,apps/apple/iOS/DuckDuckGo/en.lproj/Localizable.strings,2339,https://github.com/duckduckgo/apple-browsers/blob/4b46aae14c44aa7044649466a6110eb1d31ba2a7/iOS/DuckDuckGo/en.lproj/Localizable.strings#L2339
iOS,headings,DuckDuckGo,duckplayer.opt-in.pill.title,,Play this video in Duck Player,Button text to play a video in Duck Player,,,true,,,apps/apple/iOS/DuckDuckGo/en.lproj/Localizable.strings,2345,https://github.com/duckduckgo/apple-browsers/blob/4b46aae14c44aa7044649466a6110eb1d31ba2a7/iOS/DuckDuckGo/en.lproj/Localizable.strings#L2345
iOS,headings,DuckDuckGo,duckplayer.presentation.modal.title,,Drowning in ads on YouTube? Try Duck Player!,Two line title (separated by \n) for the feature explanation,,,true,,,apps/apple/iOS/DuckDuckGo/en.lproj/Localizable.strings,2360,https://github.com/duckduckgo/apple-browsers/blob/4b46aae14c44aa7044649466a6110eb1d31ba2a7/iOS/DuckDuckGo/en.lproj/Localizable.strings#L2360
iOS,headings,DuckDuckGo,duckplayer.presentation.modal.title.youtube,,Drowning in ads on YouTube? Not with Duck Player!,Two line title (separated by \n) for the feature explanation,,,true,,,apps/apple/iOS/DuckDuckGo/en.lproj/Localizable.strings,2363,https://github.com/duckduckgo/apple-browsers/blob/4b46aae14c44aa7044649466a6110eb1d31ba2a7/iOS/DuckDuckGo/en.lproj/Localizable.strings#L2363
iOS,headings,DuckDuckGo,duckplayer.settings.tab.alert.title,,Important!,Title for the alert when changing Duck Player variant,,,true,,,apps/apple/iOS/DuckDuckGo/en.lproj/Localizable.strings,2417,https://github.com/duckduckgo/apple-browsers/blob/4b46aae14c44aa7044649466a6110eb1d31ba2a7/iOS/DuckDuckGo/en.lproj/Localizable.strings#L2417
iOS,headings,DuckDuckGo,duckplayer.settings.title,,Duck Player,Settings screen cell text for DuckPlayer settings,,,true,,,apps/apple/iOS/DuckDuckGo/en.lproj/Localizable.strings,2420,https://github.com/duckduckgo/apple-browsers/blob/4b46aae14c44aa7044649466a6110eb1d31ba2a7/iOS/DuckDuckGo/en.lproj/Localizable.strings#L2420
iOS,headings,DuckDuckGo,email.aliasAlert.prompt.title,,Select email address,Title for the email alias selection prompt,,,true,,,apps/apple/iOS/DuckDuckGo/en.lproj/Localizable.strings,2474,https://github.com/duckduckgo/apple-browsers/blob/4b46aae14c44aa7044649466a6110eb1d31ba2a7/iOS/DuckDuckGo/en.lproj/Localizable.strings#L2474
iOS,headings,DuckDuckGo,email.aliasAlert.title,,Block email trackers with a Duck Address,Title for the email alias selection alert,,,true,,,apps/apple/iOS/DuckDuckGo/en.lproj/Localizable.strings,2480,https://github.com/duckduckgo/apple-browsers/blob/4b46aae14c44aa7044649466a6110eb1d31ba2a7/iOS/DuckDuckGo/en.lproj/Localizable.strings#L2480
iOS,headings,DuckDuckGo,email.signup-prompt.alert.title,,"If you exit now, your Duck Address will not be saved!",Title for exiting the Email Protection signup early alert,,,true,,,apps/apple/iOS/DuckDuckGo/en.lproj/Localizable.strings,2510,https://github.com/duckduckgo/apple-browsers/blob/4b46aae14c44aa7044649466a6110eb1d31ba2a7/iOS/DuckDuckGo/en.lproj/Localizable.strings#L2510
iOS,headings,DuckDuckGo,email.signup-prompt.title,,Hide Your Email and\nBlock Trackers,Title for prompt to sign up for email protection,,,true,,,apps/apple/iOS/DuckDuckGo/en.lproj/Localizable.strings,2522,https://github.com/duckduckgo/apple-browsers/blob/4b46aae14c44aa7044649466a6110eb1d31ba2a7/iOS/DuckDuckGo/en.lproj/Localizable.strings#L2522
iOS,headings,DuckDuckGo,escapeHatch.fireTab.title,,Last used Fire Tab,Title shown on the escape hatch card when the target is a fire tab,,,true,,,apps/apple/iOS/DuckDuckGo/en.lproj/Localizable.strings,2567,https://github.com/duckduckgo/apple-browsers/blob/4b46aae14c44aa7044649466a6110eb1d31ba2a7/iOS/DuckDuckGo/en.lproj/Localizable.strings#L2567
iOS,headings,DuckDuckGo,favorites.settings.header,,Display Preferences,Header of the favorites settings table,,,true,,,apps/apple/iOS/DuckDuckGo/en.lproj/Localizable.strings,2615,https://github.com/duckduckgo/apple-browsers/blob/4b46aae14c44aa7044649466a6110eb1d31ba2a7/iOS/DuckDuckGo/en.lproj/Localizable.strings#L2615
iOS,headings,DuckDuckGo,feedback.form.title,,Help Improve the DuckDuckGo Subscription,Title of the feedback form,,,true,,,apps/apple/iOS/DuckDuckGo/en.lproj/Localizable.strings,2714,https://github.com/duckduckgo/apple-browsers/blob/4b46aae14c44aa7044649466a6110eb1d31ba2a7/iOS/DuckDuckGo/en.lproj/Localizable.strings#L2714
iOS,headings,DuckDuckGo,feedback.negative.header,,We’re Sorry to Hear That,No comment provided by engineer.,,,true,,,apps/apple/iOS/DuckDuckGo/en.lproj/Localizable.strings,2756,https://github.com/duckduckgo/apple-browsers/blob/4b46aae14c44aa7044649466a6110eb1d31ba2a7/iOS/DuckDuckGo/en.lproj/Localizable.strings#L2756
iOS,headings,DuckDuckGo,feedback.positive.form.header,,Share Details,Header above input field,,,true,,,apps/apple/iOS/DuckDuckGo/en.lproj/Localizable.strings,2807,https://github.com/duckduckgo/apple-browsers/blob/4b46aae14c44aa7044649466a6110eb1d31ba2a7/iOS/DuckDuckGo/en.lproj/Localizable.strings#L2807
iOS,headings,DuckDuckGo,feedback.positive.header,,Awesome to Hear!,No comment provided by engineer.,,,true,,,apps/apple/iOS/DuckDuckGo/en.lproj/Localizable.strings,2816,https://github.com/duckduckgo/apple-browsers/blob/4b46aae14c44aa7044649466a6110eb1d31ba2a7/iOS/DuckDuckGo/en.lproj/Localizable.strings#L2816
iOS,headings,DuckDuckGo,feedback.start.header,,Let’s Get Started!,No comment provided by engineer.,,,true,,,apps/apple/iOS/DuckDuckGo/en.lproj/Localizable.strings,2840,https://github.com/duckduckgo/apple-browsers/blob/4b46aae14c44aa7044649466a6110eb1d31ba2a7/iOS/DuckDuckGo/en.lproj/Localizable.strings#L2840
iOS,headings,DuckDuckGo,findinpage.title,,Find in Page,No comment provided by engineer.,,,true,,,apps/apple/iOS/DuckDuckGo/en.lproj/Localizable.strings,2867,https://github.com/duckduckgo/apple-browsers/blob/4b46aae14c44aa7044649466a6110eb1d31ba2a7/iOS/DuckDuckGo/en.lproj/Localizable.strings#L2867
iOS,headings,DuckDuckGo,fire.confirmation.aichats.title,,Duck.ai Chats,AI Chats option title in fire confirmation,,,true,,,apps/apple/iOS/DuckDuckGo/en.lproj/Localizable.strings,2873,https://github.com/duckduckgo/apple-browsers/blob/4b46aae14c44aa7044649466a6110eb1d31ba2a7/iOS/DuckDuckGo/en.lproj/Localizable.strings#L2873
iOS,headings,DuckDuckGo,fire.confirmation.data.title,,Cookies and Site Data,Cookies and site data option title in fire confirmation,,,true,,,apps/apple/iOS/DuckDuckGo/en.lproj/Localizable.strings,2879,https://github.com/duckduckgo/apple-browsers/blob/4b46aae14c44aa7044649466a6110eb1d31ba2a7/iOS/DuckDuckGo/en.lproj/Localizable.strings#L2879
iOS,headings,DuckDuckGo,fire.confirmation.tabs.title,,Tabs,Tabs option title in fire confirmation,,,true,,,apps/apple/iOS/DuckDuckGo/en.lproj/Localizable.strings,2882,https://github.com/duckduckgo/apple-browsers/blob/4b46aae14c44aa7044649466a6110eb1d31ba2a7/iOS/DuckDuckGo/en.lproj/Localizable.strings#L2882
iOS,headings,DuckDuckGo,fire.confirmation.title,,Choose What To Delete,Title for fire button confirmation screen,,,true,,,apps/apple/iOS/DuckDuckGo/en.lproj/Localizable.strings,2885,https://github.com/duckduckgo/apple-browsers/blob/4b46aae14c44aa7044649466a6110eb1d31ba2a7/iOS/DuckDuckGo/en.lproj/Localizable.strings#L2885
iOS,headings,DuckDuckGo,fire.mode.empty.state.title,,Fire Tabs,Title shown on the Fire Mode empty state screen,,,true,,,apps/apple/iOS/DuckDuckGo/en.lproj/Localizable.strings,2903,https://github.com/duckduckgo/apple-browsers/blob/4b46aae14c44aa7044649466a6110eb1d31ba2a7/iOS/DuckDuckGo/en.lproj/Localizable.strings#L2903
iOS,headings,DuckDuckGo,fire.tab.empty.state.title,,Fire Tab,Title shown on the Fire tab empty state screen,,,true,,,apps/apple/iOS/DuckDuckGo/en.lproj/Localizable.strings,2906,https://github.com/duckduckgo/apple-browsers/blob/4b46aae14c44aa7044649466a6110eb1d31ba2a7/iOS/DuckDuckGo/en.lproj/Localizable.strings#L2906
iOS,headings,DuckDuckGo,get.browser.share-link.title,,Get DuckDuckGo Browser for Mac or Windows,Title displayed in the share action,,,true,,,apps/apple/iOS/DuckDuckGo/en.lproj/Localizable.strings,2933,https://github.com/duckduckgo/apple-browsers/blob/4b46aae14c44aa7044649466a6110eb1d31ba2a7/iOS/DuckDuckGo/en.lproj/Localizable.strings#L2933
iOS,headings,DuckDuckGo,get.browser.title,,Get DuckDuckGo for Mac or Windows,Title for the get desktop browser feature,,,true,,,apps/apple/iOS/DuckDuckGo/en.lproj/Localizable.strings,2936,https://github.com/duckduckgo/apple-browsers/blob/4b46aae14c44aa7044649466a6110eb1d31ba2a7/iOS/DuckDuckGo/en.lproj/Localizable.strings#L2936
iOS,headings,DuckDuckGo,home.row.onboarding.header,,Add DuckDuckGo to your home screen!,No comment provided by engineer.,,,true,,,apps/apple/iOS/DuckDuckGo/en.lproj/Localizable.strings,2939,https://github.com/duckduckgo/apple-browsers/blob/4b46aae14c44aa7044649466a6110eb1d31ba2a7/iOS/DuckDuckGo/en.lproj/Localizable.strings#L2939
iOS,headings,DuckDuckGo,home.row.reminder.title,,Take DuckDuckGo home,Home is this context is the bottom home row (dock),,,true,,,apps/apple/iOS/DuckDuckGo/en.lproj/Localizable.strings,2945,https://github.com/duckduckgo/apple-browsers/blob/4b46aae14c44aa7044649466a6110eb1d31ba2a7/iOS/DuckDuckGo/en.lproj/Localizable.strings#L2945
iOS,headings,DuckDuckGo,homeTab.title,,Home,Home tab title,,,true,,,apps/apple/iOS/DuckDuckGo/en.lproj/Localizable.strings,2951,https://github.com/duckduckgo/apple-browsers/blob/4b46aae14c44aa7044649466a6110eb1d31ba2a7/iOS/DuckDuckGo/en.lproj/Localizable.strings#L2951
iOS,headings,DuckDuckGo,import.passwords.promo.title,,Import your passwords to DuckDuckGo,Title for the Import Passwords Promotion banner,,,true,,,apps/apple/iOS/DuckDuckGo/en.lproj/Localizable.strings,2975,https://github.com/duckduckgo/apple-browsers/blob/4b46aae14c44aa7044649466a6110eb1d31ba2a7/iOS/DuckDuckGo/en.lproj/Localizable.strings#L2975
iOS,headings,DuckDuckGo,mac-waitlist.copy,,Copy,Title for the copy action,,,true,,,apps/apple/iOS/DuckDuckGo/en.lproj/Localizable.strings,3080,https://github.com/duckduckgo/apple-browsers/blob/4b46aae14c44aa7044649466a6110eb1d31ba2a7/iOS/DuckDuckGo/en.lproj/Localizable.strings#L3080
iOS,headings,DuckDuckGo,mac-waitlist.join-waitlist-screen.try-duckduckgo-for-mac,,Get DuckDuckGo for Mac!,Title for the Join Waitlist screen,,,true,,,apps/apple/iOS/DuckDuckGo/en.lproj/Localizable.strings,3092,https://github.com/duckduckgo/apple-browsers/blob/4b46aae14c44aa7044649466a6110eb1d31ba2a7/iOS/DuckDuckGo/en.lproj/Localizable.strings#L3092
iOS,headings,DuckDuckGo,mac-waitlist.settings.browse-privately,,Browse privately with our app for Mac,Title for the settings subtitle,,,true,,,apps/apple/iOS/DuckDuckGo/en.lproj/Localizable.strings,3098,https://github.com/duckduckgo/apple-browsers/blob/4b46aae14c44aa7044649466a6110eb1d31ba2a7/iOS/DuckDuckGo/en.lproj/Localizable.strings#L3098
iOS,headings,DuckDuckGo,mac-waitlist.share-sheet.title,,DuckDuckGo for Mac,Title for the share sheet entry,,,true,,,apps/apple/iOS/DuckDuckGo/en.lproj/Localizable.strings,3107,https://github.com/duckduckgo/apple-browsers/blob/4b46aae14c44aa7044649466a6110eb1d31ba2a7/iOS/DuckDuckGo/en.lproj/Localizable.strings#L3107
iOS,headings,DuckDuckGo,mac-waitlist.title,,DuckDuckGo App for Mac,Title for the Mac Waitlist feature,,,true,,,apps/apple/iOS/DuckDuckGo/en.lproj/Localizable.strings,3110,https://github.com/duckduckgo/apple-browsers/blob/4b46aae14c44aa7044649466a6110eb1d31ba2a7/iOS/DuckDuckGo/en.lproj/Localizable.strings#L3110
iOS,headings,DuckDuckGo,malicious-site-protection.settings.header,,Site Safety Warnings,Header text for Malicious Site Protection settings,,,true,,,apps/apple/iOS/DuckDuckGo/en.lproj/Localizable.strings,3122,https://github.com/duckduckgo/apple-browsers/blob/4b46aae14c44aa7044649466a6110eb1d31ba2a7/iOS/DuckDuckGo/en.lproj/Localizable.strings#L3122
iOS,headings,DuckDuckGo,mobile.customization.addressbar.title,,Address Bar,The title of the Address Bar button.,,,true,,,apps/apple/iOS/DuckDuckGo/en.lproj/Localizable.strings,3134,https://github.com/duckduckgo/apple-browsers/blob/4b46aae14c44aa7044649466a6110eb1d31ba2a7/iOS/DuckDuckGo/en.lproj/Localizable.strings#L3134
iOS,headings,DuckDuckGo,mobile.customization.section.title,,Customizable Buttons,The title of the section in settings containing the customizable buttons.,,,true,,,apps/apple/iOS/DuckDuckGo/en.lproj/Localizable.strings,3143,https://github.com/duckduckgo/apple-browsers/blob/4b46aae14c44aa7044649466a6110eb1d31ba2a7/iOS/DuckDuckGo/en.lproj/Localizable.strings#L3143
iOS,headings,DuckDuckGo,mobile.customization.toolbar.title,,Toolbar,A label for the access point to customization of the Toolbar.,,,true,,,apps/apple/iOS/DuckDuckGo/en.lproj/Localizable.strings,3152,https://github.com/duckduckgo/apple-browsers/blob/4b46aae14c44aa7044649466a6110eb1d31ba2a7/iOS/DuckDuckGo/en.lproj/Localizable.strings#L3152
iOS,headings,DuckDuckGo,navigation.title.edit,,Edit,Edit button,,,true,,,apps/apple/iOS/DuckDuckGo/en.lproj/Localizable.strings,3164,https://github.com/duckduckgo/apple-browsers/blob/4b46aae14c44aa7044649466a6110eb1d31ba2a7/iOS/DuckDuckGo/en.lproj/Localizable.strings#L3164
iOS,headings,DuckDuckGo,netP.title,,DuckDuckGo VPN,Title for the DuckDuckGo VPN feature,,,true,,,apps/apple/iOS/DuckDuckGo/en.lproj/Localizable.strings,3170,https://github.com/duckduckgo/apple-browsers/blob/4b46aae14c44aa7044649466a6110eb1d31ba2a7/iOS/DuckDuckGo/en.lproj/Localizable.strings#L3170
iOS,headings,DuckDuckGo,network.protection.faq.title,,DuckDuckGo VPN FAQ,Title for the VPN FAQ screen.,,,true,,,apps/apple/iOS/DuckDuckGo/en.lproj/Localizable.strings,3200,https://github.com/duckduckgo/apple-browsers/blob/4b46aae14c44aa7044649466a6110eb1d31ba2a7/iOS/DuckDuckGo/en.lproj/Localizable.strings#L3200
iOS,headings,DuckDuckGo,network.protection.invite.dialog.title,,You’re invited to try DuckDuckGo VPN,Title for the network protection invite screen,,,true,,,apps/apple/iOS/DuckDuckGo/en.lproj/Localizable.strings,3215,https://github.com/duckduckgo/apple-browsers/blob/4b46aae14c44aa7044649466a6110eb1d31ba2a7/iOS/DuckDuckGo/en.lproj/Localizable.strings#L3215
iOS,headings,DuckDuckGo,network.protection.invite.success.title,,Success! You’re in.,Title for the network protection invite success view,,,true,,,apps/apple/iOS/DuckDuckGo/en.lproj/Localizable.strings,3224,https://github.com/duckduckgo/apple-browsers/blob/4b46aae14c44aa7044649466a6110eb1d31ba2a7/iOS/DuckDuckGo/en.lproj/Localizable.strings#L3224
iOS,headings,DuckDuckGo,network.protection.status.header.title.off,,DuckDuckGo VPN is Off,Header title label text for the status view when VPN is disconnected,,,true,,,apps/apple/iOS/DuckDuckGo/en.lproj/Localizable.strings,3266,https://github.com/duckduckgo/apple-browsers/blob/4b46aae14c44aa7044649466a6110eb1d31ba2a7/iOS/DuckDuckGo/en.lproj/Localizable.strings#L3266
iOS,headings,DuckDuckGo,network.protection.status.header.title.on,,DuckDuckGo VPN is On,Header title label text for the status view when VPN is connected,,,true,,,apps/apple/iOS/DuckDuckGo/en.lproj/Localizable.strings,3269,https://github.com/duckduckgo/apple-browsers/blob/4b46aae14c44aa7044649466a6110eb1d31ba2a7/iOS/DuckDuckGo/en.lproj/Localizable.strings#L3269
iOS,headings,DuckDuckGo,network.protection.status.header.title.snoozed,,DuckDuckGo VPN is Snoozed,Header title label text for the status view when VPN is snoozing,,,true,,,apps/apple/iOS/DuckDuckGo/en.lproj/Localizable.strings,3272,https://github.com/duckduckgo/apple-browsers/blob/4b46aae14c44aa7044649466a6110eb1d31ba2a7/iOS/DuckDuckGo/en.lproj/Localizable.strings#L3272
iOS,headings,DuckDuckGo,network.protection.status.view.settings.section.title,,Manage,Label shown on the title of the settings section in NetworkProtection's status view.,,,true,,,apps/apple/iOS/DuckDuckGo/en.lproj/Localizable.strings,3305,https://github.com/duckduckgo/apple-browsers/blob/4b46aae14c44aa7044649466a6110eb1d31ba2a7/iOS/DuckDuckGo/en.lproj/Localizable.strings#L3305
iOS,headings,DuckDuckGo,network.protection.status.view.title,,VPN,Title label text for the status view when netP is disconnected,,,true,,,apps/apple/iOS/DuckDuckGo/en.lproj/Localizable.strings,3320,https://github.com/duckduckgo/apple-browsers/blob/4b46aae14c44aa7044649466a6110eb1d31ba2a7/iOS/DuckDuckGo/en.lproj/Localizable.strings#L3320
iOS,headings,DuckDuckGo,network.protection.status.view.troubleshooting.section.title,,Troubleshooting,Title of the Troubleshooting section in the VPN status screen.,,,true,,,apps/apple/iOS/DuckDuckGo/en.lproj/Localizable.strings,3323,https://github.com/duckduckgo/apple-browsers/blob/4b46aae14c44aa7044649466a6110eb1d31ba2a7/iOS/DuckDuckGo/en.lproj/Localizable.strings#L3323
iOS,headings,DuckDuckGo,network.protection.vpn.about,,About,Title of the About section in the VPN status screen,,,true,,,apps/apple/iOS/DuckDuckGo/en.lproj/Localizable.strings,3347,https://github.com/duckduckgo/apple-browsers/blob/4b46aae14c44aa7044649466a6110eb1d31ba2a7/iOS/DuckDuckGo/en.lproj/Localizable.strings#L3347
iOS,headings,DuckDuckGo,network.protection.vpn.alerts.section.header,,Notifications,Section header for the toggle for VPN notifications.,,,true,,,apps/apple/iOS/DuckDuckGo/en.lproj/Localizable.strings,3350,https://github.com/duckduckgo/apple-browsers/blob/4b46aae14c44aa7044649466a6110eb1d31ba2a7/iOS/DuckDuckGo/en.lproj/Localizable.strings#L3350
iOS,headings,DuckDuckGo,network.protection.vpn.alerts.toggle.title,,VPN Notifications,Title for the toggle for VPN notifications.,,,true,,,apps/apple/iOS/DuckDuckGo/en.lproj/Localizable.strings,3356,https://github.com/duckduckgo/apple-browsers/blob/4b46aae14c44aa7044649466a6110eb1d31ba2a7/iOS/DuckDuckGo/en.lproj/Localizable.strings#L3356
iOS,headings,DuckDuckGo,network.protection.vpn.data-volume,,Data Volume,Title for the data volume section in the VPN status screen,,,true,,,apps/apple/iOS/DuckDuckGo/en.lproj/Localizable.strings,3359,https://github.com/duckduckgo/apple-browsers/blob/4b46aae14c44aa7044649466a6110eb1d31ba2a7/iOS/DuckDuckGo/en.lproj/Localizable.strings#L3359
iOS,headings,DuckDuckGo,network.protection.vpn.exclude.cgnat.setting.title,,Exclude Carrier Services,Title for the Exclude CGNAT setting item.,,,true,,,apps/apple/iOS/DuckDuckGo/en.lproj/Localizable.strings,3365,https://github.com/duckduckgo/apple-browsers/blob/4b46aae14c44aa7044649466a6110eb1d31ba2a7/iOS/DuckDuckGo/en.lproj/Localizable.strings#L3365
iOS,headings,DuckDuckGo,network.protection.vpn.exclude.local.networks.setting.header,,General,Header text for the Exclude Local Networks setting item.,,,true,,,apps/apple/iOS/DuckDuckGo/en.lproj/Localizable.strings,3371,https://github.com/duckduckgo/apple-browsers/blob/4b46aae14c44aa7044649466a6110eb1d31ba2a7/iOS/DuckDuckGo/en.lproj/Localizable.strings#L3371
iOS,headings,DuckDuckGo,network.protection.vpn.exclude.local.networks.setting.title,,Exclude Local Networks,Title for the Exclude Local Networks setting item.,,,true,,,apps/apple/iOS/DuckDuckGo/en.lproj/Localizable.strings,3374,https://github.com/duckduckgo/apple-browsers/blob/4b46aae14c44aa7044649466a6110eb1d31ba2a7/iOS/DuckDuckGo/en.lproj/Localizable.strings#L3374
iOS,headings,DuckDuckGo,network.protection.vpn.location.all.countries.section.title,,All Countries,Title for the VPN Location screen's All Countries section.,,,true,,,apps/apple/iOS/DuckDuckGo/en.lproj/Localizable.strings,3377,https://github.com/duckduckgo/apple-browsers/blob/4b46aae14c44aa7044649466a6110eb1d31ba2a7/iOS/DuckDuckGo/en.lproj/Localizable.strings#L3377
iOS,headings,DuckDuckGo,network.protection.vpn.location.recommended.section.title,,Recommended,Title for the VPN Location screen's Recommended section.,,,true,,,apps/apple/iOS/DuckDuckGo/en.lproj/Localizable.strings,3392,https://github.com/duckduckgo/apple-browsers/blob/4b46aae14c44aa7044649466a6110eb1d31ba2a7/iOS/DuckDuckGo/en.lproj/Localizable.strings#L3392
iOS,headings,DuckDuckGo,network.protection.vpn.location.title,,VPN Location,Title for the VPN Location screen.,,,true,,,apps/apple/iOS/DuckDuckGo/en.lproj/Localizable.strings,3401,https://github.com/duckduckgo/apple-browsers/blob/4b46aae14c44aa7044649466a6110eb1d31ba2a7/iOS/DuckDuckGo/en.lproj/Localizable.strings#L3401
iOS,headings,DuckDuckGo,network.protection.vpn.preferred.location.title,,Preferred Location,Title for the Preferred Location VPN Settings item.,,,true,,,apps/apple/iOS/DuckDuckGo/en.lproj/Localizable.strings,3410,https://github.com/duckduckgo/apple-browsers/blob/4b46aae14c44aa7044649466a6110eb1d31ba2a7/iOS/DuckDuckGo/en.lproj/Localizable.strings#L3410
iOS,headings,DuckDuckGo,network.protection.vpn.settings.copy-diagnostics,,Copy VPN Diagnostics,Title for the row that copies VPN diagnostic information to the clipboard.,,,true,,,apps/apple/iOS/DuckDuckGo/en.lproj/Localizable.strings,3416,https://github.com/duckduckgo/apple-browsers/blob/4b46aae14c44aa7044649466a6110eb1d31ba2a7/iOS/DuckDuckGo/en.lproj/Localizable.strings#L3416
iOS,headings,DuckDuckGo,network.protection.vpn.settings.copy-diagnostics.copied-to-clipboard,,Copied to clipboard,Temporary title for the row after VPN diagnostic information is copied to the clipboard.,,,true,,,apps/apple/iOS/DuckDuckGo/en.lproj/Localizable.strings,3422,https://github.com/duckduckgo/apple-browsers/blob/4b46aae14c44aa7044649466a6110eb1d31ba2a7/iOS/DuckDuckGo/en.lproj/Localizable.strings#L3422
iOS,headings,DuckDuckGo,network.protection.vpn.settings.share-feedback,,Share VPN Feedback,Title for the feedback row in the VPN status screen.,,,true,,,apps/apple/iOS/DuckDuckGo/en.lproj/Localizable.strings,3431,https://github.com/duckduckgo/apple-browsers/blob/4b46aae14c44aa7044649466a6110eb1d31ba2a7/iOS/DuckDuckGo/en.lproj/Localizable.strings#L3431
iOS,headings,DuckDuckGo,network.protection.vpn.settings.title,,VPN Settings,Title for the VPN Settings screen.,,,true,,,apps/apple/iOS/DuckDuckGo/en.lproj/Localizable.strings,3434,https://github.com/duckduckgo/apple-browsers/blob/4b46aae14c44aa7044649466a6110eb1d31ba2a7/iOS/DuckDuckGo/en.lproj/Localizable.strings#L3434
iOS,headings,DuckDuckGo,network.protection.vpn.shortcuts.section.header,,Shortcuts,Section header for the shortcuts section in VPN settings.,,,true,,,apps/apple/iOS/DuckDuckGo/en.lproj/Localizable.strings,3437,https://github.com/duckduckgo/apple-browsers/blob/4b46aae14c44aa7044649466a6110eb1d31ba2a7/iOS/DuckDuckGo/en.lproj/Localizable.strings#L3437
iOS,headings,DuckDuckGo,network.protection.vpn.strict.routing.setting.title,,Enforce Strict Routing (Recommended),Title for the Strict Routing setting item.,,,true,,,apps/apple/iOS/DuckDuckGo/en.lproj/Localizable.strings,3443,https://github.com/duckduckgo/apple-browsers/blob/4b46aae14c44aa7044649466a6110eb1d31ba2a7/iOS/DuckDuckGo/en.lproj/Localizable.strings#L3443
iOS,headings,DuckDuckGo,new.address.bar.picker.refresh.headline,,Want easy access to private\nAI chat in the address bar?,Headline for the refreshed Duck.ai Toggle Prompt,,,true,,,apps/apple/iOS/DuckDuckGo/en.lproj/Localizable.strings,3458,https://github.com/duckduckgo/apple-browsers/blob/4b46aae14c44aa7044649466a6110eb1d31ba2a7/iOS/DuckDuckGo/en.lproj/Localizable.strings#L3458
iOS,headings,DuckDuckGo,new.address.bar.picker.title,,Address bar option,Title for the new address bar picker modal,,,true,,,apps/apple/iOS/DuckDuckGo/en.lproj/Localizable.strings,3470,https://github.com/duckduckgo/apple-browsers/blob/4b46aae14c44aa7044649466a6110eb1d31ba2a7/iOS/DuckDuckGo/en.lproj/Localizable.strings#L3470
iOS,headings,DuckDuckGo,omnibar.full-ai-chat-mode.display.title,,Duck.ai,Display title for Duck.ai in our address bar,,,true,,,apps/apple/iOS/DuckDuckGo/en.lproj/Localizable.strings,3473,https://github.com/duckduckgo/apple-browsers/blob/4b46aae14c44aa7044649466a6110eb1d31ba2a7/iOS/DuckDuckGo/en.lproj/Localizable.strings#L3473
iOS,headings,DuckDuckGo,onboarding.duckai.ai.features.anonymousChats.title,,All chats are anonymized,One of four features listed in the Duck.ai onboarding AI comparison screen. Highlights that all user chats sent through Duck.ai are anonymized,,,true,,,apps/apple/iOS/DuckDuckGo/en.lproj/Localizable.strings,3503,https://github.com/duckduckgo/apple-browsers/blob/4b46aae14c44aa7044649466a6110eb1d31ba2a7/iOS/DuckDuckGo/en.lproj/Localizable.strings#L3503
iOS,headings,DuckDuckGo,onboarding.duckai.ai.features.noAccountsNeeded.title,,No account needed to access all AI features,One of four features listed in the Duck.ai onboarding AI comparison screen. Highlights that no account or sign-up is required to use any of Duck.ai's AI features,,,true,,,apps/apple/iOS/DuckDuckGo/en.lproj/Localizable.strings,3506,https://github.com/duckduckgo/apple-browsers/blob/4b46aae14c44aa7044649466a6110eb1d31ba2a7/iOS/DuckDuckGo/en.lproj/Localizable.strings#L3506
iOS,headings,DuckDuckGo,onboarding.duckai.ai.features.noTrainingData.title,,Never uses your chats to train AI,One of four features listed in the Duck.ai onboarding AI comparison screen. Highlights that user chats sent through Duck.ai are never used to train AI models,,,true,,,apps/apple/iOS/DuckDuckGo/en.lproj/Localizable.strings,3509,https://github.com/duckduckgo/apple-browsers/blob/4b46aae14c44aa7044649466a6110eb1d31ba2a7/iOS/DuckDuckGo/en.lproj/Localizable.strings#L3509
iOS,headings,DuckDuckGo,onboarding.duckai.ai.features.onePlaceAccess.title,,"Access ChatGPT, Claude, and more, all in one place",One of four features listed in the Duck.ai onboarding AI comparison screen. Highlights that multiple AI models can be accessed from a single place in Duck.ai. 'ChatGPT' and 'Claude' are brand names and should not be translated.,,,true,,,apps/apple/iOS/DuckDuckGo/en.lproj/Localizable.strings,3512,https://github.com/duckduckgo/apple-browsers/blob/4b46aae14c44aa7044649466a6110eb1d31ba2a7/iOS/DuckDuckGo/en.lproj/Localizable.strings#L3512
iOS,headings,DuckDuckGo,onboarding.duckai.aiComparison.title,,AI protections activated!,The title of the dialog to show the AI features that DuckDuckGo Duck.ai offers,,,true,,,apps/apple/iOS/DuckDuckGo/en.lproj/Localizable.strings,3521,https://github.com/duckduckgo/apple-browsers/blob/4b46aae14c44aa7044649466a6110eb1d31ba2a7/iOS/DuckDuckGo/en.lproj/Localizable.strings#L3521
iOS,headings,DuckDuckGo,onboarding.duckai.browser.title,,Want to make DuckDuckGo your default browser?,Title of the dialog in the Duck.ai onboarding flow asking the user if they want to set DuckDuckGo as their default browser.,,,true,,,apps/apple/iOS/DuckDuckGo/en.lproj/Localizable.strings,3524,https://github.com/duckduckgo/apple-browsers/blob/4b46aae14c44aa7044649466a6110eb1d31ba2a7/iOS/DuckDuckGo/en.lproj/Localizable.strings#L3524
iOS,headings,DuckDuckGo,onboarding.duckai.duckAIQuery.title,,"Now, try a private AI chat!","Title shown on the Duck.ai query screen in the Duck.ai onboarding flow, prompting the user to try their first AI chat.",,,true,,,apps/apple/iOS/DuckDuckGo/en.lproj/Localizable.strings,3533,https://github.com/duckduckgo/apple-browsers/blob/4b46aae14c44aa7044649466a6110eb1d31ba2a7/iOS/DuckDuckGo/en.lproj/Localizable.strings#L3533
iOS,headings,DuckDuckGo,onboarding.highlights.addressBarPosition.bottom.title,,Bottom,The title of the option to set the address bar to the bottom.,,,true,,,apps/apple/iOS/DuckDuckGo/en.lproj/Localizable.strings,3560,https://github.com/duckduckgo/apple-browsers/blob/4b46aae14c44aa7044649466a6110eb1d31ba2a7/iOS/DuckDuckGo/en.lproj/Localizable.strings#L3560
iOS,headings,DuckDuckGo,onboarding.highlights.addressBarPosition.title,,Where should I put your address bar?,The title of the onboarding dialog popup to select the preferred address bar position.,,,true,,,apps/apple/iOS/DuckDuckGo/en.lproj/Localizable.strings,3569,https://github.com/duckduckgo/apple-browsers/blob/4b46aae14c44aa7044649466a6110eb1d31ba2a7/iOS/DuckDuckGo/en.lproj/Localizable.strings#L3569
iOS,headings,DuckDuckGo,onboarding.highlights.addressBarPosition.top.title,,Top,The title of the option to set the address bar to the top.,,,true,,,apps/apple/iOS/DuckDuckGo/en.lproj/Localizable.strings,3575,https://github.com/duckduckgo/apple-browsers/blob/4b46aae14c44aa7044649466a6110eb1d31ba2a7/iOS/DuckDuckGo/en.lproj/Localizable.strings#L3575
iOS,headings,DuckDuckGo,onboarding.highlights.appIconSelection.title,,Which color looks best on me?,The title of the onboarding dialog popup to select the preferred App icon.,,,true,,,apps/apple/iOS/DuckDuckGo/en.lproj/Localizable.strings,3584,https://github.com/duckduckgo/apple-browsers/blob/4b46aae14c44aa7044649466a6110eb1d31ba2a7/iOS/DuckDuckGo/en.lproj/Localizable.strings#L3584
iOS,headings,DuckDuckGo,onboarding.highlights.browsers.title,,Protections activated!,The title of the dialog to show the privacy features that DuckDuckGo offers,,,true,,,apps/apple/iOS/DuckDuckGo/en.lproj/Localizable.strings,3587,https://github.com/duckduckgo/apple-browsers/blob/4b46aae14c44aa7044649466a6110eb1d31ba2a7/iOS/DuckDuckGo/en.lproj/Localizable.strings#L3587
iOS,headings,DuckDuckGo,onboarding.highlights.duckAIQuery.fire.title,,That’s Duck.ai!,Fire onboarding title shown after the first Duck.ai response.,,,true,,,apps/apple/iOS/DuckDuckGo/en.lproj/Localizable.strings,3596,https://github.com/duckduckgo/apple-browsers/blob/4b46aae14c44aa7044649466a6110eb1d31ba2a7/iOS/DuckDuckGo/en.lproj/Localizable.strings#L3596
iOS,headings,DuckDuckGo,onboarding.highlights.duckAIQuery.title,,Ready to get started?\nTry a search or AI chat!,Title for the onboarding Duck.ai query selection screen.,,,true,,,apps/apple/iOS/DuckDuckGo/en.lproj/Localizable.strings,3614,https://github.com/duckduckgo/apple-browsers/blob/4b46aae14c44aa7044649466a6110eb1d31ba2a7/iOS/DuckDuckGo/en.lproj/Localizable.strings#L3614
iOS,headings,DuckDuckGo,onboarding.highlights.intro.title,,Hi there.\n\nReady for a faster browser that protects you and lets you decide when and how to use AI?,The title of the onboarding dialog popup.,,,true,,,apps/apple/iOS/DuckDuckGo/en.lproj/Localizable.strings,3623,https://github.com/duckduckgo/apple-browsers/blob/4b46aae14c44aa7044649466a6110eb1d31ba2a7/iOS/DuckDuckGo/en.lproj/Localizable.strings#L3623
iOS,headings,DuckDuckGo,onboarding.highlights.searchExperience.searchAndDuckAI,,Toggle between\nSearch and Duck.ai,Title for the search and Duck.ai option in onboarding picker.,,,true,,,apps/apple/iOS/DuckDuckGo/en.lproj/Localizable.strings,3638,https://github.com/duckduckgo/apple-browsers/blob/4b46aae14c44aa7044649466a6110eb1d31ba2a7/iOS/DuckDuckGo/en.lproj/Localizable.strings#L3638
iOS,headings,DuckDuckGo,onboarding.highlights.searchExperience.searchOnly,,Search only,Title for the search-only option in onboarding picker.,,,true,,,apps/apple/iOS/DuckDuckGo/en.lproj/Localizable.strings,3641,https://github.com/duckduckgo/apple-browsers/blob/4b46aae14c44aa7044649466a6110eb1d31ba2a7/iOS/DuckDuckGo/en.lproj/Localizable.strings#L3641
iOS,headings,DuckDuckGo,onboarding.highlights.searchExperience.title,,Want easy access to private AI chat in the address bar?,The title of the onboarding dialog popup to select the preferred search experience.,,,true,,,apps/apple/iOS/DuckDuckGo/en.lproj/Localizable.strings,3644,https://github.com/duckduckgo/apple-browsers/blob/4b46aae14c44aa7044649466a6110eb1d31ba2a7/iOS/DuckDuckGo/en.lproj/Localizable.strings#L3644
iOS,headings,DuckDuckGo,onboarding.privacypro.promo.title,,"Oh, before I forget...",The title of the onboarding dialog that promotes Privacy Pro,,,true,,,apps/apple/iOS/DuckDuckGo/en.lproj/Localizable.strings,3662,https://github.com/duckduckgo/apple-browsers/blob/4b46aae14c44aa7044649466a6110eb1d31ba2a7/iOS/DuckDuckGo/en.lproj/Localizable.strings#L3662
iOS,headings,DuckDuckGo,onboarding.privacypro.promo.title.delayed,,Did you know?,The title of the delayed subscription promotion dialog shown to users who skipped onboarding,,,true,,,apps/apple/iOS/DuckDuckGo/en.lproj/Localizable.strings,3665,https://github.com/duckduckgo/apple-browsers/blob/4b46aae14c44aa7044649466a6110eb1d31ba2a7/iOS/DuckDuckGo/en.lproj/Localizable.strings#L3665
iOS,headings,DuckDuckGo,onboarding.rebranding.first-search-done.title,,That’s DuckDuckGo Search!,"After the user performs their first search using the browser, this dialog title explains the advantages of using DuckDuckGo",,,true,,,apps/apple/iOS/DuckDuckGo/en.lproj/Localizable.strings,3671,https://github.com/duckduckgo/apple-browsers/blob/4b46aae14c44aa7044649466a6110eb1d31ba2a7/iOS/DuckDuckGo/en.lproj/Localizable.strings#L3671
iOS,headings,DuckDuckGo,onboarding.rebranding.intro.title,,Hi there.,The title of the onboarding intro,,,true,,,apps/apple/iOS/DuckDuckGo/en.lproj/Localizable.strings,3677,https://github.com/duckduckgo/apple-browsers/blob/4b46aae14c44aa7044649466a6110eb1d31ba2a7/iOS/DuckDuckGo/en.lproj/Localizable.strings#L3677
iOS,headings,DuckDuckGo,onboarding.restore.prompt.title,,Let’s pick up where you left off,Title for the returning-user restore prompt,,,true,,,apps/apple/iOS/DuckDuckGo/en.lproj/Localizable.strings,3689,https://github.com/duckduckgo/apple-browsers/blob/4b46aae14c44aa7044649466a6110eb1d31ba2a7/iOS/DuckDuckGo/en.lproj/Localizable.strings#L3689
iOS,headings,DuckDuckGo,onboarding.skip.title,,Got it! I’ll skip the other tips.,The title of the skip onboarding dialog popup,,,true,,,apps/apple/iOS/DuckDuckGo/en.lproj/Localizable.strings,3701,https://github.com/duckduckgo/apple-browsers/blob/4b46aae14c44aa7044649466a6110eb1d31ba2a7/iOS/DuckDuckGo/en.lproj/Localizable.strings#L3701
iOS,headings,DuckDuckGo,onboarding.widgets.header,,Using DuckDuckGo just got easier.,No comment provided by engineer.,,,true,,,apps/apple/iOS/DuckDuckGo/en.lproj/Localizable.strings,3722,https://github.com/duckduckgo/apple-browsers/blob/4b46aae14c44aa7044649466a6110eb1d31ba2a7/iOS/DuckDuckGo/en.lproj/Localizable.strings#L3722
iOS,headings,DuckDuckGo,onboardingDefaultBrowserTitle,,Make DuckDuckGo your default browser.,No comment provided by engineer.,,,true,,,apps/apple/iOS/DuckDuckGo/en.lproj/Localizable.strings,3734,https://github.com/duckduckgo/apple-browsers/blob/4b46aae14c44aa7044649466a6110eb1d31ba2a7/iOS/DuckDuckGo/en.lproj/Localizable.strings#L3734
iOS,headings,DuckDuckGo,onboardingWelcomeHeader,,Welcome to DuckDuckGo!,No comment provided by engineer.,,,true,,,apps/apple/iOS/DuckDuckGo/en.lproj/Localizable.strings,3746,https://github.com/duckduckgo/apple-browsers/blob/4b46aae14c44aa7044649466a6110eb1d31ba2a7/iOS/DuckDuckGo/en.lproj/Localizable.strings#L3746
iOS,headings,DuckDuckGo,ppro.feedback-form.general-feedback.title,,General Feedback,Title for the General Feedback step in the Privacy Pro feedback form,,,true,,,apps/apple/iOS/DuckDuckGo/en.lproj/Localizable.strings,3776,https://github.com/duckduckgo/apple-browsers/blob/4b46aae14c44aa7044649466a6110eb1d31ba2a7/iOS/DuckDuckGo/en.lproj/Localizable.strings#L3776
iOS,headings,DuckDuckGo,ppro.feedback-form.report-itr-problem.title,,Identity Theft Restoration,Title for the ITR category in the Privacy Pro feedback form,,,true,,,apps/apple/iOS/DuckDuckGo/en.lproj/Localizable.strings,3779,https://github.com/duckduckgo/apple-browsers/blob/4b46aae14c44aa7044649466a6110eb1d31ba2a7/iOS/DuckDuckGo/en.lproj/Localizable.strings#L3779
iOS,headings,DuckDuckGo,ppro.feedback-form.report-pir-problem.title,,Personal Information Removal,Title for the PIR category in the Privacy Pro feedback form,,,true,,,apps/apple/iOS/DuckDuckGo/en.lproj/Localizable.strings,3782,https://github.com/duckduckgo/apple-browsers/blob/4b46aae14c44aa7044649466a6110eb1d31ba2a7/iOS/DuckDuckGo/en.lproj/Localizable.strings#L3782
iOS,headings,DuckDuckGo,ppro.feedback-form.report-ppro-problem.title,,Subscriptions and Payments,Title for the Subscriptions and Payments category in the Privacy Pro feedback form,,,true,,,apps/apple/iOS/DuckDuckGo/en.lproj/Localizable.strings,3785,https://github.com/duckduckgo/apple-browsers/blob/4b46aae14c44aa7044649466a6110eb1d31ba2a7/iOS/DuckDuckGo/en.lproj/Localizable.strings#L3785
iOS,headings,DuckDuckGo,ppro.feedback-form.report-problem.title,,Report a Problem,Title for the Report a Problem step in the Privacy Pro feedback form,,,true,,,apps/apple/iOS/DuckDuckGo/en.lproj/Localizable.strings,3791,https://github.com/duckduckgo/apple-browsers/blob/4b46aae14c44aa7044649466a6110eb1d31ba2a7/iOS/DuckDuckGo/en.lproj/Localizable.strings#L3791
iOS,headings,DuckDuckGo,ppro.feedback-form.report-vpn-problem.title,,VPN,Title for the VPN category in the Privacy Pro feedback form,,,true,,,apps/apple/iOS/DuckDuckGo/en.lproj/Localizable.strings,3794,https://github.com/duckduckgo/apple-browsers/blob/4b46aae14c44aa7044649466a6110eb1d31ba2a7/iOS/DuckDuckGo/en.lproj/Localizable.strings#L3794
iOS,headings,DuckDuckGo,ppro.feedback-form.request-feature.title,,Feature Request,Title for the Feature Request step in the Privacy Pro feedback form,,,true,,,apps/apple/iOS/DuckDuckGo/en.lproj/Localizable.strings,3800,https://github.com/duckduckgo/apple-browsers/blob/4b46aae14c44aa7044649466a6110eb1d31ba2a7/iOS/DuckDuckGo/en.lproj/Localizable.strings#L3800
iOS,headings,DuckDuckGo,ppro.feedback-form.select-category.title,,Select a category,Title for the category selection section in the Privacy Pro feedback form,,,true,,,apps/apple/iOS/DuckDuckGo/en.lproj/Localizable.strings,3803,https://github.com/duckduckgo/apple-browsers/blob/4b46aae14c44aa7044649466a6110eb1d31ba2a7/iOS/DuckDuckGo/en.lproj/Localizable.strings#L3803
iOS,headings,DuckDuckGo,ppro.feedback-form.text-box.title,,Feedback,Title for the text box in the Privacy Pro feedback form,,,true,,,apps/apple/iOS/DuckDuckGo/en.lproj/Localizable.strings,3824,https://github.com/duckduckgo/apple-browsers/blob/4b46aae14c44aa7044649466a6110eb1d31ba2a7/iOS/DuckDuckGo/en.lproj/Localizable.strings#L3824
iOS,headings,DuckDuckGo,ppro.feedback-form.title,,Send Feedback,Title for the Privacy Pro feedback form,,,true,,,apps/apple/iOS/DuckDuckGo/en.lproj/Localizable.strings,3827,https://github.com/duckduckgo/apple-browsers/blob/4b46aae14c44aa7044649466a6110eb1d31ba2a7/iOS/DuckDuckGo/en.lproj/Localizable.strings#L3827
iOS,headings,DuckDuckGo,preferences.scam-blocker.title,,Scam Blocker,Title of the section of a setting page that shows Scam Blocking preferences (weather warning in case of scam sites),,,true,,,apps/apple/iOS/DuckDuckGo/en.lproj/Localizable.strings,3830,https://github.com/duckduckgo/apple-browsers/blob/4b46aae14c44aa7044649466a6110eb1d31ba2a7/iOS/DuckDuckGo/en.lproj/Localizable.strings#L3830
iOS,headings,DuckDuckGo,preferences.smarter-encryption.title,,Smarter Encryption,Title of the section of a setting page that shows Smarter Encryption preferences,,,true,,,apps/apple/iOS/DuckDuckGo/en.lproj/Localizable.strings,3842,https://github.com/duckduckgo/apple-browsers/blob/4b46aae14c44aa7044649466a6110eb1d31ba2a7/iOS/DuckDuckGo/en.lproj/Localizable.strings#L3842
iOS,headings,DuckDuckGo,preferences.threat-protection,,Threat Protection,Title of the option to show the Threat Protection preferences,,,true,,,apps/apple/iOS/DuckDuckGo/en.lproj/Localizable.strings,3848,https://github.com/duckduckgo/apple-browsers/blob/4b46aae14c44aa7044649466a6110eb1d31ba2a7/iOS/DuckDuckGo/en.lproj/Localizable.strings#L3848
iOS,headings,DuckDuckGo,prefrences.sync.limit-exceeded-title,,Sync Paused,Title for sync limits exceeded warning,,,true,,,apps/apple/iOS/DuckDuckGo/en.lproj/Localizable.strings,3881,https://github.com/duckduckgo/apple-browsers/blob/4b46aae14c44aa7044649466a6110eb1d31ba2a7/iOS/DuckDuckGo/en.lproj/Localizable.strings#L3881
iOS,headings,DuckDuckGo,preserveLogins.domain.list.title,,Fireproof Sites,Section header above Fireproofed websites list,,,true,,,apps/apple/iOS/DuckDuckGo/en.lproj/Localizable.strings,3893,https://github.com/duckduckgo/apple-browsers/blob/4b46aae14c44aa7044649466a6110eb1d31ba2a7/iOS/DuckDuckGo/en.lproj/Localizable.strings#L3893
iOS,headings,DuckDuckGo,preserveLogins.fireproof.title,,Fireproof %@ to stay signed in?,Parameter is a string - domain name. Alert title prompting user to fireproof a site so they can stay signed in,,%@,true,,,apps/apple/iOS/DuckDuckGo/en.lproj/Localizable.strings,3899,https://github.com/duckduckgo/apple-browsers/blob/4b46aae14c44aa7044649466a6110eb1d31ba2a7/iOS/DuckDuckGo/en.lproj/Localizable.strings#L3899
iOS,headings,DuckDuckGo,preserveLogins.remove.all,,Remove All,Alert title,,,true,,,apps/apple/iOS/DuckDuckGo/en.lproj/Localizable.strings,3920,https://github.com/duckduckgo/apple-browsers/blob/4b46aae14c44aa7044649466a6110eb1d31ba2a7/iOS/DuckDuckGo/en.lproj/Localizable.strings#L3920
iOS,headings,DuckDuckGo,prompt.custom.url.scheme.title,,Open in Another App?,Alert title,,,true,,,apps/apple/iOS/DuckDuckGo/en.lproj/Localizable.strings,3944,https://github.com/duckduckgo/apple-browsers/blob/4b46aae14c44aa7044649466a6110eb1d31ba2a7/iOS/DuckDuckGo/en.lproj/Localizable.strings#L3944
iOS,headings,DuckDuckGo,prompt.general-page-problem.title,,This page only loads in Safari,Special error page title for pages that can only be opened in Safari,,,true,,,apps/apple/iOS/DuckDuckGo/en.lproj/Localizable.strings,3953,https://github.com/duckduckgo/apple-browsers/blob/4b46aae14c44aa7044649466a6110eb1d31ba2a7/iOS/DuckDuckGo/en.lproj/Localizable.strings#L3953
iOS,headings,DuckDuckGo,scoped.fire.confirmation.alert.fireMode.title,,Delete Fire Tabs and their data?,"Title for scoped fire confirmation dialog in fire mode, asking user to delete all fire tabs and their data",,,true,,,apps/apple/iOS/DuckDuckGo/en.lproj/Localizable.strings,3974,https://github.com/duckduckgo/apple-browsers/blob/4b46aae14c44aa7044649466a6110eb1d31ba2a7/iOS/DuckDuckGo/en.lproj/Localizable.strings#L3974
iOS,headings,DuckDuckGo,scoped.fire.confirmation.alert.single.tab.title,,Delete tab and site data?,Title for fire confirmation dialog asking user to delete a single tab and its site data,,,true,,,apps/apple/iOS/DuckDuckGo/en.lproj/Localizable.strings,3977,https://github.com/duckduckgo/apple-browsers/blob/4b46aae14c44aa7044649466a6110eb1d31ba2a7/iOS/DuckDuckGo/en.lproj/Localizable.strings#L3977
iOS,headings,DuckDuckGo,scoped.fire.confirmation.alert.title,,Delete tabs and site data?,Title for scoped fire confirmation dialog asking user to delete tabs and site data,,,true,,,apps/apple/iOS/DuckDuckGo/en.lproj/Localizable.strings,3980,https://github.com/duckduckgo/apple-browsers/blob/4b46aae14c44aa7044649466a6110eb1d31ba2a7/iOS/DuckDuckGo/en.lproj/Localizable.strings#L3980
iOS,headings,DuckDuckGo,scoped.fire.confirmation.alert.title.with.aichat,,"Delete tabs, site data, and chats?",Title for scoped fire confirmation dialog when AI chat clearing is enabled,,,true,,,apps/apple/iOS/DuckDuckGo/en.lproj/Localizable.strings,3983,https://github.com/duckduckgo/apple-browsers/blob/4b46aae14c44aa7044649466a6110eb1d31ba2a7/iOS/DuckDuckGo/en.lproj/Localizable.strings#L3983
iOS,headings,DuckDuckGo,section.title.bookmarks,,Bookmarks,No comment provided by engineer.,,,true,,,apps/apple/iOS/DuckDuckGo/en.lproj/Localizable.strings,4022,https://github.com/duckduckgo/apple-browsers/blob/4b46aae14c44aa7044649466a6110eb1d31ba2a7/iOS/DuckDuckGo/en.lproj/Localizable.strings#L4022
iOS,headings,DuckDuckGo,section.title.favorites,,Favorites,No comment provided by engineer.,,,true,,,apps/apple/iOS/DuckDuckGo/en.lproj/Localizable.strings,4025,https://github.com/duckduckgo/apple-browsers/blob/4b46aae14c44aa7044649466a6110eb1d31ba2a7/iOS/DuckDuckGo/en.lproj/Localizable.strings#L4025
iOS,headings,DuckDuckGo,settings.about.section,,About,Settings section title for About DuckDuckGo,,,true,,,apps/apple/iOS/DuckDuckGo/en.lproj/Localizable.strings,4043,https://github.com/duckduckgo/apple-browsers/blob/4b46aae14c44aa7044649466a6110eb1d31ba2a7/iOS/DuckDuckGo/en.lproj/Localizable.strings#L4043
iOS,headings,DuckDuckGo,settings.add.widget.duckai,,Add Duck.ai Shortcuts to Your Home Screen,Title for the Duck.ai widget education screen,,,true,,,apps/apple/iOS/DuckDuckGo/en.lproj/Localizable.strings,4070,https://github.com/duckduckgo/apple-browsers/blob/4b46aae14c44aa7044649466a6110eb1d31ba2a7/iOS/DuckDuckGo/en.lproj/Localizable.strings#L4070
iOS,headings,DuckDuckGo,settings.add.widget.vpn,,Add DuckDuckGo VPN Widget to Your Home Screen,Title for the settings VPN subsection where the user can learn how to add the VPN to their home screen,,,true,,,apps/apple/iOS/DuckDuckGo/en.lproj/Localizable.strings,4073,https://github.com/duckduckgo/apple-browsers/blob/4b46aae14c44aa7044649466a6110eb1d31ba2a7/iOS/DuckDuckGo/en.lproj/Localizable.strings#L4073
iOS,headings,DuckDuckGo,settings.aifeatures.assist.title,,Search Assist,Title of the native Search Assist setting control,,,true,,,apps/apple/iOS/DuckDuckGo/en.lproj/Localizable.strings,4151,https://github.com/duckduckgo/apple-browsers/blob/4b46aae14c44aa7044649466a6110eb1d31ba2a7/iOS/DuckDuckGo/en.lproj/Localizable.strings#L4151
iOS,headings,DuckDuckGo,settings.aifeatures.automatic.context.title,,Automatically Send Content,Settings screen cell title for enabling automatic page content attachment,,,true,,,apps/apple/iOS/DuckDuckGo/en.lproj/Localizable.strings,4157,https://github.com/duckduckgo/apple-browsers/blob/4b46aae14c44aa7044649466a6110eb1d31ba2a7/iOS/DuckDuckGo/en.lproj/Localizable.strings#L4157
iOS,headings,DuckDuckGo,settings.aifeatures.chat.suggestions.title,,Chat Suggestions,Settings screen cell title for enabling chat suggestions,,,true,,,apps/apple/iOS/DuckDuckGo/en.lproj/Localizable.strings,4160,https://github.com/duckduckgo/apple-browsers/blob/4b46aae14c44aa7044649466a6110eb1d31ba2a7/iOS/DuckDuckGo/en.lproj/Localizable.strings#L4160
iOS,headings,DuckDuckGo,settings.aifeatures.duckai.section.header,,Duck.ai,Section header for the Duck.ai settings group on the AI Features screen,,,true,,,apps/apple/iOS/DuckDuckGo/en.lproj/Localizable.strings,4172,https://github.com/duckduckgo/apple-browsers/blob/4b46aae14c44aa7044649466a6110eb1d31ba2a7/iOS/DuckDuckGo/en.lproj/Localizable.strings#L4172
iOS,headings,DuckDuckGo,settings.aifeatures.hide.ai.generated.images,,Hide AI-Generated Images,Title of hide AI-generated images settings link,,,true,,,apps/apple/iOS/DuckDuckGo/en.lproj/Localizable.strings,4175,https://github.com/duckduckgo/apple-browsers/blob/4b46aae14c44aa7044649466a6110eb1d31ba2a7/iOS/DuckDuckGo/en.lproj/Localizable.strings#L4175
iOS,headings,DuckDuckGo,settings.appearance,,Appearance,Settings screen appearance section title,,,true,,,apps/apple/iOS/DuckDuckGo/en.lproj/Localizable.strings,4190,https://github.com/duckduckgo/apple-browsers/blob/4b46aae14c44aa7044649466a6110eb1d31ba2a7/iOS/DuckDuckGo/en.lproj/Localizable.strings#L4190
iOS,headings,DuckDuckGo,settings.autoclear.cookies.title,,Cookies and Site Data,Title for the cookies and site data option in auto clear settings,,,true,,,apps/apple/iOS/DuckDuckGo/en.lproj/Localizable.strings,4211,https://github.com/duckduckgo/apple-browsers/blob/4b46aae14c44aa7044649466a6110eb1d31ba2a7/iOS/DuckDuckGo/en.lproj/Localizable.strings#L4211
iOS,headings,DuckDuckGo,settings.autoclear.duckai.chats.title,,Duck.ai Chats,Title for the Duck.ai chats option in auto clear settings,,,true,,,apps/apple/iOS/DuckDuckGo/en.lproj/Localizable.strings,4217,https://github.com/duckduckgo/apple-browsers/blob/4b46aae14c44aa7044649466a6110eb1d31ba2a7/iOS/DuckDuckGo/en.lproj/Localizable.strings#L4217
iOS,headings,DuckDuckGo,settings.autoclear.section.header,,Clear,Section header for the auto clear options,,,true,,,apps/apple/iOS/DuckDuckGo/en.lproj/Localizable.strings,4220,https://github.com/duckduckgo/apple-browsers/blob/4b46aae14c44aa7044649466a6110eb1d31ba2a7/iOS/DuckDuckGo/en.lproj/Localizable.strings#L4220
iOS,headings,DuckDuckGo,settings.autoclear.tabs.title,,Tabs,Title for the tabs option in auto clear settings,,,true,,,apps/apple/iOS/DuckDuckGo/en.lproj/Localizable.strings,4226,https://github.com/duckduckgo/apple-browsers/blob/4b46aae14c44aa7044649466a6110eb1d31ba2a7/iOS/DuckDuckGo/en.lproj/Localizable.strings#L4226
iOS,headings,DuckDuckGo,settings.autoclear.timing.section.header,,Desired Timing,Section header for the timing options in auto clear settings,,,true,,,apps/apple/iOS/DuckDuckGo/en.lproj/Localizable.strings,4247,https://github.com/duckduckgo/apple-browsers/blob/4b46aae14c44aa7044649466a6110eb1d31ba2a7/iOS/DuckDuckGo/en.lproj/Localizable.strings#L4247
iOS,headings,DuckDuckGo,settings.automatic.data.clearing.delete.section.title,,Delete,Section title in automatic data clearing settings,,,true,,,apps/apple/iOS/DuckDuckGo/en.lproj/Localizable.strings,4274,https://github.com/duckduckgo/apple-browsers/blob/4b46aae14c44aa7044649466a6110eb1d31ba2a7/iOS/DuckDuckGo/en.lproj/Localizable.strings#L4274
iOS,headings,DuckDuckGo,settings.automatic.data.clearing.title,,Automatic Data Clearing,Settings row title for automatic data clearing,,,true,,,apps/apple/iOS/DuckDuckGo/en.lproj/Localizable.strings,4277,https://github.com/duckduckgo/apple-browsers/blob/4b46aae14c44aa7044649466a6110eb1d31ba2a7/iOS/DuckDuckGo/en.lproj/Localizable.strings#L4277
iOS,headings,DuckDuckGo,settings.cookie.auto-manage.title,,Reject optional cookies,Title for the auto-manage cookie pop-ups toggle in settings,,,true,,,apps/apple/iOS/DuckDuckGo/en.lproj/Localizable.strings,4307,https://github.com/duckduckgo/apple-browsers/blob/4b46aae14c44aa7044649466a6110eb1d31ba2a7/iOS/DuckDuckGo/en.lproj/Localizable.strings#L4307
iOS,headings,DuckDuckGo,settings.cookie.popups-without-opt-outs.title,,Accept cookies that can’t be rejected,Title for the pop-ups without opt-outs toggle in settings,,,true,,,apps/apple/iOS/DuckDuckGo/en.lproj/Localizable.strings,4322,https://github.com/duckduckgo/apple-browsers/blob/4b46aae14c44aa7044649466a6110eb1d31ba2a7/iOS/DuckDuckGo/en.lproj/Localizable.strings#L4322
iOS,headings,DuckDuckGo,settings.customize,,Customize,Settings title for the customize section,,,true,,,apps/apple/iOS/DuckDuckGo/en.lproj/Localizable.strings,4328,https://github.com/duckduckgo/apple-browsers/blob/4b46aae14c44aa7044649466a6110eb1d31ba2a7/iOS/DuckDuckGo/en.lproj/Localizable.strings#L4328
iOS,headings,DuckDuckGo,settings.default.omnibar.mode.header,,Toggle Position,Label for the default omnibar toggle position picker in AI Features settings,,,true,,,apps/apple/iOS/DuckDuckGo/en.lproj/Localizable.strings,4346,https://github.com/duckduckgo/apple-browsers/blob/4b46aae14c44aa7044649466a6110eb1d31ba2a7/iOS/DuckDuckGo/en.lproj/Localizable.strings#L4346
iOS,headings,DuckDuckGo,settings.duckduckgo.subscription.expired.title,,Your DuckDuckGo subscription expired,Subscription expired tittle message,,,true,,,apps/apple/iOS/DuckDuckGo/en.lproj/Localizable.strings,4367,https://github.com/duckduckgo/apple-browsers/blob/4b46aae14c44aa7044649466a6110eb1d31ba2a7/iOS/DuckDuckGo/en.lproj/Localizable.strings#L4367
iOS,headings,DuckDuckGo,settings.media.section,,Media,Header for the media section in general settings,,,true,,,apps/apple/iOS/DuckDuckGo/en.lproj/Localizable.strings,4442,https://github.com/duckduckgo/apple-browsers/blob/4b46aae14c44aa7044649466a6110eb1d31ba2a7/iOS/DuckDuckGo/en.lproj/Localizable.strings#L4442
iOS,headings,DuckDuckGo,settings.more,,More from DuckDuckGo,Settings title for the 'More' section,,,true,,,apps/apple/iOS/DuckDuckGo/en.lproj/Localizable.strings,4445,https://github.com/duckduckgo/apple-browsers/blob/4b46aae14c44aa7044649466a6110eb1d31ba2a7/iOS/DuckDuckGo/en.lproj/Localizable.strings#L4445
iOS,headings,DuckDuckGo,settings.privacy,,Privacy,Settings title for the privacy section,,,true,,,apps/apple/iOS/DuckDuckGo/en.lproj/Localizable.strings,4472,https://github.com/duckduckgo/apple-browsers/blob/4b46aae14c44aa7044649466a6110eb1d31ba2a7/iOS/DuckDuckGo/en.lproj/Localizable.strings#L4472
iOS,headings,DuckDuckGo,settings.search.settings,,Search Settings,Header of settings related to search,,,true,,,apps/apple/iOS/DuckDuckGo/en.lproj/Localizable.strings,4493,https://github.com/duckduckgo/apple-browsers/blob/4b46aae14c44aa7044649466a6110eb1d31ba2a7/iOS/DuckDuckGo/en.lproj/Localizable.strings#L4493
iOS,headings,DuckDuckGo,settings.site.permissions.manage.sites,,Manage Sites,Settings header for websites with saved permission choices.,,,true,,,apps/apple/iOS/DuckDuckGo/en.lproj/Localizable.strings,4520,https://github.com/duckduckgo/apple-browsers/blob/4b46aae14c44aa7044649466a6110eb1d31ba2a7/iOS/DuckDuckGo/en.lproj/Localizable.strings#L4520
iOS,headings,DuckDuckGo,settings.site.permissions.site.header.format,,Permissions for %@,Header for one site's website permission settings. %@ is the website domain.,,%@,true,,,apps/apple/iOS/DuckDuckGo/en.lproj/Localizable.strings,4541,https://github.com/duckduckgo/apple-browsers/blob/4b46aae14c44aa7044649466a6110eb1d31ba2a7/iOS/DuckDuckGo/en.lproj/Localizable.strings#L4541
iOS,headings,DuckDuckGo,settings.subscription.AIChat.title,,Duck.ai,Paid AIChat protection cell title for subscription,,,true,,,apps/apple/iOS/DuckDuckGo/en.lproj/Localizable.strings,4556,https://github.com/duckduckgo/apple-browsers/blob/4b46aae14c44aa7044649466a6110eb1d31ba2a7/iOS/DuckDuckGo/en.lproj/Localizable.strings#L4556
iOS,headings,DuckDuckGo,settings.subscription.DBP.title,,Personal Information Removal,Data Broker protection cell title for privacy pro,,,true,,,apps/apple/iOS/DuckDuckGo/en.lproj/Localizable.strings,4562,https://github.com/duckduckgo/apple-browsers/blob/4b46aae14c44aa7044649466a6110eb1d31ba2a7/iOS/DuckDuckGo/en.lproj/Localizable.strings#L4562
iOS,headings,DuckDuckGo,settings.subscription.ITR.title,,Identity Theft Restoration,Identity theft restoration cell title for privacy pro,,,true,,,apps/apple/iOS/DuckDuckGo/en.lproj/Localizable.strings,4586,https://github.com/duckduckgo/apple-browsers/blob/4b46aae14c44aa7044649466a6110eb1d31ba2a7/iOS/DuckDuckGo/en.lproj/Localizable.strings#L4586
iOS,headings,DuckDuckGo,settings.subscription.subscribe.title,,"Secure your Wi-Fi, and chat privately with advanced AI models",Call to action title for Privacy Pro settings,,,true,,,apps/apple/iOS/DuckDuckGo/en.lproj/Localizable.strings,4598,https://github.com/duckduckgo/apple-browsers/blob/4b46aae14c44aa7044649466a6110eb1d31ba2a7/iOS/DuckDuckGo/en.lproj/Localizable.strings#L4598
iOS,headings,DuckDuckGo,settings.subscription.subscribe.title.no.ai.chat,,"Secure your Wi-Fi, and protect identity",Call to action title for Privacy Pro settings,,,true,,,apps/apple/iOS/DuckDuckGo/en.lproj/Localizable.strings,4601,https://github.com/duckduckgo/apple-browsers/blob/4b46aae14c44aa7044649466a6110eb1d31ba2a7/iOS/DuckDuckGo/en.lproj/Localizable.strings#L4601
iOS,headings,DuckDuckGo,settings.subscription.VPN.title,,VPN,VPN cell title for privacy pro,,,true,,,apps/apple/iOS/DuckDuckGo/en.lproj/Localizable.strings,4607,https://github.com/duckduckgo/apple-browsers/blob/4b46aae14c44aa7044649466a6110eb1d31ba2a7/iOS/DuckDuckGo/en.lproj/Localizable.strings#L4607
iOS,headings,DuckDuckGo,settings.tabs,,Tabs,Settings screen section title for tab-related appearance options,,,true,,,apps/apple/iOS/DuckDuckGo/en.lproj/Localizable.strings,4619,https://github.com/duckduckgo/apple-browsers/blob/4b46aae14c44aa7044649466a6110eb1d31ba2a7/iOS/DuckDuckGo/en.lproj/Localizable.strings#L4619
iOS,headings,DuckDuckGo,settings.title,,Settings,Title for the Settings View,,,true,,,apps/apple/iOS/DuckDuckGo/en.lproj/Localizable.strings,4631,https://github.com/duckduckgo/apple-browsers/blob/4b46aae14c44aa7044649466a6110eb1d31ba2a7/iOS/DuckDuckGo/en.lproj/Localizable.strings#L4631
iOS,headings,DuckDuckGo,settings.tracker.blocking.animation.section,,Trackers Blocked Animation,Settings screen section title for tracker blocking animation options,,,true,,,apps/apple/iOS/DuckDuckGo/en.lproj/Localizable.strings,4634,https://github.com/duckduckgo/apple-browsers/blob/4b46aae14c44aa7044649466a6110eb1d31ba2a7/iOS/DuckDuckGo/en.lproj/Localizable.strings#L4634
iOS,headings,DuckDuckGo,settings.tracking.protection.cname.cloaking.title,,Protects against DNS CNAME cloaking,Title for CNAME cloaking protection feature,,,true,,,apps/apple/iOS/DuckDuckGo/en.lproj/Localizable.strings,4640,https://github.com/duckduckgo/apple-browsers/blob/4b46aae14c44aa7044649466a6110eb1d31ba2a7/iOS/DuckDuckGo/en.lproj/Localizable.strings#L4640
iOS,headings,DuckDuckGo,settings.tracking.protection.facebook.title,,Facebook tracking protection,Title for Facebook tracking protection feature,,,true,,,apps/apple/iOS/DuckDuckGo/en.lproj/Localizable.strings,4646,https://github.com/duckduckgo/apple-browsers/blob/4b46aae14c44aa7044649466a6110eb1d31ba2a7/iOS/DuckDuckGo/en.lproj/Localizable.strings#L4646
iOS,headings,DuckDuckGo,settings.tracking.protection.fingerprinting.title,,Prevents fingerprint tracking,Title for fingerprinting protection feature,,,true,,,apps/apple/iOS/DuckDuckGo/en.lproj/Localizable.strings,4652,https://github.com/duckduckgo/apple-browsers/blob/4b46aae14c44aa7044649466a6110eb1d31ba2a7/iOS/DuckDuckGo/en.lproj/Localizable.strings#L4652
iOS,headings,DuckDuckGo,settings.tracking.protection.first.party.cookies.title,,Expires 1st-party cookies,Title for third-party cookie blocking feature,,,true,,,apps/apple/iOS/DuckDuckGo/en.lproj/Localizable.strings,4658,https://github.com/duckduckgo/apple-browsers/blob/4b46aae14c44aa7044649466a6110eb1d31ba2a7/iOS/DuckDuckGo/en.lproj/Localizable.strings#L4658
iOS,headings,DuckDuckGo,settings.tracking.protection.google.amp.title,,Blocks Google's AMP Tracking,Title for Google AMP protection feature,,,true,,,apps/apple/iOS/DuckDuckGo/en.lproj/Localizable.strings,4664,https://github.com/duckduckgo/apple-browsers/blob/4b46aae14c44aa7044649466a6110eb1d31ba2a7/iOS/DuckDuckGo/en.lproj/Localizable.strings#L4664
iOS,headings,DuckDuckGo,settings.tracking.protection.google.signin.title,,Blocks Google’s sign-in pop-ups,Title for Google Sign-in pop-up blocking feature,,,true,,,apps/apple/iOS/DuckDuckGo/en.lproj/Localizable.strings,4670,https://github.com/duckduckgo/apple-browsers/blob/4b46aae14c44aa7044649466a6110eb1d31ba2a7/iOS/DuckDuckGo/en.lproj/Localizable.strings#L4670
iOS,headings,DuckDuckGo,settings.tracking.protection.link.tracking.title,,Blocks link tracking,Title for link tracking removal feature,,,true,,,apps/apple/iOS/DuckDuckGo/en.lproj/Localizable.strings,4676,https://github.com/duckduckgo/apple-browsers/blob/4b46aae14c44aa7044649466a6110eb1d31ba2a7/iOS/DuckDuckGo/en.lproj/Localizable.strings#L4676
iOS,headings,DuckDuckGo,settings.tracking.protection.referrer.title,,Protects against referrer tracking,Title for referrer tracking protection feature,,,true,,,apps/apple/iOS/DuckDuckGo/en.lproj/Localizable.strings,4682,https://github.com/duckduckgo/apple-browsers/blob/4b46aae14c44aa7044649466a6110eb1d31ba2a7/iOS/DuckDuckGo/en.lproj/Localizable.strings#L4682
iOS,headings,DuckDuckGo,settings.tracking.protection.targeted.ads.title,,Blocks targeted ads,Title for targeted ads blocking feature,,,true,,,apps/apple/iOS/DuckDuckGo/en.lproj/Localizable.strings,4688,https://github.com/duckduckgo/apple-browsers/blob/4b46aae14c44aa7044649466a6110eb1d31ba2a7/iOS/DuckDuckGo/en.lproj/Localizable.strings#L4688
iOS,headings,DuckDuckGo,settings.tracking.protection.third.party.trackers.title,,Blocks 3rd-party trackers,Title for third-party tracker blocking feature,,,true,,,apps/apple/iOS/DuckDuckGo/en.lproj/Localizable.strings,4694,https://github.com/duckduckgo/apple-browsers/blob/4b46aae14c44aa7044649466a6110eb1d31ba2a7/iOS/DuckDuckGo/en.lproj/Localizable.strings#L4694
iOS,headings,DuckDuckGo,settings.web.tracking.protection.always.on,,Web tracking protections are always on,Header text explaining that web tracking protections are always enabled,,,true,,,apps/apple/iOS/DuckDuckGo/en.lproj/Localizable.strings,4715,https://github.com/duckduckgo/apple-browsers/blob/4b46aae14c44aa7044649466a6110eb1d31ba2a7/iOS/DuckDuckGo/en.lproj/Localizable.strings#L4715
iOS,headings,DuckDuckGo,site.not.working.title,,Site not working? Let DuckDuckGo know.,Prompt asking user to send report to us if we suspect site may be broken,,,true,,,apps/apple/iOS/DuckDuckGo/en.lproj/Localizable.strings,4742,https://github.com/duckduckgo/apple-browsers/blob/4b46aae14c44aa7044649466a6110eb1d31ba2a7/iOS/DuckDuckGo/en.lproj/Localizable.strings#L4742
iOS,headings,DuckDuckGo,siteFeedback.title,,Report a Broken Site,This is a form title,,,true,,,apps/apple/iOS/DuckDuckGo/en.lproj/Localizable.strings,4760,https://github.com/duckduckgo/apple-browsers/blob/4b46aae14c44aa7044649466a6110eb1d31ba2a7/iOS/DuckDuckGo/en.lproj/Localizable.strings#L4760
iOS,headings,DuckDuckGo,subscription.activate.edit.email.title,,Edit Email,View Title for editing your email account,,,true,,,apps/apple/iOS/DuckDuckGo/en.lproj/Localizable.strings,4772,https://github.com/duckduckgo/apple-browsers/blob/4b46aae14c44aa7044649466a6110eb1d31ba2a7/iOS/DuckDuckGo/en.lproj/Localizable.strings#L4772
iOS,headings,DuckDuckGo,subscription.activate.via.apple.account.title,,Add via Apple Account,Title for adding subscription via Apple Account,,,true,,,apps/apple/iOS/DuckDuckGo/en.lproj/Localizable.strings,4787,https://github.com/duckduckgo/apple-browsers/blob/4b46aae14c44aa7044649466a6110eb1d31ba2a7/iOS/DuckDuckGo/en.lproj/Localizable.strings#L4787
iOS,headings,DuckDuckGo,subscription.activate.via.email.title,,Add via email address,Title for adding subscription via email address,,,true,,,apps/apple/iOS/DuckDuckGo/en.lproj/Localizable.strings,4793,https://github.com/duckduckgo/apple-browsers/blob/4b46aae14c44aa7044649466a6110eb1d31ba2a7/iOS/DuckDuckGo/en.lproj/Localizable.strings#L4793
iOS,headings,DuckDuckGo,subscription.activate.view.title,,I Have a Subscription,View title for activating subscription,,,true,,,apps/apple/iOS/DuckDuckGo/en.lproj/Localizable.strings,4796,https://github.com/duckduckgo/apple-browsers/blob/4b46aae14c44aa7044649466a6110eb1d31ba2a7/iOS/DuckDuckGo/en.lproj/Localizable.strings#L4796
iOS,headings,DuckDuckGo,subscription.add.email.title,,Add Email,View title for adding email to subscription,,,true,,,apps/apple/iOS/DuckDuckGo/en.lproj/Localizable.strings,4802,https://github.com/duckduckgo/apple-browsers/blob/4b46aae14c44aa7044649466a6110eb1d31ba2a7/iOS/DuckDuckGo/en.lproj/Localizable.strings#L4802
iOS,headings,DuckDuckGo,subscription.billing.google.title,,Subscription Plans,Title for the manage billing page,,,true,,,apps/apple/iOS/DuckDuckGo/en.lproj/Localizable.strings,4808,https://github.com/duckduckgo/apple-browsers/blob/4b46aae14c44aa7044649466a6110eb1d31ba2a7/iOS/DuckDuckGo/en.lproj/Localizable.strings#L4808
iOS,headings,DuckDuckGo,subscription.confirm.title,,Are you sure?,Title for Confirm messages,,,true,,,apps/apple/iOS/DuckDuckGo/en.lproj/Localizable.strings,4826,https://github.com/duckduckgo/apple-browsers/blob/4b46aae14c44aa7044649466a6110eb1d31ba2a7/iOS/DuckDuckGo/en.lproj/Localizable.strings#L4826
iOS,headings,DuckDuckGo,subscription.duck.ai.enable.ai.features,,Enable in AI Features Settings,Title of the setting page action to open AI features settings,,,true,,,apps/apple/iOS/DuckDuckGo/en.lproj/Localizable.strings,4835,https://github.com/duckduckgo/apple-browsers/blob/4b46aae14c44aa7044649466a6110eb1d31ba2a7/iOS/DuckDuckGo/en.lproj/Localizable.strings#L4835
iOS,headings,DuckDuckGo,subscription.duck.ai.open,,Open Duck.ai,Title of the setting page action to open Duck.ai,,,true,,,apps/apple/iOS/DuckDuckGo/en.lproj/Localizable.strings,4838,https://github.com/duckduckgo/apple-browsers/blob/4b46aae14c44aa7044649466a6110eb1d31ba2a7/iOS/DuckDuckGo/en.lproj/Localizable.strings#L4838
iOS,headings,DuckDuckGo,subscription.duck.ai.open.ai.features.settings,,Manage in AI Features Settings,Title of the setting item action to open AI Features Settings,,,true,,,apps/apple/iOS/DuckDuckGo/en.lproj/Localizable.strings,4841,https://github.com/duckduckgo/apple-browsers/blob/4b46aae14c44aa7044649466a6110eb1d31ba2a7/iOS/DuckDuckGo/en.lproj/Localizable.strings#L4841
iOS,headings,DuckDuckGo,subscription.duck.ai.title,,Duck.ai,Title of the setting page of Duck.ai,,,true,,,apps/apple/iOS/DuckDuckGo/en.lproj/Localizable.strings,4844,https://github.com/duckduckgo/apple-browsers/blob/4b46aae14c44aa7044649466a6110eb1d31ba2a7/iOS/DuckDuckGo/en.lproj/Localizable.strings#L4844
iOS,headings,DuckDuckGo,subscription.email.inactive.alert.title,,Subscription Not Found,Alert title for not found subscription,,,true,,,apps/apple/iOS/DuckDuckGo/en.lproj/Localizable.strings,4850,https://github.com/duckduckgo/apple-browsers/blob/4b46aae14c44aa7044649466a6110eb1d31ba2a7/iOS/DuckDuckGo/en.lproj/Localizable.strings#L4850
iOS,headings,DuckDuckGo,subscription.found.title,,Subscription Found,Title for the existing subscription dialog,,,true,,,apps/apple/iOS/DuckDuckGo/en.lproj/Localizable.strings,4871,https://github.com/duckduckgo/apple-browsers/blob/4b46aae14c44aa7044649466a6110eb1d31ba2a7/iOS/DuckDuckGo/en.lproj/Localizable.strings#L4871
iOS,headings,DuckDuckGo,subscription.help,,Help and support,Help and support Section header,,,true,,,apps/apple/iOS/DuckDuckGo/en.lproj/Localizable.strings,4874,https://github.com/duckduckgo/apple-browsers/blob/4b46aae14c44aa7044649466a6110eb1d31ba2a7/iOS/DuckDuckGo/en.lproj/Localizable.strings#L4874
iOS,headings,DuckDuckGo,subscription.manage.plan,,Manage Plan,Manage Plan header,,,true,,,apps/apple/iOS/DuckDuckGo/en.lproj/Localizable.strings,4880,https://github.com/duckduckgo/apple-browsers/blob/4b46aae14c44aa7044649466a6110eb1d31ba2a7/iOS/DuckDuckGo/en.lproj/Localizable.strings#L4880
iOS,headings,DuckDuckGo,subscription.manage.title,,Subscription,Header for the subscription section,,,true,,,apps/apple/iOS/DuckDuckGo/en.lproj/Localizable.strings,4883,https://github.com/duckduckgo/apple-browsers/blob/4b46aae14c44aa7044649466a6110eb1d31ba2a7/iOS/DuckDuckGo/en.lproj/Localizable.strings#L4883
iOS,headings,DuckDuckGo,subscription.notFound.alert.title,,Subscription Not Found,Alert title for not found subscription,,,true,,,apps/apple/iOS/DuckDuckGo/en.lproj/Localizable.strings,4889,https://github.com/duckduckgo/apple-browsers/blob/4b46aae14c44aa7044649466a6110eb1d31ba2a7/iOS/DuckDuckGo/en.lproj/Localizable.strings#L4889
iOS,headings,DuckDuckGo,subscription.plans.title,,Subscription Plans,Navigation title for the subscription plans page,,,true,,,apps/apple/iOS/DuckDuckGo/en.lproj/Localizable.strings,4910,https://github.com/duckduckgo/apple-browsers/blob/4b46aae14c44aa7044649466a6110eb1d31ba2a7/iOS/DuckDuckGo/en.lproj/Localizable.strings#L4910
iOS,headings,DuckDuckGo,subscription.progress.view.complete.plan.change,,Completing plan change…,Progress view title when completing a plan change with the backend,,,true,,,apps/apple/iOS/DuckDuckGo/en.lproj/Localizable.strings,4913,https://github.com/duckduckgo/apple-browsers/blob/4b46aae14c44aa7044649466a6110eb1d31ba2a7/iOS/DuckDuckGo/en.lproj/Localizable.strings#L4913
iOS,headings,DuckDuckGo,subscription.progress.view.completing.purchase,,Completing purchase...,Progress view title when completing the purchase,,,true,,,apps/apple/iOS/DuckDuckGo/en.lproj/Localizable.strings,4916,https://github.com/duckduckgo/apple-browsers/blob/4b46aae14c44aa7044649466a6110eb1d31ba2a7/iOS/DuckDuckGo/en.lproj/Localizable.strings#L4916
iOS,headings,DuckDuckGo,subscription.progress.view.plan.change.in.progress,,Plan change in progress…,"Progress view title when starting a plan change (upgrade, downgrade, or cancel downgrade)",,,true,,,apps/apple/iOS/DuckDuckGo/en.lproj/Localizable.strings,4919,https://github.com/duckduckgo/apple-browsers/blob/4b46aae14c44aa7044649466a6110eb1d31ba2a7/iOS/DuckDuckGo/en.lproj/Localizable.strings#L4919
iOS,headings,DuckDuckGo,subscription.progress.view.purchasing.subscription,,Purchase in progress...,Progress view title when starting the purchase,,,true,,,apps/apple/iOS/DuckDuckGo/en.lproj/Localizable.strings,4922,https://github.com/duckduckgo/apple-browsers/blob/4b46aae14c44aa7044649466a6110eb1d31ba2a7/iOS/DuckDuckGo/en.lproj/Localizable.strings#L4922
iOS,headings,DuckDuckGo,subscription.progress.view.restoring.subscription,,Restoring subscription...,Progress view title when restoring past subscription purchase,,,true,,,apps/apple/iOS/DuckDuckGo/en.lproj/Localizable.strings,4925,https://github.com/duckduckgo/apple-browsers/blob/4b46aae14c44aa7044649466a6110eb1d31ba2a7/iOS/DuckDuckGo/en.lproj/Localizable.strings#L4925
iOS,headings,DuckDuckGo,subscription.remove.from.device.title,,Remove from this device?,Remove from device confirmation dialog title,,,true,,,apps/apple/iOS/DuckDuckGo/en.lproj/Localizable.strings,4937,https://github.com/duckduckgo/apple-browsers/blob/4b46aae14c44aa7044649466a6110eb1d31ba2a7/iOS/DuckDuckGo/en.lproj/Localizable.strings#L4937
iOS,headings,DuckDuckGo,subscription.restore.success.alert.title,,You’re all set.,Alert title for restored purchase,,,true,,,apps/apple/iOS/DuckDuckGo/en.lproj/Localizable.strings,4967,https://github.com/duckduckgo/apple-browsers/blob/4b46aae14c44aa7044649466a6110eb1d31ba2a7/iOS/DuckDuckGo/en.lproj/Localizable.strings#L4967
iOS,headings,DuckDuckGo,subscription.settings.title,,DuckDuckGo Subscription,Navigation bar Title for subscriptions,,,true,,,apps/apple/iOS/DuckDuckGo/en.lproj/Localizable.strings,4970,https://github.com/duckduckgo/apple-browsers/blob/4b46aae14c44aa7044649466a6110eb1d31ba2a7/iOS/DuckDuckGo/en.lproj/Localizable.strings#L4970
iOS,headings,DuckDuckGo,subscription.upgrade.section.title,,Upgrade,Header for the upgrade section in subscription settings,,,true,,,apps/apple/iOS/DuckDuckGo/en.lproj/Localizable.strings,5027,https://github.com/duckduckgo/apple-browsers/blob/4b46aae14c44aa7044649466a6110eb1d31ba2a7/iOS/DuckDuckGo/en.lproj/Localizable.strings#L5027
iOS,headings,DuckDuckGo,sync.pairing-v2.confirmation.title,,Sync new device?,Title of the dialog to confirm sync setup with another device,,,true,,,apps/apple/iOS/DuckDuckGo/en.lproj/Localizable.strings,5045,https://github.com/duckduckgo/apple-browsers/blob/4b46aae14c44aa7044649466a6110eb1d31ba2a7/iOS/DuckDuckGo/en.lproj/Localizable.strings#L5045
iOS,headings,DuckDuckGo,sync.promo.bookmarks.title,,Sync & Back Up Your Bookmarks,Title for the Sync Promotion banner,,,true,,,apps/apple/iOS/DuckDuckGo/en.lproj/Localizable.strings,5054,https://github.com/duckduckgo/apple-browsers/blob/4b46aae14c44aa7044649466a6110eb1d31ba2a7/iOS/DuckDuckGo/en.lproj/Localizable.strings#L5054
iOS,headings,DuckDuckGo,sync.promo.credit-cards.title,,Sync & Back Up Your Credit Cards,Title for the Sync Promotion banner,,,true,,,apps/apple/iOS/DuckDuckGo/en.lproj/Localizable.strings,5060,https://github.com/duckduckgo/apple-browsers/blob/4b46aae14c44aa7044649466a6110eb1d31ba2a7/iOS/DuckDuckGo/en.lproj/Localizable.strings#L5060
iOS,headings,DuckDuckGo,sync.promo.data.import.title,,Sync & Back Up Your Data,Title for the Sync Promotion banner,,,true,,,apps/apple/iOS/DuckDuckGo/en.lproj/Localizable.strings,5063,https://github.com/duckduckgo/apple-browsers/blob/4b46aae14c44aa7044649466a6110eb1d31ba2a7/iOS/DuckDuckGo/en.lproj/Localizable.strings#L5063
iOS,headings,DuckDuckGo,sync.promo.passwords.title,,Sync & Back Up Your Passwords,Title for the Sync Promotion banner,,,true,,,apps/apple/iOS/DuckDuckGo/en.lproj/Localizable.strings,5072,https://github.com/duckduckgo/apple-browsers/blob/4b46aae14c44aa7044649466a6110eb1d31ba2a7/iOS/DuckDuckGo/en.lproj/Localizable.strings#L5072
iOS,headings,DuckDuckGo,sync.recovery.alternative.prompt.title,,Other device unavailable? Scan your Recovery Code.,Title for the sync recovery prompt describing how to use Sync recovery code to restore passwords,,,true,,,apps/apple/iOS/DuckDuckGo/en.lproj/Localizable.strings,5090,https://github.com/duckduckgo/apple-browsers/blob/4b46aae14c44aa7044649466a6110eb1d31ba2a7/iOS/DuckDuckGo/en.lproj/Localizable.strings#L5090
iOS,headings,DuckDuckGo,sync.recovery.prompt.title,,On a new %@? Let's sync your passwords.,"Title for the sync recovery prompt, replacing %@ with the device type (e.g. iPhone, iPad)",,%@,true,,,apps/apple/iOS/DuckDuckGo/en.lproj/Localizable.strings,5102,https://github.com/duckduckgo/apple-browsers/blob/4b46aae14c44aa7044649466a6110eb1d31ba2a7/iOS/DuckDuckGo/en.lproj/Localizable.strings#L5102
iOS,headings,DuckDuckGo,sync.remove-device.title,,Remove Device?,Title of the dialog to remove device from Sync,,,true,,,apps/apple/iOS/DuckDuckGo/en.lproj/Localizable.strings,5111,https://github.com/duckduckgo/apple-browsers/blob/4b46aae14c44aa7044649466a6110eb1d31ba2a7/iOS/DuckDuckGo/en.lproj/Localizable.strings#L5111
iOS,headings,DuckDuckGo,sync.simplified.delete.all.confirm.title,,Turn Off Sync & Backup and Delete Server Data?,Title of the dialog to confirm turning off sync and deleting server data,,,true,,,apps/apple/iOS/DuckDuckGo/en.lproj/Localizable.strings,5120,https://github.com/duckduckgo/apple-browsers/blob/4b46aae14c44aa7044649466a6110eb1d31ba2a7/iOS/DuckDuckGo/en.lproj/Localizable.strings#L5120
iOS,headings,DuckDuckGo,sync.simplified.turn.off.title,,Turn Off Sync & Backup?,Alert title when turning off sync,,,true,,,apps/apple/iOS/DuckDuckGo/en.lproj/Localizable.strings,5138,https://github.com/duckduckgo/apple-browsers/blob/4b46aae14c44aa7044649466a6110eb1d31ba2a7/iOS/DuckDuckGo/en.lproj/Localizable.strings#L5138
iOS,headings,DuckDuckGo,tab.close.with.title.and.address,,"Close ""%1$@"" at %2$@","Accesibility label: first string is website title, second is address",,%1$@ %2$@,true,,,apps/apple/iOS/DuckDuckGo/en.lproj/Localizable.strings,5165,https://github.com/duckduckgo/apple-browsers/blob/4b46aae14c44aa7044649466a6110eb1d31ba2a7/iOS/DuckDuckGo/en.lproj/Localizable.strings#L5165
iOS,headings,DuckDuckGo,tab.fire.title,,Fire Tab,Fire tab title,,,true,,,apps/apple/iOS/DuckDuckGo/en.lproj/Localizable.strings,5168,https://github.com/duckduckgo/apple-browsers/blob/4b46aae14c44aa7044649466a6110eb1d31ba2a7/iOS/DuckDuckGo/en.lproj/Localizable.strings#L5168
iOS,headings,DuckDuckGo,tab.new.title,,New Tab,New tab title,,,true,,,apps/apple/iOS/DuckDuckGo/en.lproj/Localizable.strings,5171,https://github.com/duckduckgo/apple-browsers/blob/4b46aae14c44aa7044649466a6110eb1d31ba2a7/iOS/DuckDuckGo/en.lproj/Localizable.strings#L5171
iOS,headings,DuckDuckGo,tab.open.with.title.and.address,,"Open ""%1$@"" at %2$@","Accesibility label: first string is website title, second is address",,%1$@ %2$@,true,,,apps/apple/iOS/DuckDuckGo/en.lproj/Localizable.strings,5183,https://github.com/duckduckgo/apple-browsers/blob/4b46aae14c44aa7044649466a6110eb1d31ba2a7/iOS/DuckDuckGo/en.lproj/Localizable.strings#L5183
iOS,headings,DuckDuckGo,tab.switcher.tracker.count.hide.title,,Hide tracker count?,Alert title asking user to hide the tracker count banner,,,true,,,apps/apple/iOS/DuckDuckGo/en.lproj/Localizable.strings,5204,https://github.com/duckduckgo/apple-browsers/blob/4b46aae14c44aa7044649466a6110eb1d31ba2a7/iOS/DuckDuckGo/en.lproj/Localizable.strings#L5204
iOS,headings,DuckDuckGo,tab.switcher.tracker.count.title,,tab.switcher.tracker.count.title,Do not translate - stringsdict entry,,,true,,,apps/apple/iOS/DuckDuckGo/en.lproj/Localizable.strings,5219,https://github.com/duckduckgo/apple-browsers/blob/4b46aae14c44aa7044649466a6110eb1d31ba2a7/iOS/DuckDuckGo/en.lproj/Localizable.strings#L5219
iOS,headings,DuckDuckGo,voiceSearch.alert.no-permission.title,,Microphone Access Required,Title for alert warning the user about missing microphone permission,,,true,,,apps/apple/iOS/DuckDuckGo/en.lproj/Localizable.strings,5285,https://github.com/duckduckgo/apple-browsers/blob/4b46aae14c44aa7044649466a6110eb1d31ba2a7/iOS/DuckDuckGo/en.lproj/Localizable.strings#L5285
iOS,headings,DuckDuckGo,vpn.access-revoked.alert.title,,VPN disconnected due to expired subscription,Alert title for the alert when the Privacy Pro subscription expires,,,true,,,apps/apple/iOS/DuckDuckGo/en.lproj/Localizable.strings,5306,https://github.com/duckduckgo/apple-browsers/blob/4b46aae14c44aa7044649466a6110eb1d31ba2a7/iOS/DuckDuckGo/en.lproj/Localizable.strings#L5306
iOS,headings,DuckDuckGo,vpn.addWidget.settings.title,,"Find and select **DuckDuckGo**, then swipe to **VPN** and select **Add Widget**",Title for the VPN widget onboarding screen,,,true,,,apps/apple/iOS/DuckDuckGo/en.lproj/Localizable.strings,5309,https://github.com/duckduckgo/apple-browsers/blob/4b46aae14c44aa7044649466a6110eb1d31ba2a7/iOS/DuckDuckGo/en.lproj/Localizable.strings#L5309
iOS,headings,DuckDuckGo,vpn.control-widget.education.screen.title,,Control DuckDuckGo VPN with Siri!,Title for the VPN Control Widget education screen title,,,true,,,apps/apple/iOS/DuckDuckGo/en.lproj/Localizable.strings,5327,https://github.com/duckduckgo/apple-browsers/blob/4b46aae14c44aa7044649466a6110eb1d31ba2a7/iOS/DuckDuckGo/en.lproj/Localizable.strings#L5327
iOS,headings,DuckDuckGo,vpn.feedback-form.sending-confirmation.title,,Thank you!,Title for the feedback sent view title of the VPN feedback form,,,true,,,apps/apple/iOS/DuckDuckGo/en.lproj/Localizable.strings,5378,https://github.com/duckduckgo/apple-browsers/blob/4b46aae14c44aa7044649466a6110eb1d31ba2a7/iOS/DuckDuckGo/en.lproj/Localizable.strings#L5378
iOS,headings,DuckDuckGo,vpn.feedback-form.title,,Help Improve the DuckDuckGo VPN,Title for each screen of the VPN feedback form,,,true,,,apps/apple/iOS/DuckDuckGo/en.lproj/Localizable.strings,5399,https://github.com/duckduckgo/apple-browsers/blob/4b46aae14c44aa7044649466a6110eb1d31ba2a7/iOS/DuckDuckGo/en.lproj/Localizable.strings#L5399
iOS,headings,DuckDuckGo,vpn.settings.dns.section-header,,DNS,Header text for the DNS section on the VPN Settings screen,,,true,,,apps/apple/iOS/DuckDuckGo/en.lproj/Localizable.strings,5414,https://github.com/duckduckgo/apple-browsers/blob/4b46aae14c44aa7044649466a6110eb1d31ba2a7/iOS/DuckDuckGo/en.lproj/Localizable.strings#L5414
iOS,headings,DuckDuckGo,vpn.settings.dns.server.content.blocking.header,,Malicious Content Blocking,Header of the vpn blocks risky sites feature settings,,,true,,,apps/apple/iOS/DuckDuckGo/en.lproj/Localizable.strings,5423,https://github.com/duckduckgo/apple-browsers/blob/4b46aae14c44aa7044649466a6110eb1d31ba2a7/iOS/DuckDuckGo/en.lproj/Localizable.strings#L5423
iOS,headings,DuckDuckGo,vpn.settings.dns.server.content.blocking.title,,Scam Blocker,Title of the vpn scam blocker sites feature settings,,,true,,,apps/apple/iOS/DuckDuckGo/en.lproj/Localizable.strings,5426,https://github.com/duckduckgo/apple-browsers/blob/4b46aae14c44aa7044649466a6110eb1d31ba2a7/iOS/DuckDuckGo/en.lproj/Localizable.strings#L5426
iOS,headings,DuckDuckGo,vpn.settings.dns.server.ipv4.title,,IPv4 Address,Title for the IPv4 Address setting,,,true,,,apps/apple/iOS/DuckDuckGo/en.lproj/Localizable.strings,5432,https://github.com/duckduckgo/apple-browsers/blob/4b46aae14c44aa7044649466a6110eb1d31ba2a7/iOS/DuckDuckGo/en.lproj/Localizable.strings#L5432
iOS,headings,DuckDuckGo,vpn.settings.dns.server.screen.title,,DNS Server,Title for the DNS Server setting screen,,,true,,,apps/apple/iOS/DuckDuckGo/en.lproj/Localizable.strings,5441,https://github.com/duckduckgo/apple-browsers/blob/4b46aae14c44aa7044649466a6110eb1d31ba2a7/iOS/DuckDuckGo/en.lproj/Localizable.strings#L5441
iOS,headings,DuckDuckGo,vpn.settings.dns.server.title,,DNS Server,Title for the DNS Server row on the VPN Settings screen,,,true,,,apps/apple/iOS/DuckDuckGo/en.lproj/Localizable.strings,5444,https://github.com/duckduckgo/apple-browsers/blob/4b46aae14c44aa7044649466a6110eb1d31ba2a7/iOS/DuckDuckGo/en.lproj/Localizable.strings#L5444
iOS,headings,DuckDuckGo,waitlist.copy,,Copy,Title for the copy action,,,true,,,apps/apple/iOS/DuckDuckGo/en.lproj/Localizable.strings,5453,https://github.com/duckduckgo/apple-browsers/blob/4b46aae14c44aa7044649466a6110eb1d31ba2a7/iOS/DuckDuckGo/en.lproj/Localizable.strings#L5453
iOS,headings,DuckDuckGo,waitlist.invite-screen.step.title,,Step %d,Step title on the invite screen,,%d,true,,,apps/apple/iOS/DuckDuckGo/en.lproj/Localizable.strings,5459,https://github.com/duckduckgo/apple-browsers/blob/4b46aae14c44aa7044649466a6110eb1d31ba2a7/iOS/DuckDuckGo/en.lproj/Localizable.strings#L5459
iOS,headings,DuckDuckGo,waitlist.invite-screen.youre-invited,,You’re Invited!,Title for the invite code screen,,,true,,,apps/apple/iOS/DuckDuckGo/en.lproj/Localizable.strings,5462,https://github.com/duckduckgo/apple-browsers/blob/4b46aae14c44aa7044649466a6110eb1d31ba2a7/iOS/DuckDuckGo/en.lproj/Localizable.strings#L5462
iOS,headings,DuckDuckGo,waitlist.join-waitlist-screen.join,,Join the Private Waitlist,Title for the Join Waitlist screen,,,true,,,apps/apple/iOS/DuckDuckGo/en.lproj/Localizable.strings,5465,https://github.com/duckduckgo/apple-browsers/blob/4b46aae14c44aa7044649466a6110eb1d31ba2a7/iOS/DuckDuckGo/en.lproj/Localizable.strings#L5465
iOS,headings,DuckDuckGo,waitlist.queue-screen.on-the-list,,You’re on the list!,Title for the queue screen,,,true,,,apps/apple/iOS/DuckDuckGo/en.lproj/Localizable.strings,5489,https://github.com/duckduckgo/apple-browsers/blob/4b46aae14c44aa7044649466a6110eb1d31ba2a7/iOS/DuckDuckGo/en.lproj/Localizable.strings#L5489
iOS,headings,DuckDuckGo,waitlist.settings.download-available,,Download available,Title for the settings subtitle,,,true,,,apps/apple/iOS/DuckDuckGo/en.lproj/Localizable.strings,5492,https://github.com/duckduckgo/apple-browsers/blob/4b46aae14c44aa7044649466a6110eb1d31ba2a7/iOS/DuckDuckGo/en.lproj/Localizable.strings#L5492
iOS,headings,DuckDuckGo,waitlist.share-sheet.title,,You’re Invited!,Title for the share sheet entry,,,true,,,apps/apple/iOS/DuckDuckGo/en.lproj/Localizable.strings,5495,https://github.com/duckduckgo/apple-browsers/blob/4b46aae14c44aa7044649466a6110eb1d31ba2a7/iOS/DuckDuckGo/en.lproj/Localizable.strings#L5495
iOS,headings,DuckDuckGo,win-back.campaign.modal.title,,We want you back!\nGet 25% off.,Title of the modal dialog promoting the win-back campaign,,% o,true,,,apps/apple/iOS/DuckDuckGo/en.lproj/Localizable.strings,5537,https://github.com/duckduckgo/apple-browsers/blob/4b46aae14c44aa7044649466a6110eb1d31ba2a7/iOS/DuckDuckGo/en.lproj/Localizable.strings#L5537
iOS,headings,DuckDuckGo,windows-waitlist.settings.browse-privately,,Browse privately with our app for Windows,Title for the settings subtitle,,,true,,,apps/apple/iOS/DuckDuckGo/en.lproj/Localizable.strings,5564,https://github.com/duckduckgo/apple-browsers/blob/4b46aae14c44aa7044649466a6110eb1d31ba2a7/iOS/DuckDuckGo/en.lproj/Localizable.strings#L5564
iOS,headings,DuckDuckGo,windows-waitlist.title,,DuckDuckGo App for Windows,Title for the Windows Waitlist feature,,,true,,,apps/apple/iOS/DuckDuckGo/en.lproj/Localizable.strings,5576,https://github.com/duckduckgo/apple-browsers/blob/4b46aae14c44aa7044649466a6110eb1d31ba2a7/iOS/DuckDuckGo/en.lproj/Localizable.strings#L5576
iOS,headings,DuckDuckGo,windows-waitlist.waitlist-download-screen.try-duckduckgo-for-windows,,Get DuckDuckGo for Windows!,Title for the Windows browser download link page,,,true,,,apps/apple/iOS/DuckDuckGo/en.lproj/Localizable.strings,5579,https://github.com/duckduckgo/apple-browsers/blob/4b46aae14c44aa7044649466a6110eb1d31ba2a7/iOS/DuckDuckGo/en.lproj/Localizable.strings#L5579
iOS,headings,DuckDuckGo,youtube.ad.blocking.breakage-report.title,,YouTube Ad Blocking not working?,Title of the bottom sheet asking the user to send an anonymous breakage report after disabling YouTube ad blocking,,,true,,,apps/apple/iOS/DuckDuckGo/en.lproj/Localizable.strings,5588,https://github.com/duckduckgo/apple-browsers/blob/4b46aae14c44aa7044649466a6110eb1d31ba2a7/iOS/DuckDuckGo/en.lproj/Localizable.strings#L5588
iOS,headings,DuckDuckGo,youtube.ad.blocking.picker.title,,YouTube Ad Blocking,Title of the YouTube ad-block mode picker bottom sheet,,,true,,,apps/apple/iOS/DuckDuckGo/en.lproj/Localizable.strings,5612,https://github.com/duckduckgo/apple-browsers/blob/4b46aae14c44aa7044649466a6110eb1d31ba2a7/iOS/DuckDuckGo/en.lproj/Localizable.strings#L5612
iOS,headings,DuckDuckGo,youtube.ad.blocking.title,,Ad Blocking,Settings screen title for Ad Blocking,,,true,,,apps/apple/iOS/DuckDuckGo/en.lproj/Localizable.strings,5615,https://github.com/duckduckgo/apple-browsers/blob/4b46aae14c44aa7044649466a6110eb1d31ba2a7/iOS/DuckDuckGo/en.lproj/Localizable.strings#L5615
iOS,headings,DuckDuckGo,youtube.ad.blocking.unavailable.title,,YouTube Ad Blocking Unavailable,Title of the bottom sheet shown when YouTube ad blocking has been remotely disabled,,,true,,,apps/apple/iOS/DuckDuckGo/en.lproj/Localizable.strings,5633,https://github.com/duckduckgo/apple-browsers/blob/4b46aae14c44aa7044649466a6110eb1d31ba2a7/iOS/DuckDuckGo/en.lproj/Localizable.strings#L5633
iOS,headings,DuckDuckGo,zip.content.import.types.title,,What do you want to import?,Title for screen to screen confirming what data to import from a zip file (bookmarks and /or passwords),,,true,,,apps/apple/iOS/DuckDuckGo/en.lproj/Localizable.strings,5648,https://github.com/duckduckgo/apple-browsers/blob/4b46aae14c44aa7044649466a6110eb1d31ba2a7/iOS/DuckDuckGo/en.lproj/Localizable.strings#L5648
iOS,headings,DuckDuckGo,aiChat.history.deleteAll.confirmation.title,plural:one,Delete %d chat?,,,%d,true,,,apps/apple/iOS/DuckDuckGo/en.lproj/Localizable.stringsdict,21,https://github.com/duckduckgo/apple-browsers/blob/4b46aae14c44aa7044649466a6110eb1d31ba2a7/iOS/DuckDuckGo/en.lproj/Localizable.stringsdict#L21
iOS,headings,DuckDuckGo,aiChat.history.deleteAll.confirmation.title,plural:other,Delete %d chats?,,,%d,true,,,apps/apple/iOS/DuckDuckGo/en.lproj/Localizable.stringsdict,21,https://github.com/duckduckgo/apple-browsers/blob/4b46aae14c44aa7044649466a6110eb1d31ba2a7/iOS/DuckDuckGo/en.lproj/Localizable.stringsdict#L21
iOS,headings,DuckDuckGo,autofill.delete.all.passwords.confirmation.title,plural:other,Are you sure you want to delete %d passwords?,,,%d,true,,,apps/apple/iOS/DuckDuckGo/en.lproj/Localizable.stringsdict,305,https://github.com/duckduckgo/apple-browsers/blob/4b46aae14c44aa7044649466a6110eb1d31ba2a7/iOS/DuckDuckGo/en.lproj/Localizable.stringsdict#L305
iOS,headings,DuckDuckGo,autofill.delete.all.passwords.confirmation.title,plural:one,Are you sure you want to delete this password?,,,,true,,,apps/apple/iOS/DuckDuckGo/en.lproj/Localizable.stringsdict,305,https://github.com/duckduckgo/apple-browsers/blob/4b46aae14c44aa7044649466a6110eb1d31ba2a7/iOS/DuckDuckGo/en.lproj/Localizable.stringsdict#L305
iOS,headings,DuckDuckGo,alertTitleBookmarkSelectedTabs.withCount,plural:other,Bookmark %d tabs?,,,%d,true,,,apps/apple/iOS/DuckDuckGo/en.lproj/Localizable.stringsdict,651,https://github.com/duckduckgo/apple-browsers/blob/4b46aae14c44aa7044649466a6110eb1d31ba2a7/iOS/DuckDuckGo/en.lproj/Localizable.stringsdict#L651
iOS,headings,DuckDuckGo,alertTitleBookmarkSelectedTabs.withCount,plural:one,Bookmark selected tab?,,,,true,,,apps/apple/iOS/DuckDuckGo/en.lproj/Localizable.stringsdict,651,https://github.com/duckduckgo/apple-browsers/blob/4b46aae14c44aa7044649466a6110eb1d31ba2a7/iOS/DuckDuckGo/en.lproj/Localizable.stringsdict#L651
iOS,headings,DuckDuckGo,alertTitleBookmarkAll.withCount,plural:other,Bookmark %d tabs?,,,%d,true,,,apps/apple/iOS/DuckDuckGo/en.lproj/Localizable.stringsdict,667,https://github.com/duckduckgo/apple-browsers/blob/4b46aae14c44aa7044649466a6110eb1d31ba2a7/iOS/DuckDuckGo/en.lproj/Localizable.stringsdict#L667
iOS,headings,DuckDuckGo,alertTitleBookmarkAll.withCount,plural:one,Bookmark selected tab?,,,,true,,,apps/apple/iOS/DuckDuckGo/en.lproj/Localizable.stringsdict,667,https://github.com/duckduckgo/apple-browsers/blob/4b46aae14c44aa7044649466a6110eb1d31ba2a7/iOS/DuckDuckGo/en.lproj/Localizable.stringsdict#L667
iOS,headings,DuckDuckGo,tab.switcher.tracker.count.title,plural:one,%2$@ tracker blocked,,,%2$@,true,,,apps/apple/iOS/DuckDuckGo/en.lproj/Localizable.stringsdict,729,https://github.com/duckduckgo/apple-browsers/blob/4b46aae14c44aa7044649466a6110eb1d31ba2a7/iOS/DuckDuckGo/en.lproj/Localizable.stringsdict#L729
iOS,headings,DuckDuckGo,tab.switcher.tracker.count.title,plural:other,%2$@ trackers blocked,,,%2$@,true,,,apps/apple/iOS/DuckDuckGo/en.lproj/Localizable.stringsdict,729,https://github.com/duckduckgo/apple-browsers/blob/4b46aae14c44aa7044649466a6110eb1d31ba2a7/iOS/DuckDuckGo/en.lproj/Localizable.stringsdict#L729
iOS,headings,SetDefaultBrowser,setDefaultBrowser.modal.title,,Let DuckDuckGo protect more of what you do online,,,,true,,,apps/apple/iOS/LocalPackages/SetDefaultBrowser/Sources/SetDefaultBrowserUI/Resources/en.lproj/Localizable.strings,1,https://github.com/duckduckgo/apple-browsers/blob/4b46aae14c44aa7044649466a6110eb1d31ba2a7/iOS/LocalPackages/SetDefaultBrowser/Sources/SetDefaultBrowserUI/Resources/en.lproj/Localizable.strings#L1
iOS,headings,SetDefaultBrowser,setDefaultBrowser.modal.inactive-user.title,,DuckDuckGo has protections other browsers don’t.,,,,true,,,apps/apple/iOS/LocalPackages/SetDefaultBrowser/Sources/SetDefaultBrowserUI/Resources/en.lproj/Localizable.strings,7,https://github.com/duckduckgo/apple-browsers/blob/4b46aae14c44aa7044649466a6110eb1d31ba2a7/iOS/LocalPackages/SetDefaultBrowser/Sources/SetDefaultBrowserUI/Resources/en.lproj/Localizable.strings#L7
iOS,headings,SitePermissions,sitePermissions.dialog.camera-and-microphone.title,,“%@” website wants to access your camera and microphone,Combined website camera and microphone permission prompt title. %@ is the website domain; iOS app permissions are separate.,,%@,true,,,apps/apple/iOS/LocalPackages/SitePermissions/Sources/SitePermissions/Resources/en.lproj/Localizable.strings,8,https://github.com/duckduckgo/apple-browsers/blob/4b46aae14c44aa7044649466a6110eb1d31ba2a7/iOS/LocalPackages/SitePermissions/Sources/SitePermissions/Resources/en.lproj/Localizable.strings#L8
iOS,headings,SitePermissions,sitePermissions.dialog.camera.title,,“%@” website wants to access your camera,Website camera permission prompt title. %@ is the website domain; this is separate from iOS camera permission.,,%@,true,,,apps/apple/iOS/LocalPackages/SitePermissions/Sources/SitePermissions/Resources/en.lproj/Localizable.strings,11,https://github.com/duckduckgo/apple-browsers/blob/4b46aae14c44aa7044649466a6110eb1d31ba2a7/iOS/LocalPackages/SitePermissions/Sources/SitePermissions/Resources/en.lproj/Localizable.strings#L11
iOS,headings,SitePermissions,sitePermissions.dialog.location.duckduckgo-serp.title,,“duckduckgo.com” wants to access your location,Title shown when DuckDuckGo search results ask to use location. The missing word 'website' requires copy review.,,,true,,,apps/apple/iOS/LocalPackages/SitePermissions/Sources/SitePermissions/Resources/en.lproj/Localizable.strings,20,https://github.com/duckduckgo/apple-browsers/blob/4b46aae14c44aa7044649466a6110eb1d31ba2a7/iOS/LocalPackages/SitePermissions/Sources/SitePermissions/Resources/en.lproj/Localizable.strings#L20
iOS,headings,SitePermissions,sitePermissions.dialog.location.title,,“%@” website wants to access your location,Website location permission prompt title. %@ is the website domain; this is separate from iOS location permission.,,%@,true,,,apps/apple/iOS/LocalPackages/SitePermissions/Sources/SitePermissions/Resources/en.lproj/Localizable.strings,23,https://github.com/duckduckgo/apple-browsers/blob/4b46aae14c44aa7044649466a6110eb1d31ba2a7/iOS/LocalPackages/SitePermissions/Sources/SitePermissions/Resources/en.lproj/Localizable.strings#L23
iOS,headings,SitePermissions,sitePermissions.dialog.microphone.title,,“%@” website wants to access your microphone,Website microphone permission prompt title. %@ is the website domain; this is separate from iOS microphone permission.,,%@,true,,,apps/apple/iOS/LocalPackages/SitePermissions/Sources/SitePermissions/Resources/en.lproj/Localizable.strings,26,https://github.com/duckduckgo/apple-browsers/blob/4b46aae14c44aa7044649466a6110eb1d31ba2a7/iOS/LocalPackages/SitePermissions/Sources/SitePermissions/Resources/en.lproj/Localizable.strings#L26
iOS,headings,SitePermissions,sitePermissions.management.title,,Permissions for “%@”,Visible and VoiceOver title of the website permission sheet. %@ is the website domain; translators may move it within the sentence.,,%@,true,,,apps/apple/iOS/LocalPackages/SitePermissions/Sources/SitePermissions/Resources/en.lproj/Localizable.strings,80,https://github.com/duckduckgo/apple-browsers/blob/4b46aae14c44aa7044649466a6110eb1d31ba2a7/iOS/LocalPackages/SitePermissions/Sources/SitePermissions/Resources/en.lproj/Localizable.strings#L80
iOS,headings,SitePermissions,sitePermissions.recovery.reminder.camera-and-microphone.title,,DuckDuckGo needs to access your camera and microphone,Title of the reminder shown when both iOS camera and microphone access are blocked. The combined wording requires copy review.,,,true,,,apps/apple/iOS/LocalPackages/SitePermissions/Sources/SitePermissions/Resources/en.lproj/Localizable.strings,86,https://github.com/duckduckgo/apple-browsers/blob/4b46aae14c44aa7044649466a6110eb1d31ba2a7/iOS/LocalPackages/SitePermissions/Sources/SitePermissions/Resources/en.lproj/Localizable.strings#L86
iOS,headings,SitePermissions,sitePermissions.recovery.reminder.camera.title,,DuckDuckGo needs to access your camera,Title of the reminder shown when iOS camera access is blocked.,,,true,,,apps/apple/iOS/LocalPackages/SitePermissions/Sources/SitePermissions/Resources/en.lproj/Localizable.strings,92,https://github.com/duckduckgo/apple-browsers/blob/4b46aae14c44aa7044649466a6110eb1d31ba2a7/iOS/LocalPackages/SitePermissions/Sources/SitePermissions/Resources/en.lproj/Localizable.strings#L92
iOS,headings,SitePermissions,sitePermissions.recovery.reminder.location.title,,DuckDuckGo needs to access your location,Title of the reminder shown when iOS location access is blocked.,,,true,,,apps/apple/iOS/LocalPackages/SitePermissions/Sources/SitePermissions/Resources/en.lproj/Localizable.strings,104,https://github.com/duckduckgo/apple-browsers/blob/4b46aae14c44aa7044649466a6110eb1d31ba2a7/iOS/LocalPackages/SitePermissions/Sources/SitePermissions/Resources/en.lproj/Localizable.strings#L104
iOS,headings,SitePermissions,sitePermissions.recovery.reminder.microphone.title,,DuckDuckGo needs to access your microphone,Title of the reminder shown when iOS microphone access is blocked.,,,true,,,apps/apple/iOS/LocalPackages/SitePermissions/Sources/SitePermissions/Resources/en.lproj/Localizable.strings,110,https://github.com/duckduckgo/apple-browsers/blob/4b46aae14c44aa7044649466a6110eb1d31ba2a7/iOS/LocalPackages/SitePermissions/Sources/SitePermissions/Resources/en.lproj/Localizable.strings#L110
iOS,headings,SitePermissions,sitePermissions.voice-search.reminder.title,,DuckDuckGo needs to access your microphone,Title of the reminder shown when iOS microphone access for Voice Search is blocked.,,,true,,,apps/apple/iOS/LocalPackages/SitePermissions/Sources/SitePermissions/Resources/en.lproj/Localizable.strings,134,https://github.com/duckduckgo/apple-browsers/blob/4b46aae14c44aa7044649466a6110eb1d31ba2a7/iOS/LocalPackages/SitePermissions/Sources/SitePermissions/Resources/en.lproj/Localizable.strings#L134
iOS,headings,SyncUI-iOS,auto.restore.ready.title,,Your previous Sync & Backup session is ready.,Auto-Restore Ready Sheet - Title,,,true,,,apps/apple/iOS/LocalPackages/SyncUI-iOS/Sources/SyncUI-iOS/Resources/en.lproj/Localizable.strings,11,https://github.com/duckduckgo/apple-browsers/blob/4b46aae14c44aa7044649466a6110eb1d31ba2a7/iOS/LocalPackages/SyncUI-iOS/Sources/SyncUI-iOS/Resources/en.lproj/Localizable.strings#L11
iOS,headings,SyncUI-iOS,auto.restore.screen.title,,Restore on App Reinstall,Auto-Restore Screen - Title,,,true,,,apps/apple/iOS/LocalPackages/SyncUI-iOS/Sources/SyncUI-iOS/Resources/en.lproj/Localizable.strings,17,https://github.com/duckduckgo/apple-browsers/blob/4b46aae14c44aa7044649466a6110eb1d31ba2a7/iOS/LocalPackages/SyncUI-iOS/Sources/SyncUI-iOS/Resources/en.lproj/Localizable.strings#L17
iOS,headings,SyncUI-iOS,camera.is.unavailable.title,,Camera is Unavailable,Camera View - Unavailable Title,,,true,,,apps/apple/iOS/LocalPackages/SyncUI-iOS/Sources/SyncUI-iOS/Resources/en.lproj/Localizable.strings,41,https://github.com/duckduckgo/apple-browsers/blob/4b46aae14c44aa7044649466a6110eb1d31ba2a7/iOS/LocalPackages/SyncUI-iOS/Sources/SyncUI-iOS/Resources/en.lproj/Localizable.strings#L41
iOS,headings,SyncUI-iOS,fetch.favicons.onboarding.title,,Download Missing Icons?,Fetch Favicons Onboarding - Title,,,true,,,apps/apple/iOS/LocalPackages/SyncUI-iOS/Sources/SyncUI-iOS/Resources/en.lproj/Localizable.strings,77,https://github.com/duckduckgo/apple-browsers/blob/4b46aae14c44aa7044649466a6110eb1d31ba2a7/iOS/LocalPackages/SyncUI-iOS/Sources/SyncUI-iOS/Resources/en.lproj/Localizable.strings#L77
iOS,headings,SyncUI-iOS,fetch.favicons.option.title,,Auto-Download Icons,Options - Fetch Favicons Title,,,true,,,apps/apple/iOS/LocalPackages/SyncUI-iOS/Sources/SyncUI-iOS/Resources/en.lproj/Localizable.strings,80,https://github.com/duckduckgo/apple-browsers/blob/4b46aae14c44aa7044649466a6110eb1d31ba2a7/iOS/LocalPackages/SyncUI-iOS/Sources/SyncUI-iOS/Resources/en.lproj/Localizable.strings#L80
iOS,headings,SyncUI-iOS,recover.synced.data.sheet.title,,Recover your synced data,Recover Synced Data Sheet - Title,,,true,,,apps/apple/iOS/LocalPackages/SyncUI-iOS/Sources/SyncUI-iOS/Resources/en.lproj/Localizable.strings,101,https://github.com/duckduckgo/apple-browsers/blob/4b46aae14c44aa7044649466a6110eb1d31ba2a7/iOS/LocalPackages/SyncUI-iOS/Sources/SyncUI-iOS/Resources/en.lproj/Localizable.strings#L101
iOS,headings,SyncUI-iOS,recovering.data.title,,Recovering Data,Recovering Data Sheet - Title,,,true,,,apps/apple/iOS/LocalPackages/SyncUI-iOS/Sources/SyncUI-iOS/Resources/en.lproj/Localizable.strings,110,https://github.com/duckduckgo/apple-browsers/blob/4b46aae14c44aa7044649466a6110eb1d31ba2a7/iOS/LocalPackages/SyncUI-iOS/Sources/SyncUI-iOS/Resources/en.lproj/Localizable.strings#L110
iOS,headings,SyncUI-iOS,remove.device.title,,Remove Device?,Remove Device View - Title,,,true,,,apps/apple/iOS/LocalPackages/SyncUI-iOS/Sources/SyncUI-iOS/Resources/en.lproj/Localizable.strings,119,https://github.com/duckduckgo/apple-browsers/blob/4b46aae14c44aa7044649466a6110eb1d31ba2a7/iOS/LocalPackages/SyncUI-iOS/Sources/SyncUI-iOS/Resources/en.lproj/Localizable.strings#L119
iOS,headings,SyncUI-iOS,sync.get.other.devices.card.title,,Get DuckDuckGo on other devices to sync with this one,Title of card with share links for users to download DuckDuckGo on other devices,,,true,,,apps/apple/iOS/LocalPackages/SyncUI-iOS/Sources/SyncUI-iOS/Resources/en.lproj/Localizable.strings,128,https://github.com/duckduckgo/apple-browsers/blob/4b46aae14c44aa7044649466a6110eb1d31ba2a7/iOS/LocalPackages/SyncUI-iOS/Sources/SyncUI-iOS/Resources/en.lproj/Localizable.strings#L128
iOS,headings,SyncUI-iOS,sync.get.other.devices.screen.title,,Get DuckDuckGo,Title of screen with share links for users to download DuckDuckGo on other devices,,,true,,,apps/apple/iOS/LocalPackages/SyncUI-iOS/Sources/SyncUI-iOS/Resources/en.lproj/Localizable.strings,131,https://github.com/duckduckgo/apple-browsers/blob/4b46aae14c44aa7044649466a6110eb1d31ba2a7/iOS/LocalPackages/SyncUI-iOS/Sources/SyncUI-iOS/Resources/en.lproj/Localizable.strings#L131
iOS,headings,SyncUI-iOS,sync.passcode.required.alert.title,,Secure Your Device to Use Sync & Backup,Sync passcode required alert - title,,,true,,,apps/apple/iOS/LocalPackages/SyncUI-iOS/Sources/SyncUI-iOS/Resources/en.lproj/Localizable.strings,143,https://github.com/duckduckgo/apple-browsers/blob/4b46aae14c44aa7044649466a6110eb1d31ba2a7/iOS/LocalPackages/SyncUI-iOS/Sources/SyncUI-iOS/Resources/en.lproj/Localizable.strings#L143
iOS,headings,SyncUI-iOS,sync.settings.recovery.section.header,,Recovery,Sync Settings - Recovery section header,,,true,,,apps/apple/iOS/LocalPackages/SyncUI-iOS/Sources/SyncUI-iOS/Resources/en.lproj/Localizable.strings,146,https://github.com/duckduckgo/apple-browsers/blob/4b46aae14c44aa7044649466a6110eb1d31ba2a7/iOS/LocalPackages/SyncUI-iOS/Sources/SyncUI-iOS/Resources/en.lproj/Localizable.strings#L146
iOS,headings,SyncUI-iOS,sync.simplified.another.device.v2.title,,Sync this device with a nearby computer.,Title on the sync-setup prompt asking whether to sync with another device or just this device,,,true,,,apps/apple/iOS/LocalPackages/SyncUI-iOS/Sources/SyncUI-iOS/Resources/en.lproj/Localizable.strings,152,https://github.com/duckduckgo/apple-browsers/blob/4b46aae14c44aa7044649466a6110eb1d31ba2a7/iOS/LocalPackages/SyncUI-iOS/Sources/SyncUI-iOS/Resources/en.lproj/Localizable.strings#L152
iOS,headings,SyncUI-iOS,sync.simplified.bookmarks.section.header,,Bookmarks,Bookmarks section header in sync settings,,,true,,,apps/apple/iOS/LocalPackages/SyncUI-iOS/Sources/SyncUI-iOS/Resources/en.lproj/Localizable.strings,158,https://github.com/duckduckgo/apple-browsers/blob/4b46aae14c44aa7044649466a6110eb1d31ba2a7/iOS/LocalPackages/SyncUI-iOS/Sources/SyncUI-iOS/Resources/en.lproj/Localizable.strings#L158
iOS,headings,SyncUI-iOS,sync.simplified.connecting.v2.title,,Sync & Backup is end-to-end encrypted on all your devices.,Title shown on the connecting screen while Sync & Backup is being set up on this device,,,true,,,apps/apple/iOS/LocalPackages/SyncUI-iOS/Sources/SyncUI-iOS/Resources/en.lproj/Localizable.strings,164,https://github.com/duckduckgo/apple-browsers/blob/4b46aae14c44aa7044649466a6110eb1d31ba2a7/iOS/LocalPackages/SyncUI-iOS/Sources/SyncUI-iOS/Resources/en.lproj/Localizable.strings#L164
iOS,headings,SyncUI-iOS,sync.simplified.device.added.v2.title,,%@ has been added to Sync & Backup.,Title on the success screen shown after a device joins Sync & Backup. %@ is the name of the current device that was just added.,,%@,true,,,apps/apple/iOS/LocalPackages/SyncUI-iOS/Sources/SyncUI-iOS/Resources/en.lproj/Localizable.strings,179,https://github.com/duckduckgo/apple-browsers/blob/4b46aae14c44aa7044649466a6110eb1d31ba2a7/iOS/LocalPackages/SyncUI-iOS/Sources/SyncUI-iOS/Resources/en.lproj/Localizable.strings#L179
iOS,headings,SyncUI-iOS,sync.simplified.download.section.header,,Download,Section header above the get-desktop-browser option in sync setup,,,true,,,apps/apple/iOS/LocalPackages/SyncUI-iOS/Sources/SyncUI-iOS/Resources/en.lproj/Localizable.strings,185,https://github.com/duckduckgo/apple-browsers/blob/4b46aae14c44aa7044649466a6110eb1d31ba2a7/iOS/LocalPackages/SyncUI-iOS/Sources/SyncUI-iOS/Resources/en.lproj/Localizable.strings#L185
iOS,headings,SyncUI-iOS,sync.simplified.enabled.header.title,,DuckDuckGo is in sync,Sync & Backup screen title shown when Sync is enabled,,,true,,,apps/apple/iOS/LocalPackages/SyncUI-iOS/Sources/SyncUI-iOS/Resources/en.lproj/Localizable.strings,197,https://github.com/duckduckgo/apple-browsers/blob/4b46aae14c44aa7044649466a6110eb1d31ba2a7/iOS/LocalPackages/SyncUI-iOS/Sources/SyncUI-iOS/Resources/en.lproj/Localizable.strings#L197
iOS,headings,SyncUI-iOS,sync.simplified.enter.code.title,,Enter the Sync code.,Title on the enter-code tab of the scan screen,,,true,,,apps/apple/iOS/LocalPackages/SyncUI-iOS/Sources/SyncUI-iOS/Resources/en.lproj/Localizable.strings,212,https://github.com/duckduckgo/apple-browsers/blob/4b46aae14c44aa7044649466a6110eb1d31ba2a7/iOS/LocalPackages/SyncUI-iOS/Sources/SyncUI-iOS/Resources/en.lproj/Localizable.strings#L212
iOS,headings,SyncUI-iOS,sync.simplified.get.our.desktop.browser.title,,Get Our Desktop Browser,Row label to get the DuckDuckGo desktop browser,,,true,,,apps/apple/iOS/LocalPackages/SyncUI-iOS/Sources/SyncUI-iOS/Resources/en.lproj/Localizable.strings,215,https://github.com/duckduckgo/apple-browsers/blob/4b46aae14c44aa7044649466a6110eb1d31ba2a7/iOS/LocalPackages/SyncUI-iOS/Sources/SyncUI-iOS/Resources/en.lproj/Localizable.strings#L215
iOS,headings,SyncUI-iOS,sync.simplified.header.title,,Keep DuckDuckGo in sync,Sync & Backup screen title,,,true,,,apps/apple/iOS/LocalPackages/SyncUI-iOS/Sources/SyncUI-iOS/Resources/en.lproj/Localizable.strings,227,https://github.com/duckduckgo/apple-browsers/blob/4b46aae14c44aa7044649466a6110eb1d31ba2a7/iOS/LocalPackages/SyncUI-iOS/Sources/SyncUI-iOS/Resources/en.lproj/Localizable.strings#L227
iOS,headings,SyncUI-iOS,sync.simplified.my.devices.section.header,,My Devices,My Devices section header shown when Sync & Backup is enabled,,,true,,,apps/apple/iOS/LocalPackages/SyncUI-iOS/Sources/SyncUI-iOS/Resources/en.lproj/Localizable.strings,239,https://github.com/duckduckgo/apple-browsers/blob/4b46aae14c44aa7044649466a6110eb1d31ba2a7/iOS/LocalPackages/SyncUI-iOS/Sources/SyncUI-iOS/Resources/en.lproj/Localizable.strings#L239
iOS,headings,SyncUI-iOS,sync.simplified.recover.synced.data.section.header,,Recover Synced Data,Section header above the recovery-code option in sync setup,,,true,,,apps/apple/iOS/LocalPackages/SyncUI-iOS/Sources/SyncUI-iOS/Resources/en.lproj/Localizable.strings,242,https://github.com/duckduckgo/apple-browsers/blob/4b46aae14c44aa7044649466a6110eb1d31ba2a7/iOS/LocalPackages/SyncUI-iOS/Sources/SyncUI-iOS/Resources/en.lproj/Localizable.strings#L242
iOS,headings,SyncUI-iOS,sync.simplified.recovering.data.v2.title,,Recovering data,Title shown on the connecting screen while a device's synced data is being recovered,,,true,,,apps/apple/iOS/LocalPackages/SyncUI-iOS/Sources/SyncUI-iOS/Resources/en.lproj/Localizable.strings,245,https://github.com/duckduckgo/apple-browsers/blob/4b46aae14c44aa7044649466a6110eb1d31ba2a7/iOS/LocalPackages/SyncUI-iOS/Sources/SyncUI-iOS/Resources/en.lproj/Localizable.strings#L245
iOS,headings,SyncUI-iOS,sync.simplified.recovery.complete.v2.title,,Sync & Backup enabled,Title on the success screen shown after synced data has been recovered on this device,,,true,,,apps/apple/iOS/LocalPackages/SyncUI-iOS/Sources/SyncUI-iOS/Resources/en.lproj/Localizable.strings,254,https://github.com/duckduckgo/apple-browsers/blob/4b46aae14c44aa7044649466a6110eb1d31ba2a7/iOS/LocalPackages/SyncUI-iOS/Sources/SyncUI-iOS/Resources/en.lproj/Localizable.strings#L254
iOS,headings,SyncUI-iOS,sync.simplified.scan-or-view-code.copy-confirmation.title,,Paste the code on your other device,Title of the reminder shown after the user copies the sync code.,,,true,,,apps/apple/iOS/LocalPackages/SyncUI-iOS/Sources/SyncUI-iOS/Resources/en.lproj/Localizable.strings,269,https://github.com/duckduckgo/apple-browsers/blob/4b46aae14c44aa7044649466a6110eb1d31ba2a7/iOS/LocalPackages/SyncUI-iOS/Sources/SyncUI-iOS/Resources/en.lproj/Localizable.strings#L269
iOS,headings,SyncUI-iOS,sync.simplified.scan.v2.qr.heading,,Scan QR code to sync.,Heading overlaid on the camera on the scan-QR tab,,,true,,,apps/apple/iOS/LocalPackages/SyncUI-iOS/Sources/SyncUI-iOS/Resources/en.lproj/Localizable.strings,284,https://github.com/duckduckgo/apple-browsers/blob/4b46aae14c44aa7044649466a6110eb1d31ba2a7/iOS/LocalPackages/SyncUI-iOS/Sources/SyncUI-iOS/Resources/en.lproj/Localizable.strings#L284
iOS,headings,SyncUI-iOS,sync.simplified.sync.code.sheet.title,,Scan or Copy Code,Navigation title of the sheet that shows this device's sync QR code,,,true,,,apps/apple/iOS/LocalPackages/SyncUI-iOS/Sources/SyncUI-iOS/Resources/en.lproj/Localizable.strings,317,https://github.com/duckduckgo/apple-browsers/blob/4b46aae14c44aa7044649466a6110eb1d31ba2a7/iOS/LocalPackages/SyncUI-iOS/Sources/SyncUI-iOS/Resources/en.lproj/Localizable.strings#L317
iOS,headings,SyncUI-iOS,sync.simplified.toggle.title.this.device,,Sync This Device,"Sync & Backup enabled / disabled toggle title, referring to the current device",,,true,,,apps/apple/iOS/LocalPackages/SyncUI-iOS/Sources/SyncUI-iOS/Resources/en.lproj/Localizable.strings,323,https://github.com/duckduckgo/apple-browsers/blob/4b46aae14c44aa7044649466a6110eb1d31ba2a7/iOS/LocalPackages/SyncUI-iOS/Sources/SyncUI-iOS/Resources/en.lproj/Localizable.strings#L323
iOS,headings,SyncUI-iOS,sync.title,,Sync & Backup,Sync & Backup Title,,,true,,,apps/apple/iOS/LocalPackages/SyncUI-iOS/Sources/SyncUI-iOS/Resources/en.lproj/Localizable.strings,329,https://github.com/duckduckgo/apple-browsers/blob/4b46aae14c44aa7044649466a6110eb1d31ba2a7/iOS/LocalPackages/SyncUI-iOS/Sources/SyncUI-iOS/Resources/en.lproj/Localizable.strings#L329
iOS,headings,SyncUI-iOS,unified.favorites.title,,Unify Favorites Across Devices,Options - Unify Favorites Title,,,true,,,apps/apple/iOS/LocalPackages/SyncUI-iOS/Sources/SyncUI-iOS/Resources/en.lproj/Localizable.strings,344,https://github.com/duckduckgo/apple-browsers/blob/4b46aae14c44aa7044649466a6110eb1d31ba2a7/iOS/LocalPackages/SyncUI-iOS/Sources/SyncUI-iOS/Resources/en.lproj/Localizable.strings#L344
iOS,headings,Widgets,lock.screen.widget.aichat.title,,Duck.ai,Title shown to the user when adding the Duck.ai lock screen widget,,,true,,,apps/apple/iOS/Widgets/en.lproj/Localizable.strings,8,https://github.com/duckduckgo/apple-browsers/blob/4b46aae14c44aa7044649466a6110eb1d31ba2a7/iOS/Widgets/en.lproj/Localizable.strings#L8
iOS,headings,Widgets,lock.screen.widget.email.title,,Email Protection,Title shown to the user when adding the Email Protection lock screen widget,,,true,,,apps/apple/iOS/Widgets/en.lproj/Localizable.strings,14,https://github.com/duckduckgo/apple-browsers/blob/4b46aae14c44aa7044649466a6110eb1d31ba2a7/iOS/Widgets/en.lproj/Localizable.strings#L14
iOS,headings,Widgets,lock.screen.widget.favorites.title,,Favorites,Title shown to the user when adding the favorites lock screen widget,,,true,,,apps/apple/iOS/Widgets/en.lproj/Localizable.strings,20,https://github.com/duckduckgo/apple-browsers/blob/4b46aae14c44aa7044649466a6110eb1d31ba2a7/iOS/Widgets/en.lproj/Localizable.strings#L20
iOS,headings,Widgets,lock.screen.widget.fire.title,,Fire Button,Title shown to the user when adding the Fire Button lock screen widget,,,true,,,apps/apple/iOS/Widgets/en.lproj/Localizable.strings,26,https://github.com/duckduckgo/apple-browsers/blob/4b46aae14c44aa7044649466a6110eb1d31ba2a7/iOS/Widgets/en.lproj/Localizable.strings#L26
iOS,headings,Widgets,lock.screen.widget.passwords.title,,Search Passwords,Title shown to the user when adding the Search Passwords lock screen widget,,,true,,,apps/apple/iOS/Widgets/en.lproj/Localizable.strings,32,https://github.com/duckduckgo/apple-browsers/blob/4b46aae14c44aa7044649466a6110eb1d31ba2a7/iOS/Widgets/en.lproj/Localizable.strings#L32
iOS,headings,Widgets,lock.screen.widget.search.title,,Private Search,Title shown to the user when adding the Search lock screen widget,,,true,,,apps/apple/iOS/Widgets/en.lproj/Localizable.strings,38,https://github.com/duckduckgo/apple-browsers/blob/4b46aae14c44aa7044649466a6110eb1d31ba2a7/iOS/Widgets/en.lproj/Localizable.strings#L38
iOS,headings,Widgets,lock.screen.widget.voice.title,,Voice Search,Title shown to the user when adding the Voice Search lock screen widget,,,true,,,apps/apple/iOS/Widgets/en.lproj/Localizable.strings,44,https://github.com/duckduckgo/apple-browsers/blob/4b46aae14c44aa7044649466a6110eb1d31ba2a7/iOS/Widgets/en.lproj/Localizable.strings#L44
iOS,headings,Widgets,lock.screen.widget.voicechat.title,,Duck.ai Voice,Title shown to the user when adding the Duck.ai Voice lock screen widget,,,true,,,apps/apple/iOS/Widgets/en.lproj/Localizable.strings,50,https://github.com/duckduckgo/apple-browsers/blob/4b46aae14c44aa7044649466a6110eb1d31ba2a7/iOS/Widgets/en.lproj/Localizable.strings#L50
iOS,headings,Widgets,vpn.control.widget.off,,VPN is OFF,Title for the control widget when disabled,,,true,,,apps/apple/iOS/Widgets/en.lproj/Localizable.strings,65,https://github.com/duckduckgo/apple-browsers/blob/4b46aae14c44aa7044649466a6110eb1d31ba2a7/iOS/Widgets/en.lproj/Localizable.strings#L65
iOS,headings,Widgets,vpn.control.widget.on,,VPN is ON,Title for the control widget when enabled,,,true,,,apps/apple/iOS/Widgets/en.lproj/Localizable.strings,68,https://github.com/duckduckgo/apple-browsers/blob/4b46aae14c44aa7044649466a6110eb1d31ba2a7/iOS/Widgets/en.lproj/Localizable.strings#L68
iOS,headings,Widgets,widget.gallery.customshortcuts.edit.title,,Configure Shortcuts,Title for editing custom shortcuts,,,true,,,apps/apple/iOS/Widgets/en.lproj/Localizable.strings,86,https://github.com/duckduckgo/apple-browsers/blob/4b46aae14c44aa7044649466a6110eb1d31ba2a7/iOS/Widgets/en.lproj/Localizable.strings#L86
