platform,content_type,module,key,variant,text,developer_comment,context_comment,placeholders,translatable,state,internal_only,source_file,line,source_url
iOS,labels,Core,CFBundleName,,Core,Bundle name,,,true,,,apps/apple/iOS/Core/en.lproj/InfoPlist.strings,2,https://github.com/duckduckgo/apple-browsers/blob/42b742242ce4057dd26a170b05b99f25a62099ad/iOS/Core/en.lproj/InfoPlist.strings#L2
iOS,labels,DuckDuckGo,CFBundleDisplayName,,DuckDuckGo,Bundle display name,,,true,,,apps/apple/iOS/DuckDuckGo/en.lproj/InfoPlist.strings,2,https://github.com/duckduckgo/apple-browsers/blob/42b742242ce4057dd26a170b05b99f25a62099ad/iOS/DuckDuckGo/en.lproj/InfoPlist.strings#L2
iOS,labels,DuckDuckGo,CFBundleName,,DuckDuckGo,Bundle name,,,true,,,apps/apple/iOS/DuckDuckGo/en.lproj/InfoPlist.strings,5,https://github.com/duckduckgo/apple-browsers/blob/42b742242ce4057dd26a170b05b99f25a62099ad/iOS/DuckDuckGo/en.lproj/InfoPlist.strings#L5
iOS,labels,DuckDuckGo,Paste from clipboard,,Paste from clipboard,(No Comment),,,true,,,apps/apple/iOS/DuckDuckGo/en.lproj/InfoPlist.strings,23,https://github.com/duckduckgo/apple-browsers/blob/42b742242ce4057dd26a170b05b99f25a62099ad/iOS/DuckDuckGo/en.lproj/InfoPlist.strings#L23
iOS,labels,DuckDuckGo,Search Passwords,,Search Passwords,(No Comment),,,true,,,apps/apple/iOS/DuckDuckGo/en.lproj/InfoPlist.strings,26,https://github.com/duckduckgo/apple-browsers/blob/42b742242ce4057dd26a170b05b99f25a62099ad/iOS/DuckDuckGo/en.lproj/InfoPlist.strings#L26
iOS,labels,DuckDuckGo,action.title.aiChat.toggleContextualSheet,,Toggle Duck.ai sheet,Accessibility label for the icon half of the iPad Duck.ai chrome chip; tapping toggles the contextual chat sheet for the current page.,,,true,,,apps/apple/iOS/DuckDuckGo/en.lproj/Localizable.strings,65,https://github.com/duckduckgo/apple-browsers/blob/42b742242ce4057dd26a170b05b99f25a62099ad/iOS/DuckDuckGo/en.lproj/Localizable.strings#L65
iOS,labels,DuckDuckGo,action.title.tab.new,,New Tab,New tab menu item opening a new tab,,,true,,,apps/apple/iOS/DuckDuckGo/en.lproj/Localizable.strings,188,https://github.com/duckduckgo/apple-browsers/blob/42b742242ce4057dd26a170b05b99f25a62099ad/iOS/DuckDuckGo/en.lproj/Localizable.strings#L188
iOS,labels,DuckDuckGo,action.title.vpn.free-trial-badge,,Try for Free,Badge on the VPN browsing menu item promoting the Subscription free trial. Displayed uppercased.,,,true,,,apps/apple/iOS/DuckDuckGo/en.lproj/Localizable.strings,194,https://github.com/duckduckgo/apple-browsers/blob/42b742242ce4057dd26a170b05b99f25a62099ad/iOS/DuckDuckGo/en.lproj/Localizable.strings#L194
iOS,labels,DuckDuckGo,address.bar.bottom,,Bottom,Settings label for bottom position for the address bar,,,true,,,apps/apple/iOS/DuckDuckGo/en.lproj/Localizable.strings,203,https://github.com/duckduckgo/apple-browsers/blob/42b742242ce4057dd26a170b05b99f25a62099ad/iOS/DuckDuckGo/en.lproj/Localizable.strings#L203
iOS,labels,DuckDuckGo,address.bar.top,,Top,Settings label for top position for the address bar,,,true,,,apps/apple/iOS/DuckDuckGo/en.lproj/Localizable.strings,206,https://github.com/duckduckgo/apple-browsers/blob/42b742242ce4057dd26a170b05b99f25a62099ad/iOS/DuckDuckGo/en.lproj/Localizable.strings#L206
iOS,labels,DuckDuckGo,aichat.attachment.option.ask.about.page,,Ask About Page,Top-level attachment menu option to attach the current page content to an AI chat message,,,true,,,apps/apple/iOS/DuckDuckGo/en.lproj/Localizable.strings,266,https://github.com/duckduckgo/apple-browsers/blob/42b742242ce4057dd26a170b05b99f25a62099ad/iOS/DuckDuckGo/en.lproj/Localizable.strings#L266
iOS,labels,DuckDuckGo,aichat.attachment.option.attach.file,,Add File,Top-level attachment menu option to add a file to an AI chat message,,,true,,,apps/apple/iOS/DuckDuckGo/en.lproj/Localizable.strings,269,https://github.com/duckduckgo/apple-browsers/blob/42b742242ce4057dd26a170b05b99f25a62099ad/iOS/DuckDuckGo/en.lproj/Localizable.strings#L269
iOS,labels,DuckDuckGo,aichat.attachment.option.attach.photo,,Add Image,Top-level attachment menu option to add an image to an AI chat message,,,true,,,apps/apple/iOS/DuckDuckGo/en.lproj/Localizable.strings,272,https://github.com/duckduckgo/apple-browsers/blob/42b742242ce4057dd26a170b05b99f25a62099ad/iOS/DuckDuckGo/en.lproj/Localizable.strings#L272
iOS,labels,DuckDuckGo,aichat.attachment.option.take.photo,,Take Photo,Top-level attachment menu option to take a photo using the device camera for attaching to an AI chat message,,,true,,,apps/apple/iOS/DuckDuckGo/en.lproj/Localizable.strings,275,https://github.com/duckduckgo/apple-browsers/blob/42b742242ce4057dd26a170b05b99f25a62099ad/iOS/DuckDuckGo/en.lproj/Localizable.strings#L275
iOS,labels,DuckDuckGo,aichat.model-picker.pro-plan-exclusive,,Pro Plan Exclusive,Section header for Pro-only models shown to DuckDuckGo Plus subscribers,,,true,,,apps/apple/iOS/DuckDuckGo/en.lproj/Localizable.strings,395,https://github.com/duckduckgo/apple-browsers/blob/42b742242ce4057dd26a170b05b99f25a62099ad/iOS/DuckDuckGo/en.lproj/Localizable.strings#L395
iOS,labels,DuckDuckGo,aichat.model-picker.subscriber-exclusive,,Subscriber Exclusive,Section header for subscription models shown to users who are not eligible for a free trial,,,true,,,apps/apple/iOS/DuckDuckGo/en.lproj/Localizable.strings,398,https://github.com/duckduckgo/apple-browsers/blob/42b742242ce4057dd26a170b05b99f25a62099ad/iOS/DuckDuckGo/en.lproj/Localizable.strings#L398
iOS,labels,DuckDuckGo,aichat.model-picker.try-free,,Try for Free,Section header for subscription models shown to free users,,,true,,,apps/apple/iOS/DuckDuckGo/en.lproj/Localizable.strings,401,https://github.com/duckduckgo/apple-browsers/blob/42b742242ce4057dd26a170b05b99f25a62099ad/iOS/DuckDuckGo/en.lproj/Localizable.strings#L401
iOS,labels,DuckDuckGo,aiChat.tabSwitcher.card.chip.chat,,Chat,Label of the type chip on the bottom-leading of the Duck.ai tab grid card identifying the chat as a regular text conversation.,,,true,,,apps/apple/iOS/DuckDuckGo/en.lproj/Localizable.strings,431,https://github.com/duckduckgo/apple-browsers/blob/42b742242ce4057dd26a170b05b99f25a62099ad/iOS/DuckDuckGo/en.lproj/Localizable.strings#L431
iOS,labels,DuckDuckGo,aiChat.tabSwitcher.card.chip.transcript,,Transcript,Label of the type chip on the bottom-leading of the Duck.ai tab grid card identifying the chat as the transcript of a finished voice conversation.,,,true,,,apps/apple/iOS/DuckDuckGo/en.lproj/Localizable.strings,434,https://github.com/duckduckgo/apple-browsers/blob/42b742242ce4057dd26a170b05b99f25a62099ad/iOS/DuckDuckGo/en.lproj/Localizable.strings#L434
iOS,labels,DuckDuckGo,aiChat.tabSwitcher.card.chip.voice,,Voice Chat,Label of the type chip on the bottom-leading of the Duck.ai tab grid card identifying the chat as a live voice session.,,,true,,,apps/apple/iOS/DuckDuckGo/en.lproj/Localizable.strings,437,https://github.com/duckduckgo/apple-browsers/blob/42b742242ce4057dd26a170b05b99f25a62099ad/iOS/DuckDuckGo/en.lproj/Localizable.strings#L437
iOS,labels,DuckDuckGo,aiChat.tabSwitcher.card.untitledChat,,New Chat,Title shown on a Duck.ai tab grid card when the chat has no title yet.,,,true,,,apps/apple/iOS/DuckDuckGo/en.lproj/Localizable.strings,440,https://github.com/duckduckgo/apple-browsers/blob/42b742242ce4057dd26a170b05b99f25a62099ad/iOS/DuckDuckGo/en.lproj/Localizable.strings#L440
iOS,labels,DuckDuckGo,aiChat.tabSwitcher.card.voice.listening,,Listening…,Status label at the top of the Duck.ai tab grid card for a tab with a live voice session in progress. A leading microphone glyph is shown next to it in the UI.,,,true,,,apps/apple/iOS/DuckDuckGo/en.lproj/Localizable.strings,443,https://github.com/duckduckgo/apple-browsers/blob/42b742242ce4057dd26a170b05b99f25a62099ad/iOS/DuckDuckGo/en.lproj/Localizable.strings#L443
iOS,labels,DuckDuckGo,aichat.usageWarnings.action.switch,,Switch Model,Button in the Duck.ai input footer warning that moves the user onto the suggested model,,,true,,,apps/apple/iOS/DuckDuckGo/en.lproj/Localizable.strings,476,https://github.com/duckduckgo/apple-browsers/blob/42b742242ce4057dd26a170b05b99f25a62099ad/iOS/DuckDuckGo/en.lproj/Localizable.strings#L476
iOS,labels,DuckDuckGo,autoclear.off,,Off,No comment provided by engineer.,,,true,,,apps/apple/iOS/DuckDuckGo/en.lproj/Localizable.strings,680,https://github.com/duckduckgo/apple-browsers/blob/42b742242ce4057dd26a170b05b99f25a62099ad/iOS/DuckDuckGo/en.lproj/Localizable.strings#L680
iOS,labels,DuckDuckGo,autoclear.on,,On,No comment provided by engineer.,,,true,,,apps/apple/iOS/DuckDuckGo/en.lproj/Localizable.strings,683,https://github.com/duckduckgo/apple-browsers/blob/42b742242ce4057dd26a170b05b99f25a62099ad/iOS/DuckDuckGo/en.lproj/Localizable.strings#L683
iOS,labels,DuckDuckGo,autocomplete.switch.to.tab,,Switch to Tab,Switch to tab hint,,,true,,,apps/apple/iOS/DuckDuckGo/en.lproj/Localizable.strings,689,https://github.com/duckduckgo/apple-browsers/blob/42b742242ce4057dd26a170b05b99f25a62099ad/iOS/DuckDuckGo/en.lproj/Localizable.strings#L689
iOS,labels,DuckDuckGo,autoconsent.disabled,,Disabled,Autoconsent for Cookie Management Setting state,,,true,,,apps/apple/iOS/DuckDuckGo/en.lproj/Localizable.strings,692,https://github.com/duckduckgo/apple-browsers/blob/42b742242ce4057dd26a170b05b99f25a62099ad/iOS/DuckDuckGo/en.lproj/Localizable.strings#L692
iOS,labels,DuckDuckGo,autoconsent.enabled,,Enabled,Autoconsent for Cookie Management Setting state,,,true,,,apps/apple/iOS/DuckDuckGo/en.lproj/Localizable.strings,695,https://github.com/duckduckgo/apple-browsers/blob/42b742242ce4057dd26a170b05b99f25a62099ad/iOS/DuckDuckGo/en.lproj/Localizable.strings#L695
iOS,labels,DuckDuckGo,autofill.creditcard.details.card-name,,Name on card,Card name label for credit card details on autofill,,,true,,,apps/apple/iOS/DuckDuckGo/en.lproj/Localizable.strings,707,https://github.com/duckduckgo/apple-browsers/blob/42b742242ce4057dd26a170b05b99f25a62099ad/iOS/DuckDuckGo/en.lproj/Localizable.strings#L707
iOS,labels,DuckDuckGo,autofill.creditcard.list.auth.reason,,Unlock device to access credit cards,Reason for auth when opening credit card list,,,true,,,apps/apple/iOS/DuckDuckGo/en.lproj/Localizable.strings,776,https://github.com/duckduckgo/apple-browsers/blob/42b742242ce4057dd26a170b05b99f25a62099ad/iOS/DuckDuckGo/en.lproj/Localizable.strings#L776
iOS,labels,DuckDuckGo,autofill.creditcard.list.item.expiry,,Expiry:,Credit card row label for credit card expiry date,,,true,,,apps/apple/iOS/DuckDuckGo/en.lproj/Localizable.strings,779,https://github.com/duckduckgo/apple-browsers/blob/42b742242ce4057dd26a170b05b99f25a62099ad/iOS/DuckDuckGo/en.lproj/Localizable.strings#L779
iOS,labels,DuckDuckGo,autofill.delete.all.passwords.completion,,autofill.delete.all.passwords.completion,Do not translate - stringsdict entry,,,true,,,apps/apple/iOS/DuckDuckGo/en.lproj/Localizable.strings,812,https://github.com/duckduckgo/apple-browsers/blob/42b742242ce4057dd26a170b05b99f25a62099ad/iOS/DuckDuckGo/en.lproj/Localizable.strings#L812
iOS,labels,DuckDuckGo,autofill.extension.status.off,,Turn On,Status text when autofill extension is disabled,,,true,,,apps/apple/iOS/DuckDuckGo/en.lproj/Localizable.strings,863,https://github.com/duckduckgo/apple-browsers/blob/42b742242ce4057dd26a170b05b99f25a62099ad/iOS/DuckDuckGo/en.lproj/Localizable.strings#L863
iOS,labels,DuckDuckGo,autofill.extension.status.on,,On,Status text when autofill extension is enabled,,,true,,,apps/apple/iOS/DuckDuckGo/en.lproj/Localizable.strings,866,https://github.com/duckduckgo/apple-browsers/blob/42b742242ce4057dd26a170b05b99f25a62099ad/iOS/DuckDuckGo/en.lproj/Localizable.strings#L866
iOS,labels,DuckDuckGo,autofill.logins.delete.all.authentication.reason,,Authenticate to confirm you want to delete all passwords,Reason for authentication when deleting all logins,,,true,,,apps/apple/iOS/DuckDuckGo/en.lproj/Localizable.strings,956,https://github.com/duckduckgo/apple-browsers/blob/42b742242ce4057dd26a170b05b99f25a62099ad/iOS/DuckDuckGo/en.lproj/Localizable.strings#L956
iOS,labels,DuckDuckGo,autofill.logins.details.login-name,,Title,Login name label for login details on autofill,,,true,,,apps/apple/iOS/DuckDuckGo/en.lproj/Localizable.strings,989,https://github.com/duckduckgo/apple-browsers/blob/42b742242ce4057dd26a170b05b99f25a62099ad/iOS/DuckDuckGo/en.lproj/Localizable.strings#L989
iOS,labels,DuckDuckGo,autofill.logins.list.auth.reason,,Unlock device to access passwords,Reason for auth when opening login list,,,true,,,apps/apple/iOS/DuckDuckGo/en.lproj/Localizable.strings,1037,https://github.com/duckduckgo/apple-browsers/blob/42b742242ce4057dd26a170b05b99f25a62099ad/iOS/DuckDuckGo/en.lproj/Localizable.strings#L1037
iOS,labels,DuckDuckGo,autofill.logins.prompt.auth.reason,,Unlock device to use saved password,Reason for auth during login prompt,,,true,,,apps/apple/iOS/DuckDuckGo/en.lproj/Localizable.strings,1094,https://github.com/duckduckgo/apple-browsers/blob/42b742242ce4057dd26a170b05b99f25a62099ad/iOS/DuckDuckGo/en.lproj/Localizable.strings#L1094
iOS,labels,DuckDuckGo,autofill.logins.prompt.more-options,,More Options,Button title for autofill login prompt if more options are available,,,true,,,apps/apple/iOS/DuckDuckGo/en.lproj/Localizable.strings,1100,https://github.com/duckduckgo/apple-browsers/blob/42b742242ce4057dd26a170b05b99f25a62099ad/iOS/DuckDuckGo/en.lproj/Localizable.strings#L1100
iOS,labels,DuckDuckGo,autofill.number.of.passwords,,autofill.number.of.passwords,Do not translate - stringsdict entry,,,true,,,apps/apple/iOS/DuckDuckGo/en.lproj/Localizable.strings,1118,https://github.com/duckduckgo/apple-browsers/blob/42b742242ce4057dd26a170b05b99f25a62099ad/iOS/DuckDuckGo/en.lproj/Localizable.strings#L1118
iOS,labels,DuckDuckGo,autofill.private.email.mesage.active,,Active,Mesasage displayed when a private email address is active,,,true,,,apps/apple/iOS/DuckDuckGo/en.lproj/Localizable.strings,1172,https://github.com/duckduckgo/apple-browsers/blob/42b742242ce4057dd26a170b05b99f25a62099ad/iOS/DuckDuckGo/en.lproj/Localizable.strings#L1172
iOS,labels,DuckDuckGo,autofill.private.email.mesage.inactive,,Deactivated,Mesasage displayed when a private email address is inactive,,,true,,,apps/apple/iOS/DuckDuckGo/en.lproj/Localizable.strings,1184,https://github.com/duckduckgo/apple-browsers/blob/42b742242ce4057dd26a170b05b99f25a62099ad/iOS/DuckDuckGo/en.lproj/Localizable.strings#L1184
iOS,labels,DuckDuckGo,autoplay.mode.allowAll,,Allow Audio and Video,Settings option for allowing all media to autoplay,,,true,,,apps/apple/iOS/DuckDuckGo/en.lproj/Localizable.strings,1268,https://github.com/duckduckgo/apple-browsers/blob/42b742242ce4057dd26a170b05b99f25a62099ad/iOS/DuckDuckGo/en.lproj/Localizable.strings#L1268
iOS,labels,DuckDuckGo,autoplay.mode.blockAll,,Block Audio and Video,Settings option for blocking all media autoplay,,,true,,,apps/apple/iOS/DuckDuckGo/en.lproj/Localizable.strings,1271,https://github.com/duckduckgo/apple-browsers/blob/42b742242ce4057dd26a170b05b99f25a62099ad/iOS/DuckDuckGo/en.lproj/Localizable.strings#L1271
iOS,labels,DuckDuckGo,autoplay.mode.blockAudio,,Block Audio,Settings option for blocking audio autoplay while allowing muted video,,,true,,,apps/apple/iOS/DuckDuckGo/en.lproj/Localizable.strings,1274,https://github.com/duckduckgo/apple-browsers/blob/42b742242ce4057dd26a170b05b99f25a62099ad/iOS/DuckDuckGo/en.lproj/Localizable.strings#L1274
iOS,labels,DuckDuckGo,contextual.onboarding.browsing.multiple.trackers,,contextual.onboarding.browsing.multiple.trackers,"First parameter is a count of additional trackers, second and third are names of the tracker networks (strings)",,,true,,,apps/apple/iOS/DuckDuckGo/en.lproj/Localizable.strings,1424,https://github.com/duckduckgo/apple-browsers/blob/42b742242ce4057dd26a170b05b99f25a62099ad/iOS/DuckDuckGo/en.lproj/Localizable.strings#L1424
iOS,labels,DuckDuckGo,contextual.onboarding.browsing.one.tracker,,*%1$@* was trying to track you here. I blocked them!\n\n☝️ Tap the shield for more info.,Parameter is domain name (string),,%1$@,true,,,apps/apple/iOS/DuckDuckGo/en.lproj/Localizable.strings,1427,https://github.com/duckduckgo/apple-browsers/blob/42b742242ce4057dd26a170b05b99f25a62099ad/iOS/DuckDuckGo/en.lproj/Localizable.strings#L1427
iOS,labels,DuckDuckGo,contextual.onboarding.highlights.try-search.surprise-me,,baby ducklings,Browser Search query for baby ducklings,,,true,,,apps/apple/iOS/DuckDuckGo/en.lproj/Localizable.strings,1448,https://github.com/duckduckgo/apple-browsers/blob/42b742242ce4057dd26a170b05b99f25a62099ad/iOS/DuckDuckGo/en.lproj/Localizable.strings#L1448
iOS,labels,DuckDuckGo,contextual.onboarding.try-search.option1-English,,how to say “duck” in spanish,Browser Search query for how to say duck in english,,,true,,,apps/apple/iOS/DuckDuckGo/en.lproj/Localizable.strings,1466,https://github.com/duckduckgo/apple-browsers/blob/42b742242ce4057dd26a170b05b99f25a62099ad/iOS/DuckDuckGo/en.lproj/Localizable.strings#L1466
iOS,labels,DuckDuckGo,contextual.onboarding.try-search.option1international,,how to say “duck” in english,Browser Search query for how to say duck in english,,,true,,,apps/apple/iOS/DuckDuckGo/en.lproj/Localizable.strings,1469,https://github.com/duckduckgo/apple-browsers/blob/42b742242ce4057dd26a170b05b99f25a62099ad/iOS/DuckDuckGo/en.lproj/Localizable.strings#L1469
iOS,labels,DuckDuckGo,contextual.onboarding.try-search.option2-english,,mighty ducks cast,Search query for the cast of Mighty Ducks,,,true,,,apps/apple/iOS/DuckDuckGo/en.lproj/Localizable.strings,1472,https://github.com/duckduckgo/apple-browsers/blob/42b742242ce4057dd26a170b05b99f25a62099ad/iOS/DuckDuckGo/en.lproj/Localizable.strings#L1472
iOS,labels,DuckDuckGo,contextual.onboarding.try-search.option2-international,,cast of avatar,Search query for the cast of Avatar,,,true,,,apps/apple/iOS/DuckDuckGo/en.lproj/Localizable.strings,1475,https://github.com/duckduckgo/apple-browsers/blob/42b742242ce4057dd26a170b05b99f25a62099ad/iOS/DuckDuckGo/en.lproj/Localizable.strings#L1475
iOS,labels,DuckDuckGo,cookie-popup-protection.opt-in.badge,,New,Small 'NEW' badge shown above the Cookie Pop-up Protection opt-in dialog header,,,true,,,apps/apple/iOS/DuckDuckGo/en.lproj/Localizable.strings,1496,https://github.com/duckduckgo/apple-browsers/blob/42b742242ce4057dd26a170b05b99f25a62099ad/iOS/DuckDuckGo/en.lproj/Localizable.strings#L1496
iOS,labels,DuckDuckGo,cookie-popup-protection.opt-in.disabled.primary-option,,Reject when possible or accept for me,Primary (recommended) option when cookie pop-up protection is off,,,true,,,apps/apple/iOS/DuckDuckGo/en.lproj/Localizable.strings,1505,https://github.com/duckduckgo/apple-browsers/blob/42b742242ce4057dd26a170b05b99f25a62099ad/iOS/DuckDuckGo/en.lproj/Localizable.strings#L1505
iOS,labels,DuckDuckGo,cookie-popup-protection.opt-in.disabled.secondary-option,,I'll keep handling them myself,Secondary option when cookie pop-up protection is off,,,true,,,apps/apple/iOS/DuckDuckGo/en.lproj/Localizable.strings,1508,https://github.com/duckduckgo/apple-browsers/blob/42b742242ce4057dd26a170b05b99f25a62099ad/iOS/DuckDuckGo/en.lproj/Localizable.strings#L1508
iOS,labels,DuckDuckGo,cookie-popup-protection.opt-in.enabled.primary-option,,Accept cookies that can't be rejected,Primary (recommended) option when cookie pop-up protection is already enabled,,,true,,,apps/apple/iOS/DuckDuckGo/en.lproj/Localizable.strings,1517,https://github.com/duckduckgo/apple-browsers/blob/42b742242ce4057dd26a170b05b99f25a62099ad/iOS/DuckDuckGo/en.lproj/Localizable.strings#L1517
iOS,labels,DuckDuckGo,cookie-popup-protection.opt-in.enabled.secondary-option,,I'll keep accepting them myself,Secondary option when cookie pop-up protection is already enabled,,,true,,,apps/apple/iOS/DuckDuckGo/en.lproj/Localizable.strings,1520,https://github.com/duckduckgo/apple-browsers/blob/42b742242ce4057dd26a170b05b99f25a62099ad/iOS/DuckDuckGo/en.lproj/Localizable.strings#L1520
iOS,labels,DuckDuckGo,data.import.detail.upload-file-row,,Upload Exported File...,Row label on import detail screens that opens a file picker to upload an exported password file,,,true,,,apps/apple/iOS/DuckDuckGo/en.lproj/Localizable.strings,1601,https://github.com/duckduckgo/apple-browsers/blob/42b742242ce4057dd26a170b05b99f25a62099ad/iOS/DuckDuckGo/en.lproj/Localizable.strings#L1601
iOS,labels,DuckDuckGo,data.import.file-type.csv,,CSV,File type for CSV files,,,true,,,apps/apple/iOS/DuckDuckGo/en.lproj/Localizable.strings,1634,https://github.com/duckduckgo/apple-browsers/blob/42b742242ce4057dd26a170b05b99f25a62099ad/iOS/DuckDuckGo/en.lproj/Localizable.strings#L1634
iOS,labels,DuckDuckGo,data.import.file-type.html,,HTML,File type for HTML files,,,true,,,apps/apple/iOS/DuckDuckGo/en.lproj/Localizable.strings,1637,https://github.com/duckduckgo/apple-browsers/blob/42b742242ce4057dd26a170b05b99f25a62099ad/iOS/DuckDuckGo/en.lproj/Localizable.strings#L1637
iOS,labels,DuckDuckGo,data.import.file-type.zip,,ZIP,File type for ZIP files,,,true,,,apps/apple/iOS/DuckDuckGo/en.lproj/Localizable.strings,1640,https://github.com/duckduckgo/apple-browsers/blob/42b742242ce4057dd26a170b05b99f25a62099ad/iOS/DuckDuckGo/en.lproj/Localizable.strings#L1640
iOS,labels,DuckDuckGo,data.import.source.chrome,,Chrome,Row title for importing passwords from Chrome,,,true,,,apps/apple/iOS/DuckDuckGo/en.lproj/Localizable.strings,1691,https://github.com/duckduckgo/apple-browsers/blob/42b742242ce4057dd26a170b05b99f25a62099ad/iOS/DuckDuckGo/en.lproj/Localizable.strings#L1691
iOS,labels,DuckDuckGo,data.import.source.passwords-app,,Passwords App,Row title for importing from the Apple Passwords app,,,true,,,apps/apple/iOS/DuckDuckGo/en.lproj/Localizable.strings,1694,https://github.com/duckduckgo/apple-browsers/blob/42b742242ce4057dd26a170b05b99f25a62099ad/iOS/DuckDuckGo/en.lproj/Localizable.strings#L1694
iOS,labels,DuckDuckGo,data.import.source.safari,,Safari,Row title for importing passwords from Safari,,,true,,,apps/apple/iOS/DuckDuckGo/en.lproj/Localizable.strings,1697,https://github.com/duckduckgo/apple-browsers/blob/42b742242ce4057dd26a170b05b99f25a62099ad/iOS/DuckDuckGo/en.lproj/Localizable.strings#L1697
iOS,labels,DuckDuckGo,data.import.source.sync-duckduckgo,,DuckDuckGo on Another Device,Row title for syncing passwords from DuckDuckGo on another device,,,true,,,apps/apple/iOS/DuckDuckGo/en.lproj/Localizable.strings,1706,https://github.com/duckduckgo/apple-browsers/blob/42b742242ce4057dd26a170b05b99f25a62099ad/iOS/DuckDuckGo/en.lproj/Localizable.strings#L1706
iOS,labels,DuckDuckGo,dax.easter.egg.switch.to.this.logo,,Switch to This Logo,Button to switch to the displayed easter egg logo,,,true,,,apps/apple/iOS/DuckDuckGo/en.lproj/Localizable.strings,1778,https://github.com/duckduckgo/apple-browsers/blob/42b742242ce4057dd26a170b05b99f25a62099ad/iOS/DuckDuckGo/en.lproj/Localizable.strings#L1778
iOS,labels,DuckDuckGo,dax.onboarding.browsing.site.is.major.tracker,,"Heads up! I can’t stop %1$@ from seeing your activity on %2$@.\n\nBut browse with me, and I can reduce what %1$@ knows about you overall by blocking their trackers on lots of other sites.","First paramter is a string - network name, 2nd parameter is a string - domain name",,%1$@ %2$@ %1$@,true,,,apps/apple/iOS/DuckDuckGo/en.lproj/Localizable.strings,1781,https://github.com/duckduckgo/apple-browsers/blob/42b742242ce4057dd26a170b05b99f25a62099ad/iOS/DuckDuckGo/en.lproj/Localizable.strings#L1781
iOS,labels,DuckDuckGo,device.type.default,,device,Default string used if users device is not iPhone or iPad,,,true,,,apps/apple/iOS/DuckDuckGo/en.lproj/Localizable.strings,1796,https://github.com/duckduckgo/apple-browsers/blob/42b742242ce4057dd26a170b05b99f25a62099ad/iOS/DuckDuckGo/en.lproj/Localizable.strings#L1796
iOS,labels,DuckDuckGo,device.type.iphone,,iPhone,Device type is iPhone,,,true,,,apps/apple/iOS/DuckDuckGo/en.lproj/Localizable.strings,1799,https://github.com/duckduckgo/apple-browsers/blob/42b742242ce4057dd26a170b05b99f25a62099ad/iOS/DuckDuckGo/en.lproj/Localizable.strings#L1799
iOS,labels,DuckDuckGo,device.type.pad,,iPad,Device type is iPad,,,true,,,apps/apple/iOS/DuckDuckGo/en.lproj/Localizable.strings,1802,https://github.com/duckduckgo/apple-browsers/blob/42b742242ce4057dd26a170b05b99f25a62099ad/iOS/DuckDuckGo/en.lproj/Localizable.strings#L1802
iOS,labels,DuckDuckGo,donotsell.disabled,,Disabled,GPC Setting state,,,true,,,apps/apple/iOS/DuckDuckGo/en.lproj/Localizable.strings,1805,https://github.com/duckduckgo/apple-browsers/blob/42b742242ce4057dd26a170b05b99f25a62099ad/iOS/DuckDuckGo/en.lproj/Localizable.strings#L1805
iOS,labels,DuckDuckGo,donotsell.enabled,,Enabled,GPC Setting state,,,true,,,apps/apple/iOS/DuckDuckGo/en.lproj/Localizable.strings,1811,https://github.com/duckduckgo/apple-browsers/blob/42b742242ce4057dd26a170b05b99f25a62099ad/iOS/DuckDuckGo/en.lproj/Localizable.strings#L1811
iOS,labels,DuckDuckGo,downloads.downloads-list.empty,,No files downloaded yet,Empty downloads list placholder,,,true,,,apps/apple/iOS/DuckDuckGo/en.lproj/Localizable.strings,1838,https://github.com/duckduckgo/apple-browsers/blob/42b742242ce4057dd26a170b05b99f25a62099ad/iOS/DuckDuckGo/en.lproj/Localizable.strings#L1838
iOS,labels,DuckDuckGo,downloads.downloads-list.row.downloading,,Downloading - %1$@ of %2$@,Label displaying file download progress. Both parameters are formatted data size measurements e.g. 5MB. First parameter is data size currently downloaded. Second parameter is total expected data size of the file.,,%1$@ %2$@,true,,,apps/apple/iOS/DuckDuckGo/en.lproj/Localizable.strings,1841,https://github.com/duckduckgo/apple-browsers/blob/42b742242ce4057dd26a170b05b99f25a62099ad/iOS/DuckDuckGo/en.lproj/Localizable.strings#L1841
iOS,labels,DuckDuckGo,downloads.downloads-list.row.downloadingUnknownTotalSize,,Downloading - %@,Label displaying file download progress. The parameter is formatted data size measurements currently downloaded e.g. 5MB.,,%@,true,,,apps/apple/iOS/DuckDuckGo/en.lproj/Localizable.strings,1844,https://github.com/duckduckgo/apple-browsers/blob/42b742242ce4057dd26a170b05b99f25a62099ad/iOS/DuckDuckGo/en.lproj/Localizable.strings#L1844
iOS,labels,DuckDuckGo,duckai.contextual.open.duckai,,Open Duck.ai,Row in the contextual chat's chats popup that opens Duck.ai in a new tab,,,true,,,apps/apple/iOS/DuckDuckGo/en.lproj/Localizable.strings,1892,https://github.com/duckduckgo/apple-browsers/blob/42b742242ce4057dd26a170b05b99f25a62099ad/iOS/DuckDuckGo/en.lproj/Localizable.strings#L1892
iOS,labels,DuckDuckGo,duckai.settings.add.control-center.widget,,Add Duck.ai to Control Center,AI Chat settings row for adding Duck.ai to Control Center,,,true,,,apps/apple/iOS/DuckDuckGo/en.lproj/Localizable.strings,1931,https://github.com/duckduckgo/apple-browsers/blob/42b742242ce4057dd26a170b05b99f25a62099ad/iOS/DuckDuckGo/en.lproj/Localizable.strings#L1931
iOS,labels,DuckDuckGo,duckai.settings.add.widget,,Add Duck.ai Widget to Home Screen,AI Chat settings row for adding the Duck.ai widget to home screen,,,true,,,apps/apple/iOS/DuckDuckGo/en.lproj/Localizable.strings,1934,https://github.com/duckduckgo/apple-browsers/blob/42b742242ce4057dd26a170b05b99f25a62099ad/iOS/DuckDuckGo/en.lproj/Localizable.strings#L1934
iOS,labels,DuckDuckGo,duckai.settings.allowFollowUpQuestions.toggle,,Ask Follow-Up Questions,Toggle text to enable/disable Duck.ai to ask follow-up questions,,,true,,,apps/apple/iOS/DuckDuckGo/en.lproj/Localizable.strings,1943,https://github.com/duckduckgo/apple-browsers/blob/42b742242ce4057dd26a170b05b99f25a62099ad/iOS/DuckDuckGo/en.lproj/Localizable.strings#L1943
iOS,labels,DuckDuckGo,duckai.settings.control.with.siri,,Talk with Duck.ai via Siri,AI Chat settings row for learning how to talk with Duck.ai via Siri,,,true,,,apps/apple/iOS/DuckDuckGo/en.lproj/Localizable.strings,1949,https://github.com/duckduckgo/apple-browsers/blob/42b742242ce4057dd26a170b05b99f25a62099ad/iOS/DuckDuckGo/en.lproj/Localizable.strings#L1949
iOS,labels,DuckDuckGo,duckai.settings.enable.address-bar-toggle,,Address Bar,Toggle text to enable/disable Duck.ai in the address bar,,,true,,,apps/apple/iOS/DuckDuckGo/en.lproj/Localizable.strings,1952,https://github.com/duckduckgo/apple-browsers/blob/42b742242ce4057dd26a170b05b99f25a62099ad/iOS/DuckDuckGo/en.lproj/Localizable.strings#L1952
iOS,labels,DuckDuckGo,duckai.settings.enable.tab-bar-toggle,,Tab Bar,Toggle text to enable/disable Duck.ai shortcut in the iPad browser chrome (tabs bar),,,true,,,apps/apple/iOS/DuckDuckGo/en.lproj/Localizable.strings,1961,https://github.com/duckduckgo/apple-browsers/blob/42b742242ce4057dd26a170b05b99f25a62099ad/iOS/DuckDuckGo/en.lproj/Localizable.strings#L1961
iOS,labels,DuckDuckGo,duckai.settings.enable.tab-switcher-toggle,,Tab Manager Screen,Toggle text to enable/disable Duck.ai in tab manager,,,true,,,apps/apple/iOS/DuckDuckGo/en.lproj/Localizable.strings,1964,https://github.com/duckduckgo/apple-browsers/blob/42b742242ce4057dd26a170b05b99f25a62099ad/iOS/DuckDuckGo/en.lproj/Localizable.strings#L1964
iOS,labels,DuckDuckGo,duckai.settings.enable.voice-search-toggle,,Voice Search,Toggle text to enable/disable Duck.ai in voice search,,,true,,,apps/apple/iOS/DuckDuckGo/en.lproj/Localizable.strings,1967,https://github.com/duckduckgo/apple-browsers/blob/42b742242ce4057dd26a170b05b99f25a62099ad/iOS/DuckDuckGo/en.lproj/Localizable.strings#L1967
iOS,labels,DuckDuckGo,duckai.suggestion.cast-crew.label,,Cast & Crew,Suggested prompt chip: cast and crew,,,true,,,apps/apple/iOS/DuckDuckGo/en.lproj/Localizable.strings,1994,https://github.com/duckduckgo/apple-browsers/blob/42b742242ce4057dd26a170b05b99f25a62099ad/iOS/DuckDuckGo/en.lproj/Localizable.strings#L1994
iOS,labels,DuckDuckGo,duckai.suggestion.counterarguments.label,,What are the counterarguments?,Suggested prompt chip: counterarguments,,,true,,,apps/apple/iOS/DuckDuckGo/en.lproj/Localizable.strings,2000,https://github.com/duckduckgo/apple-browsers/blob/42b742242ce4057dd26a170b05b99f25a62099ad/iOS/DuckDuckGo/en.lproj/Localizable.strings#L2000
iOS,labels,DuckDuckGo,duckai.suggestion.course-learn.label,,What will I learn?,Suggested prompt chip: course learning outcomes,,,true,,,apps/apple/iOS/DuckDuckGo/en.lproj/Localizable.strings,2006,https://github.com/duckduckgo/apple-browsers/blob/42b742242ce4057dd26a170b05b99f25a62099ad/iOS/DuckDuckGo/en.lproj/Localizable.strings#L2006
iOS,labels,DuckDuckGo,duckai.suggestion.course-worth.label,,Is it worth taking?,Suggested prompt chip: is a course worth taking,,,true,,,apps/apple/iOS/DuckDuckGo/en.lproj/Localizable.strings,2012,https://github.com/duckduckgo/apple-browsers/blob/42b742242ce4057dd26a170b05b99f25a62099ad/iOS/DuckDuckGo/en.lproj/Localizable.strings#L2012
iOS,labels,DuckDuckGo,duckai.suggestion.cover-letter.label,,Draft a cover letter,Suggested prompt chip: draft a cover letter,,,true,,,apps/apple/iOS/DuckDuckGo/en.lproj/Localizable.strings,2018,https://github.com/duckduckgo/apple-browsers/blob/42b742242ce4057dd26a170b05b99f25a62099ad/iOS/DuckDuckGo/en.lproj/Localizable.strings#L2018
iOS,labels,DuckDuckGo,duckai.suggestion.event-details.label,,What are the key details?,Suggested prompt chip: event details,,,true,,,apps/apple/iOS/DuckDuckGo/en.lproj/Localizable.strings,2024,https://github.com/duckduckgo/apple-browsers/blob/42b742242ce4057dd26a170b05b99f25a62099ad/iOS/DuckDuckGo/en.lproj/Localizable.strings#L2024
iOS,labels,DuckDuckGo,duckai.suggestion.explain-answer.label,,Explain the top answer,Suggested prompt chip: explain the top answer,,,true,,,apps/apple/iOS/DuckDuckGo/en.lproj/Localizable.strings,2030,https://github.com/duckduckgo/apple-browsers/blob/42b742242ce4057dd26a170b05b99f25a62099ad/iOS/DuckDuckGo/en.lproj/Localizable.strings#L2030
iOS,labels,DuckDuckGo,duckai.suggestion.explain-paper.label,,Explain this paper,Suggested prompt chip: explain a research paper,,,true,,,apps/apple/iOS/DuckDuckGo/en.lproj/Localizable.strings,2036,https://github.com/duckduckgo/apple-browsers/blob/42b742242ce4057dd26a170b05b99f25a62099ad/iOS/DuckDuckGo/en.lproj/Localizable.strings#L2036
iOS,labels,DuckDuckGo,duckai.suggestion.explain-repo.label,,Explain this repo,Suggested prompt chip: explain a code repository,,,true,,,apps/apple/iOS/DuckDuckGo/en.lproj/Localizable.strings,2042,https://github.com/duckduckgo/apple-browsers/blob/42b742242ce4057dd26a170b05b99f25a62099ad/iOS/DuckDuckGo/en.lproj/Localizable.strings#L2042
iOS,labels,DuckDuckGo,duckai.suggestion.explain-simply.label,,Explain this simply,Suggested prompt chip: explain the content simply,,,true,,,apps/apple/iOS/DuckDuckGo/en.lproj/Localizable.strings,2048,https://github.com/duckduckgo/apple-browsers/blob/42b742242ce4057dd26a170b05b99f25a62099ad/iOS/DuckDuckGo/en.lproj/Localizable.strings#L2048
iOS,labels,DuckDuckGo,duckai.suggestion.faq-answer.label,,What does this answer?,Suggested prompt chip: what an FAQ page answers,,,true,,,apps/apple/iOS/DuckDuckGo/en.lproj/Localizable.strings,2054,https://github.com/duckduckgo/apple-browsers/blob/42b742242ce4057dd26a170b05b99f25a62099ad/iOS/DuckDuckGo/en.lproj/Localizable.strings#L2054
iOS,labels,DuckDuckGo,duckai.suggestion.faq-summary.label,,Summarize the Q&As,Suggested prompt chip: summarize FAQ Q&As,,,true,,,apps/apple/iOS/DuckDuckGo/en.lproj/Localizable.strings,2060,https://github.com/duckduckgo/apple-browsers/blob/42b742242ce4057dd26a170b05b99f25a62099ad/iOS/DuckDuckGo/en.lproj/Localizable.strings#L2060
iOS,labels,DuckDuckGo,duckai.suggestion.find-alternatives.label,,Find me alternatives,Suggested prompt chip: product alternatives,,,true,,,apps/apple/iOS/DuckDuckGo/en.lproj/Localizable.strings,2066,https://github.com/duckduckgo/apple-browsers/blob/42b742242ce4057dd26a170b05b99f25a62099ad/iOS/DuckDuckGo/en.lproj/Localizable.strings#L2066
iOS,labels,DuckDuckGo,duckai.suggestion.howto-materials.label,,What will I need?,Suggested prompt chip: how-to materials,,,true,,,apps/apple/iOS/DuckDuckGo/en.lproj/Localizable.strings,2072,https://github.com/duckduckgo/apple-browsers/blob/42b742242ce4057dd26a170b05b99f25a62099ad/iOS/DuckDuckGo/en.lproj/Localizable.strings#L2072
iOS,labels,DuckDuckGo,duckai.suggestion.howto-steps.label,,Walk me through the steps,Suggested prompt chip: how-to steps,,,true,,,apps/apple/iOS/DuckDuckGo/en.lproj/Localizable.strings,2078,https://github.com/duckduckgo/apple-browsers/blob/42b742242ce4057dd26a170b05b99f25a62099ad/iOS/DuckDuckGo/en.lproj/Localizable.strings#L2078
iOS,labels,DuckDuckGo,duckai.suggestion.interview-prep.label,,Help me prep for the interview,Suggested prompt chip: interview prep,,,true,,,apps/apple/iOS/DuckDuckGo/en.lproj/Localizable.strings,2084,https://github.com/duckduckgo/apple-browsers/blob/42b742242ce4057dd26a170b05b99f25a62099ad/iOS/DuckDuckGo/en.lproj/Localizable.strings#L2084
iOS,labels,DuckDuckGo,duckai.suggestion.key-takeaways.label,,What are the key takeaways?,Suggested prompt chip: key takeaways of an article,,,true,,,apps/apple/iOS/DuckDuckGo/en.lproj/Localizable.strings,2090,https://github.com/duckduckgo/apple-browsers/blob/42b742242ce4057dd26a170b05b99f25a62099ad/iOS/DuckDuckGo/en.lproj/Localizable.strings#L2090
iOS,labels,DuckDuckGo,duckai.suggestion.paper-contributions.label,,What are the key contributions?,Suggested prompt chip: paper contributions,,,true,,,apps/apple/iOS/DuckDuckGo/en.lproj/Localizable.strings,2102,https://github.com/duckduckgo/apple-browsers/blob/42b742242ce4057dd26a170b05b99f25a62099ad/iOS/DuckDuckGo/en.lproj/Localizable.strings#L2102
iOS,labels,DuckDuckGo,duckai.suggestion.person-background.label,,Summarize their background,Suggested prompt chip: summarize a person's background,,,true,,,apps/apple/iOS/DuckDuckGo/en.lproj/Localizable.strings,2108,https://github.com/duckduckgo/apple-browsers/blob/42b742242ce4057dd26a170b05b99f25a62099ad/iOS/DuckDuckGo/en.lproj/Localizable.strings#L2108
iOS,labels,DuckDuckGo,duckai.suggestion.place-hours.label,,What are the hours & location?,Suggested prompt chip: place hours and location,,,true,,,apps/apple/iOS/DuckDuckGo/en.lproj/Localizable.strings,2114,https://github.com/duckduckgo/apple-browsers/blob/42b742242ce4057dd26a170b05b99f25a62099ad/iOS/DuckDuckGo/en.lproj/Localizable.strings#L2114
iOS,labels,DuckDuckGo,duckai.suggestion.place-reviews.label,,Is this place any good?,Suggested prompt chip: place reputation,,,true,,,apps/apple/iOS/DuckDuckGo/en.lproj/Localizable.strings,2120,https://github.com/duckduckgo/apple-browsers/blob/42b742242ce4057dd26a170b05b99f25a62099ad/iOS/DuckDuckGo/en.lproj/Localizable.strings#L2120
iOS,labels,DuckDuckGo,duckai.suggestion.product-pros-cons.label,,What are the pros and cons?,Suggested prompt chip: product pros and cons,,,true,,,apps/apple/iOS/DuckDuckGo/en.lproj/Localizable.strings,2126,https://github.com/duckduckgo/apple-browsers/blob/42b742242ce4057dd26a170b05b99f25a62099ad/iOS/DuckDuckGo/en.lproj/Localizable.strings#L2126
iOS,labels,DuckDuckGo,duckai.suggestion.recipe-nutrition.label,,Estimate the nutrition,Suggested prompt chip: recipe nutrition,,,true,,,apps/apple/iOS/DuckDuckGo/en.lproj/Localizable.strings,2132,https://github.com/duckduckgo/apple-browsers/blob/42b742242ce4057dd26a170b05b99f25a62099ad/iOS/DuckDuckGo/en.lproj/Localizable.strings#L2132
iOS,labels,DuckDuckGo,duckai.suggestion.related-articles.label,,Suggest related articles to explore,Suggested prompt chip: related articles,,,true,,,apps/apple/iOS/DuckDuckGo/en.lproj/Localizable.strings,2138,https://github.com/duckduckgo/apple-browsers/blob/42b742242ce4057dd26a170b05b99f25a62099ad/iOS/DuckDuckGo/en.lproj/Localizable.strings#L2138
iOS,labels,DuckDuckGo,duckai.suggestion.review-summary.label,,Sum up the reviews,Suggested prompt chip: summarize reviews,,,true,,,apps/apple/iOS/DuckDuckGo/en.lproj/Localizable.strings,2144,https://github.com/duckduckgo/apple-browsers/blob/42b742242ce4057dd26a170b05b99f25a62099ad/iOS/DuckDuckGo/en.lproj/Localizable.strings#L2144
iOS,labels,DuckDuckGo,duckai.suggestion.review-verdict.label,,What's the verdict?,Suggested prompt chip: review verdict,,,true,,,apps/apple/iOS/DuckDuckGo/en.lproj/Localizable.strings,2150,https://github.com/duckduckgo/apple-browsers/blob/42b742242ce4057dd26a170b05b99f25a62099ad/iOS/DuckDuckGo/en.lproj/Localizable.strings#L2150
iOS,labels,DuckDuckGo,duckai.suggestion.scale-recipe.label,,Adjust the servings,Suggested prompt chip: scale a recipe,,,true,,,apps/apple/iOS/DuckDuckGo/en.lproj/Localizable.strings,2156,https://github.com/duckduckgo/apple-browsers/blob/42b742242ce4057dd26a170b05b99f25a62099ad/iOS/DuckDuckGo/en.lproj/Localizable.strings#L2156
iOS,labels,DuckDuckGo,duckai.suggestion.shopping-list.label,,Generate a shopping list,Suggested prompt chip: shopping list from a recipe,,,true,,,apps/apple/iOS/DuckDuckGo/en.lproj/Localizable.strings,2162,https://github.com/duckduckgo/apple-browsers/blob/42b742242ce4057dd26a170b05b99f25a62099ad/iOS/DuckDuckGo/en.lproj/Localizable.strings#L2162
iOS,labels,DuckDuckGo,duckai.suggestion.similar-books.label,,Recommend similar books,Suggested prompt chip: similar books,,,true,,,apps/apple/iOS/DuckDuckGo/en.lproj/Localizable.strings,2168,https://github.com/duckduckgo/apple-browsers/blob/42b742242ce4057dd26a170b05b99f25a62099ad/iOS/DuckDuckGo/en.lproj/Localizable.strings#L2168
iOS,labels,DuckDuckGo,duckai.suggestion.similar-titles.label,,Recommend similar titles,Suggested prompt chip: similar movies or shows,,,true,,,apps/apple/iOS/DuckDuckGo/en.lproj/Localizable.strings,2174,https://github.com/duckduckgo/apple-browsers/blob/42b742242ce4057dd26a170b05b99f25a62099ad/iOS/DuckDuckGo/en.lproj/Localizable.strings#L2174
iOS,labels,DuckDuckGo,duckai.suggestion.summarize-book.label,,Summarize this book,Suggested prompt chip: summarize a book,,,true,,,apps/apple/iOS/DuckDuckGo/en.lproj/Localizable.strings,2180,https://github.com/duckduckgo/apple-browsers/blob/42b742242ce4057dd26a170b05b99f25a62099ad/iOS/DuckDuckGo/en.lproj/Localizable.strings#L2180
iOS,labels,DuckDuckGo,duckai.suggestion.summarize-document.label,,Summarize this document,Suggested prompt chip shown when the attached page is a document such as a PDF: summarize that document,,,true,,,apps/apple/iOS/DuckDuckGo/en.lproj/Localizable.strings,2186,https://github.com/duckduckgo/apple-browsers/blob/42b742242ce4057dd26a170b05b99f25a62099ad/iOS/DuckDuckGo/en.lproj/Localizable.strings#L2186
iOS,labels,DuckDuckGo,duckai.suggestion.summarize-page.label,,Summarize this page,Suggested prompt chip: summarize the current page,,,true,,,apps/apple/iOS/DuckDuckGo/en.lproj/Localizable.strings,2192,https://github.com/duckduckgo/apple-browsers/blob/42b742242ce4057dd26a170b05b99f25a62099ad/iOS/DuckDuckGo/en.lproj/Localizable.strings#L2192
iOS,labels,DuckDuckGo,duckai.suggestion.summarize-selection.label,,Summarize this selection,Suggested prompt chip shown when the user has attached a text selection: summarize that selection,,,true,,,apps/apple/iOS/DuckDuckGo/en.lproj/Localizable.strings,2198,https://github.com/duckduckgo/apple-browsers/blob/42b742242ce4057dd26a170b05b99f25a62099ad/iOS/DuckDuckGo/en.lproj/Localizable.strings#L2198
iOS,labels,DuckDuckGo,duckai.suggestion.summarize-thread.label,,Summarize this discussion,Suggested prompt chip: summarize a discussion thread,,,true,,,apps/apple/iOS/DuckDuckGo/en.lproj/Localizable.strings,2204,https://github.com/duckduckgo/apple-browsers/blob/42b742242ce4057dd26a170b05b99f25a62099ad/iOS/DuckDuckGo/en.lproj/Localizable.strings#L2204
iOS,labels,DuckDuckGo,duckai.suggestion.summarize-video.label,,Summarize this video,Suggested prompt chip: summarize a video,,,true,,,apps/apple/iOS/DuckDuckGo/en.lproj/Localizable.strings,2210,https://github.com/duckduckgo/apple-browsers/blob/42b742242ce4057dd26a170b05b99f25a62099ad/iOS/DuckDuckGo/en.lproj/Localizable.strings#L2210
iOS,labels,DuckDuckGo,duckai.suggestion.tailor-resume.label,,Tailor my resume,Suggested prompt chip: tailor a resume to a job,,,true,,,apps/apple/iOS/DuckDuckGo/en.lproj/Localizable.strings,2216,https://github.com/duckduckgo/apple-browsers/blob/42b742242ce4057dd26a170b05b99f25a62099ad/iOS/DuckDuckGo/en.lproj/Localizable.strings#L2216
iOS,labels,DuckDuckGo,duckai.suggestion.translate-page.label,,Translate this page,Suggested prompt chip: translate the current page,,,true,,,apps/apple/iOS/DuckDuckGo/en.lproj/Localizable.strings,2222,https://github.com/duckduckgo/apple-browsers/blob/42b742242ce4057dd26a170b05b99f25a62099ad/iOS/DuckDuckGo/en.lproj/Localizable.strings#L2222
iOS,labels,DuckDuckGo,duckai.suggestion.translate-selection.label,,Translate this selection,Suggested prompt chip shown when the user has attached a text selection: translate that selection,,,true,,,apps/apple/iOS/DuckDuckGo/en.lproj/Localizable.strings,2228,https://github.com/duckduckgo/apple-browsers/blob/42b742242ce4057dd26a170b05b99f25a62099ad/iOS/DuckDuckGo/en.lproj/Localizable.strings#L2228
iOS,labels,DuckDuckGo,duckai.suggestion.video-key-points.label,,What are the key points?,Suggested prompt chip: video key points,,,true,,,apps/apple/iOS/DuckDuckGo/en.lproj/Localizable.strings,2234,https://github.com/duckduckgo/apple-browsers/blob/42b742242ce4057dd26a170b05b99f25a62099ad/iOS/DuckDuckGo/en.lproj/Localizable.strings#L2234
iOS,labels,DuckDuckGo,duckai.suggestion.who-is-this.label,,Who is this person?,Suggested prompt chip: person background,,,true,,,apps/apple/iOS/DuckDuckGo/en.lproj/Localizable.strings,2240,https://github.com/duckduckgo/apple-browsers/blob/42b742242ce4057dd26a170b05b99f25a62099ad/iOS/DuckDuckGo/en.lproj/Localizable.strings#L2240
iOS,labels,DuckDuckGo,duckai.suggestion.worth-watching.label,,Is this worth watching?,Suggested prompt chip: is a movie/show worth watching,,,true,,,apps/apple/iOS/DuckDuckGo/en.lproj/Localizable.strings,2246,https://github.com/duckduckgo/apple-browsers/blob/42b742242ce4057dd26a170b05b99f25a62099ad/iOS/DuckDuckGo/en.lproj/Localizable.strings#L2246
iOS,labels,DuckDuckGo,duckPlayer.alwaysEnabled.label,,Always,Text displayed when DuckPlayer is always enabled,,,true,,,apps/apple/iOS/DuckDuckGo/en.lproj/Localizable.strings,2285,https://github.com/duckduckgo/apple-browsers/blob/42b742242ce4057dd26a170b05b99f25a62099ad/iOS/DuckDuckGo/en.lproj/Localizable.strings#L2285
iOS,labels,DuckDuckGo,duckPlayer.ask.label,,Ask every time,Text displayed when DuckPlayer is in 'Ask' mode.,,,true,,,apps/apple/iOS/DuckDuckGo/en.lproj/Localizable.strings,2288,https://github.com/duckduckgo/apple-browsers/blob/42b742242ce4057dd26a170b05b99f25a62099ad/iOS/DuckDuckGo/en.lproj/Localizable.strings#L2288
iOS,labels,DuckDuckGo,duckPlayer.never.label,,Never,Text displayed when DuckPlayer is in off.,,,true,,,apps/apple/iOS/DuckDuckGo/en.lproj/Localizable.strings,2291,https://github.com/duckduckgo/apple-browsers/blob/42b742242ce4057dd26a170b05b99f25a62099ad/iOS/DuckDuckGo/en.lproj/Localizable.strings#L2291
iOS,labels,DuckDuckGo,duckplayer.settings.always-open-toggle,,Always open YouTube videos in Duck Player,Toggle to always open videos in Duck Player,,,true,,,apps/apple/iOS/DuckDuckGo/en.lproj/Localizable.strings,2333,https://github.com/duckduckgo/apple-browsers/blob/42b742242ce4057dd26a170b05b99f25a62099ad/iOS/DuckDuckGo/en.lproj/Localizable.strings#L2333
iOS,labels,DuckDuckGo,duckplayer.settings.autoplay.label,,Autoplay Videos,Label for the autoplay toggle in Duck Player settings,,,true,,,apps/apple/iOS/DuckDuckGo/en.lproj/Localizable.strings,2339,https://github.com/duckduckgo/apple-browsers/blob/42b742242ce4057dd26a170b05b99f25a62099ad/iOS/DuckDuckGo/en.lproj/Localizable.strings#L2339
iOS,labels,DuckDuckGo,duckplayer.settings.enable-toggle,,Enable Duck Player,Toggle to enable Duck Player,,,true,,,apps/apple/iOS/DuckDuckGo/en.lproj/Localizable.strings,2345,https://github.com/duckduckgo/apple-browsers/blob/42b742242ce4057dd26a170b05b99f25a62099ad/iOS/DuckDuckGo/en.lproj/Localizable.strings#L2345
iOS,labels,DuckDuckGo,duckplayer.settings.experimental.label,,Experimental,Label for the experimental section in Duck Player settings,,,true,,,apps/apple/iOS/DuckDuckGo/en.lproj/Localizable.strings,2348,https://github.com/duckduckgo/apple-browsers/blob/42b742242ce4057dd26a170b05b99f25a62099ad/iOS/DuckDuckGo/en.lproj/Localizable.strings#L2348
iOS,labels,DuckDuckGo,duckplayer.settings.open-new-tab-label,,Open Duck Player in a New Tab,Settings screen cell text for DuckPlayer settings to open in new tab,,,true,,,apps/apple/iOS/DuckDuckGo/en.lproj/Localizable.strings,2363,https://github.com/duckduckgo/apple-browsers/blob/42b742242ce4057dd26a170b05b99f25a62099ad/iOS/DuckDuckGo/en.lproj/Localizable.strings#L2363
iOS,labels,DuckDuckGo,duckplayer.settings.open-videos-in,,Open YouTube Videos in Duck Player,Settings screen cell text for DuckPlayer settings,,,true,,,apps/apple/iOS/DuckDuckGo/en.lproj/Localizable.strings,2366,https://github.com/duckduckgo/apple-browsers/blob/42b742242ce4057dd26a170b05b99f25a62099ad/iOS/DuckDuckGo/en.lproj/Localizable.strings#L2366
iOS,labels,DuckDuckGo,duckplayer.settings.search.results.label,,DuckDuckGo Search Results,Label for the search results toggle in Duck Player settings,,,true,,,apps/apple/iOS/DuckDuckGo/en.lproj/Localizable.strings,2372,https://github.com/duckduckgo/apple-browsers/blob/42b742242ce4057dd26a170b05b99f25a62099ad/iOS/DuckDuckGo/en.lproj/Localizable.strings#L2372
iOS,labels,DuckDuckGo,duckplayer.settings.toggle,,Open YouTube videos here,Text for the toggle in Duck Player to automatically open YouTube videos in Duck Player,,,true,,,apps/apple/iOS/DuckDuckGo/en.lproj/Localizable.strings,2387,https://github.com/duckduckgo/apple-browsers/blob/42b742242ce4057dd26a170b05b99f25a62099ad/iOS/DuckDuckGo/en.lproj/Localizable.strings#L2387
iOS,labels,DuckDuckGo,duckplayer.settings.variant.label,,Duck Player Variant,Label for the Duck Player variant picker in Duck Player settings,,,true,,,apps/apple/iOS/DuckDuckGo/en.lproj/Localizable.strings,2390,https://github.com/duckduckgo/apple-browsers/blob/42b742242ce4057dd26a170b05b99f25a62099ad/iOS/DuckDuckGo/en.lproj/Localizable.strings#L2390
iOS,labels,DuckDuckGo,duckplayer.settings.youtube.label,,YouTube.com,Label for the YouTube.com option in Duck Player settings,,,true,,,apps/apple/iOS/DuckDuckGo/en.lproj/Localizable.strings,2396,https://github.com/duckduckgo/apple-browsers/blob/42b742242ce4057dd26a170b05b99f25a62099ad/iOS/DuckDuckGo/en.lproj/Localizable.strings#L2396
iOS,labels,DuckDuckGo,email-protection,,Email Protection,Email protection service offered by DuckDuckGo,,,true,,,apps/apple/iOS/DuckDuckGo/en.lproj/Localizable.strings,2423,https://github.com/duckduckgo/apple-browsers/blob/42b742242ce4057dd26a170b05b99f25a62099ad/iOS/DuckDuckGo/en.lproj/Localizable.strings#L2423
iOS,labels,DuckDuckGo,email.aliasAlert.generatePrivateAddress,,Generate Private Duck Address,Option for generating a private email address,,,true,,,apps/apple/iOS/DuckDuckGo/en.lproj/Localizable.strings,2429,https://github.com/duckduckgo/apple-browsers/blob/42b742242ce4057dd26a170b05b99f25a62099ad/iOS/DuckDuckGo/en.lproj/Localizable.strings#L2429
iOS,labels,DuckDuckGo,email.aliasAlert.useUserAddress,,Use %@,Parameter is an email address (string),,%@,true,,,apps/apple/iOS/DuckDuckGo/en.lproj/Localizable.strings,2447,https://github.com/duckduckgo/apple-browsers/blob/42b742242ce4057dd26a170b05b99f25a62099ad/iOS/DuckDuckGo/en.lproj/Localizable.strings#L2447
iOS,labels,DuckDuckGo,email.settings.enabled,,Enabled,Signed in state for the email feature,,,true,,,apps/apple/iOS/DuckDuckGo/en.lproj/Localizable.strings,2456,https://github.com/duckduckgo/apple-browsers/blob/42b742242ce4057dd26a170b05b99f25a62099ad/iOS/DuckDuckGo/en.lproj/Localizable.strings#L2456
iOS,labels,DuckDuckGo,email.settings.off,,Off,Signed out state for the email feature,,,true,,,apps/apple/iOS/DuckDuckGo/en.lproj/Localizable.strings,2462,https://github.com/duckduckgo/apple-browsers/blob/42b742242ce4057dd26a170b05b99f25a62099ad/iOS/DuckDuckGo/en.lproj/Localizable.strings#L2462
iOS,labels,DuckDuckGo,escapeHatch.returnTo.label,,Return to…,Label shown on the escape hatch card above the tab title,,,true,,,apps/apple/iOS/DuckDuckGo/en.lproj/Localizable.strings,2552,https://github.com/duckduckgo/apple-browsers/blob/42b742242ce4057dd26a170b05b99f25a62099ad/iOS/DuckDuckGo/en.lproj/Localizable.strings#L2552
iOS,labels,DuckDuckGo,escapeHatch.swipeAction.closeTab,,Close Tab,Swipe action that closes the open tab referenced by the escape hatch card,,,true,,,apps/apple/iOS/DuckDuckGo/en.lproj/Localizable.strings,2558,https://github.com/duckduckgo/apple-browsers/blob/42b742242ce4057dd26a170b05b99f25a62099ad/iOS/DuckDuckGo/en.lproj/Localizable.strings#L2558
iOS,labels,DuckDuckGo,escapeHatch.tabSwitcher.privateTabs.label,,Private Tabs,Label shown next to the tab count when the escape hatch's tab switcher pill is in its expanded form,,,true,,,apps/apple/iOS/DuckDuckGo/en.lproj/Localizable.strings,2561,https://github.com/duckduckgo/apple-browsers/blob/42b742242ce4057dd26a170b05b99f25a62099ad/iOS/DuckDuckGo/en.lproj/Localizable.strings#L2561
iOS,labels,DuckDuckGo,favorite,,Favorite,No comment provided by engineer.,,,true,,,apps/apple/iOS/DuckDuckGo/en.lproj/Localizable.strings,2564,https://github.com/duckduckgo/apple-browsers/blob/42b742242ce4057dd26a170b05b99f25a62099ad/iOS/DuckDuckGo/en.lproj/Localizable.strings#L2564
iOS,labels,DuckDuckGo,favorites.settings.all-devices,,All Device Favorites,Display Mode for favorites,,,true,,,apps/apple/iOS/DuckDuckGo/en.lproj/Localizable.strings,2573,https://github.com/duckduckgo/apple-browsers/blob/42b742242ce4057dd26a170b05b99f25a62099ad/iOS/DuckDuckGo/en.lproj/Localizable.strings#L2573
iOS,labels,DuckDuckGo,favorites.settings.mobile-only,,Mobile Favorites Only,Display Mode for favorites,,,true,,,apps/apple/iOS/DuckDuckGo/en.lproj/Localizable.strings,2582,https://github.com/duckduckgo/apple-browsers/blob/42b742242ce4057dd26a170b05b99f25a62099ad/iOS/DuckDuckGo/en.lproj/Localizable.strings#L2582
iOS,labels,DuckDuckGo,feedback.browserFeatures.ads,,Ad and pop-up blocking,No comment provided by engineer.,,,true,,,apps/apple/iOS/DuckDuckGo/en.lproj/Localizable.strings,2585,https://github.com/duckduckgo/apple-browsers/blob/42b742242ce4057dd26a170b05b99f25a62099ad/iOS/DuckDuckGo/en.lproj/Localizable.strings#L2585
iOS,labels,DuckDuckGo,feedback.browserFeatures.bookmarks,,Creating and managing bookmarks,No comment provided by engineer.,,,true,,,apps/apple/iOS/DuckDuckGo/en.lproj/Localizable.strings,2588,https://github.com/duckduckgo/apple-browsers/blob/42b742242ce4057dd26a170b05b99f25a62099ad/iOS/DuckDuckGo/en.lproj/Localizable.strings#L2588
iOS,labels,DuckDuckGo,feedback.browserFeatures.entry,,Browsing features are missing or frustrating,No comment provided by engineer.,,,true,,,apps/apple/iOS/DuckDuckGo/en.lproj/Localizable.strings,2597,https://github.com/duckduckgo/apple-browsers/blob/42b742242ce4057dd26a170b05b99f25a62099ad/iOS/DuckDuckGo/en.lproj/Localizable.strings#L2597
iOS,labels,DuckDuckGo,feedback.browserFeatures.images,,Interacting with images,No comment provided by engineer.,,,true,,,apps/apple/iOS/DuckDuckGo/en.lproj/Localizable.strings,2600,https://github.com/duckduckgo/apple-browsers/blob/42b742242ce4057dd26a170b05b99f25a62099ad/iOS/DuckDuckGo/en.lproj/Localizable.strings#L2600
iOS,labels,DuckDuckGo,feedback.browserFeatures.navigation,,"Navigating forward, backward, and/or refreshing",No comment provided by engineer.,,,true,,,apps/apple/iOS/DuckDuckGo/en.lproj/Localizable.strings,2603,https://github.com/duckduckgo/apple-browsers/blob/42b742242ce4057dd26a170b05b99f25a62099ad/iOS/DuckDuckGo/en.lproj/Localizable.strings#L2603
iOS,labels,DuckDuckGo,feedback.browserFeatures.other,,None of these,No comment provided by engineer.,,,true,,,apps/apple/iOS/DuckDuckGo/en.lproj/Localizable.strings,2606,https://github.com/duckduckgo/apple-browsers/blob/42b742242ce4057dd26a170b05b99f25a62099ad/iOS/DuckDuckGo/en.lproj/Localizable.strings#L2606
iOS,labels,DuckDuckGo,feedback.browserFeatures.tabs,,Creating and managing tabs,No comment provided by engineer.,,,true,,,apps/apple/iOS/DuckDuckGo/en.lproj/Localizable.strings,2609,https://github.com/duckduckgo/apple-browsers/blob/42b742242ce4057dd26a170b05b99f25a62099ad/iOS/DuckDuckGo/en.lproj/Localizable.strings#L2609
iOS,labels,DuckDuckGo,feedback.browserFeatures.videos,,Watching videos,No comment provided by engineer.,,,true,,,apps/apple/iOS/DuckDuckGo/en.lproj/Localizable.strings,2612,https://github.com/duckduckgo/apple-browsers/blob/42b742242ce4057dd26a170b05b99f25a62099ad/iOS/DuckDuckGo/en.lproj/Localizable.strings#L2612
iOS,labels,DuckDuckGo,feedback.customization.bookmarks,,How bookmarks are displayed,No comment provided by engineer.,,,true,,,apps/apple/iOS/DuckDuckGo/en.lproj/Localizable.strings,2615,https://github.com/duckduckgo/apple-browsers/blob/42b742242ce4057dd26a170b05b99f25a62099ad/iOS/DuckDuckGo/en.lproj/Localizable.strings#L2615
iOS,labels,DuckDuckGo,feedback.customization.homeScreen,,The home screen configuration,No comment provided by engineer.,,,true,,,apps/apple/iOS/DuckDuckGo/en.lproj/Localizable.strings,2627,https://github.com/duckduckgo/apple-browsers/blob/42b742242ce4057dd26a170b05b99f25a62099ad/iOS/DuckDuckGo/en.lproj/Localizable.strings#L2627
iOS,labels,DuckDuckGo,feedback.customization.other,,None of these,No comment provided by engineer.,,,true,,,apps/apple/iOS/DuckDuckGo/en.lproj/Localizable.strings,2630,https://github.com/duckduckgo/apple-browsers/blob/42b742242ce4057dd26a170b05b99f25a62099ad/iOS/DuckDuckGo/en.lproj/Localizable.strings#L2630
iOS,labels,DuckDuckGo,feedback.customization.tabs,,How tabs are displayed,No comment provided by engineer.,,,true,,,apps/apple/iOS/DuckDuckGo/en.lproj/Localizable.strings,2633,https://github.com/duckduckgo/apple-browsers/blob/42b742242ce4057dd26a170b05b99f25a62099ad/iOS/DuckDuckGo/en.lproj/Localizable.strings#L2633
iOS,labels,DuckDuckGo,feedback.customization.ui,,How the app looks,No comment provided by engineer.,,,true,,,apps/apple/iOS/DuckDuckGo/en.lproj/Localizable.strings,2636,https://github.com/duckduckgo/apple-browsers/blob/42b742242ce4057dd26a170b05b99f25a62099ad/iOS/DuckDuckGo/en.lproj/Localizable.strings#L2636
iOS,labels,DuckDuckGo,feedback.customization.whatIsCleared,,Which data is cleared,No comment provided by engineer.,,,true,,,apps/apple/iOS/DuckDuckGo/en.lproj/Localizable.strings,2639,https://github.com/duckduckgo/apple-browsers/blob/42b742242ce4057dd26a170b05b99f25a62099ad/iOS/DuckDuckGo/en.lproj/Localizable.strings#L2639
iOS,labels,DuckDuckGo,feedback.customization.whenIsCleared,,When data is cleared,No comment provided by engineer.,,,true,,,apps/apple/iOS/DuckDuckGo/en.lproj/Localizable.strings,2642,https://github.com/duckduckgo/apple-browsers/blob/42b742242ce4057dd26a170b05b99f25a62099ad/iOS/DuckDuckGo/en.lproj/Localizable.strings#L2642
iOS,labels,DuckDuckGo,feedback.ddgSearch.autocomplete,,Better autocomplete,No comment provided by engineer.,,,true,,,apps/apple/iOS/DuckDuckGo/en.lproj/Localizable.strings,2645,https://github.com/duckduckgo/apple-browsers/blob/42b742242ce4057dd26a170b05b99f25a62099ad/iOS/DuckDuckGo/en.lproj/Localizable.strings#L2645
iOS,labels,DuckDuckGo,feedback.ddgSearch.entry,,DuckDuckGo search isn’t good enough,No comment provided by engineer.,,,true,,,apps/apple/iOS/DuckDuckGo/en.lproj/Localizable.strings,2654,https://github.com/duckduckgo/apple-browsers/blob/42b742242ce4057dd26a170b05b99f25a62099ad/iOS/DuckDuckGo/en.lproj/Localizable.strings#L2654
iOS,labels,DuckDuckGo,feedback.ddgSearch.languageOrRegion,,Searching in a specific language or region,No comment provided by engineer.,,,true,,,apps/apple/iOS/DuckDuckGo/en.lproj/Localizable.strings,2657,https://github.com/duckduckgo/apple-browsers/blob/42b742242ce4057dd26a170b05b99f25a62099ad/iOS/DuckDuckGo/en.lproj/Localizable.strings#L2657
iOS,labels,DuckDuckGo,feedback.ddgSearch.layout,,The layout should be more like Google,No comment provided by engineer.,,,true,,,apps/apple/iOS/DuckDuckGo/en.lproj/Localizable.strings,2660,https://github.com/duckduckgo/apple-browsers/blob/42b742242ce4057dd26a170b05b99f25a62099ad/iOS/DuckDuckGo/en.lproj/Localizable.strings#L2660
iOS,labels,DuckDuckGo,feedback.ddgSearch.loadTime,,Faster load time,No comment provided by engineer.,,,true,,,apps/apple/iOS/DuckDuckGo/en.lproj/Localizable.strings,2663,https://github.com/duckduckgo/apple-browsers/blob/42b742242ce4057dd26a170b05b99f25a62099ad/iOS/DuckDuckGo/en.lproj/Localizable.strings#L2663
iOS,labels,DuckDuckGo,feedback.ddgSearch.other,,None of these,No comment provided by engineer.,,,true,,,apps/apple/iOS/DuckDuckGo/en.lproj/Localizable.strings,2666,https://github.com/duckduckgo/apple-browsers/blob/42b742242ce4057dd26a170b05b99f25a62099ad/iOS/DuckDuckGo/en.lproj/Localizable.strings#L2666
iOS,labels,DuckDuckGo,feedback.ddgSearch.technical,,Programming/technical search,No comment provided by engineer.,,,true,,,apps/apple/iOS/DuckDuckGo/en.lproj/Localizable.strings,2669,https://github.com/duckduckgo/apple-browsers/blob/42b742242ce4057dd26a170b05b99f25a62099ad/iOS/DuckDuckGo/en.lproj/Localizable.strings#L2669
iOS,labels,DuckDuckGo,feedback.general.category.ai-chat,,Duck.ai,Category for Duck.ai feedback,,,true,,,apps/apple/iOS/DuckDuckGo/en.lproj/Localizable.strings,2681,https://github.com/duckduckgo/apple-browsers/blob/42b742242ce4057dd26a170b05b99f25a62099ad/iOS/DuckDuckGo/en.lproj/Localizable.strings#L2681
iOS,labels,DuckDuckGo,feedback.general.category.itr,,Identity Theft Restoration,Category for Identity Theft Restoration feedback,,,true,,,apps/apple/iOS/DuckDuckGo/en.lproj/Localizable.strings,2684,https://github.com/duckduckgo/apple-browsers/blob/42b742242ce4057dd26a170b05b99f25a62099ad/iOS/DuckDuckGo/en.lproj/Localizable.strings#L2684
iOS,labels,DuckDuckGo,feedback.general.category.pir,,Personal Info Removal,Category for Personal Info Removal feedback,,,true,,,apps/apple/iOS/DuckDuckGo/en.lproj/Localizable.strings,2687,https://github.com/duckduckgo/apple-browsers/blob/42b742242ce4057dd26a170b05b99f25a62099ad/iOS/DuckDuckGo/en.lproj/Localizable.strings#L2687
iOS,labels,DuckDuckGo,feedback.general.category.ppro,,Subscription and Payments,Category for subscription and payments feedback,,,true,,,apps/apple/iOS/DuckDuckGo/en.lproj/Localizable.strings,2690,https://github.com/duckduckgo/apple-browsers/blob/42b742242ce4057dd26a170b05b99f25a62099ad/iOS/DuckDuckGo/en.lproj/Localizable.strings#L2690
iOS,labels,DuckDuckGo,feedback.general.category.select,,Select a category,Prompt to select a category for general feedback,,,true,,,apps/apple/iOS/DuckDuckGo/en.lproj/Localizable.strings,2693,https://github.com/duckduckgo/apple-browsers/blob/42b742242ce4057dd26a170b05b99f25a62099ad/iOS/DuckDuckGo/en.lproj/Localizable.strings#L2693
iOS,labels,DuckDuckGo,feedback.general.category.vpn,,VPN,Category for VPN feedback,,,true,,,apps/apple/iOS/DuckDuckGo/en.lproj/Localizable.strings,2696,https://github.com/duckduckgo/apple-browsers/blob/42b742242ce4057dd26a170b05b99f25a62099ad/iOS/DuckDuckGo/en.lproj/Localizable.strings#L2696
iOS,labels,DuckDuckGo,feedback.itr.category.access-code,,Issue with access code,Category for access code issues,,,true,,,apps/apple/iOS/DuckDuckGo/en.lproj/Localizable.strings,2699,https://github.com/duckduckgo/apple-browsers/blob/42b742242ce4057dd26a170b05b99f25a62099ad/iOS/DuckDuckGo/en.lproj/Localizable.strings#L2699
iOS,labels,DuckDuckGo,feedback.itr.category.cant-contact-advisor,,Unable to contact advisor,Category for issues contacting an advisor,,,true,,,apps/apple/iOS/DuckDuckGo/en.lproj/Localizable.strings,2702,https://github.com/duckduckgo/apple-browsers/blob/42b742242ce4057dd26a170b05b99f25a62099ad/iOS/DuckDuckGo/en.lproj/Localizable.strings#L2702
iOS,labels,DuckDuckGo,feedback.itr.category.select,,Select a category,Prompt to select a category for Identity Theft Restoration feedback,,,true,,,apps/apple/iOS/DuckDuckGo/en.lproj/Localizable.strings,2705,https://github.com/duckduckgo/apple-browsers/blob/42b742242ce4057dd26a170b05b99f25a62099ad/iOS/DuckDuckGo/en.lproj/Localizable.strings#L2705
iOS,labels,DuckDuckGo,feedback.itr.category.something-else,,Something else,Category for other Identity Theft Restoration issues,,,true,,,apps/apple/iOS/DuckDuckGo/en.lproj/Localizable.strings,2708,https://github.com/duckduckgo/apple-browsers/blob/42b742242ce4057dd26a170b05b99f25a62099ad/iOS/DuckDuckGo/en.lproj/Localizable.strings#L2708
iOS,labels,DuckDuckGo,feedback.itr.category.unhelpful,,Call to Advisor was unhelpful,Category for unhelpful advisor calls,,,true,,,apps/apple/iOS/DuckDuckGo/en.lproj/Localizable.strings,2711,https://github.com/duckduckgo/apple-browsers/blob/42b742242ce4057dd26a170b05b99f25a62099ad/iOS/DuckDuckGo/en.lproj/Localizable.strings#L2711
iOS,labels,DuckDuckGo,feedback.other.entry,,None of these,No comment provided by engineer.,,,true,,,apps/apple/iOS/DuckDuckGo/en.lproj/Localizable.strings,2729,https://github.com/duckduckgo/apple-browsers/blob/42b742242ce4057dd26a170b05b99f25a62099ad/iOS/DuckDuckGo/en.lproj/Localizable.strings#L2729
iOS,labels,DuckDuckGo,feedback.performance.crashes,,The app crashes or freezes,No comment provided by engineer.,,,true,,,apps/apple/iOS/DuckDuckGo/en.lproj/Localizable.strings,2735,https://github.com/duckduckgo/apple-browsers/blob/42b742242ce4057dd26a170b05b99f25a62099ad/iOS/DuckDuckGo/en.lproj/Localizable.strings#L2735
iOS,labels,DuckDuckGo,feedback.performance.entry,,"The app is slow, buggy, or crashes",No comment provided by engineer.,,,true,,,apps/apple/iOS/DuckDuckGo/en.lproj/Localizable.strings,2741,https://github.com/duckduckgo/apple-browsers/blob/42b742242ce4057dd26a170b05b99f25a62099ad/iOS/DuckDuckGo/en.lproj/Localizable.strings#L2741
iOS,labels,DuckDuckGo,feedback.performance.other,,None of these,No comment provided by engineer.,,,true,,,apps/apple/iOS/DuckDuckGo/en.lproj/Localizable.strings,2744,https://github.com/duckduckgo/apple-browsers/blob/42b742242ce4057dd26a170b05b99f25a62099ad/iOS/DuckDuckGo/en.lproj/Localizable.strings#L2744
iOS,labels,DuckDuckGo,feedback.performance.playback,,Video or media playback bugs,No comment provided by engineer.,,,true,,,apps/apple/iOS/DuckDuckGo/en.lproj/Localizable.strings,2747,https://github.com/duckduckgo/apple-browsers/blob/42b742242ce4057dd26a170b05b99f25a62099ad/iOS/DuckDuckGo/en.lproj/Localizable.strings#L2747
iOS,labels,DuckDuckGo,feedback.performance.slowLoading,,Web pages or search results load slowly,No comment provided by engineer.,,,true,,,apps/apple/iOS/DuckDuckGo/en.lproj/Localizable.strings,2750,https://github.com/duckduckgo/apple-browsers/blob/42b742242ce4057dd26a170b05b99f25a62099ad/iOS/DuckDuckGo/en.lproj/Localizable.strings#L2750
iOS,labels,DuckDuckGo,feedback.pir.category.not-me,,The scan found records which aren't me,Category for when scan finds incorrect records,,,true,,,apps/apple/iOS/DuckDuckGo/en.lproj/Localizable.strings,2753,https://github.com/duckduckgo/apple-browsers/blob/42b742242ce4057dd26a170b05b99f25a62099ad/iOS/DuckDuckGo/en.lproj/Localizable.strings#L2753
iOS,labels,DuckDuckGo,feedback.pir.category.nothing-on-site,,The scan didn't find my info on a specific site,Category for when scan doesn't find info on a specific site,,,true,,,apps/apple/iOS/DuckDuckGo/en.lproj/Localizable.strings,2756,https://github.com/duckduckgo/apple-browsers/blob/42b742242ce4057dd26a170b05b99f25a62099ad/iOS/DuckDuckGo/en.lproj/Localizable.strings#L2756
iOS,labels,DuckDuckGo,feedback.pir.category.other,,Something else,Category for other Personal Info Removal issues,,,true,,,apps/apple/iOS/DuckDuckGo/en.lproj/Localizable.strings,2759,https://github.com/duckduckgo/apple-browsers/blob/42b742242ce4057dd26a170b05b99f25a62099ad/iOS/DuckDuckGo/en.lproj/Localizable.strings#L2759
iOS,labels,DuckDuckGo,feedback.pir.category.removal-stuck,,The removal process is stuck,Category for when the removal process is stuck,,,true,,,apps/apple/iOS/DuckDuckGo/en.lproj/Localizable.strings,2762,https://github.com/duckduckgo/apple-browsers/blob/42b742242ce4057dd26a170b05b99f25a62099ad/iOS/DuckDuckGo/en.lproj/Localizable.strings#L2762
iOS,labels,DuckDuckGo,feedback.pir.category.scan-stuck,,The scan for records is stuck,Category for when the scan is stuck,,,true,,,apps/apple/iOS/DuckDuckGo/en.lproj/Localizable.strings,2765,https://github.com/duckduckgo/apple-browsers/blob/42b742242ce4057dd26a170b05b99f25a62099ad/iOS/DuckDuckGo/en.lproj/Localizable.strings#L2765
iOS,labels,DuckDuckGo,feedback.pir.category.select,,Select a category,Prompt to select a category for Personal Info Removal feedback,,,true,,,apps/apple/iOS/DuckDuckGo/en.lproj/Localizable.strings,2768,https://github.com/duckduckgo/apple-browsers/blob/42b742242ce4057dd26a170b05b99f25a62099ad/iOS/DuckDuckGo/en.lproj/Localizable.strings#L2768
iOS,labels,DuckDuckGo,feedback.ppro.category.other,,Something else,Category for other Privacy Pro issues,,,true,,,apps/apple/iOS/DuckDuckGo/en.lproj/Localizable.strings,2789,https://github.com/duckduckgo/apple-browsers/blob/42b742242ce4057dd26a170b05b99f25a62099ad/iOS/DuckDuckGo/en.lproj/Localizable.strings#L2789
iOS,labels,DuckDuckGo,feedback.ppro.category.otp,,Issue with one-time password,Category for one-time password issues,,,true,,,apps/apple/iOS/DuckDuckGo/en.lproj/Localizable.strings,2792,https://github.com/duckduckgo/apple-browsers/blob/42b742242ce4057dd26a170b05b99f25a62099ad/iOS/DuckDuckGo/en.lproj/Localizable.strings#L2792
iOS,labels,DuckDuckGo,feedback.ppro.category.select,,Select a category,Prompt to select a category for Privacy Pro feedback,,,true,,,apps/apple/iOS/DuckDuckGo/en.lproj/Localizable.strings,2795,https://github.com/duckduckgo/apple-browsers/blob/42b742242ce4057dd26a170b05b99f25a62099ad/iOS/DuckDuckGo/en.lproj/Localizable.strings#L2795
iOS,labels,DuckDuckGo,feedback.ppro.category.unable-to-access-features,,Unable to access Plus or Pro tier features,Category for issues with accessing Plus or Pro tier features,,,true,,,apps/apple/iOS/DuckDuckGo/en.lproj/Localizable.strings,2798,https://github.com/duckduckgo/apple-browsers/blob/42b742242ce4057dd26a170b05b99f25a62099ad/iOS/DuckDuckGo/en.lproj/Localizable.strings#L2798
iOS,labels,DuckDuckGo,feedback.websiteLoading.entry,,Certain websites don’t load correctly,No comment provided by engineer.,,,true,,,apps/apple/iOS/DuckDuckGo/en.lproj/Localizable.strings,2816,https://github.com/duckduckgo/apple-browsers/blob/42b742242ce4057dd26a170b05b99f25a62099ad/iOS/DuckDuckGo/en.lproj/Localizable.strings#L2816
iOS,labels,DuckDuckGo,findinpage.count,,%1$d of %2$d,Used to indicate number of entries found and position of the currently viewed one: e.g. 1 of 10,,%1$d %2$d,true,,,apps/apple/iOS/DuckDuckGo/en.lproj/Localizable.strings,2828,https://github.com/duckduckgo/apple-browsers/blob/42b742242ce4057dd26a170b05b99f25a62099ad/iOS/DuckDuckGo/en.lproj/Localizable.strings#L2828
iOS,labels,DuckDuckGo,fire.mode.empty.state.bullet.account,,Sign in to a site with a different account,Bullet point describing Fire Tab benefit on the empty state screen,,,true,,,apps/apple/iOS/DuckDuckGo/en.lproj/Localizable.strings,2852,https://github.com/duckduckgo/apple-browsers/blob/42b742242ce4057dd26a170b05b99f25a62099ad/iOS/DuckDuckGo/en.lproj/Localizable.strings#L2852
iOS,labels,DuckDuckGo,fire.mode.empty.state.bullet.history,,Browse without saving local history,Bullet point describing Fire Tab benefit on the empty state screen,,,true,,,apps/apple/iOS/DuckDuckGo/en.lproj/Localizable.strings,2855,https://github.com/duckduckgo/apple-browsers/blob/42b742242ce4057dd26a170b05b99f25a62099ad/iOS/DuckDuckGo/en.lproj/Localizable.strings#L2855
iOS,labels,DuckDuckGo,fire.mode.empty.state.bullet.troubleshoot,,Troubleshoot websites,Bullet point describing Fire Tab benefit on the empty state screen,,,true,,,apps/apple/iOS/DuckDuckGo/en.lproj/Localizable.strings,2858,https://github.com/duckduckgo/apple-browsers/blob/42b742242ce4057dd26a170b05b99f25a62099ad/iOS/DuckDuckGo/en.lproj/Localizable.strings#L2858
iOS,labels,DuckDuckGo,fire.mode.empty.state.new.fire.tab,,New Fire Tab,Button label to create a new Fire Tab on the empty state screen,,,true,,,apps/apple/iOS/DuckDuckGo/en.lproj/Localizable.strings,2864,https://github.com/duckduckgo/apple-browsers/blob/42b742242ce4057dd26a170b05b99f25a62099ad/iOS/DuckDuckGo/en.lproj/Localizable.strings#L2864
iOS,labels,DuckDuckGo,homeTab.searchAndFavorites,,Search or enter address,This describes empty tab,,,true,,,apps/apple/iOS/DuckDuckGo/en.lproj/Localizable.strings,2912,https://github.com/duckduckgo/apple-browsers/blob/42b742242ce4057dd26a170b05b99f25a62099ad/iOS/DuckDuckGo/en.lproj/Localizable.strings#L2912
iOS,labels,DuckDuckGo,keyCommandAddBookmark,,Add Bookmark,No comment provided by engineer.,,,true,,,apps/apple/iOS/DuckDuckGo/en.lproj/Localizable.strings,2966,https://github.com/duckduckgo/apple-browsers/blob/42b742242ce4057dd26a170b05b99f25a62099ad/iOS/DuckDuckGo/en.lproj/Localizable.strings#L2966
iOS,labels,DuckDuckGo,keyCommandAddFavorite,,Add Favorite,No comment provided by engineer.,,,true,,,apps/apple/iOS/DuckDuckGo/en.lproj/Localizable.strings,2969,https://github.com/duckduckgo/apple-browsers/blob/42b742242ce4057dd26a170b05b99f25a62099ad/iOS/DuckDuckGo/en.lproj/Localizable.strings#L2969
iOS,labels,DuckDuckGo,keyCommandBrowserBack,,Browse Back,No comment provided by engineer.,,,true,,,apps/apple/iOS/DuckDuckGo/en.lproj/Localizable.strings,2972,https://github.com/duckduckgo/apple-browsers/blob/42b742242ce4057dd26a170b05b99f25a62099ad/iOS/DuckDuckGo/en.lproj/Localizable.strings#L2972
iOS,labels,DuckDuckGo,keyCommandBrowserForward,,Browse Forward,No comment provided by engineer.,,,true,,,apps/apple/iOS/DuckDuckGo/en.lproj/Localizable.strings,2975,https://github.com/duckduckgo/apple-browsers/blob/42b742242ce4057dd26a170b05b99f25a62099ad/iOS/DuckDuckGo/en.lproj/Localizable.strings#L2975
iOS,labels,DuckDuckGo,keyCommandCloseTab,,Close Tab,No comment provided by engineer.,,,true,,,apps/apple/iOS/DuckDuckGo/en.lproj/Localizable.strings,2981,https://github.com/duckduckgo/apple-browsers/blob/42b742242ce4057dd26a170b05b99f25a62099ad/iOS/DuckDuckGo/en.lproj/Localizable.strings#L2981
iOS,labels,DuckDuckGo,keyCommandFind,,Find in Page,No comment provided by engineer.,,,true,,,apps/apple/iOS/DuckDuckGo/en.lproj/Localizable.strings,2984,https://github.com/duckduckgo/apple-browsers/blob/42b742242ce4057dd26a170b05b99f25a62099ad/iOS/DuckDuckGo/en.lproj/Localizable.strings#L2984
iOS,labels,DuckDuckGo,keyCommandFindNext,,Find Next,No comment provided by engineer.,,,true,,,apps/apple/iOS/DuckDuckGo/en.lproj/Localizable.strings,2987,https://github.com/duckduckgo/apple-browsers/blob/42b742242ce4057dd26a170b05b99f25a62099ad/iOS/DuckDuckGo/en.lproj/Localizable.strings#L2987
iOS,labels,DuckDuckGo,keyCommandFindPrevious,,Find Previous,No comment provided by engineer.,,,true,,,apps/apple/iOS/DuckDuckGo/en.lproj/Localizable.strings,2990,https://github.com/duckduckgo/apple-browsers/blob/42b742242ce4057dd26a170b05b99f25a62099ad/iOS/DuckDuckGo/en.lproj/Localizable.strings#L2990
iOS,labels,DuckDuckGo,keyCommandFire,,Clear All Tabs and Data,No comment provided by engineer.,,,true,,,apps/apple/iOS/DuckDuckGo/en.lproj/Localizable.strings,2993,https://github.com/duckduckgo/apple-browsers/blob/42b742242ce4057dd26a170b05b99f25a62099ad/iOS/DuckDuckGo/en.lproj/Localizable.strings#L2993
iOS,labels,DuckDuckGo,keyCommandLocation,,Search or Enter Address,No comment provided by engineer.,,,true,,,apps/apple/iOS/DuckDuckGo/en.lproj/Localizable.strings,2996,https://github.com/duckduckgo/apple-browsers/blob/42b742242ce4057dd26a170b05b99f25a62099ad/iOS/DuckDuckGo/en.lproj/Localizable.strings#L2996
iOS,labels,DuckDuckGo,keyCommandNewFireTab,,New Fire Tab,Discoverability title for the keyboard command that opens a new Fire Tab,,,true,,,apps/apple/iOS/DuckDuckGo/en.lproj/Localizable.strings,2999,https://github.com/duckduckgo/apple-browsers/blob/42b742242ce4057dd26a170b05b99f25a62099ad/iOS/DuckDuckGo/en.lproj/Localizable.strings#L2999
iOS,labels,DuckDuckGo,keyCommandNewTab,,New Tab,No comment provided by engineer.,,,true,,,apps/apple/iOS/DuckDuckGo/en.lproj/Localizable.strings,3002,https://github.com/duckduckgo/apple-browsers/blob/42b742242ce4057dd26a170b05b99f25a62099ad/iOS/DuckDuckGo/en.lproj/Localizable.strings#L3002
iOS,labels,DuckDuckGo,keyCommandNextTab,,Next Tab,No comment provided by engineer.,,,true,,,apps/apple/iOS/DuckDuckGo/en.lproj/Localizable.strings,3005,https://github.com/duckduckgo/apple-browsers/blob/42b742242ce4057dd26a170b05b99f25a62099ad/iOS/DuckDuckGo/en.lproj/Localizable.strings#L3005
iOS,labels,DuckDuckGo,keyCommandOpenInNewBackgroundTab,,Open Link in Background,No comment provided by engineer.,,,true,,,apps/apple/iOS/DuckDuckGo/en.lproj/Localizable.strings,3008,https://github.com/duckduckgo/apple-browsers/blob/42b742242ce4057dd26a170b05b99f25a62099ad/iOS/DuckDuckGo/en.lproj/Localizable.strings#L3008
iOS,labels,DuckDuckGo,keyCommandOpenInNewTab,,Open Link in New Tab,No comment provided by engineer.,,,true,,,apps/apple/iOS/DuckDuckGo/en.lproj/Localizable.strings,3011,https://github.com/duckduckgo/apple-browsers/blob/42b742242ce4057dd26a170b05b99f25a62099ad/iOS/DuckDuckGo/en.lproj/Localizable.strings#L3011
iOS,labels,DuckDuckGo,keyCommandPreviousTab,,Previous Tab,No comment provided by engineer.,,,true,,,apps/apple/iOS/DuckDuckGo/en.lproj/Localizable.strings,3014,https://github.com/duckduckgo/apple-browsers/blob/42b742242ce4057dd26a170b05b99f25a62099ad/iOS/DuckDuckGo/en.lproj/Localizable.strings#L3014
iOS,labels,DuckDuckGo,keyCommandPrint,,Print,No comment provided by engineer.,,,true,,,apps/apple/iOS/DuckDuckGo/en.lproj/Localizable.strings,3017,https://github.com/duckduckgo/apple-browsers/blob/42b742242ce4057dd26a170b05b99f25a62099ad/iOS/DuckDuckGo/en.lproj/Localizable.strings#L3017
iOS,labels,DuckDuckGo,keyCommandReload,,Reload,No comment provided by engineer.,,,true,,,apps/apple/iOS/DuckDuckGo/en.lproj/Localizable.strings,3020,https://github.com/duckduckgo/apple-browsers/blob/42b742242ce4057dd26a170b05b99f25a62099ad/iOS/DuckDuckGo/en.lproj/Localizable.strings#L3020
iOS,labels,DuckDuckGo,keyCommandResetZoom,,Reset Zoom,Hardware keyboard shortcut label for resetting page text zoom to the default level,,,true,,,apps/apple/iOS/DuckDuckGo/en.lproj/Localizable.strings,3023,https://github.com/duckduckgo/apple-browsers/blob/42b742242ce4057dd26a170b05b99f25a62099ad/iOS/DuckDuckGo/en.lproj/Localizable.strings#L3023
iOS,labels,DuckDuckGo,keyCommandSelect,,Select,No comment provided by engineer.,,,true,,,apps/apple/iOS/DuckDuckGo/en.lproj/Localizable.strings,3026,https://github.com/duckduckgo/apple-browsers/blob/42b742242ce4057dd26a170b05b99f25a62099ad/iOS/DuckDuckGo/en.lproj/Localizable.strings#L3026
iOS,labels,DuckDuckGo,keyCommandShowAllTabs,,Show All Tabs,No comment provided by engineer.,,,true,,,apps/apple/iOS/DuckDuckGo/en.lproj/Localizable.strings,3029,https://github.com/duckduckgo/apple-browsers/blob/42b742242ce4057dd26a170b05b99f25a62099ad/iOS/DuckDuckGo/en.lproj/Localizable.strings#L3029
iOS,labels,DuckDuckGo,keyCommandZoomIn,,Zoom In,Hardware keyboard shortcut label for increasing page text zoom,,,true,,,apps/apple/iOS/DuckDuckGo/en.lproj/Localizable.strings,3032,https://github.com/duckduckgo/apple-browsers/blob/42b742242ce4057dd26a170b05b99f25a62099ad/iOS/DuckDuckGo/en.lproj/Localizable.strings#L3032
iOS,labels,DuckDuckGo,keyCommandZoomOut,,Zoom Out,Hardware keyboard shortcut label for decreasing page text zoom,,,true,,,apps/apple/iOS/DuckDuckGo/en.lproj/Localizable.strings,3035,https://github.com/duckduckgo/apple-browsers/blob/42b742242ce4057dd26a170b05b99f25a62099ad/iOS/DuckDuckGo/en.lproj/Localizable.strings#L3035
iOS,labels,DuckDuckGo,mobile.customization.option.none.long,,Hide This Button,A title to indicate that if selected the current button will be hidden from the UI,,,true,,,apps/apple/iOS/DuckDuckGo/en.lproj/Localizable.strings,3101,https://github.com/duckduckgo/apple-browsers/blob/42b742242ce4057dd26a170b05b99f25a62099ad/iOS/DuckDuckGo/en.lproj/Localizable.strings#L3101
iOS,labels,DuckDuckGo,mobile.customization.option.none.short,,None,Indicates that no button was selected to be shown in the specified location.,,,true,,,apps/apple/iOS/DuckDuckGo/en.lproj/Localizable.strings,3104,https://github.com/duckduckgo/apple-browsers/blob/42b742242ce4057dd26a170b05b99f25a62099ad/iOS/DuckDuckGo/en.lproj/Localizable.strings#L3104
iOS,labels,DuckDuckGo,netP.cell.snoozing,,Snoozing,String indicating NetP is snoozing when viewed from the settings screen,,,true,,,apps/apple/iOS/DuckDuckGo/en.lproj/Localizable.strings,3131,https://github.com/duckduckgo/apple-browsers/blob/42b742242ce4057dd26a170b05b99f25a62099ad/iOS/DuckDuckGo/en.lproj/Localizable.strings#L3131
iOS,labels,DuckDuckGo,network.protection.status.connected.format,,Connected · %@,The label for when NetP VPN is connected plus the length of time connected as a formatter HH:MM:SS string,,%@,true,,,apps/apple/iOS/DuckDuckGo/en.lproj/Localizable.strings,3209,https://github.com/duckduckgo/apple-browsers/blob/42b742242ce4057dd26a170b05b99f25a62099ad/iOS/DuckDuckGo/en.lproj/Localizable.strings#L3209
iOS,labels,DuckDuckGo,network.protection.status.connecting,,Connecting...,The label for the NetP VPN when connecting,,,true,,,apps/apple/iOS/DuckDuckGo/en.lproj/Localizable.strings,3212,https://github.com/duckduckgo/apple-browsers/blob/42b742242ce4057dd26a170b05b99f25a62099ad/iOS/DuckDuckGo/en.lproj/Localizable.strings#L3212
iOS,labels,DuckDuckGo,network.protection.status.disconnected,,Not connected,The label for the NetP VPN when disconnected,,,true,,,apps/apple/iOS/DuckDuckGo/en.lproj/Localizable.strings,3215,https://github.com/duckduckgo/apple-browsers/blob/42b742242ce4057dd26a170b05b99f25a62099ad/iOS/DuckDuckGo/en.lproj/Localizable.strings#L3215
iOS,labels,DuckDuckGo,network.protection.status.disconnecting,,Disconnecting...,The label for the NetP VPN when disconnecting,,,true,,,apps/apple/iOS/DuckDuckGo/en.lproj/Localizable.strings,3218,https://github.com/duckduckgo/apple-browsers/blob/42b742242ce4057dd26a170b05b99f25a62099ad/iOS/DuckDuckGo/en.lproj/Localizable.strings#L3218
iOS,labels,DuckDuckGo,network.protection.status.paused,,Paused,The label for the NetP VPN when paused,,,true,,,apps/apple/iOS/DuckDuckGo/en.lproj/Localizable.strings,3242,https://github.com/duckduckgo/apple-browsers/blob/42b742242ce4057dd26a170b05b99f25a62099ad/iOS/DuckDuckGo/en.lproj/Localizable.strings#L3242
iOS,labels,DuckDuckGo,network.protection.status.snoozing.format,,"Snoozing, %@ remaining",The label for when NetP VPN is snoozing plus the length of time remaining formatted as '0:00',,%@,true,,,apps/apple/iOS/DuckDuckGo/en.lproj/Localizable.strings,3245,https://github.com/duckduckgo/apple-browsers/blob/42b742242ce4057dd26a170b05b99f25a62099ad/iOS/DuckDuckGo/en.lproj/Localizable.strings#L3245
iOS,labels,DuckDuckGo,network.protection.status.view.custom.dns,,DNS Server,Custom DNS label shown in NetworkProtection's status view.,,,true,,,apps/apple/iOS/DuckDuckGo/en.lproj/Localizable.strings,3257,https://github.com/duckduckgo/apple-browsers/blob/42b742242ce4057dd26a170b05b99f25a62099ad/iOS/DuckDuckGo/en.lproj/Localizable.strings#L3257
iOS,labels,DuckDuckGo,network.protection.status.view.ip.address,,IP Address,IP Address label shown in NetworkProtection's status view.,,,true,,,apps/apple/iOS/DuckDuckGo/en.lproj/Localizable.strings,3263,https://github.com/duckduckgo/apple-browsers/blob/42b742242ce4057dd26a170b05b99f25a62099ad/iOS/DuckDuckGo/en.lproj/Localizable.strings#L3263
iOS,labels,DuckDuckGo,network.protection.status.view.location,,Location,Location label shown in NetworkProtection's status view.,,,true,,,apps/apple/iOS/DuckDuckGo/en.lproj/Localizable.strings,3266,https://github.com/duckduckgo/apple-browsers/blob/42b742242ce4057dd26a170b05b99f25a62099ad/iOS/DuckDuckGo/en.lproj/Localizable.strings#L3266
iOS,labels,DuckDuckGo,network.protection.status.view.strict.routing.pill.off,,Strict routing: Off,Label for the status pill shown while the VPN's Strict routing setting is off,,,true,,,apps/apple/iOS/DuckDuckGo/en.lproj/Localizable.strings,3272,https://github.com/duckduckgo/apple-browsers/blob/42b742242ce4057dd26a170b05b99f25a62099ad/iOS/DuckDuckGo/en.lproj/Localizable.strings#L3272
iOS,labels,DuckDuckGo,network.protection.status.view.strict.routing.pill.on,,Strict routing: On,Label for the status pill shown while the VPN's Strict routing setting is on,,,true,,,apps/apple/iOS/DuckDuckGo/en.lproj/Localizable.strings,3275,https://github.com/duckduckgo/apple-browsers/blob/42b742242ce4057dd26a170b05b99f25a62099ad/iOS/DuckDuckGo/en.lproj/Localizable.strings#L3275
iOS,labels,DuckDuckGo,network.protection.vpn.location.country.item.formatted.cities.count,,%d cities,"Subtitle of countries item when there are multiple cities, example :",,%d,true,,,apps/apple/iOS/DuckDuckGo/en.lproj/Localizable.strings,3347,https://github.com/duckduckgo/apple-browsers/blob/42b742242ce4057dd26a170b05b99f25a62099ad/iOS/DuckDuckGo/en.lproj/Localizable.strings#L3347
iOS,labels,DuckDuckGo,network.protection.vpn.preferred.location.nearest,,Nearest Location,Label for the Preferred Location VPN Settings item when the nearest available location is selected.,,,true,,,apps/apple/iOS/DuckDuckGo/en.lproj/Localizable.strings,3371,https://github.com/duckduckgo/apple-browsers/blob/42b742242ce4057dd26a170b05b99f25a62099ad/iOS/DuckDuckGo/en.lproj/Localizable.strings#L3371
iOS,labels,DuckDuckGo,new.address.bar.picker.not.now,,Not Now,Not now button for the new address bar picker,,,true,,,apps/apple/iOS/DuckDuckGo/en.lproj/Localizable.strings,3416,https://github.com/duckduckgo/apple-browsers/blob/42b742242ce4057dd26a170b05b99f25a62099ad/iOS/DuckDuckGo/en.lproj/Localizable.strings#L3416
iOS,labels,DuckDuckGo,new.address.bar.picker.search.and.ai,,Search & Duck.ai,Option for search and AI in the new address bar picker,,,true,,,apps/apple/iOS/DuckDuckGo/en.lproj/Localizable.strings,3425,https://github.com/duckduckgo/apple-browsers/blob/42b742242ce4057dd26a170b05b99f25a62099ad/iOS/DuckDuckGo/en.lproj/Localizable.strings#L3425
iOS,labels,DuckDuckGo,new.address.bar.picker.search.only,,Search Only,Option for search only in the new address bar picker,,,true,,,apps/apple/iOS/DuckDuckGo/en.lproj/Localizable.strings,3428,https://github.com/duckduckgo/apple-browsers/blob/42b742242ce4057dd26a170b05b99f25a62099ad/iOS/DuckDuckGo/en.lproj/Localizable.strings#L3428
iOS,labels,DuckDuckGo,new.address.bar.picker.subheadline.private,,Want easier access to private AI chat?,Headline for the new address bar picker modal,,,true,,,apps/apple/iOS/DuckDuckGo/en.lproj/Localizable.strings,3431,https://github.com/duckduckgo/apple-browsers/blob/42b742242ce4057dd26a170b05b99f25a62099ad/iOS/DuckDuckGo/en.lproj/Localizable.strings#L3431
iOS,labels,DuckDuckGo,onboarding.highlights.addressBarPosition.default,,(default),Indicates what address bar option (Top/Bottom) is the default one. E.g. Top (Default),,,true,,,apps/apple/iOS/DuckDuckGo/en.lproj/Localizable.strings,3530,https://github.com/duckduckgo/apple-browsers/blob/42b742242ce4057dd26a170b05b99f25a62099ad/iOS/DuckDuckGo/en.lproj/Localizable.strings#L3530
iOS,labels,DuckDuckGo,onboarding.highlights.duckAIQuery.suggestion.option1,,Explain the stock market like I'm 10,First suggestion chip label in onboarding Duck.ai query selection screen.,,,true,,,apps/apple/iOS/DuckDuckGo/en.lproj/Localizable.strings,3569,https://github.com/duckduckgo/apple-browsers/blob/42b742242ce4057dd26a170b05b99f25a62099ad/iOS/DuckDuckGo/en.lproj/Localizable.strings#L3569
iOS,labels,DuckDuckGo,onboarding.highlights.duckAIQuery.suggestion.option2,,Plan a perfect day in London,Second suggestion chip label in onboarding Duck.ai query selection screen.,,,true,,,apps/apple/iOS/DuckDuckGo/en.lproj/Localizable.strings,3572,https://github.com/duckduckgo/apple-browsers/blob/42b742242ce4057dd26a170b05b99f25a62099ad/iOS/DuckDuckGo/en.lproj/Localizable.strings#L3572
iOS,labels,DuckDuckGo,onboarding.highlights.duckAIQuery.toggle.ai,,Ask AI,Label for the AI Chat option in the Search/Ask AI toggle on the onboarding screen.,,,true,,,apps/apple/iOS/DuckDuckGo/en.lproj/Localizable.strings,3581,https://github.com/duckduckgo/apple-browsers/blob/42b742242ce4057dd26a170b05b99f25a62099ad/iOS/DuckDuckGo/en.lproj/Localizable.strings#L3581
iOS,labels,DuckDuckGo,onboardingDefaultBrowserMaybeLater,,Maybe Later,No comment provided by engineer.,,,true,,,apps/apple/iOS/DuckDuckGo/en.lproj/Localizable.strings,3695,https://github.com/duckduckgo/apple-browsers/blob/42b742242ce4057dd26a170b05b99f25a62099ad/iOS/DuckDuckGo/en.lproj/Localizable.strings#L3695
iOS,labels,DuckDuckGo,onboardingSetAsDefaultBrowser,,Set as Default Browser,No comment provided by engineer.,,,true,,,apps/apple/iOS/DuckDuckGo/en.lproj/Localizable.strings,3701,https://github.com/duckduckgo/apple-browsers/blob/42b742242ce4057dd26a170b05b99f25a62099ad/iOS/DuckDuckGo/en.lproj/Localizable.strings#L3701
iOS,labels,DuckDuckGo,paid-duck-ai.feedback-form.category.access-subscription-models,,Unable to access the subscriber-only Duck.ai models,Description for the feedback form when there is an issue with accessing the paid tier models,,,true,,,apps/apple/iOS/DuckDuckGo/en.lproj/Localizable.strings,3716,https://github.com/duckduckgo/apple-browsers/blob/42b742242ce4057dd26a170b05b99f25a62099ad/iOS/DuckDuckGo/en.lproj/Localizable.strings#L3716
iOS,labels,DuckDuckGo,paid-duck-ai.feedback-form.category.login-third-party-browser,,Can't access Duck.ai with my subscription in other browsers,Description for the feedback form when there is an issue with logging into Duck.ai,,,true,,,apps/apple/iOS/DuckDuckGo/en.lproj/Localizable.strings,3719,https://github.com/duckduckgo/apple-browsers/blob/42b742242ce4057dd26a170b05b99f25a62099ad/iOS/DuckDuckGo/en.lproj/Localizable.strings#L3719
iOS,labels,DuckDuckGo,paid-duck-ai.feedback-form.category.select-category,,Select a category,Title for the category selection state of the paid duck.ai feedback form,,,true,,,apps/apple/iOS/DuckDuckGo/en.lproj/Localizable.strings,3722,https://github.com/duckduckgo/apple-browsers/blob/42b742242ce4057dd26a170b05b99f25a62099ad/iOS/DuckDuckGo/en.lproj/Localizable.strings#L3722
iOS,labels,DuckDuckGo,paid-duck-ai.feedback-form.category.something-else,,Other Duck.ai feedback,Description for the feedback form when the user has an issue not categorized in other options,,,true,,,apps/apple/iOS/DuckDuckGo/en.lproj/Localizable.strings,3725,https://github.com/duckduckgo/apple-browsers/blob/42b742242ce4057dd26a170b05b99f25a62099ad/iOS/DuckDuckGo/en.lproj/Localizable.strings#L3725
iOS,labels,DuckDuckGo,preferences.scam-blocker.toggle-label,,"Warn on sites flagged for scams, phishing, or malware. [Learn More](ddgQuickLink://duckduckgo.com/duckduckgo-help-pages/threat-protection/scam-blocker)","Label for toggle that enables or disables scam, phishing, and malware site warnings (do not remove or change the link)",,,true,,,apps/apple/iOS/DuckDuckGo/en.lproj/Localizable.strings,3800,https://github.com/duckduckgo/apple-browsers/blob/42b742242ce4057dd26a170b05b99f25a62099ad/iOS/DuckDuckGo/en.lproj/Localizable.strings#L3800
iOS,labels,DuckDuckGo,preferences.status-indicator.always-on,,Always On,Status indicator of a browser privacy protection feature.,,,true,,,apps/apple/iOS/DuckDuckGo/en.lproj/Localizable.strings,3809,https://github.com/duckduckgo/apple-browsers/blob/42b742242ce4057dd26a170b05b99f25a62099ad/iOS/DuckDuckGo/en.lproj/Localizable.strings#L3809
iOS,labels,DuckDuckGo,send.browser.feedback.general-feedback,,General feedback,Name of the option the user can chose to give general browser feedback,,,true,,,apps/apple/iOS/DuckDuckGo/en.lproj/Localizable.strings,3992,https://github.com/duckduckgo/apple-browsers/blob/42b742242ce4057dd26a170b05b99f25a62099ad/iOS/DuckDuckGo/en.lproj/Localizable.strings#L3992
iOS,labels,DuckDuckGo,send.browser.feedback.report-problem,,Report a problem,Name of the option the user can chose to give browser feedback about a problem they enountered,,,true,,,apps/apple/iOS/DuckDuckGo/en.lproj/Localizable.strings,3995,https://github.com/duckduckgo/apple-browsers/blob/42b742242ce4057dd26a170b05b99f25a62099ad/iOS/DuckDuckGo/en.lproj/Localizable.strings#L3995
iOS,labels,DuckDuckGo,send.browser.feedback.request-feature,,Request a feature,Name of the option the user can chose to give browser feedback about a feature they would like,,,true,,,apps/apple/iOS/DuckDuckGo/en.lproj/Localizable.strings,3998,https://github.com/duckduckgo/apple-browsers/blob/42b742242ce4057dd26a170b05b99f25a62099ad/iOS/DuckDuckGo/en.lproj/Localizable.strings#L3998
iOS,labels,DuckDuckGo,send.browser.feedback.select-category,,Select a category,Title of the picker where the user can chose the category of the feedback they want ot send.,,,true,,,apps/apple/iOS/DuckDuckGo/en.lproj/Localizable.strings,4001,https://github.com/duckduckgo/apple-browsers/blob/42b742242ce4057dd26a170b05b99f25a62099ad/iOS/DuckDuckGo/en.lproj/Localizable.strings#L4001
iOS,labels,DuckDuckGo,settings.about.ddg,,About DuckDuckGo,Settings cell for About DDG,,,true,,,apps/apple/iOS/DuckDuckGo/en.lproj/Localizable.strings,4004,https://github.com/duckduckgo/apple-browsers/blob/42b742242ce4057dd26a170b05b99f25a62099ad/iOS/DuckDuckGo/en.lproj/Localizable.strings#L4004
iOS,labels,DuckDuckGo,settings.add.to.dock,,Add App to Your Dock,Settings screen cell text for adding the app to the dock,,,true,,,apps/apple/iOS/DuckDuckGo/en.lproj/Localizable.strings,4028,https://github.com/duckduckgo/apple-browsers/blob/42b742242ce4057dd26a170b05b99f25a62099ad/iOS/DuckDuckGo/en.lproj/Localizable.strings#L4028
iOS,labels,DuckDuckGo,settings.add.widget,,Add Widget to Home Screen,Settings screen cell text for add widget to the home screen,,,true,,,apps/apple/iOS/DuckDuckGo/en.lproj/Localizable.strings,4031,https://github.com/duckduckgo/apple-browsers/blob/42b742242ce4057dd26a170b05b99f25a62099ad/iOS/DuckDuckGo/en.lproj/Localizable.strings#L4031
iOS,labels,DuckDuckGo,settings.address.bar,,Address Bar,Name of the settings subsection related to the address bar,,,true,,,apps/apple/iOS/DuckDuckGo/en.lproj/Localizable.strings,4040,https://github.com/duckduckgo/apple-browsers/blob/42b742242ce4057dd26a170b05b99f25a62099ad/iOS/DuckDuckGo/en.lproj/Localizable.strings#L4040
iOS,labels,DuckDuckGo,settings.address.trackers.animation,,Show in Address Bar,Settings screen cell title for toggling tracker blocking animation in address bar,,,true,,,apps/apple/iOS/DuckDuckGo/en.lproj/Localizable.strings,4046,https://github.com/duckduckgo/apple-browsers/blob/42b742242ce4057dd26a170b05b99f25a62099ad/iOS/DuckDuckGo/en.lproj/Localizable.strings#L4046
iOS,labels,DuckDuckGo,settings.afterInactivity.idle.interval.none,,None,Idle interval option meaning the New Tab Page is shown every time the user returns (no inactivity threshold),,,true,,,apps/apple/iOS/DuckDuckGo/en.lproj/Localizable.strings,4067,https://github.com/duckduckgo/apple-browsers/blob/42b742242ce4057dd26a170b05b99f25a62099ad/iOS/DuckDuckGo/en.lproj/Localizable.strings#L4067
iOS,labels,DuckDuckGo,settings.afterInactivity.interval.label,,Inactivity Timer,Settings picker label for the inactivity duration before showing New Tab,,,true,,,apps/apple/iOS/DuckDuckGo/en.lproj/Localizable.strings,4076,https://github.com/duckduckgo/apple-browsers/blob/42b742242ce4057dd26a170b05b99f25a62099ad/iOS/DuckDuckGo/en.lproj/Localizable.strings#L4076
iOS,labels,DuckDuckGo,settings.afterInactivity.option.openLastUsedTab,,Open Last Used Tab,Option: open last used tab when returning after inactivity,,,true,,,apps/apple/iOS/DuckDuckGo/en.lproj/Localizable.strings,4079,https://github.com/duckduckgo/apple-browsers/blob/42b742242ce4057dd26a170b05b99f25a62099ad/iOS/DuckDuckGo/en.lproj/Localizable.strings#L4079
iOS,labels,DuckDuckGo,settings.afterInactivity.option.openNewTab,,Open New Tab,Option: open New Tab when returning after inactivity,,,true,,,apps/apple/iOS/DuckDuckGo/en.lproj/Localizable.strings,4082,https://github.com/duckduckgo/apple-browsers/blob/42b742242ce4057dd26a170b05b99f25a62099ad/iOS/DuckDuckGo/en.lproj/Localizable.strings#L4082
iOS,labels,DuckDuckGo,settings.afterInactivity.v2.label,,After Inactivity,Settings picker label for what to show when returning after inactivity,,,true,,,apps/apple/iOS/DuckDuckGo/en.lproj/Localizable.strings,4085,https://github.com/duckduckgo/apple-browsers/blob/42b742242ce4057dd26a170b05b99f25a62099ad/iOS/DuckDuckGo/en.lproj/Localizable.strings#L4085
iOS,labels,DuckDuckGo,settings.aichat.duckai.settings,,Duck.ai Settings,Settings row that opens Duck.ai in a new tab,,,true,,,apps/apple/iOS/DuckDuckGo/en.lproj/Localizable.strings,4088,https://github.com/duckduckgo/apple-browsers/blob/42b742242ce4057dd26a170b05b99f25a62099ad/iOS/DuckDuckGo/en.lproj/Localizable.strings#L4088
iOS,labels,DuckDuckGo,settings.aichat.manage.shortcuts,,Manage Duck.ai Shortcuts,Top level settings for managing AI Chat shortcuts,,,true,,,apps/apple/iOS/DuckDuckGo/en.lproj/Localizable.strings,4091,https://github.com/duckduckgo/apple-browsers/blob/42b742242ce4057dd26a170b05b99f25a62099ad/iOS/DuckDuckGo/en.lproj/Localizable.strings#L4091
iOS,labels,DuckDuckGo,settings.aifeatures.assist.never,,Never,Search Assist frequency option: never show AI-assisted answers,,,true,,,apps/apple/iOS/DuckDuckGo/en.lproj/Localizable.strings,4103,https://github.com/duckduckgo/apple-browsers/blob/42b742242ce4057dd26a170b05b99f25a62099ad/iOS/DuckDuckGo/en.lproj/Localizable.strings#L4103
iOS,labels,DuckDuckGo,settings.aifeatures.assist.often,,Often,Search Assist frequency option: often show AI-assisted answers,,,true,,,apps/apple/iOS/DuckDuckGo/en.lproj/Localizable.strings,4106,https://github.com/duckduckgo/apple-browsers/blob/42b742242ce4057dd26a170b05b99f25a62099ad/iOS/DuckDuckGo/en.lproj/Localizable.strings#L4106
iOS,labels,DuckDuckGo,settings.aifeatures.assist.ondemand,,On demand,Search Assist frequency option: show AI-assisted answers on demand,,,true,,,apps/apple/iOS/DuckDuckGo/en.lproj/Localizable.strings,4109,https://github.com/duckduckgo/apple-browsers/blob/42b742242ce4057dd26a170b05b99f25a62099ad/iOS/DuckDuckGo/en.lproj/Localizable.strings#L4109
iOS,labels,DuckDuckGo,settings.aifeatures.assist.sometimes,,Sometimes,Search Assist frequency option: sometimes show AI-assisted answers,,,true,,,apps/apple/iOS/DuckDuckGo/en.lproj/Localizable.strings,4112,https://github.com/duckduckgo/apple-browsers/blob/42b742242ce4057dd26a170b05b99f25a62099ad/iOS/DuckDuckGo/en.lproj/Localizable.strings#L4112
iOS,labels,DuckDuckGo,settings.aifeatures.hide.ai.generated.images.off,,Off,Hide AI-Generated Images option: off (images shown),,,true,,,apps/apple/iOS/DuckDuckGo/en.lproj/Localizable.strings,4142,https://github.com/duckduckgo/apple-browsers/blob/42b742242ce4057dd26a170b05b99f25a62099ad/iOS/DuckDuckGo/en.lproj/Localizable.strings#L4142
iOS,labels,DuckDuckGo,settings.aifeatures.hide.ai.generated.images.on,,On,Hide AI-Generated Images option: on (images hidden),,,true,,,apps/apple/iOS/DuckDuckGo/en.lproj/Localizable.strings,4145,https://github.com/duckduckgo/apple-browsers/blob/42b742242ce4057dd26a170b05b99f25a62099ad/iOS/DuckDuckGo/en.lproj/Localizable.strings#L4145
iOS,labels,DuckDuckGo,settings.always.on,,Always On,Label describing a feature which is turned on always,,,true,,,apps/apple/iOS/DuckDuckGo/en.lproj/Localizable.strings,4151,https://github.com/duckduckgo/apple-browsers/blob/42b742242ce4057dd26a170b05b99f25a62099ad/iOS/DuckDuckGo/en.lproj/Localizable.strings#L4151
iOS,labels,DuckDuckGo,settings.appearance.address.bar,,Address Bar Position,Settings screen cell text for addess bar position,,,true,,,apps/apple/iOS/DuckDuckGo/en.lproj/Localizable.strings,4157,https://github.com/duckduckgo/apple-browsers/blob/42b742242ce4057dd26a170b05b99f25a62099ad/iOS/DuckDuckGo/en.lproj/Localizable.strings#L4157
iOS,labels,DuckDuckGo,settings.appearance.hide.tab.bar.while.scrolling,,Hide Tab Bar While Scrolling,Settings screen toggle (iPad only) that hides the tab bar and address bar while scrolling,,,true,,,apps/apple/iOS/DuckDuckGo/en.lproj/Localizable.strings,4160,https://github.com/duckduckgo/apple-browsers/blob/42b742242ce4057dd26a170b05b99f25a62099ad/iOS/DuckDuckGo/en.lproj/Localizable.strings#L4160
iOS,labels,DuckDuckGo,settings.associated.apps,,Open Links in Associated Apps,Settings screen cell for opening links in associated apps,,,true,,,apps/apple/iOS/DuckDuckGo/en.lproj/Localizable.strings,4166,https://github.com/duckduckgo/apple-browsers/blob/42b742242ce4057dd26a170b05b99f25a62099ad/iOS/DuckDuckGo/en.lproj/Localizable.strings#L4166
iOS,labels,DuckDuckGo,settings.autoclear.timing.app.exit.inactive.15min,,"App Exit, Inactive for 15 Minutes",Timing option to clear data on app exit or after 15 minutes of inactivity,,,true,,,apps/apple/iOS/DuckDuckGo/en.lproj/Localizable.strings,4193,https://github.com/duckduckgo/apple-browsers/blob/42b742242ce4057dd26a170b05b99f25a62099ad/iOS/DuckDuckGo/en.lproj/Localizable.strings#L4193
iOS,labels,DuckDuckGo,settings.autoclear.timing.app.exit.inactive.1hour,,"App Exit, Inactive for 1 Hour",Timing option to clear data on app exit or after 1 hour of inactivity,,,true,,,apps/apple/iOS/DuckDuckGo/en.lproj/Localizable.strings,4196,https://github.com/duckduckgo/apple-browsers/blob/42b742242ce4057dd26a170b05b99f25a62099ad/iOS/DuckDuckGo/en.lproj/Localizable.strings#L4196
iOS,labels,DuckDuckGo,settings.autoclear.timing.app.exit.inactive.30min,,"App Exit, Inactive for 30 Minutes",Timing option to clear data on app exit or after 30 minutes of inactivity,,,true,,,apps/apple/iOS/DuckDuckGo/en.lproj/Localizable.strings,4199,https://github.com/duckduckgo/apple-browsers/blob/42b742242ce4057dd26a170b05b99f25a62099ad/iOS/DuckDuckGo/en.lproj/Localizable.strings#L4199
iOS,labels,DuckDuckGo,settings.autoclear.timing.app.exit.inactive.5min,,"App Exit, Inactive for 5 Minutes",Timing option to clear data on app exit or after 5 minutes of inactivity,,,true,,,apps/apple/iOS/DuckDuckGo/en.lproj/Localizable.strings,4202,https://github.com/duckduckgo/apple-browsers/blob/42b742242ce4057dd26a170b05b99f25a62099ad/iOS/DuckDuckGo/en.lproj/Localizable.strings#L4202
iOS,labels,DuckDuckGo,settings.autoclear.timing.app.exit.only,,App Exit Only,Timing option to clear data only on app exit,,,true,,,apps/apple/iOS/DuckDuckGo/en.lproj/Localizable.strings,4205,https://github.com/duckduckgo/apple-browsers/blob/42b742242ce4057dd26a170b05b99f25a62099ad/iOS/DuckDuckGo/en.lproj/Localizable.strings#L4205
iOS,labels,DuckDuckGo,settings.autocomplete,,Search Suggestions,Settings screen cell for autocomplete,,,true,,,apps/apple/iOS/DuckDuckGo/en.lproj/Localizable.strings,4217,https://github.com/duckduckgo/apple-browsers/blob/42b742242ce4057dd26a170b05b99f25a62099ad/iOS/DuckDuckGo/en.lproj/Localizable.strings#L4217
iOS,labels,DuckDuckGo,settings.autocomplete.recentlyvisited,,Recently Visited Sites,Settings label for enabling or disabling recently visited sites,,,true,,,apps/apple/iOS/DuckDuckGo/en.lproj/Localizable.strings,4220,https://github.com/duckduckgo/apple-browsers/blob/42b742242ce4057dd26a170b05b99f25a62099ad/iOS/DuckDuckGo/en.lproj/Localizable.strings#L4220
iOS,labels,DuckDuckGo,settings.autolock,,Application Lock,Settings screen cell text for Application Lock,,,true,,,apps/apple/iOS/DuckDuckGo/en.lproj/Localizable.strings,4232,https://github.com/duckduckgo/apple-browsers/blob/42b742242ce4057dd26a170b05b99f25a62099ad/iOS/DuckDuckGo/en.lproj/Localizable.strings#L4232
iOS,labels,DuckDuckGo,settings.automatically.delete.data,,Automatically Delete Data,Settings screen cell text for automatic data deletion option,,,true,,,apps/apple/iOS/DuckDuckGo/en.lproj/Localizable.strings,4244,https://github.com/duckduckgo/apple-browsers/blob/42b742242ce4057dd26a170b05b99f25a62099ad/iOS/DuckDuckGo/en.lproj/Localizable.strings#L4244
iOS,labels,DuckDuckGo,settings.autoplay,,Autoplay,Settings label for the autoplay settings screen,,,true,,,apps/apple/iOS/DuckDuckGo/en.lproj/Localizable.strings,4247,https://github.com/duckduckgo/apple-browsers/blob/42b742242ce4057dd26a170b05b99f25a62099ad/iOS/DuckDuckGo/en.lproj/Localizable.strings#L4247
iOS,labels,DuckDuckGo,settings.browser.feedback,,Browser Feedback,Settings cell for Browser Feedback,,,true,,,apps/apple/iOS/DuckDuckGo/en.lproj/Localizable.strings,4256,https://github.com/duckduckgo/apple-browsers/blob/42b742242ce4057dd26a170b05b99f25a62099ad/iOS/DuckDuckGo/en.lproj/Localizable.strings#L4256
iOS,labels,DuckDuckGo,settings.complete.setup,,Complete Your Setup,The name of the settings section containing options to set up the app,,,true,,,apps/apple/iOS/DuckDuckGo/en.lproj/Localizable.strings,4265,https://github.com/duckduckgo/apple-browsers/blob/42b742242ce4057dd26a170b05b99f25a62099ad/iOS/DuckDuckGo/en.lproj/Localizable.strings#L4265
iOS,labels,DuckDuckGo,settings.cookie.pop-up-protection.protection,,Cookie Pop-Up Protection,The name of Settings category in Privacy Features related to configuration of the privacy feature related to cookie pop-ups,,,true,,,apps/apple/iOS/DuckDuckGo/en.lproj/Localizable.strings,4274,https://github.com/duckduckgo/apple-browsers/blob/42b742242ce4057dd26a170b05b99f25a62099ad/iOS/DuckDuckGo/en.lproj/Localizable.strings#L4274
iOS,labels,DuckDuckGo,settings.cookie.popups,,Manage Cookie Pop-ups,Settings screen cell text for Cookie popups,,,true,,,apps/apple/iOS/DuckDuckGo/en.lproj/Localizable.strings,4280,https://github.com/duckduckgo/apple-browsers/blob/42b742242ce4057dd26a170b05b99f25a62099ad/iOS/DuckDuckGo/en.lproj/Localizable.strings#L4280
iOS,labels,DuckDuckGo,settings.data.clearing,,Data Clearing,The name of a settings subsection related to the data clearing,,,true,,,apps/apple/iOS/DuckDuckGo/en.lproj/Localizable.strings,4295,https://github.com/duckduckgo/apple-browsers/blob/42b742242ce4057dd26a170b05b99f25a62099ad/iOS/DuckDuckGo/en.lproj/Localizable.strings#L4295
iOS,labels,DuckDuckGo,settings.default.browser,,Default Browser,The name of Settings category in Privacy Features related to configuration of the default browser,,,true,,,apps/apple/iOS/DuckDuckGo/en.lproj/Localizable.strings,4301,https://github.com/duckduckgo/apple-browsers/blob/42b742242ce4057dd26a170b05b99f25a62099ad/iOS/DuckDuckGo/en.lproj/Localizable.strings#L4301
iOS,labels,DuckDuckGo,settings.default.omnibar.mode.duckai,,Duck.ai,Option to always default the omnibar toggle to Duck.ai,,,true,,,apps/apple/iOS/DuckDuckGo/en.lproj/Localizable.strings,4304,https://github.com/duckduckgo/apple-browsers/blob/42b742242ce4057dd26a170b05b99f25a62099ad/iOS/DuckDuckGo/en.lproj/Localizable.strings#L4304
iOS,labels,DuckDuckGo,settings.default.omnibar.mode.last.used,,Last Used,Option to remember the last used omnibar toggle position,,,true,,,apps/apple/iOS/DuckDuckGo/en.lproj/Localizable.strings,4313,https://github.com/duckduckgo/apple-browsers/blob/42b742242ce4057dd26a170b05b99f25a62099ad/iOS/DuckDuckGo/en.lproj/Localizable.strings#L4313
iOS,labels,DuckDuckGo,settings.default.omnibar.mode.search,,Search,Option to always default the omnibar toggle to Search,,,true,,,apps/apple/iOS/DuckDuckGo/en.lproj/Localizable.strings,4316,https://github.com/duckduckgo/apple-browsers/blob/42b742242ce4057dd26a170b05b99f25a62099ad/iOS/DuckDuckGo/en.lproj/Localizable.strings#L4316
iOS,labels,DuckDuckGo,settings.delete.duckai.chats,,Delete Duck.ai Chats,Settings screen cell text for option to delete Duck.ai chats when using scoped fire,,,true,,,apps/apple/iOS/DuckDuckGo/en.lproj/Localizable.strings,4319,https://github.com/duckduckgo/apple-browsers/blob/42b742242ce4057dd26a170b05b99f25a62099ad/iOS/DuckDuckGo/en.lproj/Localizable.strings#L4319
iOS,labels,DuckDuckGo,settings.delete.tabs.and.data,,Delete Tabs and Data,Settings screen cell text for option to delete tabs and data,,,true,,,apps/apple/iOS/DuckDuckGo/en.lproj/Localizable.strings,4322,https://github.com/duckduckgo/apple-browsers/blob/42b742242ce4057dd26a170b05b99f25a62099ad/iOS/DuckDuckGo/en.lproj/Localizable.strings#L4322
iOS,labels,DuckDuckGo,settings.duckduckgo.on.other.platforms,,DuckDuckGo on Other Platforms,Settings cell to link users to other products by DuckDuckGo,,,true,,,apps/apple/iOS/DuckDuckGo/en.lproj/Localizable.strings,4328,https://github.com/duckduckgo/apple-browsers/blob/42b742242ce4057dd26a170b05b99f25a62099ad/iOS/DuckDuckGo/en.lproj/Localizable.strings#L4328
iOS,labels,DuckDuckGo,settings.enable.aichat,,Duck.ai,Settings screen cell text for enabling AI chat,,,true,,,apps/apple/iOS/DuckDuckGo/en.lproj/Localizable.strings,4343,https://github.com/duckduckgo/apple-browsers/blob/42b742242ce4057dd26a170b05b99f25a62099ad/iOS/DuckDuckGo/en.lproj/Localizable.strings#L4343
iOS,labels,DuckDuckGo,settings.enable.voice.search,,Enable Voice Search,Settings screen cell text for enabling voice search,,,true,,,apps/apple/iOS/DuckDuckGo/en.lproj/Localizable.strings,4352,https://github.com/duckduckgo/apple-browsers/blob/42b742242ce4057dd26a170b05b99f25a62099ad/iOS/DuckDuckGo/en.lproj/Localizable.strings#L4352
iOS,labels,DuckDuckGo,settings.feedback,,Share Feedback,Settings cell for Feedback,,,true,,,apps/apple/iOS/DuckDuckGo/en.lproj/Localizable.strings,4358,https://github.com/duckduckgo/apple-browsers/blob/42b742242ce4057dd26a170b05b99f25a62099ad/iOS/DuckDuckGo/en.lproj/Localizable.strings#L4358
iOS,labels,DuckDuckGo,settings.fireproofed.sites,,Fireproofed Sites,Settings screen cell text for Fireproofed Sites,,,true,,,apps/apple/iOS/DuckDuckGo/en.lproj/Localizable.strings,4364,https://github.com/duckduckgo/apple-browsers/blob/42b742242ce4057dd26a170b05b99f25a62099ad/iOS/DuckDuckGo/en.lproj/Localizable.strings#L4364
iOS,labels,DuckDuckGo,settings.force.website.dark.mode,,Force Dark Mode for Websites,Settings screen toggle for forcing dark mode on websites,,,true,,,apps/apple/iOS/DuckDuckGo/en.lproj/Localizable.strings,4367,https://github.com/duckduckgo/apple-browsers/blob/42b742242ce4057dd26a170b05b99f25a62099ad/iOS/DuckDuckGo/en.lproj/Localizable.strings#L4367
iOS,labels,DuckDuckGo,settings.general,,General,The name of the settings subsection containing general settings,,,true,,,apps/apple/iOS/DuckDuckGo/en.lproj/Localizable.strings,4370,https://github.com/duckduckgo/apple-browsers/blob/42b742242ce4057dd26a170b05b99f25a62099ad/iOS/DuckDuckGo/en.lproj/Localizable.strings#L4370
iOS,labels,DuckDuckGo,settings.general.default.browser,,Set as Default Browser,Settings screen cell text for setting the app as default browser,,,true,,,apps/apple/iOS/DuckDuckGo/en.lproj/Localizable.strings,4373,https://github.com/duckduckgo/apple-browsers/blob/42b742242ce4057dd26a170b05b99f25a62099ad/iOS/DuckDuckGo/en.lproj/Localizable.strings#L4373
iOS,labels,DuckDuckGo,settings.gpc,,Global Privacy Control (GPC),Settings screen cell text for GPC,,,true,,,apps/apple/iOS/DuckDuckGo/en.lproj/Localizable.strings,4376,https://github.com/duckduckgo/apple-browsers/blob/42b742242ce4057dd26a170b05b99f25a62099ad/iOS/DuckDuckGo/en.lproj/Localizable.strings#L4376
iOS,labels,DuckDuckGo,settings.icon,,App Icon,Settings screen cell text for app icon selection,,,true,,,apps/apple/iOS/DuckDuckGo/en.lproj/Localizable.strings,4379,https://github.com/duckduckgo/apple-browsers/blob/42b742242ce4057dd26a170b05b99f25a62099ad/iOS/DuckDuckGo/en.lproj/Localizable.strings#L4379
iOS,labels,DuckDuckGo,settings.import.passwords,,Import Passwords,The name of Settings category in Complete Your Setup related to importing passdwords,,,true,,,apps/apple/iOS/DuckDuckGo/en.lproj/Localizable.strings,4382,https://github.com/duckduckgo/apple-browsers/blob/42b742242ce4057dd26a170b05b99f25a62099ad/iOS/DuckDuckGo/en.lproj/Localizable.strings#L4382
iOS,labels,DuckDuckGo,settings.item.badge.new,,New,Copy for badge on settings item to show an item is new,,,true,,,apps/apple/iOS/DuckDuckGo/en.lproj/Localizable.strings,4385,https://github.com/duckduckgo/apple-browsers/blob/42b742242ce4057dd26a170b05b99f25a62099ad/iOS/DuckDuckGo/en.lproj/Localizable.strings#L4385
iOS,labels,DuckDuckGo,settings.keyboard,,Keyboard,Settings screen cell for Keyboard,,,true,,,apps/apple/iOS/DuckDuckGo/en.lproj/Localizable.strings,4388,https://github.com/duckduckgo/apple-browsers/blob/42b742242ce4057dd26a170b05b99f25a62099ad/iOS/DuckDuckGo/en.lproj/Localizable.strings#L4388
iOS,labels,DuckDuckGo,settings.logins,,Passwords & Autofill,Settings screen cell text for passwords,,,true,,,apps/apple/iOS/DuckDuckGo/en.lproj/Localizable.strings,4397,https://github.com/duckduckgo/apple-browsers/blob/42b742242ce4057dd26a170b05b99f25a62099ad/iOS/DuckDuckGo/en.lproj/Localizable.strings#L4397
iOS,labels,DuckDuckGo,settings.main.settings,,Main Settings,The name of the settings section containing main settings,,,true,,,apps/apple/iOS/DuckDuckGo/en.lproj/Localizable.strings,4400,https://github.com/duckduckgo/apple-browsers/blob/42b742242ce4057dd26a170b05b99f25a62099ad/iOS/DuckDuckGo/en.lproj/Localizable.strings#L4400
iOS,labels,DuckDuckGo,settings.next.steps,,Next Steps,The name of a settings category listing next steps,,,true,,,apps/apple/iOS/DuckDuckGo/en.lproj/Localizable.strings,4418,https://github.com/duckduckgo/apple-browsers/blob/42b742242ce4057dd26a170b05b99f25a62099ad/iOS/DuckDuckGo/en.lproj/Localizable.strings#L4418
iOS,labels,DuckDuckGo,settings.off,,Off,Label describing a feature which is turned off,,,true,,,apps/apple/iOS/DuckDuckGo/en.lproj/Localizable.strings,4424,https://github.com/duckduckgo/apple-browsers/blob/42b742242ce4057dd26a170b05b99f25a62099ad/iOS/DuckDuckGo/en.lproj/Localizable.strings#L4424
iOS,labels,DuckDuckGo,settings.on,,On,Label describing a feature which is turned on,,,true,,,apps/apple/iOS/DuckDuckGo/en.lproj/Localizable.strings,4427,https://github.com/duckduckgo/apple-browsers/blob/42b742242ce4057dd26a170b05b99f25a62099ad/iOS/DuckDuckGo/en.lproj/Localizable.strings#L4427
iOS,labels,DuckDuckGo,settings.previews,,Long-Press Previews,Settings screen cell for long press previews,,,true,,,apps/apple/iOS/DuckDuckGo/en.lproj/Localizable.strings,4433,https://github.com/duckduckgo/apple-browsers/blob/42b742242ce4057dd26a170b05b99f25a62099ad/iOS/DuckDuckGo/en.lproj/Localizable.strings#L4433
iOS,labels,DuckDuckGo,settings.private.search,,Private Search,The name of Settings category in Privacy Features related to configuration of the search,,,true,,,apps/apple/iOS/DuckDuckGo/en.lproj/Localizable.strings,4439,https://github.com/duckduckgo/apple-browsers/blob/42b742242ce4057dd26a170b05b99f25a62099ad/iOS/DuckDuckGo/en.lproj/Localizable.strings#L4439
iOS,labels,DuckDuckGo,settings.returnToShortcut.label,,‘Return to’ Shortcut,Settings toggle label for showing a shortcut back to the last used tab on the New Tab Page after inactivity,,,true,,,apps/apple/iOS/DuckDuckGo/en.lproj/Localizable.strings,4454,https://github.com/duckduckgo/apple-browsers/blob/42b742242ce4057dd26a170b05b99f25a62099ad/iOS/DuckDuckGo/en.lproj/Localizable.strings#L4454
iOS,labels,DuckDuckGo,settings.send.crash.reports,,Send Crash Reports,Settings cell for Send Crash Reports,,,true,,,apps/apple/iOS/DuckDuckGo/en.lproj/Localizable.strings,4460,https://github.com/duckduckgo/apple-browsers/blob/42b742242ce4057dd26a170b05b99f25a62099ad/iOS/DuckDuckGo/en.lproj/Localizable.strings#L4460
iOS,labels,DuckDuckGo,settings.set.default.browser,,Set As Default Browser,The name of Settings category in Complete Your Setup related to configuration of the default browser,,,true,,,apps/apple/iOS/DuckDuckGo/en.lproj/Localizable.strings,4466,https://github.com/duckduckgo/apple-browsers/blob/42b742242ce4057dd26a170b05b99f25a62099ad/iOS/DuckDuckGo/en.lproj/Localizable.strings#L4466
iOS,labels,DuckDuckGo,settings.set.your.address.bar.position,,Set Your Address Bar Position,Settings screen cell text for setting address bar position,,,true,,,apps/apple/iOS/DuckDuckGo/en.lproj/Localizable.strings,4469,https://github.com/duckduckgo/apple-browsers/blob/42b742242ce4057dd26a170b05b99f25a62099ad/iOS/DuckDuckGo/en.lproj/Localizable.strings#L4469
iOS,labels,DuckDuckGo,settings.subscription.description.no.duck.ai.row,,Subscribers get our VPN and Identity Theft Restoration.,Privacy pro description subtitle in settings,,,true,,,apps/apple/iOS/DuckDuckGo/en.lproj/Localizable.strings,4487,https://github.com/duckduckgo/apple-browsers/blob/42b742242ce4057dd26a170b05b99f25a62099ad/iOS/DuckDuckGo/en.lproj/Localizable.strings#L4487
iOS,labels,DuckDuckGo,settings.subscription.description.row,,"Subscribers get our VPN, advanced AI models in Duck.ai, and Identity Theft Restoration.",Privacy pro description subtitle in settings,,,true,,,apps/apple/iOS/DuckDuckGo/en.lproj/Localizable.strings,4493,https://github.com/duckduckgo/apple-browsers/blob/42b742242ce4057dd26a170b05b99f25a62099ad/iOS/DuckDuckGo/en.lproj/Localizable.strings#L4493
iOS,labels,DuckDuckGo,settings.subscription.feedback,,DuckDuckGo Subscription,Settings cell for Subscription Feedback,,,true,,,apps/apple/iOS/DuckDuckGo/en.lproj/Localizable.strings,4502,https://github.com/duckduckgo/apple-browsers/blob/42b742242ce4057dd26a170b05b99f25a62099ad/iOS/DuckDuckGo/en.lproj/Localizable.strings#L4502
iOS,labels,DuckDuckGo,settings.subscription.Section,,DuckDuckGo Subscription,Product name for the subscription bundle,,,true,,,apps/apple/iOS/DuckDuckGo/en.lproj/Localizable.strings,4514,https://github.com/duckduckgo/apple-browsers/blob/42b742242ce4057dd26a170b05b99f25a62099ad/iOS/DuckDuckGo/en.lproj/Localizable.strings#L4514
iOS,labels,DuckDuckGo,settings.sync,,Sync & Backup,Settings screen cell text for sync and backup,,,true,,,apps/apple/iOS/DuckDuckGo/en.lproj/Localizable.strings,4535,https://github.com/duckduckgo/apple-browsers/blob/42b742242ce4057dd26a170b05b99f25a62099ad/iOS/DuckDuckGo/en.lproj/Localizable.strings#L4535
iOS,labels,DuckDuckGo,settings.tab.switcher.show.tracker.count,,Show in Tabs Manager,Settings screen cell title for toggling tracker blocking animation in tabs manager,,,true,,,apps/apple/iOS/DuckDuckGo/en.lproj/Localizable.strings,4538,https://github.com/duckduckgo/apple-browsers/blob/42b742242ce4057dd26a170b05b99f25a62099ad/iOS/DuckDuckGo/en.lproj/Localizable.strings#L4538
iOS,labels,DuckDuckGo,settings.theme,,Theme,Settings screen cell text for theme,,,true,,,apps/apple/iOS/DuckDuckGo/en.lproj/Localizable.strings,4547,https://github.com/duckduckgo/apple-browsers/blob/42b742242ce4057dd26a170b05b99f25a62099ad/iOS/DuckDuckGo/en.lproj/Localizable.strings#L4547
iOS,labels,DuckDuckGo,settings.unprotected.sites,,Unprotected Sites,Settings screen cell text for Unprotected Sites,,,true,,,apps/apple/iOS/DuckDuckGo/en.lproj/Localizable.strings,4619,https://github.com/duckduckgo/apple-browsers/blob/42b742242ce4057dd26a170b05b99f25a62099ad/iOS/DuckDuckGo/en.lproj/Localizable.strings#L4619
iOS,labels,DuckDuckGo,settings.version,,Version,Settings cell for Version,,,true,,,apps/apple/iOS/DuckDuckGo/en.lproj/Localizable.strings,4628,https://github.com/duckduckgo/apple-browsers/blob/42b742242ce4057dd26a170b05b99f25a62099ad/iOS/DuckDuckGo/en.lproj/Localizable.strings#L4628
iOS,labels,DuckDuckGo,settings.voice.search,,Private Voice Search,Settings screen cell for voice search,,,true,,,apps/apple/iOS/DuckDuckGo/en.lproj/Localizable.strings,4631,https://github.com/duckduckgo/apple-browsers/blob/42b742242ce4057dd26a170b05b99f25a62099ad/iOS/DuckDuckGo/en.lproj/Localizable.strings#L4631
iOS,labels,DuckDuckGo,settings.web.tracking.protection,,Web Tracking Protection,The name of Settings category in Privacy Features related to configuration of the web tracking protection feature,,,true,,,apps/apple/iOS/DuckDuckGo/en.lproj/Localizable.strings,4634,https://github.com/duckduckgo/apple-browsers/blob/42b742242ce4057dd26a170b05b99f25a62099ad/iOS/DuckDuckGo/en.lproj/Localizable.strings#L4634
iOS,labels,DuckDuckGo,settings.whats.new,,What’s New,Settings cell title to show users the What’s New prompt,,,true,,,apps/apple/iOS/DuckDuckGo/en.lproj/Localizable.strings,4649,https://github.com/duckduckgo/apple-browsers/blob/42b742242ce4057dd26a170b05b99f25a62099ad/iOS/DuckDuckGo/en.lproj/Localizable.strings#L4649
iOS,labels,DuckDuckGo,sync.pairing-v2.unknown-peer-name,,the other device,Fallback device name for confirmation dialogs,,,true,,,apps/apple/iOS/DuckDuckGo/en.lproj/Localizable.strings,4967,https://github.com/duckduckgo/apple-browsers/blob/42b742242ce4057dd26a170b05b99f25a62099ad/iOS/DuckDuckGo/en.lproj/Localizable.strings#L4967
iOS,labels,DuckDuckGo,sync.user.auth.reason,,Unlock device to set up Sync & Backup,Reason for auth when setting up Sync,,,true,,,apps/apple/iOS/DuckDuckGo/en.lproj/Localizable.strings,5060,https://github.com/duckduckgo/apple-browsers/blob/42b742242ce4057dd26a170b05b99f25a62099ad/iOS/DuckDuckGo/en.lproj/Localizable.strings#L5060
iOS,labels,DuckDuckGo,tab.close.closeFireTab,,Close fire tab,Accessibility label on tab cell,,,true,,,apps/apple/iOS/DuckDuckGo/en.lproj/Localizable.strings,5075,https://github.com/duckduckgo/apple-browsers/blob/42b742242ce4057dd26a170b05b99f25a62099ad/iOS/DuckDuckGo/en.lproj/Localizable.strings#L5075
iOS,labels,DuckDuckGo,tab.close.closeNewTab,,Close tab,Accessibility label on tab cell,,,true,,,apps/apple/iOS/DuckDuckGo/en.lproj/Localizable.strings,5078,https://github.com/duckduckgo/apple-browsers/blob/42b742242ce4057dd26a170b05b99f25a62099ad/iOS/DuckDuckGo/en.lproj/Localizable.strings#L5078
iOS,labels,DuckDuckGo,tab.open.home,,Open home tab,Accessibility label on tab cell,,,true,,,apps/apple/iOS/DuckDuckGo/en.lproj/Localizable.strings,5093,https://github.com/duckduckgo/apple-browsers/blob/42b742242ce4057dd26a170b05b99f25a62099ad/iOS/DuckDuckGo/en.lproj/Localizable.strings#L5093
iOS,labels,DuckDuckGo,tab.open.new,,Open new tab,Accessibility label on tab cell,,,true,,,apps/apple/iOS/DuckDuckGo/en.lproj/Localizable.strings,5096,https://github.com/duckduckgo/apple-browsers/blob/42b742242ce4057dd26a170b05b99f25a62099ad/iOS/DuckDuckGo/en.lproj/Localizable.strings#L5096
iOS,labels,DuckDuckGo,tab.open.newFireTab,,Open fire tab,Accessibility label on tab cell,,,true,,,apps/apple/iOS/DuckDuckGo/en.lproj/Localizable.strings,5099,https://github.com/duckduckgo/apple-browsers/blob/42b742242ce4057dd26a170b05b99f25a62099ad/iOS/DuckDuckGo/en.lproj/Localizable.strings#L5099
iOS,labels,DuckDuckGo,tab.select.all,,Select All,Select all tabs,,,true,,,apps/apple/iOS/DuckDuckGo/en.lproj/Localizable.strings,5105,https://github.com/duckduckgo/apple-browsers/blob/42b742242ce4057dd26a170b05b99f25a62099ad/iOS/DuckDuckGo/en.lproj/Localizable.strings#L5105
iOS,labels,DuckDuckGo,tab.select.none,,Deselect All,Deselect all tabs,,,true,,,apps/apple/iOS/DuckDuckGo/en.lproj/Localizable.strings,5108,https://github.com/duckduckgo/apple-browsers/blob/42b742242ce4057dd26a170b05b99f25a62099ad/iOS/DuckDuckGo/en.lproj/Localizable.strings#L5108
iOS,labels,DuckDuckGo,tab.switcher.bookmarkAll,,Bookmark All Tabs,Bookmark all tabs menu item,,,true,,,apps/apple/iOS/DuckDuckGo/en.lproj/Localizable.strings,5114,https://github.com/duckduckgo/apple-browsers/blob/42b742242ce4057dd26a170b05b99f25a62099ad/iOS/DuckDuckGo/en.lproj/Localizable.strings#L5114
iOS,labels,DuckDuckGo,theme.acc.dark,,Dark,Dark Theme entry,,,true,,,apps/apple/iOS/DuckDuckGo/en.lproj/Localizable.strings,5147,https://github.com/duckduckgo/apple-browsers/blob/42b742242ce4057dd26a170b05b99f25a62099ad/iOS/DuckDuckGo/en.lproj/Localizable.strings#L5147
iOS,labels,DuckDuckGo,theme.acc.default,,System,Short entry for Default System theme,,,true,,,apps/apple/iOS/DuckDuckGo/en.lproj/Localizable.strings,5150,https://github.com/duckduckgo/apple-browsers/blob/42b742242ce4057dd26a170b05b99f25a62099ad/iOS/DuckDuckGo/en.lproj/Localizable.strings#L5150
iOS,labels,DuckDuckGo,theme.acc.light,,Light,Light Theme entry,,,true,,,apps/apple/iOS/DuckDuckGo/en.lproj/Localizable.strings,5153,https://github.com/duckduckgo/apple-browsers/blob/42b742242ce4057dd26a170b05b99f25a62099ad/iOS/DuckDuckGo/en.lproj/Localizable.strings#L5153
iOS,labels,DuckDuckGo,theme.name.dark,,Dark,Dark Theme entry,,,true,,,apps/apple/iOS/DuckDuckGo/en.lproj/Localizable.strings,5156,https://github.com/duckduckgo/apple-browsers/blob/42b742242ce4057dd26a170b05b99f25a62099ad/iOS/DuckDuckGo/en.lproj/Localizable.strings#L5156
iOS,labels,DuckDuckGo,theme.name.default,,System Default,Entry for Default System theme,,,true,,,apps/apple/iOS/DuckDuckGo/en.lproj/Localizable.strings,5159,https://github.com/duckduckgo/apple-browsers/blob/42b742242ce4057dd26a170b05b99f25a62099ad/iOS/DuckDuckGo/en.lproj/Localizable.strings#L5159
iOS,labels,DuckDuckGo,theme.name.light,,Light,Light Theme entry,,,true,,,apps/apple/iOS/DuckDuckGo/en.lproj/Localizable.strings,5162,https://github.com/duckduckgo/apple-browsers/blob/42b742242ce4057dd26a170b05b99f25a62099ad/iOS/DuckDuckGo/en.lproj/Localizable.strings#L5162
iOS,labels,DuckDuckGo,voice-search-toggle-serp-option,,Search,Voice search toggle option for searching on the web,,,true,,,apps/apple/iOS/DuckDuckGo/en.lproj/Localizable.strings,5180,https://github.com/duckduckgo/apple-browsers/blob/42b742242ce4057dd26a170b05b99f25a62099ad/iOS/DuckDuckGo/en.lproj/Localizable.strings#L5180
iOS,labels,DuckDuckGo,vpn.feedback-form.category.browser-crash-or-freeze,,VPN causes browser to crash or freeze,Title for the browser crash/freeze category of the VPN feedback form,,,true,,,apps/apple/iOS/DuckDuckGo/en.lproj/Localizable.strings,5264,https://github.com/duckduckgo/apple-browsers/blob/42b742242ce4057dd26a170b05b99f25a62099ad/iOS/DuckDuckGo/en.lproj/Localizable.strings#L5264
iOS,labels,DuckDuckGo,vpn.feedback-form.category.fails-to-connect,,VPN fails to connect,Title for the 'VPN fails to connect' category of the VPN feedback form,,,true,,,apps/apple/iOS/DuckDuckGo/en.lproj/Localizable.strings,5267,https://github.com/duckduckgo/apple-browsers/blob/42b742242ce4057dd26a170b05b99f25a62099ad/iOS/DuckDuckGo/en.lproj/Localizable.strings#L5267
iOS,labels,DuckDuckGo,vpn.feedback-form.category.feature-request,,VPN feature request,Title for the 'VPN feature request' category of the VPN feedback form,,,true,,,apps/apple/iOS/DuckDuckGo/en.lproj/Localizable.strings,5270,https://github.com/duckduckgo/apple-browsers/blob/42b742242ce4057dd26a170b05b99f25a62099ad/iOS/DuckDuckGo/en.lproj/Localizable.strings#L5270
iOS,labels,DuckDuckGo,vpn.feedback-form.category.issues-with-apps,,VPN causes issues with other apps or websites,Title for the category 'VPN causes issues with other apps or websites' category of the VPN feedback form,,,true,,,apps/apple/iOS/DuckDuckGo/en.lproj/Localizable.strings,5273,https://github.com/duckduckgo/apple-browsers/blob/42b742242ce4057dd26a170b05b99f25a62099ad/iOS/DuckDuckGo/en.lproj/Localizable.strings#L5273
iOS,labels,DuckDuckGo,vpn.feedback-form.category.local-device-connectivity,,VPN won't let me connect to local device,Title for the local device connectivity category of the VPN feedback form,,,true,,,apps/apple/iOS/DuckDuckGo/en.lproj/Localizable.strings,5276,https://github.com/duckduckgo/apple-browsers/blob/42b742242ce4057dd26a170b05b99f25a62099ad/iOS/DuckDuckGo/en.lproj/Localizable.strings#L5276
iOS,labels,DuckDuckGo,vpn.feedback-form.category.other,,Other VPN feedback,Title for the 'other VPN feedback' category of the VPN feedback form,,,true,,,apps/apple/iOS/DuckDuckGo/en.lproj/Localizable.strings,5279,https://github.com/duckduckgo/apple-browsers/blob/42b742242ce4057dd26a170b05b99f25a62099ad/iOS/DuckDuckGo/en.lproj/Localizable.strings#L5279
iOS,labels,DuckDuckGo,vpn.feedback-form.category.select-category,,Select a category,Title for the category selection state of the VPN feedback form,,,true,,,apps/apple/iOS/DuckDuckGo/en.lproj/Localizable.strings,5282,https://github.com/duckduckgo/apple-browsers/blob/42b742242ce4057dd26a170b05b99f25a62099ad/iOS/DuckDuckGo/en.lproj/Localizable.strings#L5282
iOS,labels,DuckDuckGo,vpn.feedback-form.category.too-slow,,VPN connection is too slow,Title for the 'VPN is too slow' category of the VPN feedback form,,,true,,,apps/apple/iOS/DuckDuckGo/en.lproj/Localizable.strings,5285,https://github.com/duckduckgo/apple-browsers/blob/42b742242ce4057dd26a170b05b99f25a62099ad/iOS/DuckDuckGo/en.lproj/Localizable.strings#L5285
iOS,labels,DuckDuckGo,vpn.feedback-form.category.unable-to-install,,Unable to install VPN,Title for the 'unable to install' category of the VPN feedback form,,,true,,,apps/apple/iOS/DuckDuckGo/en.lproj/Localizable.strings,5288,https://github.com/duckduckgo/apple-browsers/blob/42b742242ce4057dd26a170b05b99f25a62099ad/iOS/DuckDuckGo/en.lproj/Localizable.strings#L5288
iOS,labels,DuckDuckGo,vpn.settings.add.control-center.widget,,Add VPN to Control Center,VPN settings screen cell text for adding the VPN widget to the control center,,,true,,,apps/apple/iOS/DuckDuckGo/en.lproj/Localizable.strings,5321,https://github.com/duckduckgo/apple-browsers/blob/42b742242ce4057dd26a170b05b99f25a62099ad/iOS/DuckDuckGo/en.lproj/Localizable.strings#L5321
iOS,labels,DuckDuckGo,vpn.settings.add.widget,,Add VPN Widget to Home Screen,VPN settings screen cell text for adding the VPN widget to the home screen,,,true,,,apps/apple/iOS/DuckDuckGo/en.lproj/Localizable.strings,5324,https://github.com/duckduckgo/apple-browsers/blob/42b742242ce4057dd26a170b05b99f25a62099ad/iOS/DuckDuckGo/en.lproj/Localizable.strings#L5324
iOS,labels,DuckDuckGo,vpn.settings.control.with.siri,,Control VPN With Siri,VPN settings screen cell text to learn how to control the VPN with Siri,,,true,,,apps/apple/iOS/DuckDuckGo/en.lproj/Localizable.strings,5327,https://github.com/duckduckgo/apple-browsers/blob/42b742242ce4057dd26a170b05b99f25a62099ad/iOS/DuckDuckGo/en.lproj/Localizable.strings#L5327
iOS,labels,DuckDuckGo,vpn.settings.dns.server.default.value,,DuckDuckGo,Default value for the DNS Server row on the VPN Settings screen,,,true,,,apps/apple/iOS/DuckDuckGo/en.lproj/Localizable.strings,5348,https://github.com/duckduckgo/apple-browsers/blob/42b742242ce4057dd26a170b05b99f25a62099ad/iOS/DuckDuckGo/en.lproj/Localizable.strings#L5348
iOS,labels,DuckDuckGo,vpn.settings.dns.server.option.custom,,Custom,Custom option for the DNS Server setting,,,true,,,apps/apple/iOS/DuckDuckGo/en.lproj/Localizable.strings,5354,https://github.com/duckduckgo/apple-browsers/blob/42b742242ce4057dd26a170b05b99f25a62099ad/iOS/DuckDuckGo/en.lproj/Localizable.strings#L5354
iOS,labels,DuckDuckGo,vpn.settings.dns.server.option.default,,DuckDuckGo (Recommended),Recommended option for the DNS Server setting,,,true,,,apps/apple/iOS/DuckDuckGo/en.lproj/Localizable.strings,5357,https://github.com/duckduckgo/apple-browsers/blob/42b742242ce4057dd26a170b05b99f25a62099ad/iOS/DuckDuckGo/en.lproj/Localizable.strings#L5357
iOS,labels,DuckDuckGo,waitlist.invite-code,,Invite Code,Label text for the invite code,,,true,,,apps/apple/iOS/DuckDuckGo/en.lproj/Localizable.strings,5375,https://github.com/duckduckgo/apple-browsers/blob/42b742242ce4057dd26a170b05b99f25a62099ad/iOS/DuckDuckGo/en.lproj/Localizable.strings#L5375
iOS,labels,DuckDuckGo,waitlist.join-waitlist-screen.joining,,Joining Waitlist...,Temporary status text for the Join Waitlist screen,,,true,,,apps/apple/iOS/DuckDuckGo/en.lproj/Localizable.strings,5387,https://github.com/duckduckgo/apple-browsers/blob/42b742242ce4057dd26a170b05b99f25a62099ad/iOS/DuckDuckGo/en.lproj/Localizable.strings#L5387
iOS,labels,DuckDuckGo,youtube.ad.blocking.breakage-report.send,,Send Anonymous Report,Primary action sending an anonymous YouTube ad-blocking breakage report,,,true,,,apps/apple/iOS/DuckDuckGo/en.lproj/Localizable.strings,5504,https://github.com/duckduckgo/apple-browsers/blob/42b742242ce4057dd26a170b05b99f25a62099ad/iOS/DuckDuckGo/en.lproj/Localizable.strings#L5504
iOS,labels,DuckDuckGo,youtube.ad.blocking.disabled-until-relaunch,,Disabled until relaunch,Settings cell subtitle indicating YouTube ad blocking will re-enable on next app launch,,,true,,,apps/apple/iOS/DuckDuckGo/en.lproj/Localizable.strings,5510,https://github.com/duckduckgo/apple-browsers/blob/42b742242ce4057dd26a170b05b99f25a62099ad/iOS/DuckDuckGo/en.lproj/Localizable.strings#L5510
iOS,labels,DuckDuckGo,youtube.ad.blocking.mode.always-off,,Always Off,Picker option keeping YouTube ad blocking always off,,,true,,,apps/apple/iOS/DuckDuckGo/en.lproj/Localizable.strings,5522,https://github.com/duckduckgo/apple-browsers/blob/42b742242ce4057dd26a170b05b99f25a62099ad/iOS/DuckDuckGo/en.lproj/Localizable.strings#L5522
iOS,labels,DuckDuckGo,youtube.ad.blocking.mode.always-on,,Always On,Picker option keeping YouTube ad blocking always on,,,true,,,apps/apple/iOS/DuckDuckGo/en.lproj/Localizable.strings,5525,https://github.com/duckduckgo/apple-browsers/blob/42b742242ce4057dd26a170b05b99f25a62099ad/iOS/DuckDuckGo/en.lproj/Localizable.strings#L5525
iOS,labels,DuckDuckGo,youtube.ad.blocking.mode.disable-until-relaunch,,Disable Until Relaunch,Picker option disabling YouTube ad blocking until the next app launch,,,true,,,apps/apple/iOS/DuckDuckGo/en.lproj/Localizable.strings,5528,https://github.com/duckduckgo/apple-browsers/blob/42b742242ce4057dd26a170b05b99f25a62099ad/iOS/DuckDuckGo/en.lproj/Localizable.strings#L5528
iOS,labels,DuckDuckGo,youtube.ad.blocking.toggle,,Block ads on YouTube,Toggle label for enabling/disabling YouTube ad blocking,,,true,,,apps/apple/iOS/DuckDuckGo/en.lproj/Localizable.strings,5537,https://github.com/duckduckgo/apple-browsers/blob/42b742242ce4057dd26a170b05b99f25a62099ad/iOS/DuckDuckGo/en.lproj/Localizable.strings#L5537
iOS,labels,DuckDuckGo,dax.onboarding.browsing.multiple.trackers,plural:one,%1#@count@,,,,true,,,apps/apple/iOS/DuckDuckGo/en.lproj/Localizable.stringsdict,105,https://github.com/duckduckgo/apple-browsers/blob/42b742242ce4057dd26a170b05b99f25a62099ad/iOS/DuckDuckGo/en.lproj/Localizable.stringsdict#L105
iOS,labels,DuckDuckGo,dax.onboarding.browsing.multiple.trackers,plural:zero,%1#@count@,,,,true,,,apps/apple/iOS/DuckDuckGo/en.lproj/Localizable.stringsdict,105,https://github.com/duckduckgo/apple-browsers/blob/42b742242ce4057dd26a170b05b99f25a62099ad/iOS/DuckDuckGo/en.lproj/Localizable.stringsdict#L105
iOS,labels,DuckDuckGo,dax.onboarding.browsing.multiple.trackers,plural:other,%1#@count@,,,,true,,,apps/apple/iOS/DuckDuckGo/en.lproj/Localizable.stringsdict,105,https://github.com/duckduckgo/apple-browsers/blob/42b742242ce4057dd26a170b05b99f25a62099ad/iOS/DuckDuckGo/en.lproj/Localizable.stringsdict#L105
iOS,labels,DuckDuckGo,contextual.onboarding.browsing.multiple.trackers,plural:one,%1#@count@,,,,true,,,apps/apple/iOS/DuckDuckGo/en.lproj/Localizable.stringsdict,135,https://github.com/duckduckgo/apple-browsers/blob/42b742242ce4057dd26a170b05b99f25a62099ad/iOS/DuckDuckGo/en.lproj/Localizable.stringsdict#L135
iOS,labels,DuckDuckGo,contextual.onboarding.browsing.multiple.trackers,plural:zero,%1#@count@,,,,true,,,apps/apple/iOS/DuckDuckGo/en.lproj/Localizable.stringsdict,135,https://github.com/duckduckgo/apple-browsers/blob/42b742242ce4057dd26a170b05b99f25a62099ad/iOS/DuckDuckGo/en.lproj/Localizable.stringsdict#L135
iOS,labels,DuckDuckGo,contextual.onboarding.browsing.multiple.trackers,plural:other,%1#@count@,,,,true,,,apps/apple/iOS/DuckDuckGo/en.lproj/Localizable.stringsdict,135,https://github.com/duckduckgo/apple-browsers/blob/42b742242ce4057dd26a170b05b99f25a62099ad/iOS/DuckDuckGo/en.lproj/Localizable.stringsdict#L135
iOS,labels,DuckDuckGo,privacy.protection.major.trackers.found,plural:one,%d Major Tracker Found,,,%d,true,,,apps/apple/iOS/DuckDuckGo/en.lproj/Localizable.stringsdict,159,https://github.com/duckduckgo/apple-browsers/blob/42b742242ce4057dd26a170b05b99f25a62099ad/iOS/DuckDuckGo/en.lproj/Localizable.stringsdict#L159
iOS,labels,DuckDuckGo,privacy.protection.major.trackers.found,plural:other,%d Major Trackers Found,,,%d,true,,,apps/apple/iOS/DuckDuckGo/en.lproj/Localizable.stringsdict,159,https://github.com/duckduckgo/apple-browsers/blob/42b742242ce4057dd26a170b05b99f25a62099ad/iOS/DuckDuckGo/en.lproj/Localizable.stringsdict#L159
iOS,labels,DuckDuckGo,privacy.protection.major.trackers.blocked,plural:one,%d Major Tracker Blocked,,,%d,true,,,apps/apple/iOS/DuckDuckGo/en.lproj/Localizable.stringsdict,175,https://github.com/duckduckgo/apple-browsers/blob/42b742242ce4057dd26a170b05b99f25a62099ad/iOS/DuckDuckGo/en.lproj/Localizable.stringsdict#L175
iOS,labels,DuckDuckGo,privacy.protection.major.trackers.blocked,plural:other,%d Major Trackers Blocked,,,%d,true,,,apps/apple/iOS/DuckDuckGo/en.lproj/Localizable.stringsdict,175,https://github.com/duckduckgo/apple-browsers/blob/42b742242ce4057dd26a170b05b99f25a62099ad/iOS/DuckDuckGo/en.lproj/Localizable.stringsdict#L175
iOS,labels,DuckDuckGo,privacy.protection.trackers.found,plural:one,%d Tracker Found,,,%d,true,,,apps/apple/iOS/DuckDuckGo/en.lproj/Localizable.stringsdict,191,https://github.com/duckduckgo/apple-browsers/blob/42b742242ce4057dd26a170b05b99f25a62099ad/iOS/DuckDuckGo/en.lproj/Localizable.stringsdict#L191
iOS,labels,DuckDuckGo,privacy.protection.trackers.found,plural:other,%d Trackers Found,,,%d,true,,,apps/apple/iOS/DuckDuckGo/en.lproj/Localizable.stringsdict,191,https://github.com/duckduckgo/apple-browsers/blob/42b742242ce4057dd26a170b05b99f25a62099ad/iOS/DuckDuckGo/en.lproj/Localizable.stringsdict#L191
iOS,labels,DuckDuckGo,privacy.protection.trackers.blocked,plural:one,%d Tracker Blocked from Loading,,,%d,true,,,apps/apple/iOS/DuckDuckGo/en.lproj/Localizable.stringsdict,207,https://github.com/duckduckgo/apple-browsers/blob/42b742242ce4057dd26a170b05b99f25a62099ad/iOS/DuckDuckGo/en.lproj/Localizable.stringsdict#L207
iOS,labels,DuckDuckGo,privacy.protection.trackers.blocked,plural:other,%d Trackers Blocked from Loading,,,%d,true,,,apps/apple/iOS/DuckDuckGo/en.lproj/Localizable.stringsdict,207,https://github.com/duckduckgo/apple-browsers/blob/42b742242ce4057dd26a170b05b99f25a62099ad/iOS/DuckDuckGo/en.lproj/Localizable.stringsdict#L207
iOS,labels,DuckDuckGo,privacy.protection.other.domains.loaded,plural:one,%d Other Domain Loaded,,,%d,true,,,apps/apple/iOS/DuckDuckGo/en.lproj/Localizable.stringsdict,239,https://github.com/duckduckgo/apple-browsers/blob/42b742242ce4057dd26a170b05b99f25a62099ad/iOS/DuckDuckGo/en.lproj/Localizable.stringsdict#L239
iOS,labels,DuckDuckGo,privacy.protection.other.domains.loaded,plural:other,%d Other Domains Loaded,,,%d,true,,,apps/apple/iOS/DuckDuckGo/en.lproj/Localizable.stringsdict,239,https://github.com/duckduckgo/apple-browsers/blob/42b742242ce4057dd26a170b05b99f25a62099ad/iOS/DuckDuckGo/en.lproj/Localizable.stringsdict#L239
iOS,labels,DuckDuckGo,privacy.protection.first.party.trackers.loaded,plural:one,%d Tracker Owned by This Site (Loaded),,,%d,true,,,apps/apple/iOS/DuckDuckGo/en.lproj/Localizable.stringsdict,255,https://github.com/duckduckgo/apple-browsers/blob/42b742242ce4057dd26a170b05b99f25a62099ad/iOS/DuckDuckGo/en.lproj/Localizable.stringsdict#L255
iOS,labels,DuckDuckGo,privacy.protection.first.party.trackers.loaded,plural:other,%d Trackers Owned by This Site (Loaded),,,%d,true,,,apps/apple/iOS/DuckDuckGo/en.lproj/Localizable.stringsdict,255,https://github.com/duckduckgo/apple-browsers/blob/42b742242ce4057dd26a170b05b99f25a62099ad/iOS/DuckDuckGo/en.lproj/Localizable.stringsdict#L255
iOS,labels,DuckDuckGo,number.of.tabs,plural:one,%d Private Tab,,,%d,true,,,apps/apple/iOS/DuckDuckGo/en.lproj/Localizable.stringsdict,271,https://github.com/duckduckgo/apple-browsers/blob/42b742242ce4057dd26a170b05b99f25a62099ad/iOS/DuckDuckGo/en.lproj/Localizable.stringsdict#L271
iOS,labels,DuckDuckGo,number.of.tabs,plural:zero,No Private Tabs,,,,true,,,apps/apple/iOS/DuckDuckGo/en.lproj/Localizable.stringsdict,271,https://github.com/duckduckgo/apple-browsers/blob/42b742242ce4057dd26a170b05b99f25a62099ad/iOS/DuckDuckGo/en.lproj/Localizable.stringsdict#L271
iOS,labels,DuckDuckGo,number.of.tabs,plural:other,%d Private Tabs,,,%d,true,,,apps/apple/iOS/DuckDuckGo/en.lproj/Localizable.stringsdict,271,https://github.com/duckduckgo/apple-browsers/blob/42b742242ce4057dd26a170b05b99f25a62099ad/iOS/DuckDuckGo/en.lproj/Localizable.stringsdict#L271
iOS,labels,DuckDuckGo,autofill.number.of.passwords,plural:other,%d passwords,,,%d,true,,,apps/apple/iOS/DuckDuckGo/en.lproj/Localizable.stringsdict,289,https://github.com/duckduckgo/apple-browsers/blob/42b742242ce4057dd26a170b05b99f25a62099ad/iOS/DuckDuckGo/en.lproj/Localizable.stringsdict#L289
iOS,labels,DuckDuckGo,autofill.number.of.passwords,plural:one,%d password,,,%d,true,,,apps/apple/iOS/DuckDuckGo/en.lproj/Localizable.stringsdict,289,https://github.com/duckduckgo/apple-browsers/blob/42b742242ce4057dd26a170b05b99f25a62099ad/iOS/DuckDuckGo/en.lproj/Localizable.stringsdict#L289
iOS,labels,DuckDuckGo,autofill.delete.all.passwords.completion,plural:other,%d passwords deleted,,,%d,true,,,apps/apple/iOS/DuckDuckGo/en.lproj/Localizable.stringsdict,375,https://github.com/duckduckgo/apple-browsers/blob/42b742242ce4057dd26a170b05b99f25a62099ad/iOS/DuckDuckGo/en.lproj/Localizable.stringsdict#L375
iOS,labels,DuckDuckGo,autofill.delete.all.passwords.completion,plural:one,%d password deleted,,,%d,true,,,apps/apple/iOS/DuckDuckGo/en.lproj/Localizable.stringsdict,375,https://github.com/duckduckgo/apple-browsers/blob/42b742242ce4057dd26a170b05b99f25a62099ad/iOS/DuckDuckGo/en.lproj/Localizable.stringsdict#L375
iOS,labels,DuckDuckGo,tab.switcher.select-tabs.withCount,plural:other,Select Tabs,,,,true,,,apps/apple/iOS/DuckDuckGo/en.lproj/Localizable.stringsdict,555,https://github.com/duckduckgo/apple-browsers/blob/42b742242ce4057dd26a170b05b99f25a62099ad/iOS/DuckDuckGo/en.lproj/Localizable.stringsdict#L555
iOS,labels,DuckDuckGo,tab.switcher.select-tabs.withCount,plural:one,Select Tab,,,,true,,,apps/apple/iOS/DuckDuckGo/en.lproj/Localizable.stringsdict,555,https://github.com/duckduckgo/apple-browsers/blob/42b742242ce4057dd26a170b05b99f25a62099ad/iOS/DuckDuckGo/en.lproj/Localizable.stringsdict#L555
iOS,labels,DuckDuckGo,shareLinks.withCount,plural:other,Share %d Links,,,%d,true,,,apps/apple/iOS/DuckDuckGo/en.lproj/Localizable.stringsdict,587,https://github.com/duckduckgo/apple-browsers/blob/42b742242ce4057dd26a170b05b99f25a62099ad/iOS/DuckDuckGo/en.lproj/Localizable.stringsdict#L587
iOS,labels,DuckDuckGo,shareLinks.withCount,plural:one,Share Link,,,,true,,,apps/apple/iOS/DuckDuckGo/en.lproj/Localizable.stringsdict,587,https://github.com/duckduckgo/apple-browsers/blob/42b742242ce4057dd26a170b05b99f25a62099ad/iOS/DuckDuckGo/en.lproj/Localizable.stringsdict#L587
iOS,labels,DuckDuckGo,shareSelectedTabs.withCount,plural:other,Share Selected Tabs,,,,true,,,apps/apple/iOS/DuckDuckGo/en.lproj/Localizable.stringsdict,603,https://github.com/duckduckgo/apple-browsers/blob/42b742242ce4057dd26a170b05b99f25a62099ad/iOS/DuckDuckGo/en.lproj/Localizable.stringsdict#L603
iOS,labels,DuckDuckGo,shareSelectedTabs.withCount,plural:one,Share Selected Tab,,,,true,,,apps/apple/iOS/DuckDuckGo/en.lproj/Localizable.stringsdict,603,https://github.com/duckduckgo/apple-browsers/blob/42b742242ce4057dd26a170b05b99f25a62099ad/iOS/DuckDuckGo/en.lproj/Localizable.stringsdict#L603
iOS,labels,DuckDuckGo,bookmark.selected.tabs.with.count,plural:other,Bookmark %d Tabs,,,%d,true,,,apps/apple/iOS/DuckDuckGo/en.lproj/Localizable.stringsdict,619,https://github.com/duckduckgo/apple-browsers/blob/42b742242ce4057dd26a170b05b99f25a62099ad/iOS/DuckDuckGo/en.lproj/Localizable.stringsdict#L619
iOS,labels,DuckDuckGo,bookmark.selected.tabs.with.count,plural:one,Bookmark Tab,,,,true,,,apps/apple/iOS/DuckDuckGo/en.lproj/Localizable.stringsdict,619,https://github.com/duckduckgo/apple-browsers/blob/42b742242ce4057dd26a170b05b99f25a62099ad/iOS/DuckDuckGo/en.lproj/Localizable.stringsdict#L619
iOS,labels,DuckDuckGo,tabsBookmarked.withCount,plural:other,%d bookmarks added,,,%d,true,,,apps/apple/iOS/DuckDuckGo/en.lproj/Localizable.stringsdict,635,https://github.com/duckduckgo/apple-browsers/blob/42b742242ce4057dd26a170b05b99f25a62099ad/iOS/DuckDuckGo/en.lproj/Localizable.stringsdict#L635
iOS,labels,DuckDuckGo,tabsBookmarked.withCount,plural:one,Bookmark added,,,,true,,,apps/apple/iOS/DuckDuckGo/en.lproj/Localizable.stringsdict,635,https://github.com/duckduckgo/apple-browsers/blob/42b742242ce4057dd26a170b05b99f25a62099ad/iOS/DuckDuckGo/en.lproj/Localizable.stringsdict#L635
iOS,labels,DuckDuckGo,numberOfSelectedTabs.withCount,plural:other,%d Selected,,,%d,true,,,apps/apple/iOS/DuckDuckGo/en.lproj/Localizable.stringsdict,683,https://github.com/duckduckgo/apple-browsers/blob/42b742242ce4057dd26a170b05b99f25a62099ad/iOS/DuckDuckGo/en.lproj/Localizable.stringsdict#L683
iOS,labels,SyncUI-iOS,auto.restore.settings.row.label,,Restore on App Reinstall,Auto-Restore Settings Row - Label,,,true,,,apps/apple/iOS/LocalPackages/SyncUI-iOS/Sources/SyncUI-iOS/Resources/en.lproj/Localizable.strings,20,https://github.com/duckduckgo/apple-browsers/blob/42b742242ce4057dd26a170b05b99f25a62099ad/iOS/LocalPackages/SyncUI-iOS/Sources/SyncUI-iOS/Resources/en.lproj/Localizable.strings#L20
iOS,labels,SyncUI-iOS,auto.restore.settings.row.off,,Off,Auto-Restore Settings Row - Off,,,true,,,apps/apple/iOS/LocalPackages/SyncUI-iOS/Sources/SyncUI-iOS/Resources/en.lproj/Localizable.strings,23,https://github.com/duckduckgo/apple-browsers/blob/42b742242ce4057dd26a170b05b99f25a62099ad/iOS/LocalPackages/SyncUI-iOS/Sources/SyncUI-iOS/Resources/en.lproj/Localizable.strings#L23
iOS,labels,SyncUI-iOS,auto.restore.settings.row.on,,On,Auto-Restore Settings Row - On,,,true,,,apps/apple/iOS/LocalPackages/SyncUI-iOS/Sources/SyncUI-iOS/Resources/en.lproj/Localizable.strings,26,https://github.com/duckduckgo/apple-browsers/blob/42b742242ce4057dd26a170b05b99f25a62099ad/iOS/LocalPackages/SyncUI-iOS/Sources/SyncUI-iOS/Resources/en.lproj/Localizable.strings#L26
iOS,labels,SyncUI-iOS,camera.permission.required,,Camera Permission is Required,Camera View - Permission Required,,,true,,,apps/apple/iOS/LocalPackages/SyncUI-iOS/Sources/SyncUI-iOS/Resources/en.lproj/Localizable.strings,47,https://github.com/duckduckgo/apple-browsers/blob/42b742242ce4057dd26a170b05b99f25a62099ad/iOS/LocalPackages/SyncUI-iOS/Sources/SyncUI-iOS/Resources/en.lproj/Localizable.strings#L47
iOS,labels,SyncUI-iOS,recovering.data.status,,Connecting...,Recovering Data Sheet - Status,,,true,,,apps/apple/iOS/LocalPackages/SyncUI-iOS/Sources/SyncUI-iOS/Resources/en.lproj/Localizable.strings,107,https://github.com/duckduckgo/apple-browsers/blob/42b742242ce4057dd26a170b05b99f25a62099ad/iOS/LocalPackages/SyncUI-iOS/Sources/SyncUI-iOS/Resources/en.lproj/Localizable.strings#L107
iOS,labels,SyncUI-iOS,sync.simplified.device.added.v2.fallback.device.name,,This device,Fallback subject used in the device-added success title when the current device's name is unavailable. Substituted as %@ in simplifiedDeviceAddedTitle.,,,true,,,apps/apple/iOS/LocalPackages/SyncUI-iOS/Sources/SyncUI-iOS/Resources/en.lproj/Localizable.strings,176,https://github.com/duckduckgo/apple-browsers/blob/42b742242ce4057dd26a170b05b99f25a62099ad/iOS/LocalPackages/SyncUI-iOS/Sources/SyncUI-iOS/Resources/en.lproj/Localizable.strings#L176
iOS,labels,SyncUI-iOS,sync.simplified.enter.code.example.label,,Example Code:,Label above the example sync code placeholder on the enter-code tab,,,true,,,apps/apple/iOS/LocalPackages/SyncUI-iOS/Sources/SyncUI-iOS/Resources/en.lproj/Localizable.strings,200,https://github.com/duckduckgo/apple-browsers/blob/42b742242ce4057dd26a170b05b99f25a62099ad/iOS/LocalPackages/SyncUI-iOS/Sources/SyncUI-iOS/Resources/en.lproj/Localizable.strings#L200
iOS,labels,SyncUI-iOS,sync.simplified.manage.device.status.synced,,Synced,Status label shown under a device name on the manage device screen when the device is synced,,,true,,,apps/apple/iOS/LocalPackages/SyncUI-iOS/Sources/SyncUI-iOS/Resources/en.lproj/Localizable.strings,233,https://github.com/duckduckgo/apple-browsers/blob/42b742242ce4057dd26a170b05b99f25a62099ad/iOS/LocalPackages/SyncUI-iOS/Sources/SyncUI-iOS/Resources/en.lproj/Localizable.strings#L233
iOS,labels,SyncUI-iOS,sync.simplified.recovery.code.label,,Recovery Code,Label above the recovery code on the recover-your-data screen,,,true,,,apps/apple/iOS/LocalPackages/SyncUI-iOS/Sources/SyncUI-iOS/Resources/en.lproj/Localizable.strings,248,https://github.com/duckduckgo/apple-browsers/blob/42b742242ce4057dd26a170b05b99f25a62099ad/iOS/LocalPackages/SyncUI-iOS/Sources/SyncUI-iOS/Resources/en.lproj/Localizable.strings#L248
iOS,labels,SyncUI-iOS,sync.simplified.scan-or-view-code.app.name,,DuckDuckGo App,Part of instruction prompt referring to the DuckDuckGo app.,,,true,,,apps/apple/iOS/LocalPackages/SyncUI-iOS/Sources/SyncUI-iOS/Resources/en.lproj/Localizable.strings,260,https://github.com/duckduckgo/apple-browsers/blob/42b742242ce4057dd26a170b05b99f25a62099ad/iOS/LocalPackages/SyncUI-iOS/Sources/SyncUI-iOS/Resources/en.lproj/Localizable.strings#L260
iOS,labels,SyncUI-iOS,sync.simplified.scan-or-view-code.connecting.status,,Connecting...,Status text when connecting devices to sync,,,true,,,apps/apple/iOS/LocalPackages/SyncUI-iOS/Sources/SyncUI-iOS/Resources/en.lproj/Localizable.strings,263,https://github.com/duckduckgo/apple-browsers/blob/42b742242ce4057dd26a170b05b99f25a62099ad/iOS/LocalPackages/SyncUI-iOS/Sources/SyncUI-iOS/Resources/en.lproj/Localizable.strings#L263
iOS,labels,SyncUI-iOS,sync.simplified.scan-or-view-code.paste.code.verifying,,Verifying code,Status text while verifying a pasted sync code,,,true,,,apps/apple/iOS/LocalPackages/SyncUI-iOS/Sources/SyncUI-iOS/Resources/en.lproj/Localizable.strings,272,https://github.com/duckduckgo/apple-browsers/blob/42b742242ce4057dd26a170b05b99f25a62099ad/iOS/LocalPackages/SyncUI-iOS/Sources/SyncUI-iOS/Resources/en.lproj/Localizable.strings#L272
iOS,labels,SyncUI-iOS,sync.simplified.scan.v2.qr.app.name,,DuckDuckGo for Desktop,Chip label on the scan-QR tab referring to the DuckDuckGo desktop app,,,true,,,apps/apple/iOS/LocalPackages/SyncUI-iOS/Sources/SyncUI-iOS/Resources/en.lproj/Localizable.strings,281,https://github.com/duckduckgo/apple-browsers/blob/42b742242ce4057dd26a170b05b99f25a62099ad/iOS/LocalPackages/SyncUI-iOS/Sources/SyncUI-iOS/Resources/en.lproj/Localizable.strings#L281
iOS,labels,SyncUI-iOS,sync.simplified.scan.v2.tab.enter.code,,Enter Code,Segmented control tab title for entering a code,,,true,,,apps/apple/iOS/LocalPackages/SyncUI-iOS/Sources/SyncUI-iOS/Resources/en.lproj/Localizable.strings,296,https://github.com/duckduckgo/apple-browsers/blob/42b742242ce4057dd26a170b05b99f25a62099ad/iOS/LocalPackages/SyncUI-iOS/Sources/SyncUI-iOS/Resources/en.lproj/Localizable.strings#L296
iOS,labels,SyncUI-iOS,sync.simplified.scan.v2.tab.scan.qr,,Scan QR,Segmented control tab title for scanning a QR code,,,true,,,apps/apple/iOS/LocalPackages/SyncUI-iOS/Sources/SyncUI-iOS/Resources/en.lproj/Localizable.strings,299,https://github.com/duckduckgo/apple-browsers/blob/42b742242ce4057dd26a170b05b99f25a62099ad/iOS/LocalPackages/SyncUI-iOS/Sources/SyncUI-iOS/Resources/en.lproj/Localizable.strings#L299
iOS,labels,SyncUI-iOS,sync.simplified.status.off,,Off,Status label shown next to the title when Sync & Backup is disabled,,,true,,,apps/apple/iOS/LocalPackages/SyncUI-iOS/Sources/SyncUI-iOS/Resources/en.lproj/Localizable.strings,302,https://github.com/duckduckgo/apple-browsers/blob/42b742242ce4057dd26a170b05b99f25a62099ad/iOS/LocalPackages/SyncUI-iOS/Sources/SyncUI-iOS/Resources/en.lproj/Localizable.strings#L302
iOS,labels,SyncUI-iOS,sync.simplified.status.on,,On,Status label shown next to the title when Sync & Backup is enabled,,,true,,,apps/apple/iOS/LocalPackages/SyncUI-iOS/Sources/SyncUI-iOS/Resources/en.lproj/Localizable.strings,305,https://github.com/duckduckgo/apple-browsers/blob/42b742242ce4057dd26a170b05b99f25a62099ad/iOS/LocalPackages/SyncUI-iOS/Sources/SyncUI-iOS/Resources/en.lproj/Localizable.strings#L305
iOS,labels,SyncUI-iOS,synced.devices.this.device.label,,This Device,Synced Devices - This Device Label,,,true,,,apps/apple/iOS/LocalPackages/SyncUI-iOS/Sources/SyncUI-iOS/Resources/en.lproj/Localizable.strings,341,https://github.com/duckduckgo/apple-browsers/blob/42b742242ce4057dd26a170b05b99f25a62099ad/iOS/LocalPackages/SyncUI-iOS/Sources/SyncUI-iOS/Resources/en.lproj/Localizable.strings#L341
iOS,labels,OpenAction,CFBundleDisplayName,,Open in DuckDuckGo,Bundle display name,,,true,,,apps/apple/iOS/OpenAction/en.lproj/InfoPlist.strings,2,https://github.com/duckduckgo/apple-browsers/blob/42b742242ce4057dd26a170b05b99f25a62099ad/iOS/OpenAction/en.lproj/InfoPlist.strings#L2
iOS,labels,OpenAction,CFBundleName,,OpenAction,Bundle name,,,true,,,apps/apple/iOS/OpenAction/en.lproj/InfoPlist.strings,5,https://github.com/duckduckgo/apple-browsers/blob/42b742242ce4057dd26a170b05b99f25a62099ad/iOS/OpenAction/en.lproj/InfoPlist.strings#L5
iOS,labels,ShareExtension,CFBundleDisplayName,,Open in DuckDuckGo,Bundle display name,,,true,,,apps/apple/iOS/ShareExtension/en.lproj/InfoPlist.strings,2,https://github.com/duckduckgo/apple-browsers/blob/42b742242ce4057dd26a170b05b99f25a62099ad/iOS/ShareExtension/en.lproj/InfoPlist.strings#L2
iOS,labels,Widgets,CFBundleDisplayName,,Widgets,Bundle display name,,,true,,,apps/apple/iOS/Widgets/en.lproj/InfoPlist.strings,2,https://github.com/duckduckgo/apple-browsers/blob/42b742242ce4057dd26a170b05b99f25a62099ad/iOS/Widgets/en.lproj/InfoPlist.strings#L2
iOS,labels,Widgets,CFBundleName,,WidgetsExtension,Bundle name,,,true,,,apps/apple/iOS/Widgets/en.lproj/InfoPlist.strings,5,https://github.com/duckduckgo/apple-browsers/blob/42b742242ce4057dd26a170b05b99f25a62099ad/iOS/Widgets/en.lproj/InfoPlist.strings#L5
iOS,labels,Widgets,widget.gallery.customshortcuts.display.name,,Custom Shortcuts,Display name for quick actions widget in widget gallery,,,true,,,apps/apple/iOS/Widgets/en.lproj/Localizable.strings,74,https://github.com/duckduckgo/apple-browsers/blob/42b742242ce4057dd26a170b05b99f25a62099ad/iOS/Widgets/en.lproj/Localizable.strings#L74
iOS,labels,Widgets,widget.gallery.customshortcuts.edit.left,,Left Shortcut,Left label for editing custom shortcuts,,,true,,,apps/apple/iOS/Widgets/en.lproj/Localizable.strings,80,https://github.com/duckduckgo/apple-browsers/blob/42b742242ce4057dd26a170b05b99f25a62099ad/iOS/Widgets/en.lproj/Localizable.strings#L80
iOS,labels,Widgets,widget.gallery.customshortcuts.edit.right,,Right Shortcut,Right label for editing custom shortcuts,,,true,,,apps/apple/iOS/Widgets/en.lproj/Localizable.strings,83,https://github.com/duckduckgo/apple-browsers/blob/42b742242ce4057dd26a170b05b99f25a62099ad/iOS/Widgets/en.lproj/Localizable.strings#L83
iOS,labels,Widgets,widget.gallery.medium.customshortcuts.edit.shortcut1,,Shortcut 1,Label for first shortcut slot in medium widget configuration,,,true,,,apps/apple/iOS/Widgets/en.lproj/Localizable.strings,89,https://github.com/duckduckgo/apple-browsers/blob/42b742242ce4057dd26a170b05b99f25a62099ad/iOS/Widgets/en.lproj/Localizable.strings#L89
iOS,labels,Widgets,widget.gallery.medium.customshortcuts.edit.shortcut2,,Shortcut 2,Label for second shortcut slot in medium widget configuration,,,true,,,apps/apple/iOS/Widgets/en.lproj/Localizable.strings,92,https://github.com/duckduckgo/apple-browsers/blob/42b742242ce4057dd26a170b05b99f25a62099ad/iOS/Widgets/en.lproj/Localizable.strings#L92
iOS,labels,Widgets,widget.gallery.medium.customshortcuts.edit.shortcut3,,Shortcut 3,Label for third shortcut slot in medium widget configuration,,,true,,,apps/apple/iOS/Widgets/en.lproj/Localizable.strings,95,https://github.com/duckduckgo/apple-browsers/blob/42b742242ce4057dd26a170b05b99f25a62099ad/iOS/Widgets/en.lproj/Localizable.strings#L95
iOS,labels,Widgets,widget.gallery.medium.customshortcuts.edit.shortcut4,,Shortcut 4,Label for fourth shortcut slot in medium widget configuration,,,true,,,apps/apple/iOS/Widgets/en.lproj/Localizable.strings,98,https://github.com/duckduckgo/apple-browsers/blob/42b742242ce4057dd26a170b05b99f25a62099ad/iOS/Widgets/en.lproj/Localizable.strings#L98
iOS,labels,Widgets,widget.gallery.passwords.display.name,,Search Passwords,Display name for search passwords widget in widget gallery,,,true,,,apps/apple/iOS/Widgets/en.lproj/Localizable.strings,104,https://github.com/duckduckgo/apple-browsers/blob/42b742242ce4057dd26a170b05b99f25a62099ad/iOS/Widgets/en.lproj/Localizable.strings#L104
iOS,labels,Widgets,widget.gallery.search.and.favorites.display.name,,Search and Favorites,Display name for search and favorites widget in widget gallery,,,true,,,apps/apple/iOS/Widgets/en.lproj/Localizable.strings,110,https://github.com/duckduckgo/apple-browsers/blob/42b742242ce4057dd26a170b05b99f25a62099ad/iOS/Widgets/en.lproj/Localizable.strings#L110
iOS,labels,Widgets,widget.gallery.search.display.name,,Search,Display name for search only widget in widget gallery,,,true,,,apps/apple/iOS/Widgets/en.lproj/Localizable.strings,116,https://github.com/duckduckgo/apple-browsers/blob/42b742242ce4057dd26a170b05b99f25a62099ad/iOS/Widgets/en.lproj/Localizable.strings#L116
iOS,labels,Widgets,widget.gallery.vpn.display.name,,VPN,Display name for VPN widget in widget gallery,,,true,,,apps/apple/iOS/Widgets/en.lproj/Localizable.strings,122,https://github.com/duckduckgo/apple-browsers/blob/42b742242ce4057dd26a170b05b99f25a62099ad/iOS/Widgets/en.lproj/Localizable.strings#L122
iOS,labels,Widgets,widget.shortcut.option.bookmarks,,Bookmarks,Display name shown in the widget configuration picker for the Bookmarks shortcut option,,,true,,,apps/apple/iOS/Widgets/en.lproj/Localizable.strings,140,https://github.com/duckduckgo/apple-browsers/blob/42b742242ce4057dd26a170b05b99f25a62099ad/iOS/Widgets/en.lproj/Localizable.strings#L140
iOS,labels,Widgets,widget.shortcut.option.duck-address,,Duck Address,Display name shown in the widget configuration picker for the Duck Address (email protection) shortcut option,,,true,,,apps/apple/iOS/Widgets/en.lproj/Localizable.strings,143,https://github.com/duckduckgo/apple-browsers/blob/42b742242ce4057dd26a170b05b99f25a62099ad/iOS/Widgets/en.lproj/Localizable.strings#L143
iOS,labels,Widgets,widget.shortcut.option.duck-ai,,Duck.ai,Display name shown in the widget configuration picker for the Duck.ai shortcut option,,,true,,,apps/apple/iOS/Widgets/en.lproj/Localizable.strings,146,https://github.com/duckduckgo/apple-browsers/blob/42b742242ce4057dd26a170b05b99f25a62099ad/iOS/Widgets/en.lproj/Localizable.strings#L146
iOS,labels,Widgets,widget.shortcut.option.duck-ai-voice,,Duck.ai Voice,Display name shown in the widget configuration picker for the Duck.ai Voice shortcut option,,,true,,,apps/apple/iOS/Widgets/en.lproj/Localizable.strings,149,https://github.com/duckduckgo/apple-browsers/blob/42b742242ce4057dd26a170b05b99f25a62099ad/iOS/Widgets/en.lproj/Localizable.strings#L149
iOS,labels,Widgets,widget.shortcut.option.favorites,,Favorites,Display name shown in the widget configuration picker for the Favorites shortcut option,,,true,,,apps/apple/iOS/Widgets/en.lproj/Localizable.strings,152,https://github.com/duckduckgo/apple-browsers/blob/42b742242ce4057dd26a170b05b99f25a62099ad/iOS/Widgets/en.lproj/Localizable.strings#L152
iOS,labels,Widgets,widget.shortcut.option.passwords,,Passwords,Display name shown in the widget configuration picker for the Passwords shortcut option,,,true,,,apps/apple/iOS/Widgets/en.lproj/Localizable.strings,155,https://github.com/duckduckgo/apple-browsers/blob/42b742242ce4057dd26a170b05b99f25a62099ad/iOS/Widgets/en.lproj/Localizable.strings#L155
iOS,labels,Widgets,widget.shortcut.option.type-name,,Shortcut Option,Type name shown in the widget configuration picker for the shortcut option enum,,,true,,,apps/apple/iOS/Widgets/en.lproj/Localizable.strings,158,https://github.com/duckduckgo/apple-browsers/blob/42b742242ce4057dd26a170b05b99f25a62099ad/iOS/Widgets/en.lproj/Localizable.strings#L158
iOS,labels,Widgets,widget.shortcut.option.voice-search,,Voice Search,Display name shown in the widget configuration picker for the Voice Search shortcut option,,,true,,,apps/apple/iOS/Widgets/en.lproj/Localizable.strings,161,https://github.com/duckduckgo/apple-browsers/blob/42b742242ce4057dd26a170b05b99f25a62099ad/iOS/Widgets/en.lproj/Localizable.strings#L161
iOS,labels,Widgets,widget.shortcut.option.vpn,,VPN,Display name shown in the widget configuration picker for the VPN shortcut option,,,true,,,apps/apple/iOS/Widgets/en.lproj/Localizable.strings,164,https://github.com/duckduckgo/apple-browsers/blob/42b742242ce4057dd26a170b05b99f25a62099ad/iOS/Widgets/en.lproj/Localizable.strings#L164
iOS,labels,Widgets,widget.vpn.label.snoozing-until,,Until %@,"Label for the snooze end date, e.g. 'Until 9:51 AM'",,%@,true,,,apps/apple/iOS/Widgets/en.lproj/Localizable.strings,173,https://github.com/duckduckgo/apple-browsers/blob/42b742242ce4057dd26a170b05b99f25a62099ad/iOS/Widgets/en.lproj/Localizable.strings#L173
iOS,labels,Widgets,widget.vpn.live-activity.label.active,,VPN is On,VPN Live Activity active label text,,,true,,,apps/apple/iOS/Widgets/en.lproj/Localizable.strings,182,https://github.com/duckduckgo/apple-browsers/blob/42b742242ce4057dd26a170b05b99f25a62099ad/iOS/Widgets/en.lproj/Localizable.strings#L182
iOS,labels,Widgets,widget.vpn.live-activity.label.snoozing,,VPN Snoozing,VPN Live Activity snoozing label text,,,true,,,apps/apple/iOS/Widgets/en.lproj/Localizable.strings,185,https://github.com/duckduckgo/apple-browsers/blob/42b742242ce4057dd26a170b05b99f25a62099ad/iOS/Widgets/en.lproj/Localizable.strings#L185
iOS,labels,Widgets,widget.vpn.status.connected,,VPN is On,Message describing VPN connected status,,,true,,,apps/apple/iOS/Widgets/en.lproj/Localizable.strings,188,https://github.com/duckduckgo/apple-browsers/blob/42b742242ce4057dd26a170b05b99f25a62099ad/iOS/Widgets/en.lproj/Localizable.strings#L188
iOS,labels,Widgets,widget.vpn.status.disconnected,,VPN is Off,Message describing VPN disconnected status,,,true,,,apps/apple/iOS/Widgets/en.lproj/Localizable.strings,191,https://github.com/duckduckgo/apple-browsers/blob/42b742242ce4057dd26a170b05b99f25a62099ad/iOS/Widgets/en.lproj/Localizable.strings#L191
iOS,labels,Widgets,widget.vpn.status.snoozed,,VPN is Snoozed,Message describing VPN snoozing status,,,true,,,apps/apple/iOS/Widgets/en.lproj/Localizable.strings,194,https://github.com/duckduckgo/apple-browsers/blob/42b742242ce4057dd26a170b05b99f25a62099ad/iOS/Widgets/en.lproj/Localizable.strings#L194
